{"i": [0, 1, 2, 3, 4, 5, 6, 7, 8, 9, 10, 11, 12, 13, 14, 15, 16, 17, 18, 19, 20, 21, 22, 23, 24, 25, 26, 27, 28], "rel_res": [0.3700100355882083, 0.16408773003203359, 0.07432325148602575, 0.03240276192964418, 0.014470317391947323, 0.006210675220754646, 0.0027280792452203657, 0.0011661307335052045, 0.0005155001520574944, 0.0002303091311644947, 0.00010458695033488891, 4.645750674761904e-05, 2.0718802810627056e-05, 9.129006756094167e-06, 3.937548095298397e-06, 1.7001503002151972e-06, 7.857168214820488e-07, 3.3343318583963666e-07, 1.44005883346045e-07, 6.150615066113752e-08, 2.1895801583941227e-08, 4.123046377126726e-09, 2.3283085423774453e-10, 1.746231406783084e-10, 1.2611671271211164e-10, 9.701285593239356e-11, 5.820771355943613e-11, 5.820771355943613e-11, 5.820771355943613e-11], "res_norm": [47.67955119891548, 31.751442510395876, 21.369175092179304, 14.109655886501857, 9.428973944466275, 6.177244858669646, 4.094057122569057, 2.676695863660318, 1.7796713375332252, 1.189545300549918, 0.8016119021534309, 0.5342608569750791, 0.35678594329839725, 0.23683024887055779, 0.15553865634237288, 0.10220427582487539, 0.06947977968447844, 0.045261591232856314, 0.029745106270543033, 0.01943948167714295, 0.011598606953339554, 0.0050330879218965585, 0.0011960399134683486, 0.0010358009490037316, 0.0008802615418613255, 0.0007720404443770458, 0.0005980199567341743, 0.0005980199567341743, 0.0005980199567341743], "Axmb": [93.3904104694636, 91.62302860745213, 90.20619554412949, 89.63276306851877, 89.35724973577587, 89.21352014929799, 89.1650717736745, 89.14480269569474, 89.1334277324122, 89.12937716566852, 89.1287639506608, 89.12607981862314, 89.12859334295986, 89.12600760706229, 89.12395287249038, 89.12378472373054, 89.12323519750427, 89.12672828420416, 89.12583846872188, 89.1237464478228, 89.12618802417065, 89.12626535164783, 89.12663606443456, 89.12677227039784, 89.12678269239233, 89.12675358784612, 89.12675358784612, 89.12675358784612, 89.12675358784612], "status": -2}