{
  "res": 1e-12,
  "tol": 7.838367176864202e-11,
  "vol": 256,
  "nmx": 256,
  "sdtype": "posit32",
  "ddtype": "float64",
  "cdtype": "float64",
  "i": [
    1,
    2,
    3,
    4,
    5,
    6,
    7,
    8,
    9,
    10,
    11,
    12,
    13,
    14,
    15,
    16,
    17,
    18,
    19,
    20,
    21,
    22,
    23,
    24,
    25,
    26,
    27,
    28,
    29,
    30,
    31,
    32,
    33,
    34,
    35,
    36,
    37,
    38,
    39,
    40,
    41,
    42,
    43,
    44,
    45,
    46,
    47,
    48,
    49,
    50,
    51,
    52,
    53,
    54,
    55,
    56,
    57,
    58,
    59,
    60,
    61,
    62,
    63,
    64,
    65,
    66,
    67,
    68,
    69,
    70,
    71
  ],
  "ai": [
    0.04909629856750176,
    0.05539167344453771,
    0.05578917799810441,
    0.05663490833597298,
    0.056158895552086786,
    0.055002722558720435,
    0.056733220411929935,
    0.05543090747682081,
    0.0555800844576223,
    0.0560461194960871,
    0.056603946268715295,
    0.0555913757197078,
    0.05665668254421582,
    0.056392721828405004,
    0.05484898716999478,
    0.05606146957964566,
    0.05663202321316729,
    0.05583870651035742,
    0.05639793583207841,
    0.05575048463968657,
    0.05675298042792991,
    0.05588810547829143,
    0.05560174293284212,
    0.05649463091634532,
    0.054542182044450715,
    0.05650860221135144,
    0.056443710017378995,
    0.056047250730943354,
    0.05638930771640813,
    0.055349650207323235,
    0.05611678747699722,
    0.05632979912156711,
    0.05603978378962105,
    0.05733961804464705,
    0.056469876947882025,
    0.05666723177668602,
    0.05526622042626939,
    0.055342667652679776,
    0.05596566989151179,
    0.05653968887054058,
    0.05051422308536169,
    0.05074937537692809,
    0.05460696052089846,
    0.054507436185331444,
    0.05236409627026993,
    0.05319997589642539,
    0.05308124971644914,
    0.05335662761150696,
    0.054066966711847964,
    0.05358134172557964,
    0.0537194064893037,
    0.05294232973324782,
    0.053971003905296966,
    0.053934733954822706,
    0.053619969224746364,
    0.054128860278743675,
    0.05288449077845459,
    0.05288168239455859,
    0.0531110164924779,
    0.05229739478027649,
    0.05400829616864,
    0.053065006077698706,
    0.05351186427456955,
    0.05368030773642847,
    0.0524147334531456,
    0.05350554767140705,
    0.053754238224631504,
    0.05283515674740524,
    0.05394542129199498
  ],
  "bi": [
    0.369875591709151,
    0.4434892100088615,
    0.4531551505393225,
    0.43573437713298613,
    0.4465710873738808,
    0.4293081477910538,
    0.43929509197345656,
    0.42756100513689776,
    0.44227251990126915,
    0.4465203828300726,
    0.4539929796177122,
    0.44419804445525946,
    0.44600469516402147,
    0.44063606167954417,
    0.4316195246850642,
    0.43197788317470115,
    0.4623103123711018,
    0.4265869421559712,
    0.43943419170764003,
    0.4521693784765867,
    0.4361190956402033,
    0.44258656899507764,
    0.4299094831895643,
    0.4388545633238622,
    0.4264042336593378,
    0.45062939178253003,
    0.4486452486604932,
    0.45486491845191457,
    0.4412506373356409,
    0.43591014675488904,
    0.45232342348289284,
    0.4460150347798511,
    0.44650110760154843,
    0.4591717893852509,
    0.4469157622141506,
    0.4431703087643662,
    0.4339224107329125,
    0.44947248452248184,
    0.4372182198193004,
    0.4499797786581334,
    0.45699189405262697,
    0.41819544229075695,
    0.44485349610531033,
    0.4532781845786392,
    0.4499654366982146,
    0.45402079416274166,
    0.4588971391009179,
    0.45130648523931394,
    0.45243979076232227,
    0.45231545377933935,
    0.46209510721119107,
    0.4600723714557489,
    0.46449125050702306,
    0.4597254011741613,
    0.4621954879954066,
    0.45017626822151874,
    0.44515866031691226,
    0.45005005951531996,
    0.44818843868271535,
    0.4409983367796057,
    0.44867658503039765,
    0.4471829392711773,
    0.45635238184507537,
    0.46270478798695136,
    0.445846621550093,
    0.4446718238057306,
    0.4479176717576108,
    0.46256352729219,
    0.44885992405529407
  ],
  "reset": [
    41,
    71
  ],
  "rn": [
    47.670909739973375,
    31.74643545175746,
    21.370684326144676,
    14.106827041505932,
    9.427024647705418,
    6.176738396872412,
    4.0939014471202,
    2.676926384956344,
    1.7802516879962642,
    1.1896029991746182,
    0.8015426185124345,
    0.5342136000697301,
    0.3567669827327768,
    0.23682343385152418,
    0.15558768358651942,
    0.10226004299313542,
    0.06953008518712844,
    0.04541261809486444,
    0.030103948551837106,
    0.02024296093905294,
    0.013368312480441664,
    0.008893561318077187,
    0.005831284308675379,
    0.0038629983763257825,
    0.0025225238414117216,
    0.0016933433905354923,
    0.0011342180994821024,
    0.0007649583593052684,
    0.0005081365887295748,
    0.00033548951891894857,
    0.00022563345624080386,
    0.00015068785306066604,
    0.00010069073604569443,
    6.823027387758043e-05,
    4.561313795530807e-05,
    3.0365139357527384e-05,
    2.0002363663849373e-05,
    1.3410126486900552e-05,
    8.867108038827904e-06,
    5.948103254170466e-06,
    6.469936925189045e-06,
    4.373753421060809e-06,
    2.8284202822751417e-06,
    1.8864810494623797e-06,
    1.270091050283478e-06,
    8.519702571460301e-07,
    5.740666340817516e-07,
    3.888839153288413e-07,
    2.6124968037766234e-07,
    1.7572605696963116e-07,
    1.181835081122585e-07,
    8.033828607430655e-08,
    5.449236275905073e-08,
    3.71385041953333e-08,
    2.5181039725749828e-08,
    1.711931995876063e-08,
    1.1486237907037208e-08,
    7.663642208238683e-09,
    5.1412134189476544e-09,
    3.441881841850535e-09,
    2.285674761864266e-09,
    1.5310209579784242e-09,
    1.0238203294190492e-09,
    6.916301381616604e-10,
    4.704634688264075e-10,
    3.141366777687469e-10,
    2.094780161436466e-10,
    1.4019662240594325e-10,
    9.53505590797603e-11,
    6.388202283043653e-11,
    6.511850503534217e-11
  ],
  "Axmb": [
    47.670909737605506,
    31.746435450212093,
    21.370684311948406,
    14.106827034947099,
    9.427024644177928,
    6.1767383985231445,
    4.0939014192448715,
    2.676926413053206,
    1.7802516923136382,
    1.1896029982267053,
    0.8015426294390667,
    0.534213603707929,
    0.3567669477652587,
    0.23682348546554954,
    0.15558766188300374,
    0.1022600283013895,
    0.06953008712157245,
    0.04541264877901562,
    0.0301039225446916,
    0.020242987185044508,
    0.013368305688741691,
    0.008893564477736048,
    0.0058312498901784545,
    0.0038630322687004284,
    0.0025225186248092816,
    0.0016933286652582498,
    0.001134249743864453,
    0.0007649350367657775,
    0.0005081415897345949,
    0.0003355062032042909,
    0.00022562005105075339,
    0.000150779746001551,
    0.00010060473668045401,
    6.834697141157096e-05,
    4.5619752862643624e-05,
    3.0467273459722587e-05,
    2.0118399350222253e-05,
    1.3669458231885327e-05,
    9.116469299525097e-06,
    6.469936918800614e-06,
    6.469936918800614e-06,
    4.373753460464455e-06,
    2.828420254634284e-06,
    1.8864809931392076e-06,
    1.2700910838259296e-06,
    8.519702387749485e-07,
    5.740667848013941e-07,
    3.88883720985134e-07,
    2.6124970015341584e-07,
    1.757261888424113e-07,
    1.1818334853702884e-07,
    8.033851261566844e-08,
    5.449217788026765e-08,
    3.713837609660048e-08,
    2.518142263440349e-08,
    1.71190424895057e-08,
    1.1486286445961278e-08,
    7.66379648945366e-09,
    5.1409948320048276e-09,
    3.4420702390866016e-09,
    2.2857408914956816e-09,
    1.5307995041004304e-09,
    1.0239081045578854e-09,
    6.920432481220923e-10,
    4.703765063708998e-10,
    3.141423800411712e-10,
    2.1014792341047738e-10,
    1.4044025964011176e-10,
    9.638347111771242e-11,
    6.511850506666291e-11,
    6.511850506666291e-11
  ],