{"res": 1e-12, "tol": 7.838367176906169e-11, "vol": 256, "nmx": 256, "sdtype": "posit32", "ddtype": "float64", "cdtype": "posit32", "i": [1, 2, 3, 4, 5, 6, 7, 8, 9, 10, 11, 12, 13, 14, 15, 16, 17, 18, 19, 20, 21, 22, 23, 24, 25, 26, 27, 28, 29, 30, 31, 32, 33, 34, 35, 36, 37, 38, 39, 40, 41, 42, 43, 44, 45, 46, 47, 48, 49, 50, 51, 52, 53, 54, 55, 56, 57, 58, 59, 60, 61, 62, 63, 64, 65, 66, 67, 68, 69, 70, 71, 72, 73, 74, 75, 76, 77, 78, 79, 80, 81, 82, 83, 84, 85, 86, 87, 88, 89, 90, 91, 92, 93, 94], "ai": [0.049012898467481136, 0.05566567974165082, 0.05700537143275142, 0.05618561478331685, 0.05635510804131627, 0.05716461921110749, 0.05577288614585996, 0.05650324700400233, 0.0546940010972321, 0.05555379670113325, 0.05579633731395006, 0.05616275453940034, 0.05659396667033434, 0.05579213332384825, 0.055409643333405256, 0.0552057777531445, 0.05652210069820285, 0.05597132537513971, 0.05603778548538685, 0.05509971966966987, 0.05335436761379242, 0.05629031267017126, 0.05621396005153656, 0.057140355464071035, 0.05695690680295229, 0.05712845642119646, 0.05569390254095197, 0.055947316344827414, 0.056524429470300674, 0.05661292001605034, 0.0567118376493454, 0.055754244327545166, 0.056015859823673964, 0.05705090472474694, 0.05591938504949212, 0.056192268151789904, 0.05614927178248763, 0.055618691723793745, 0.05494642676785588, 0.05672046821564436, 0.056340320967137814, 0.05520304571837187, 0.057139608077704906, 0.05614463845267892, 0.056101413909345865, 0.0563518051058054, 0.056667910888791084, 0.05683616362512112, 0.05652049416676164, 0.05582757946103811, 0.05512640438973904, 0.05609120987355709, 0.05731122847646475, 0.055707008112221956, 0.05568924359977245, 0.05629054829478264, 0.055094497743994, 0.05663390830159187, 0.05663278326392174, 0.05650765309110284, 0.05639397166669369, 0.055863551795482635, 0.055412231013178825, 0.057635460048913956, 0.0561451050452888, 0.05551424529403448, 0.056435090489685535, 0.05671829218044877, 0.03125556046143174, 0.04196534864604473, 0.05143566569313407, 0.056235835421830416, 0.05617466429248452, 0.05635867267847061, 0.056056644301861525, 0.05659523792564869, 0.05642520450055599, 0.056026086676865816, 0.05644326563924551, 0.05675452947616577, 0.0545964608900249, 0.0565764675848186, 0.05639252346009016, 0.057377914898097515, 0.05625638272613287, 0.05700167780742049, 0.056391848251223564, 0.05578378867357969, 0.05647885799407959, 0.05466601951047778, 0.05594629142433405, 0.055794910062104464], "bi": [0.3633280396461487, 0.4441505502909422, 0.4441051222383976, 0.4441212937235832, 0.4462996870279312, 0.4483372215181589, 0.44141787849366665, 0.44858497381210327, 0.4376639109104872, 0.4295083023607731, 0.4345460720360279, 0.44361605681478977, 0.438829455524683, 0.43427413888275623, 0.4259749259799719, 0.4321709871292114, 0.4518115743994713, 0.45261371694505215, 0.44053242169320583, 0.4113376196473837, 0.40073636174201965, 0.4472788106650114, 0.4599030837416649, 0.4502861760556698, 0.4469944778829813, 0.45685513503849506, 0.459098007529974, 0.43913389183580875, 0.4502158649265766, 0.45467720925807953, 0.44882671535015106, 0.4321612510830164, 0.44674493186175823, 0.45558193139731884, 0.44005680829286575, 0.44376822374761105, 0.44908010214567184, 0.4389986079186201, 0.44055536575615406, 0.43949074670672417, 0.44009152241051197, 0.42814402654767036, 0.451441191136837, 0.4291161000728607, 0.44342704862356186, 0.4436204619705677, 0.44883091375231743, 0.44267698377370834, 0.4280686844140291, 0.43632309697568417, 0.4335206225514412, 0.4415658786892891, 0.4527390319854021, 0.4203503504395485, 0.4412497915327549, 0.4463276844471693, 0.42734704725444317, 0.43869176134467125, 0.44039246067404747, 0.4410285074263811, 0.43513488955795765, 0.42452928237617016, 0.43475863710045815, 0.4525151476264, 0.44169391319155693, 0.42721184343099594, 0.4471947196871042, 0.43588560819625854, 0.10750637715682387, 0.24606634490191936, 0.3834981769323349, 0.4511398673057556, 0.46895155496895313, 0.44193716906011105, 0.4480870570987463, 0.4468007795512676, 0.457939226180315, 0.4484917875379324, 0.44128679297864437, 0.4480255004018545, 0.442951250821352, 0.44869125448167324, 0.45019887387752533, 0.44611632637679577, 0.4485817439854145, 0.44791906140744686, 0.4652849081903696, 0.42883740179240704, 0.4347965903580189, 0.42067307606339455, 0.42978022061288357, 0.444387624040246], "reset": [69, 94], "rn": [47.24708959910586, 31.48764377029628, 20.983747641927494, 13.984078481929709, 9.342156622019447, 6.2553201538898975, 4.155990076183554, 2.783536132164791, 1.8414809561826315, 1.2068492171913103, 0.795556314339896, 0.5298763741574172, 0.3510123856306085, 0.23131533485928615, 0.15097201199847995, 0.09924856748334598, 0.06671184066755133, 0.04488143966939117, 0.02978898584651489, 0.01910534715348103, 0.012094399470309693, 0.008088602081096184, 0.005485378897846747, 0.0036808738924726542, 0.0024609456249629915, 0.0016633792256453759, 0.0011270520589863402, 0.0007468655976457571, 0.0005011328275419723, 0.0003379126464059806, 0.000226382991982061, 0.00014882185297630443, 9.947100923600633e-05, 6.71397577036758e-05, 4.4538351877742594e-05, 2.966963765417939e-05, 1.9882644564265935e-05, 1.3173637847568387e-05, 8.743915810569296e-06, 5.796700139523247e-06, 3.845495757519399e-06, 2.5162123029826223e-06, 1.6906272814077436e-06, 1.1074784323470077e-06, 7.374734129046936e-07, 4.911929816368332e-07, 3.290739723937206e-07, 2.189459945629129e-07, 1.4324970393756017e-07, 9.4623244400199e-08, 6.230210427999486e-08, 4.140001213011549e-08, 2.7856364575712884e-08, 1.8060515595969678e-08, 1.1996992889780785e-08, 8.01492225288344e-09, 5.239497859576992e-09, 3.470319069489381e-09, 2.3029756401735564e-09, 1.5294055982121782e-09, 1.0088686560917872e-09, 6.573375709771198e-10, 4.334236101474432e-10, 2.915607950168362e-10, 1.9377146942985964e-10, 1.266518315644441e-10, 8.4695396994523e-11, 5.591728458580982e-11, 2.5826177844613727e-06, 8.467929836364193e-07, 4.200522930684095e-07, 2.6012674784911744e-07, 1.7471919290250246e-07, 1.1964776907683698e-07, 7.953986878915529e-08, 5.324343546765036e-08, 3.558959381625745e-08, 2.4083907692743483e-08, 1.6128879649893255e-08, 1.0714321316606144e-08, 7.171599581493735e-09, 4.773028194904327e-09, 3.19718526323779e-09, 2.1452109459054636e-09, 1.4328280098838137e-09, 9.596544023252527e-10, 6.422655566919685e-10, 4.3810086954022827e-10, 2.8689332455021755e-10, 1.8917489796876907e-10, 1.2269754336768567e-10, 8.043759538542772e-11, 5.36216356448992e-11, 5.366789443335412e-11],