{
  "res": 1e-06,
  "tol": 7.838368734249653e-05,
  "vol": 256,
  "nmx": 256,
  "sdtype": "float32",
  "ddtype": "float64",
  "cdtype": "float32",
  "i": [
    1,
    2,
    3,
    4,
    5,
    6,
    7,
    8,
    9,
    10,
    11,
    12,
    13,
    14,
    15,
    16,
    17,
    18,
    19,
    20,
    21,
    22,
    23,
    24,
    25,
    26,
    27,
    28
  ],
  "ai": [
    0.035338688641786575,
    0.03819608315825462,
    0.03860617056488991,
    0.03823677450418472,
    0.04018615558743477,
    0.039292823523283005,
    0.03894241154193878,
    0.03985823318362236,
    0.04021892324090004,
    0.0399593710899353,
    0.04073477163910866,
    0.04013863205909729,
    0.041516415774822235,
    0.042034439742565155,
    0.04083894565701485,
    0.03933640196919441,
    0.03918948397040367,
    0.040969595313072205,
    0.040621567517519,
    0.0401238389313221,
    0.03975125029683113,
    0.04081558808684349,
    0.04154283180832863,
    0.040715184062719345,
    0.0405699647963047,
    0.041841864585876465,
    0.04249054938554764
  ],
  "bi": [
    0.20634663105010986,
    0.3008466362953186,
    0.34720760583877563,
    0.3405068516731262,
    0.35287654399871826,
    0.3716404438018799,
    0.35499805212020874,
    0.3577873408794403,
    0.3541167974472046,
    0.3522949516773224,
    0.369633287191391,
    0.3495679199695587,
    0.3406100571155548,
    0.37154385447502136,
    0.3685562312602997,
    0.37115126848220825,
    0.36050572991371155,
    0.3697643578052521,
    0.3690067231655121,
    0.37180161476135254,
    0.37306055426597595,
    0.3598553538322449,
    0.34709686040878296,
    0.3493538796901703,
    0.3411378562450409,
    0.3388362526893616,
    0.33599337935447693
  ],
  "reset": [
    28
  ],
  "rn": [
    35.606097644267685,
    19.529762443351686,
    11.507780677145409,
    6.715131202035212,
    3.989017071224319,
    2.4317973013656378,
    1.448906466417102,
    0.8666681332453521,
    0.5157344008475291,
    0.30611126151045626,
    0.1861079116288481,
    0.1100349441478066,
    0.06421838263710553,
    0.039143927462437604,
    0.023763821263963418,
    0.01447743903088548,
    0.00869256263712331,
    0.005285795454112717,
    0.0032109052922021826,
    0.001957866777219916,
    0.0011958392403582157,
    0.0007173593897959617,
    0.0004226317512414639,
    0.0002498014236005706,
    0.00014590153590145666,
    8.49287626539953e-05,
    4.922890378894691e-05,
    5.352664279955365e-05
  ],
  "Axmb": [
    35.60609063734007,
    19.529765977356877,
    11.507781367096385,
    6.7151301023927745,
    3.989016964781725,
    2.4317975272871095,
    1.4489071436054601,
    0.8666681001147227,
    0.5157341469815342,
    0.3061113639072222,
    0.1861077922465806,
    0.11003463288132652,
    0.06421899305243457,
    0.03914349506595884,
    0.023764327256055776,
    0.014477388146443235,
    0.008692084287013414,
    0.005285642618015919,
    0.003211508317671169,
    0.001957745052157386,
    0.0011962175197476168,
    0.0007174740666616711,
    0.00042286274399356866,
    0.00025039377701974397,
    0.00014741124934187027,
    8.699353592461314e-05,
    5.352663772230794e-05,
    5.352663772230794e-05
  ],
  "diAdip1": [
    0.06472273916006088,
    0.02456759847700596,
    0.003883418394252658,
    0.001256014802493155,
    0.0006962038460187614,
    6.055905396351591e-05,
    1.735467776597943e-05,
    9.424321660844726e-07,
    6.866331659693969e-06,
    4.4759715933651023e-07,
    4.93442769311514e-07,
    9.771788711532281e-08,
    1.66530384149155e-07,
    8.151301500447516e-08,
    3.9915423855063636e-08,
    1.7196962076582167e-08,
    6.662217444386442e-09,
    2.8369022686547396e-09,
    1.329107046643685e-09,
    3.6319894314296164e-10,
    2.344225091821528e-10,
    9.748717111346394e-11,
    3.740573129018543e-11,
    1.0433327812808812e-11,
    4.093625612100471e-12,
    1.4618169955765703e-12,
    5.410128183121199e-13,
    "unknown"
  ],
  "status": 27
}