{
  "res": 1e-06,
  "tol": 7.838367021171803e-05,
  "vol": 256,
  "nmx": 256,
  "sdtype": "posit32",
  "ddtype": "float64",
  "cdtype": "posit32",
  "i": [
    1,
    2,
    3,
    4,
    5,
    6,
    7,
    8,
    9,
    10,
    11,
    12,
    13,
    14,
    15,
    16,
    17,
    18,
    19,
    20,
    21,
    22,
    23,
    24,
    25,
    26,
    27,
    28
  ],
  "ai": [
    0.03533868817612529,
    0.03819608315825462,
    0.03860620502382517,
    0.0382367679849267,
    0.04018614673987031,
    0.03929286450147629,
    0.038942419458180666,
    0.03985822247341275,
    0.04021890414878726,
    0.03995940228924155,
    0.04073477350175381,
    0.040138612035661936,
    0.04151639202609658,
    0.042034425772726536,
    0.04083891864866018,
    0.03933641081675887,
    0.03918947512283921,
    0.04096958925947547,
    0.04062152607366443,
    0.04012386268004775,
    0.03975120512768626,
    0.04081564722582698,
    0.04154291469603777,
    0.040715296752750874,
    0.04056994989514351,
    0.04184204479679465,
    0.04249045578762889
  ],
  "ai_test": [],
  "bi": [
    0.2063466440886259,
    0.3008468672633171,
    0.3472081683576107,
    0.3405065517872572,
    0.35287648998200893,
    0.37164141051471233,
    0.3549982365220785,
    0.35778678953647614,
    0.35411651618778706,
    0.35229574143886566,
    0.36963303573429585,
    0.349567299708724,
    0.34061005152761936,
    0.3715433608740568,
    0.36855562031269073,
    0.3711516931653023,
    0.36050532571971416,
    0.3697643168270588,
    0.36900615878403187,
    0.37180182337760925,
    0.37306027859449387,
    0.3598568718880415,
    0.3470982313156128,
    0.3493547700345516,
    0.3411394339054823,
    0.33883737213909626,
    0.3359946236014366
  ],
  "reset": [
    28
  ],
  "rn": [
    35.60609121610308,
    19.52976634989883,
    11.507792279238005,
    6.715135036539471,
    3.9890190734770674,
    2.4318017255125803,
    1.448909500317531,
    0.8666692959630189,
    0.5157348775833173,
    0.30611189053254295,
    0.18610823439994068,
    0.11003503566347217,
    0.06421843520839138,
    0.0391439341540107,
    0.023763805648883835,
    0.014477438025741153,
    0.008692557196410223,
    0.005285791840769101,
    0.0032109006185440906,
    0.0019578644545510506,
    0.0011958373865178507,
    0.0007173597859948821,
    0.00042263282722965147,
    0.0002498023764829003,
    0.00014590243076405355,
    8.492942411501893e-05,
    4.9229377384123245e-05,
    4.9253132485009675e-05
  ],
  "Axmb": [
    35.606090149670194,
    19.529765809858716,
    11.507792321442212,
    6.715135329334361,
    3.9890190373766368,
    2.4318016933209496,
    1.4489094816176455,
    0.8666693274084487,
    0.5157348961064124,
    0.3061118875163101,
    0.18610822356019985,
    0.11003500169997148,
    0.06421843850077266,
    0.03914394916998748,
    0.023763792367635237,
    0.014477442494221855,
    0.00869257562769111,
    0.005285818242159039,
    0.0032108981481114487,
    0.001957842900047286,
    0.0011958580454769039,
    0.0007173752478699374,
    0.0004226068639494266,
    0.00024984994674349,
    0.00014594382534573283,
    8.497659269485293e-05,
    4.925303937253678e-05,
    4.925303937253678e-05
  ],
  "diAdip1": [
    0.057495156303048134,
    0.016264006961137056,
    0.007997039007022977,
    0.002956870710477233,
    0.001016467809677124,
    0.0003562868732842617,
    0.00014648214710177854,
    5.409122422861401e-05,
    1.93827163457172e-05,
    6.87690999257029e-06,
    2.433435838611331e-06,
    9.291687774748425e-07,
    2.8876860369564383e-07,
    1.173540340460022e-07,
    3.6929904467797314e-08,
    1.3331462156429552e-08,
    5.649742007562963e-09,
    2.258408571265136e-09,
    6.052616186025261e-10,
    2.5647106660642294e-10,
    7.203981855496977e-11,
    5.644729128562176e-11,
    3.958128269587746e-11,
    2.4123036901357864e-11,
    5.707032069146578e-12,
    4.367700645602213e-12,
    8.21776674486685e-13,
    "unknown"
  ],
  "status": 27
}