{"s1": 1, "s2": 1, "res": 1e-06, "tol": 7.838302283614309e-05, "vol": 256, "nmx": 256, "sdtype": "float16", "ddtype": "float64", "cdtype": "float64", "i": [1, 2, 3, 4, 5, 6, 7, 8, 9, 10, 11, 12, 13, 14, 15, 16, 17, 18, 19, 20, 21, 22, 23, 24, 25, 26, 27, 28, 29, 30, 31, 32, 33, 34, 35, 36, 37, 38, 39, 40, 41, 42, 43, 44, 45, 46, 47, 48, 49, 50, 51, 52, 53, 54, 55, 56, 57, 58, 59, 60, 61, 62, 63], "ai": [0.049011636397146334, 0.055658967218317194, 0.057009381113201744, 0.05619242848433999, 0.05634986283584364, 0.05717073228766323, 0.05577903489900706, 0.056497238722977815, 0.05469384377222104, 0.055555505641561774, 0.05578872325203575, 0.056157550165005635, 0.05657666339161975, 0.055771220098850514, 0.05538072834727228, 0.055190128794323355, 0.05650093818797987, 0.055964636662735816, 0.056074131912189254, 0.05511355343852014, 0.05337107128928109, 0.05625097855313988, 0.0562133853222869, 0.057152088770637724, 0.05697490588947769, 0.05711878669918324, 0.05569364255680735, 0.05595398688597599, 0.05652643923896202, 0.05658833135584692, 0.05667875160591159, 0.055749885222041065, 0.05600645898719783, 0.057016192661438564, 0.034935881823523, 0.05073582354882985, 0.0560180601374499, 0.05739681805545173, 0.05657913753939917, 0.05666693239899299, 0.0563183594670513, 0.0560015091011432, 0.055811426841311684, 0.05630837063170867, 0.056148029090835876, 0.05696664407133311, 0.05538228196126018, 0.055068118584369226, 0.055927993120106635, 0.05510626163875141, 0.05488166135148453, 0.056100935862529074, 0.05614815428860734, 0.03595988540371023, 0.05077984420355323, 0.056477829255010124, 0.05507050308843974, 0.055525571586443216, 0.0380970938959725], "bi": [0.3632878001252764, 0.44423937803135216, 0.4440583319640406, 0.44409263798391935, 0.445991704355846, 0.4481728191517799, 0.44163341769050884, 0.4484255559051006, 0.43769052382035345, 0.4292537226591774, 0.4345880853079507, 0.4436608110253306, 0.4389514783600677, 0.4344201665917818, 0.4261851529292077, 0.4320874433563701, 0.45148813226233886, 0.4525724096729801, 0.44052571716183514, 0.4114315176953385, 0.40105664503491434, 0.446869024634221, 0.459984334210897, 0.4504058940546608, 0.4471653769903685, 0.45696760981180795, 0.4591974187885561, 0.43973105143704816, 0.4502596395631152, 0.4551385634239792, 0.44881257159646754, 0.4320730267347939, 0.44630015684428215, 0.4556865802064131, 0.18079732540709922, 0.38138838777575473, 0.4485284612807605, 0.4610061618191222, 0.45221472401925006, 0.4650776215617715, 0.44408578934121473, 0.43489598081447944, 0.4413759842475571, 0.44315149568884793, 0.43920390728039627, 0.43903019830881845, 0.43713901061701066, 0.4264543067015202, 0.43581800515578506, 0.42743443406709786, 0.42517928376509845, 0.45403081262818545, 0.4314122576908212, 0.20634162068394893, 0.39217010722062906, 0.4509055077481591, 0.4622346610891442, 0.4438414856430019, 0.27639311266529154], "reset": [35, 55, 61, 63], "rn": [47.244082024244655, 31.488787713658784, 20.983404500665593, 13.983398664754153, 9.33847864229324, 6.251710902897391, 4.154606066759369, 2.7821146845693385, 1.8405965369749147, 1.2059120523598823, 0.7949769624088362, 0.5295172075865949, 0.3508232244245946, 0.23122954507921475, 0.1509532552253169, 0.09922664458398422, 0.06667322693212643, 0.044853414779445024, 0.02977015842386167, 0.01909545120101512, 0.012092964637267188, 0.008083936787330747, 0.005482699323478088, 0.0036795648539241768, 0.00246054066428489, 0.0016633102194604412, 0.0011271273156762333, 0.00074742314465999, 0.0005015313112119295, 0.00033835287334667253, 0.00022667434820792078, 0.00014899817644584487, 9.953927493978137e-05, 6.71935509117577e-05, 0.2706689414409087, 0.11508916130750109, 0.07107521108203592, 0.04760068048523769, 0.032319640876836295, 0.021733960619342158, 0.014821822130457043, 0.009877227007364098, 0.006513699696632114, 0.004327450230187815, 0.0028807673851777155, 0.001909155438757972, 0.001264994059221354, 0.0008363696569139758, 0.000546178399857557, 0.00036056793694624607, 0.0002357338005171828, 0.00015371204694211938, 0.00010357395722091024, 6.802942649928788e-05, 0.0006525795363195401, 0.00029643321870854604, 0.0001856368169548528, 0.00012465419063071637, 8.474969372387098e-05, 5.646145737815766e-05, 9.162352632630403e-05, 4.8169330585466566e-05, 5.758166548860411e-05], "Axmb": [47.24464024517235, 31.48890462210248, 20.985491545023415, 13.982277168656017, 9.341286513378803, 6.254877930920253, 4.157964534249636, 2.7901094071250276, 1.859232484020256, 1.2217677343700202, 0.8262221404332764, 0.5793531538643808, 0.4211926088283959, 0.337524499206095, 0.2850624357309822, 0.26979299598140477, 0.2653864694017418, 0.2647301015748432, 0.26636885328022414, 0.2685597053834397, 0.26933595149228345, 0.27021508382585147, 0.27046211978980333, 0.27060300763992073, 0.27065989973052745, 0.2706659772988193, 0.27067043522483164, 0.27066804325050475, 0.2706696466721443, 0.2706694749901225, 0.27066837458897947, 0.27066862121457785, 0.2706683173454279, 0.2706683152331129, 0.2706683152331129, 0.11508390202705662, 0.07107278973787895, 0.04759275322702807, 0.03232398140923174, 0.02175076105932026, 0.014831869793211506, 0.009889292347011658, 0.006538053652890473, 0.004356389030909324, 0.0029384386422274286, 0.002000271172901296, 0.0014001775192273999, 0.001018760171532512, 0.0008174750643849573, 0.0007121047696119293, 0.0006618446663676987, 0.0006505815274370163, 0.000648256992632187, 0.0006525744478738413, 0.0006525744478738413, 0.0002988218661203431, 0.00019108511001219157, 0.00013570249343259754, 0.00010690380910688192, 9.159244942710668e-05, 9.159244942710668e-05, 5.757478720014017e-05, 5.757478720014017e-05], "diAdip1": [0.6514971920541702, 2.343434147650867, 1.3941030080100474, 1.625772715340462, 1.4282408210507824, 0.8881764250762345, 0.3561819873202895, 0.19917586795662734, 0.10728163358942222, 0.05033043218900274, 0.023024880770532302, 0.01065579478499626, 0.004751475518615723, 0.001490727668340723, 0.0006494125005869272, 0.000356676048099752, 0.0001590051837962825, 7.261332329182086e-05, 3.404350208500192e-05, 1.3957316184372826e-05, 5.8062648047070985e-06, 2.3028767142444288e-06, 9.929010104268984e-07, 4.5283554718221597e-07, 2.3375598015452393e-07, 9.90877492466814e-08, 4.544222957921233e-08, 1.6362180160230962e-08, 7.108293541717485e-09, 4.252145022427675e-09, 2.8105261463870077e-09, 1.6532297829142104e-09, 6.17653282976388e-10, 4.5136836922395935e-10, "unknown", 0.0003969777976624264, 0.00011527437585188773, 5.5244907511172704e-05, 3.151450867327879e-05, 1.5846786124222393e-05, 7.231730090431664e-06, 2.859161066319704e-06, 1.409930679024176e-06, 6.332348882998323e-07, 2.6485645195807076e-07, 1.2707833531201096e-07, 7.161741881202423e-08, 2.9654394275117918e-08, 9.627137493845533e-09, 5.192695306464137e-09, 1.953475547383778e-09, 6.136370929256153e-10, 4.1959011616458215e-10, 3.616553486648833e-10, "unknown", 2.2994829689237394e-09, 6.339198706519014e-10, 8.045880041645543e-10, 3.593226727104517e-10, 7.289923032675738e-10, "unknown", 4.759876913060427e-10, "unknown"], "status": 59}