{
  "res": 1e-06,
  "tol": 0.00031353388305644774,
  "vol": 4096,
  "nmx": 256,
  "sdtype": "float16",
  "ddtype": "float64",
  "cdtype": "float64",
  "i": [
    1,
    2,
    3,
    4,
    5,
    6,
    7,
    8,
    9,
    10,
    11,
    12,
    13,
    14,
    15,
    16,
    17,
    18,
    19,
    20,
    21,
    22,
    23,
    24,
    25,
    26,
    27,
    28,
    29,
    30,
    31,
    32,
    33,
    34,
    35,
    36,
    37,
    38,
    39,
    40,
    41,
    42,
    43,
    44,
    45,
    46,
    47,
    48,
    49
  ],
  "ai": [
    0.03445766567376721,
    0.04482265969282998,
    0.04992515705315131,
    0.05146520275944498,
    0.051075491517311125,
    0.05114250017495594,
    0.05091211793837867,
    0.050813401553678667,
    0.0507660520499399,
    0.05001861358437596,
    0.04999503389885358,
    0.05028835383015831,
    0.05020152408752914,
    0.05051808690110574,
    0.045766690452802516,
    0.047058425005128954,
    0.05042105952178358,
    0.050797236369647614,
    0.05065810879106287,
    0.05054929075439303,
    0.04991305934476133,
    0.05008056117166115,
    0.04977463452438954,
    0.049568619644853436,
    0.049172772574442455,
    0.04968721917677176,
    0.049947388267075565,
    0.04748257860902446,
    0.048287563320159564,
    0.0499065480708975,
    0.05019209554755245,
    0.05023106765733602,
    0.04915054586453754,
    0.048735238809083994,
    0.04920820053473045,
    0.049820649654717865,
    0.04978076191372284,
    0.04987351888221623,
    0.04993333826951994,
    0.04977304034345563,
    0.039003117502383854,
    0.04194318454100101,
    0.048627520315947505,
    0.03811124036697378
  ],
  "bi": [
    0.23597233577529614,
    0.4124396146474359,
    0.49659542170349164,
    0.5263768682084549,
    0.5274502816445201,
    0.5247164657301914,
    0.5301179621307147,
    0.5336202240625253,
    0.5390737965889801,
    0.5316084483211001,
    0.5293800994668203,
    0.5326663487031694,
    0.5253172044792431,
    0.5283531614809236,
    0.5508878671798909,
    0.49278651980771054,
    0.5318702997645768,
    0.5430308571405098,
    0.5350368284228944,
    0.540659893635133,
    0.5339029014488061,
    0.5419264960863289,
    0.5396634241535736,
    0.5361256422790682,
    0.5288424634249381,
    0.5376662182837072,
    0.5384755740121984,
    0.545627359596052,
    0.5053189745196413,
    0.547021765610049,
    0.5297432007562235,
    0.5483640301265031,
    0.5460385741404518,
    0.5386467306812118,
    0.5322031683123395,
    0.5412403206193883,
    0.5396429981365168,
    0.5416307257291799,
    0.548015418123951,
    0.5487737995647299,
    0.459591524857616,
    0.468646034396981,
    0.6045303515237405,
    0.4544988860324351
  ],
  "reset": [
    15,
    29,
    43,
    47,
    49
  ],
  "rn": [
    152.30530366528126,
    97.8126923030344,
    68.92814148304488,
    50.00863109835613,
    36.319154600982195,
    26.308620556249096,
    19.155096188152758,
    13.992666315275317,
    10.2736457988836,
    7.490667601687934,
    5.450098247872008,
    3.977699418112404,
    2.882987597200202,
    2.0955833019811623,
    2.231668800011376,
    1.6563852159299544,
    1.1627617989412042,
    0.8479956508786002,
    0.6248933157333036,
    0.4570857875471655,
    0.3360932536495058,
    0.24557883541891387,
    0.18078447323534602,
    0.1328075057929712,
    0.09724245402345592,
    0.07071622517162642,
    0.05185318593803027,
    0.03805033188890344,
    0.039205846833447584,
    0.028960023404310416,
    0.02058646183927392,
    0.015225936528429775,
    0.011081963378854327,
    0.008206371821024716,
    0.00606405110132867,
    0.004450562113052447,
    0.0032467854745822557,
    0.002388628807345798,
    0.0017546962135065996,
    0.0012913786006636407,
    0.0009559825701478459,
    0.0007081848932852129,
    0.0008622967002801586,
    0.0005845783537774578,
    0.0004001890517352538,
    0.00031115319034139157,
    0.00038546757882161424,
    0.00025986887572479044,
    0.00028860032282632223
  ],
  "Axmb": [
    152.30505946011064,
    97.81334991289062,
    68.93108356236822,
    50.00971184480043,
    36.32562118093417,
    26.316559615133414,
    19.164833128283004,
    14.012786299479115,
    10.291980514679512,
    7.522824721278786,
    5.49859691851119,
    4.044058010187543,
    2.9813270261265292,
    2.2316664034784455,
    2.2316664034784455,
    1.6563570525935565,
    1.162781560407772,
    0.8480664625291935,
    0.6249005423123549,
    0.4571086242263231,
    0.33621699548009537,
    0.24565824316891213,
    0.18099719246755927,
    0.13312565852101302,
    0.09763343443724862,
    0.07130076341064734,
    0.05272143151886372,
    0.03920578515155718,
    0.03920578515155718,
    0.028959912666093608,
    0.02058815657906081,
    0.015228882439768186,
    0.011084578792169533,
    0.008213464563074323,
    0.0060733026294446865,
    0.0044672187401159,
    0.003267453306026763,
    0.002422683114066081,
    0.001811588943879357,
    0.001366454584957077,
    0.0010651414305183505,
    0.0008622606644916517,
    0.0008622606644916517,
    0.0005977975233655681,
    0.00044062157327548403,
    0.00038542663682366744,
    0.00038542663682366744,
    0.00028857281837832026,
    0.00028857281837832026
  ],
  "diAdip1": [
    186.76012890073628,
    48.37207897707777,
    22.653379044094546,
    2.2563830689078106,
    10.756355276126019,
    1.9489084826312673,
    2.2322502503202153,
    1.827510860717799,
    0.3777965293286898,
    0.5095443245517131,
    0.24224521800332666,
    0.14683145857961197,
    0.09875579943458003,
    0.06217398440561511,
    "unknown",
    0.02707073273655428,
    0.020249424847784886,
    0.01184632149259087,
    0.008981701319466273,
    0.003945036976143439,
    0.0021705075023777166,
    0.0019376298251667042,
    0.0009348049186179609,
    0.000573536253816974,
    0.00028743306619883203,
    0.00014386508713407225,
    7.838632140989916e-05,
    4.215685401632335e-05,
    "unknown",
    7.453452907577695e-06,
    1.5805691253444693e-06,
    1.2133903704530168e-06,
    8.922805190096731e-07,
    5.264950632841453e-07,
    6.41016527387527e-07,
    4.244359503583325e-07,
    1.583849367786268e-07,
    1.581625451655918e-07,
    8.843812663231239e-08,
    4.883780209084508e-08,
    2.601776076765824e-08,
    1.0075566702601942e-08,
    "unknown",
    4.629407289709407e-09,
    6.54572203063857e-09,
    7.0149435451975205e-09,
    "unknown",
    4.818963767275274e-09,
    "unknown"
  ],
  "status": 44
}