{
  "res": 1e-12,
  "tol": 7.838367170054336e-11,
  "vol": 256,
  "nmx": 256,
  "sdtype": "float32",
  "ddtype": "float64",
  "cdtype": "float64",
  "i": [
    1,
    2,
    3,
    4,
    5,
    6,
    7,
    8,
    9,
    10,
    11,
    12,
    13,
    14,
    15,
    16,
    17,
    18,
    19,
    20,
    21,
    22,
    23,
    24,
    25,
    26,
    27,
    28,
    29,
    30,
    31,
    32,
    33,
    34,
    35,
    36,
    37,
    38,
    39,
    40,
    41,
    42,
    43,
    44,
    45,
    46,
    47,
    48,
    49,
    50,
    51,
    52,
    53,
    54,
    55,
    56
  ],
  "ai": [
    0.03533867230606785,
    0.03819607647567477,
    0.03860618839431922,
    0.03823676609906293,
    0.04018614482833536,
    0.03929286516969876,
    0.038942414147978215,
    0.03985822054357236,
    0.04021890464266031,
    0.03995940254175284,
    0.0407347742598553,
    0.040138613379824835,
    0.04151639522541026,
    0.04203441717462885,
    0.0408389269178466,
    0.03933640605034516,
    0.0391894699388739,
    0.04096958155072845,
    0.040621542647109606,
    0.040123855273947365,
    0.039751199065729076,
    0.04081556566490353,
    0.0415428181143997,
    0.04071520870315948,
    0.04056995300482553,
    0.04184185931540607,
    0.04249052773754347,
    0.03654112167178718,
    0.03953846153615586,
    0.041339636874707174,
    0.0408623788482158,
    0.04036046372656676,
    0.04020930579589954,
    0.04022525073994671,
    0.04092587378011111,
    0.04040409285189961,
    0.04032724172604825,
    0.03793089803979814,
    0.03949769131121084,
    0.04047072090210379,
    0.04054327434404586,
    0.04145898819277431,
    0.04174958004391619,
    0.039791998865632686,
    0.040483121006457574,
    0.040433766286154034,
    0.04092800051413203,
    0.040044664814989965,
    0.04011561312340039,
    0.03904129912918243,
    0.039341217876930526,
    0.03888906516909432,
    0.04039352106156643,
    0.04162202085012525
  ],
  "ai_test": [
    0.048449800822662425,
    0.05332558576588264,
    0.047214991957715204,
    0.04667311169150967,
    0.055197234738326,
    0.052834831514127906,
    0.05155365131077096,
    0.04870195933970057,
    0.053324154012952596,
    0.052671781570209734,
    0.052756221344736336,
    0.052594671645275454,
    0.05055785459238459,
    0.04826150673260221,
    0.047841815826518336,
    0.04573134790903007,
    0.04661725868050057,
    -0.2179927751643302,
    0.054024993355671715,
    0.03970572416563288,
    0.052352452038014786,
    0.050630052168704066,
    0.04606843159594264,
    0.05134770786315227,
    0.04853975908039255,
    0.04872168008430676,
    0.051268834170749115,
    0.054695631595971905,
    0.04690103153297601,
    0.047127932372986125,
    0.050366181748777564,
    0.048911971346729206,
    0.048869497257608,
    0.05727282898958564,
    0.05119351760272451,
    0.05174840135228211,
    0.051863179159412624,
    0.053269819334357225,
    0.047972363421323654,
    0.05151298768177277,
    0.04611069014555922,
    0.04761614677996966,
    0.04418438300401015,
    0.04770484093975775
  ],
  "bi": [
    0.2063464545450073,
    0.30084675629196633,
    0.3472079036941066,
    0.3405065422577613,
    0.3528764159005553,
    0.371641414122947,
    0.35499813817905707,
    0.3577868023107591,
    0.3541165664782173,
    0.3522956911989546,
    0.3522956911989546,
    0.3522956911989546,
    0.3522956911989546,
    0.3522956911989546,
    0.3522956911989546,
    0.3522956911989546,
    0.3522956911989546,
    0.3522956911989546,
    0.3522956911989546,
    0.3522956911989546,
    0.3522956911989546,
    0.3522956911989546,
    0.3522956911989546,
    0.3522956911989546,
    0.3522956911989546,
    0.3522956911989546,
    0.3522956911989546,
    0.3522956911989546,
    0.3522956911989546,
    0.3522956911989546,
    0.3522956911989546,
    0.3522956911989546,
    0.3522956911989546,
    0.3522956911989546,
    0.3522956911989546,
    0.3522956911989546,
    0.3522956911989546,
    0.3522956911989546,
    0.3522956911989546,
    0.3522956911989546,
    0.3522956911989546,
    0.3522956911989546,
    0.3522956911989546,
    0.3522956911989546,
    0.3522956911989546,
    0.3522956911989546,
    0.3522956911989546,
    0.3522956911989546,
    0.3522956911989546,
    0.3522956911989546,
    0.3522956911989546,
    0.3522956911989546,
    0.3522956911989546,
    0.3522956911989546
  ],
  "reset": [
    28,
    56
  ],
  "rn": [
    35.60607552803408,
    19.52975411329245,
    11.50778069108725,
    6.7151281805035,
    3.9890145821326537,
    2.431799001888218,
    1.4489076770905107,
    0.8666682205250578,
    0.5157342740914395,
    0.30611151021803945,
    0.18610800940492087,
    0.1100349176719312,
    0.06421836517457083,
    0.03914388963817215,
    0.02376378366773452,
    0.014477421577953935,
    0.008692546859414738,
    0.005285784506474807,
    0.0032108966736781024,
    0.0019578615837368162,
    0.001195834843550349,
    0.0007173563859474237,
    0.00042262994364893064,
    0.00024980049093739257,
    0.00014590095238241671,
    8.492842006176168e-05,
    4.922867768196703e-05,
    5.293801315667391e-05,
    3.328949927441749e-05,
    1.8789707618257175e-05,
    1.1340599271847633e-05,
    6.803518796263353e-06,
    3.988097709433388e-06,
    2.4125448675730203e-06,
    1.4367069843994701e-06,
    8.523293184042767e-07,
    5.147056166987508e-07,
    3.16467729945582e-07,
    1.897485704557758e-07,
    1.1264059590361357e-07,
    6.765855925913735e-08,
    4.028902698453552e-08,
    2.383460665000877e-08,
    1.469909325573466e-08,
    8.910070298494881e-09,
    5.391479574481449e-09,
    3.2654466009125315e-09,
    1.985658341278562e-09,
    1.1800793229520043e-09,
    7.149557520573599e-10,
    4.23197987397161e-10,
    2.522337111837346e-10,
    1.476583807446043e-10,
    8.740071571117812e-11,
    5.133342740790125e-11,
    5.479379452563453e-11
  ],
  "Axmb": [
    35.60607556361139,
    19.52975394798345,
    11.507780106739544,
    6.715127969816016,
    3.989014631950323,
    2.4317988821253134,
    1.4489079531853715,
    0.8666678926206433,
    0.5157343114661606,
    0.30611151762390987,
    0.1861079458575074,
    0.1100344305511562,
    0.06421896401456721,
    0.039143680726402806,
    0.023763904591906526,
    0.014477466515679115,
    0.008692215107421396,
    0.005285718843774536,
    0.0032110299161795097,
    0.0019576476074578404,
    0.0011964221621230799,
    0.0007170218808884828,
    0.0004232668322873278,
    0.00025041645915617586,
    0.00014714944592784338,
    8.692435506201352e-05,
    5.293801314127033e-05,
    5.293801314127033e-05,
    3.328949907959197e-05,
    1.8789707788886487e-05,
    1.1340599677522115e-05,
    6.803518657505331e-06,
    3.988097882371863e-06,
    2.412544909721662e-06,
    1.4367066367141835e-06,
    8.523294589557077e-07,
    5.1470584886587e-07,
    3.164676862253132e-07,
    1.8974860738786665e-07,
    1.1264024229921011e-07,
    6.765896195592676e-08,
    4.0288948165140304e-08,
    2.383436808191693e-08,
    1.4698956526369132e-08,
    8.910615427940716e-09,
    5.391721744811524e-09,
    3.2652929032939785e-09,
    1.985723940221687e-09,
    1.1802980869781654e-09,
    7.15016198721086e-10,
    4.239787128103763e-10,
    2.5278099176416924e-10,
    1.4840842687850794e-10,
    8.984892606899155e-11,
    5.479379452604229e-11,
    5.479379452604229e-11
  ],