{
  "res": 1e-12,
  "tol": 7.838367172116263e-11,
  "vol": 256,
  "nmx": 256,
  "sdtype": "float32",
  "ddtype": "float64",
  "cdtype": "float64",
  "i": [
    1,
    2,
    3,
    4,
    5,
    6,
    7,
    8,
    9,
    10,
    11,
    12,
    13,
    14,
    15,
    16,
    17,
    18,
    19,
    20,
    21,
    22,
    23,
    24,
    25,
    26,
    27,
    28,
    29,
    30,
    31,
    32,
    33,
    34,
    35,
    36,
    37,
    38,
    39,
    40,
    41,
    42,
    43,
    44,
    45,
    46,
    47,
    48,
    49,
    50,
    51,
    52,
    53,
    54,
    55,
    56,
    57,
    58,
    59,
    60,
    61,
    62,
    63,
    64,
    65,
    66,
    67,
    68,
    69,
    70,
    71,
    72
  ],
  "ai": [
    0.04909629861680194,
    0.05539167305210566,
    0.055789177898793334,
    0.056634908892498795,
    0.056158898725081244,
    0.05500272343359049,
    0.05673322167539327,
    0.05543090814446076,
    0.05558008401785743,
    0.05604612077308455,
    0.05660394668882208,
    0.05559137586958296,
    0.05665668164394505,
    0.05639272481990323,
    0.05484898924607569,
    0.056061468837240336,
    0.05663202379001104,
    0.05583870665455003,
    0.05639793510495625,
    0.055750483493663426,
    0.05675297812303348,
    0.05588810486380593,
    0.05560174317354533,
    0.056494629888703955,
    0.05454217698596958,
    0.05650860271771806,
    0.05644370718784695,
    0.056047247095479064,
    0.05638930755519342,
    0.05534965042299819,
    0.05611678537905526,
    0.05632980086464153,
    0.05603978215767236,
    0.051251164656059583,
    0.05104651265449728,
    0.05584487384848673,
    0.05447592696773684,
    0.05346435356999982,
    0.05386780756140515,
    0.05356780111916118,
    0.054353589135943306,
    0.054411173902964585,
    0.053707605195933095,
    0.053263074908598294,
    0.05280948931178701,
    0.054655254586910194,
    0.05272626563359194,
    0.05368513185981041,
    0.05407320860596071,
    0.0540901047091449,
    0.05407487962359734,
    0.053562148492320875,
    0.05367307158329201,
    0.053702623313813064,
    0.05380179501820261,
    0.055060944407822554,
    0.053165619223184385,
    0.05342765193164509,
    0.05309016984697649,
    0.05284800478837356,
    0.05400413800355859,
    0.05350940741161237,
    0.05381765878499674,
    0.05385177674467725,
    0.05337304449637127,
    0.05328776006100634,
    0.05412372651606602,
    0.04569367969343231,
    0.04995286355720625
  ],
  "bi": [
    0.3698755707987823,
    0.4434892105988527,
    0.4531551323713006,
    0.43573437904898515,
    0.446571136825618,
    0.42930815225519214,
    0.4392950505208115,
    0.42756101513462014,
    0.4422724904722463,
    0.4465203879433761,
    0.4539929825727339,
    0.4441980471938141,
    0.44600468090886164,
    0.4406360845712393,
    0.43161949815516437,
    0.43197789143552384,
    0.4623103043241211,
    0.4265869628750206,
    0.4394341255665094,
    0.45216940383339177,
    0.43611910873791815,
    0.4425865475279205,
    0.4299094502254851,
    0.43885460935575554,
    0.4264041981086613,
    0.4506294273036346,
    0.44864520186429174,
    0.4548648612127649,
    0.4412505979427562,
    0.4359101381769115,
    0.4523234507379606,
    0.44601508155296005,
    0.4465010813408595,
    0.46905265340569263,
    0.42605245421577403,
    0.4543808969353945,
    0.44811126031604004,
    0.4586669683376712,
    0.45762635680750774,
    0.46419463081676593,
    0.462252040981054,
    0.4614627926556103,
    0.4403552445074071,
    0.444248145302729,
    0.4307499114941091,
    0.4706161013638609,
    0.44680694636937257,
    0.45704830956189024,
    0.4437385043208873,
    0.4570666910174017,
    0.4552225980141631,
    0.4537833466913264,
    0.4570192672068257,
    0.45985507919046226,
    0.4490114726304778,
    0.468282094065413,
    0.4359439170267398,
    0.4433898910013977,
    0.4531709888791197,
    0.4341177209309172,
    0.4553304694805389,
    0.4447328309140436,
    0.4518157752806378,
    0.45662355641313696,
    0.44726314173273213,
    0.4373059090374188,
    0.464200838698445,
    0.43741822527384744,
    0.42726588139570093
  ],
  "reset": [
    34,
    69,
    72
  ],
  "rn": [
    47.670908363595494,
    31.746434556275577,
    21.37068329493524,
    14.106826391817807,
    9.427024735503005,
    6.1767384865130515,
    4.093901313379605,
    2.676926328803326,
    1.780251591423106,
    1.1896029414536642,
    0.8015425822292361,
    0.5342135775343949,
    0.3567669619813965,
    0.23682342622833347,
    0.1555876737965826,
    0.10226003753646937,
    0.06953008087183453,
    0.04541261637922015,
    0.030103945149001977,
    0.020242959218459554,
    0.013368311544915015,
    0.008893560480011673,
    0.005831283535614851,
    0.0038629980668001855,
    0.002522523534137227,
    0.0016933432510047395,
    0.001134217946870395,
    0.0007649582082480352,
    0.000508136465705163,
    0.0003354894343930026,
    0.00022563340619073376,
    0.00015068782753628173,
    0.00010069071602908088,
    0.000109038209951859,
    7.467745550310887e-05,
    4.874398678951504e-05,
    3.285723997424949e-05,
    2.1995002123846206e-05,
    1.4896105540086977e-05,
    1.0076930317910258e-05,
    6.865597069667285e-06,
    4.667859015990564e-06,
    3.1709257700471697e-06,
    2.1042031287702147e-06,
    1.4024922616816547e-06,
    9.204772774335145e-07,
    6.314608982166925e-07,
    4.220913198984207e-07,
    2.8535630623885726e-07,
    1.9008639410142836e-07,
    1.2851115261466981e-07,
    8.670671352145724e-08,
    5.8408627630937724e-08,
    3.948610144889529e-08,
    2.677655806691377e-08,
    1.7942521269073423e-08,
    1.2278271874018629e-08,
    8.106857825944944e-09,
    5.398156239906425e-09,
    3.633929520440831e-09,
    2.394309326041467e-09,
    1.6156363423580786e-09,
    1.0774402839832892e-09,
    7.242256535672212e-10,
    4.893877119880058e-10,
    3.272914163628072e-10,
    2.164348982967824e-10,
    1.4746204377475403e-10,
    1.6373691550925752e-10,
    1.0829166770462628e-10,
    7.078547474199735e-11,
    7.078386478467382e-11
  ],