{
  "res": 1e-12,
  "tol": 3.1353468705304743e-10,
  "vol": 4096,
  "nmx": 256,
  "extension": 0,
  "sdtype": "float32",
  "ddtype": "float64",
  "cdtype": "float64",
  "i": [
    1,
    2,
    3,
    4,
    5,
    6,
    7,
    8,
    9,
    10,
    11,
    12,
    13,
    14,
    15,
    16,
    17,
    18,
    19,
    20,
    21,
    22,
    23,
    24,
    25,
    26,
    27,
    28,
    29,
    30,
    31,
    32,
    33,
    34,
    35,
    36,
    37,
    38,
    39,
    40,
    41,
    42,
    43,
    44,
    45,
    46,
    47,
    48,
    49,
    50,
    51,
    52,
    53,
    54,
    55,
    56
  ],
  "extension_steps": [],
  "ai": [
    0.03565749571172127,
    0.03743432825628431,
    0.03886197830254052,
    0.040002611645084826,
    0.04015018141048587,
    0.04025803850041397,
    0.04047997898367341,
    0.04011795776296272,
    0.040577963130163965,
    0.040501359933871474,
    0.040474454278802904,
    0.04049605736349305,
    0.04048941195589386,
    0.040494597112604676,
    0.04072963187413324,
    0.04087472254765438,
    0.040438777919161326,
    0.04042325827228049,
    0.040566982570204725,
    0.04063999025896556,
    0.04065890379340938,
    0.040478006041079456,
    0.04066155256243585,
    0.04076789558471836,
    0.040633075730164954,
    0.0405225606807982,
    0.0405999847038807,
    0.035653497628187134,
    0.03829947385455442,
    0.040630115859415075,
    0.04088252471312977,
    0.040614926758360995,
    0.040454986947128437,
    0.04042460619905476,
    0.04033027229409645,
    0.04008326204260525,
    0.039988623032887985,
    0.04008975871416722,
    0.040458564266293566,
    0.0402622785528715,
    0.040189941311187645,
    0.03989438602586718,
    0.039910978527547415,
    0.04004173382617117,
    0.04026340906957382,
    0.0402919670139215,
    0.040291662716431635,
    0.040266225673937624,
    0.04006622800133526,
    0.04006942508413367,
    0.03998392092331764,
    0.039898415088709005,
    0.03988821941119796,
    0.04003651498212108
  ],
  "approx_ai": [
    0.03565749571172127,
    0.03743432825628431,
    0.03886197830254052,
    0.040002611645084826,
    0.04015018141048587,
    0.04025803850041397,
    0.04047997898367341,
    0.04011795776296272,
    0.040577963130163965,
    0.040501359933871474,
    0.040474454278802904,
    0.04049605736349305,
    0.04048941195589386,
    0.040494597112604676,
    0.04072963187413324,
    0.04087472254765438,
    0.040438777919161326,
    0.04042325827228049,
    0.040566982570204725,
    0.04063999025896556,
    0.04065890379340938,
    0.040478006041079456,
    0.04066155256243585,
    0.04076789558471836,
    0.040633075730164954,
    0.0405225606807982,
    0.0405999847038807,
    0.035653497628187134,
    0.03829947385455442,
    0.040630115859415075,
    0.04088252471312977,
    0.040614926758360995,
    0.040454986947128437,
    0.04042460619905476,
    0.04033027229409645,
    0.04008326204260525,
    0.039988623032887985,
    0.04008975871416722,
    0.040458564266293566,
    0.0402622785528715,
    0.040189941311187645,
    0.03989438602586718,
    0.039910978527547415,
    0.04004173382617117,
    0.04026340906957382,
    0.0402919670139215,
    0.040291662716431635,
    0.040266225673937624,
    0.04006622800133526,
    0.04006942508413367,
    0.03998392092331764,
    0.039898415088709005,
    0.03988821941119796,
    0.04003651498212108
  ],
  "bi": [
    0.20064439745029536,
    0.2834119246805056,
    0.322357810143041,
    0.3416206277437472,
    0.351193304203419,
    0.35306848951382375,
    0.35299948915891516,
    0.3547754130800516,
    0.3534307915018331,
    0.3573952281865243,
    0.35359791688712633,
    0.3551274103080697,
    0.35227308090102827,
    0.3534450580333561,
    0.3521930305302678,
    0.3581852078006856,
    0.3557973716279846,
    0.3564183071351154,
    0.35897205176048474,
    0.35802630240103694,
    0.3577034291093852,
    0.3553994930669648,
    0.35526137272456293,
    0.3510178500989889,
    0.3565419952751514,
    0.357524904481836,
    0.35799110377800414,
    0.41474484306951287,
    0.32479715113190955,
    0.36061398072029915,
    0.36577126286121225,
    0.3624395798458198,
    0.36048367756944727,
    0.361420634601326,
    0.3654263608467386,
    0.36182639650506265,
    0.3633595818663131,
    0.3586873937205324,
    0.3639097103646902,
    0.3631632564494972,
    0.35842639886970185,
    0.3577414063933158,
    0.364154952377051,
    0.36004432252041835,
    0.3564909502848872,
    0.3593300508262266,
    0.35890846432528534,
    0.3594506838580704,
    0.3597332059838039,
    0.3622047497291162,
    0.3591352487622906,
    0.3584558295442997,
    0.3563216694598447,
    0.3567897609776534
  ],
  "reset": [
    28,
    56
  ],
  "rn": [
    140.442681703373,
    74.76669325139946,
    42.449958666197915,
    24.811288286134662,
    14.703557642466606,
    8.736790226190209,
    5.1908555871705575,
    3.0918306911247786,
    1.8380947539740558,
    1.098859761204764,
    0.6534270654202844,
    0.3893939651246548,
    0.23111543212128985,
    0.13740100272174274,
    0.08154179752415298,
    0.04880160485906176,
    0.02910954866806773,
    0.01737862745997371,
    0.010412278892445672,
    0.006230218223314276,
    0.0037261884089096644,
    0.0022213818164281843,
    0.001324028115382272,
    0.0007844437520863745,
    0.0004684002881546433,
    0.0002800723937108472,
    0.0001675739166543127,
    0.00018744682271088466,
    0.0001207170407795732,
    6.879782149548276e-05,
    4.131387834813059e-05,
    2.4986231373630207e-05,
    1.5042449646095572e-05,
    9.03153083208291e-06,
    5.4296000593822016e-06,
    3.282220679498776e-06,
    1.974321618050145e-06,
    1.1901075475513219e-06,
    7.127615542097515e-07,
    4.2997290416249187e-07,
    2.591146923686828e-07,
    1.5512865731930938e-07,
    9.278475783121361e-08,
    5.5991196582970834e-08,
    3.35967859452607e-08,
    2.0059586994857345e-08,
    1.2024547895325359e-08,
    7.203782747883877e-09,
    4.318970761369549e-09,
    2.5904220492211723e-09,
    1.5590053250775953e-09,
    9.342790597526667e-10,
    5.593639054356043e-10,
    3.338993365159428e-10,
    1.994443544027877e-10,
    2.1059786965770292e-10
  ],
  "Axmb": [
    140.44268166254707,
    74.76669337538245,
    42.44995884227186,
    24.811288161142052,
    14.703557549091546,
    8.73679048319807,
    5.1908556488616995,
    3.09183050989703,
    1.8380948796142487,
    1.098859879518756,
    0.6534267944838885,
    0.38939399286188014,
    0.23111531520962653,
    0.13740074332838573,
    0.08154205646580022,
    0.048801731828060795,
    0.029109148137248544,
    0.01737898668574284,
    0.010412878841075708,
    0.006230444764418223,
    0.0037275574306359274,
    0.0022228832979592286,
    0.0013266864881089505,
    0.0007885364428118761,
    0.00047561623658813726,
    0.00029247815444349097,
    0.000187446822682097,
    0.000187446822682097,
    0.00012071704104701534,
    6.879782133028049e-05,
    4.131387835254212e-05,
    2.4986231250000588e-05,
    1.5042449906062076e-05,
    9.031530601594141e-06,
    5.429599494824304e-06,
    3.282220983026173e-06,
    1.974321234009417e-06,
    1.1901076917431548e-06,
    7.127615589383778e-07,
    4.299729965563114e-07,
    2.591150037666058e-07,
    1.551285871351037e-07,
    9.278447578834699e-08,
    5.5991465199993724e-08,
    3.3596714111108145e-08,
    2.0059777079856662e-08,
    1.2024827033660075e-08,
    7.203762625345281e-09,
    4.319987477313238e-09,
    2.591021803282043e-09,
    1.5599496979871516e-09,
    9.371912944788001e-10,
    5.629397676768154e-10,
    3.409146258855563e-10,
    2.1059786965831632e-10,
    2.1059786965831632e-10
  ],