{"i": [1, 2, 3, 4, 5, 6, 7, 8, 9, 10, 11, 12, 13, 14, 15, 16, 17, 18, 19, 20, 21, 22, 23, 24, 25, 26, 27, 28, 29, 30, 31, 32, 33, 34, 35, 36, 37, 38, 39, 40, 41, 42, 43, 44, 45, 46, 47, 48, 49, 50, 51, 52, 53, 54, 55, 56, 57, 58, 59, 60, 61, 62, 63, 64, 65, 66, 67, 68, 69, 70, 71, 72, 73, 74, 75, 76, 77, 78, 79, 80, 81, 82, 83, 84, 85, 86, 87, 88, 89, 90, 91, 92, 93, 94, 95, 96, 97, 98, 99, 100, 101], "reset": [69, 101], "rel_res": [], "rn": [47.24709107517871, 31.48764671778022, 20.983749847818835, 13.984079832089241, 9.34215736023282, 6.255320675218158, 4.155990393629185, 2.7835363497253405, 1.841481133773373, 1.2068492635832626, 0.7955563334173982, 0.5298764061014928, 0.351012411444498, 0.23131535039214987, 0.15097201954380732, 0.0992485687482651, 0.0667118414748996, 0.04488144275323832, 0.02978898610469886, 0.019105348698738134, 0.0120944003523721, 0.008088602576122485, 0.005485379048087113, 0.0036808738699374527, 0.0024609454802714445, 0.001663379157541518, 0.0011270521443120564, 0.000746865654232835, 0.0005011329330855734, 0.0003379127496906854, 0.00022638306626305394, 0.00014882191983574, 9.947105688222892e-05, 6.71397755041932e-05, 4.4538380767634375e-05, 2.9669668244241544e-05, 1.9882667040363476e-05, 1.3173654866050353e-05, 8.743928170534206e-06, 5.796707634391639e-06, 3.845500982908213e-06, 2.5162156470321375e-06, 1.6906292721702454e-06, 1.1074795080386132e-06, 7.374737652755837e-07, 4.911937371609422e-07, 3.290752044822965e-07, 2.1894657282718044e-07, 1.4324936953894137e-07, 9.462303326286018e-08, 6.230210810279304e-08, 4.1399942449064736e-08, 2.785643167000768e-08, 1.8060532931669844e-08, 1.1996912694116281e-08, 8.014725347926675e-09, 5.239470893223748e-09, 3.4702975531960873e-09, 2.3029593799427754e-09, 1.529405683560074e-09, 1.008881846025899e-09, 6.573290002253283e-10, 4.3336714356466676e-10, 2.9152180488104023e-10, 1.937492015864398e-10, 1.2661864830288308e-10, 8.466336893945382e-11, 5.5880930929404484e-11, 4.168634209006126e-05, 1.596380613622013e-05, 9.233821849738323e-06, 6.038510338928904e-06, 4.068411192336679e-06, 2.6684623129801633e-06, 1.7820839231040212e-06, 1.1968698424115178e-06, 8.161903916066688e-07, 5.449544800621165e-07, 3.502263631742083e-07, 2.3054258790021196e-07, 1.5472591073184882e-07, 1.042742450911172e-07, 6.959782195458416e-08, 4.551583713384445e-08, 3.023242177275681e-08, 1.9752219640411986e-08, 1.3141681675130734e-08, 8.905734864892304e-09, 5.88839663377084e-09, 3.9498177597450525e-09, 2.6036651556832644e-09, 1.7646744655033704e-09, 1.1761250293228025e-09, 7.933078216900676e-10, 5.38049515567329e-10, 3.489558228008065e-10, 2.26407546564937e-10, 1.472908967004517e-10, 9.785555160746018e-11, 6.657659323101236e-11, 6.77484645603879e-11], "Axmb": [47.24709044541974, 31.487647430103575, 20.983749638880013, 13.984079983217741, 9.342157843150066, 6.255321132346419, 4.155990835439495, 2.7835361990493017, 1.8414814602018277, 1.206848699149887, 0.7955571752746056, 0.5298756142037319, 0.35101209439840986, 0.23131517978043942, 0.15097185998034685, 0.09924866550263013, 0.0667114936273015, 0.04488270379347095, 0.029788439105060596, 0.019105570322543643, 0.012095250770611994, 0.008087898894992137, 0.0054853016024754495, 0.003681124855746601, 0.0024608678837773805, 0.0016635186624660123, 0.0011283909135382166, 0.0007475181808985007, 0.0005027105044311457, 0.00034014038891093715, 0.00023023983598813888, 0.0001531634767823173, 0.00010668589145267513, 7.675268273226235e-05, 5.977280527922194e-05, 4.892149553481906e-05, 4.446580713716066e-05, 4.2204235601456595e-05, 4.1536793567734064e-05, 4.104575256344757e-05, 4.1209751196441956e-05, 4.136760350729782e-05, 4.153120114599274e-05, 4.163638477655302e-05, 4.167087480228429e-05, 4.167384476756986e-05, 4.16768000693384e-05, 4.1682455992492414e-05, 4.168410798390616e-05, 4.1685240735839166e-05, 4.168587648837146e-05, 4.168589473658041e-05, 4.168618652415869e-05, 4.1686279832111354e-05, 4.168634016829889e-05, 4.1686342278194876e-05, 4.168634426672598e-05, 4.1686340486464144e-05, 4.1686341324583655e-05, 4.1686342072678973e-05, 4.1686342072678973e-05, 4.1686342072678973e-05, 4.1686342072678973e-05, 4.1686342072678973e-05, 4.1686342072678973e-05, 4.1686342072678973e-05, 4.1686342072678973e-05, 4.1686342072678973e-05, 4.1686342072678973e-05, 1.596380614338011e-05, 9.233821814686696e-06, 6.038510315606473e-06, 4.068411144143411e-06, 2.668462304562959e-06, 1.7820838603024456e-06, 1.1968700517130739e-06, 8.161903828185451e-07, 5.449546448936399e-07, 3.5022635595324245e-07, 2.3054264307213905e-07, 1.5472613042880643e-07, 1.0427417492464551e-07, 6.9597736609663e-08, 4.551578781413025e-08, 3.0232409909525116e-08, 1.975198588072045e-08, 1.3141800631344938e-08, 8.905670496964174e-09, 5.888369678997556e-09, 3.949963703612667e-09, 2.6036189342932143e-09, 1.7647003082920175e-09, 1.176432103171162e-09, 7.935305037078571e-10, 5.378422616576955e-10, 3.49463025323042e-10, 2.2649183040916949e-10, 1.480277135281877e-10, 9.83558836370852e-11, 6.77484645603879e-11, 6.77484645603879e-11], "diAdip1": [0.0005090738710416119, 0.0012922191897025933, 0.0008799530512232012, 0.0004586236187243056, 0.0001983129067803668, 9.218377500811421e-05, 2.9243485448296834e-05, 1.0252374295457854e-05, 2.4685930236485064e-06, 4.919232878674238e-07, 6.812296909661367e-07, 3.1413257146698565e-07, 1.805897870915851e-07, 1.0441366594071127e-07, 4.5228282015671655e-08, 1.818487974810962e-08, 8.041818039434702e-09, 3.966320957526426e-09, 1.6020468915291431e-09, 9.506223746063014e-10, 3.9030005850497454e-10, 1.811883896580283e-10, 8.193009832225663e-11, 3.229665555848229e-11, 1.359495820517112e-11, 5.426230059129608e-12, 3.4529917087522704e-12, 1.7686026076333148e-12, 8.503054978980688e-13, 4.614952977418586e-13, 2.4030279764459013e-13, 8.617190910635099e-14, 4.497516977833227e-14, 2.271244885203915e-14, 1.0533716500186774e-14, 5.1623569969169204e-15, 2.3302265221480894e-15, 9.269935794116928e-16, 3.674446033023499e-16, 1.507342214621652e-16, 7.310396634493683e-17, 2.9112569133529855e-17, 1.1670903215309773e-17, 5.0142293011899374e-18, 2.2438170263549316e-18, 1.215678146563264e-18, 4.926465991610308e-19, 2.084598124906756e-19, 8.241114427937008e-20, 3.379549673056325e-20, 1.5728048806090908e-20, 6.5797771590915774e-21, 3.5579931365844e-21, 1.8094793962607366e-21, 7.826440775704201e-22, 3.534046607352773e-22, 1.830502121190515e-22, 6.671828183851746e-23, 3.151493648360038e-23, 1.381656827288883e-23, 6.1625711493502e-24, 3.0204401421250374e-24, 1.3482404648677938e-24, 6.169984356636952e-25, 2.6327315020774336e-25, 1.2450333976622578e-25, 5.36363714978692e-26, 2.4065998300951396e-26, "unknown", 1.1326351001160425e-15, 6.392925380122597e-17, 4.962434311534729e-17, 2.111098996587802e-17, 5.4029997719314866e-18, 3.867344637341959e-18, 1.4549099593935867e-18, 1.041848781855491e-18, 2.728880947584498e-19, 2.3078672625410175e-19, 8.323645160847213e-20, 2.884595320735535e-20, 1.1126105235820402e-20, 5.361403309023142e-21, 3.13006110592197e-21, 1.0110687421435454e-21, 7.862850559477972e-22, 4.318840840133987e-22, 2.0742749277548074e-22, 7.544790718045453e-23, 3.084382049161646e-23, 1.99636284878777e-23, 9.8764894857068e-24, 3.9076112917218114e-24, 1.2796562398639619e-24, 4.724757693947668e-25, 1.522301682622624e-25, 5.025147598682349e-26, 1.8908230402718045e-26, 9.214475863987353e-27, 7.060463479326981e-27, "unknown"], "status": 99}
