{"res": 1e-06, "tol": 7.838302283614309e-05, "vol": 256, "nmx": 256, "sdtype": "tfloat32", "ddtype": "float64", "cdtype": "float64", "i": [1, 2, 3, 4, 5, 6, 7, 8, 9, 10, 11, 12, 13, 14, 15, 16, 17, 18, 19, 20, 21, 22, 23, 24, 25, 26, 27, 28, 29, 30, 31, 32, 33, 34, 35, 36, 37, 38, 39, 40, 41, 42, 43, 44, 45, 46, 47, 48, 49, 50, 51, 52, 53, 54, 55, 56, 57, 58, 59, 60, 61], "ai": [0.049011636397146334, 0.055658967218317194, 0.057009381113201744, 0.05619242848433999, 0.05634986283584364, 0.05717073228766323, 0.05577903109302844, 0.05649716751796334, 0.05469243114170269, 0.05555256492699687, 0.055789992243746825, 0.056158267683937425, 0.05658755652608735, 0.05577271431588659, 0.05538287174655388, 0.05518226486142256, 0.056498233359907855, 0.05596959696983429, 0.0560548702805997, 0.05512516135571524, 0.05334801966136846, 0.05626924076944208, 0.056228016044235614, 0.05713404249611646, 0.05698181065072451, 0.05713777035159622, 0.05566813535713173, 0.055946398004942395, 0.05652152754443873, 0.05660195204460172, 0.05672397247234802, 0.055756015155201066, 0.056001939767420336, 0.05704946535149095, 0.03502487998739274, 0.0510581016994858, 0.05599216515740039, 0.05726013261501654, 0.05635193785658756, 0.056729586127976385, 0.05632915723103075, 0.05619923238386773, 0.055873303815280724, 0.056075001367817595, 0.05587137812724619, 0.05685979435550574, 0.05522168332410168, 0.054908467816194566, 0.05602920734989625, 0.0551404343044586, 0.054822882241090325, 0.0562868168152969, 0.055840541261005364, 0.03637814609613309, 0.051385775963628096, 0.05506905981443776, 0.054948298324844054, 0.05642477302542315], "bi": [0.3632878001252764, 0.44423937803135216, 0.4440583319640406, 0.44409263798391935, 0.445991704355846, 0.4481728191517799, 0.44163335928609526, 0.4484271901542542, 0.4376994472308159, 0.4292555185744688, 0.4345575001652045, 0.44362363503214375, 0.438838664436432, 0.4343090255962783, 0.4261479690830678, 0.43214784364614145, 0.45151368103195705, 0.4527461955978727, 0.44084580913552834, 0.4114344259272402, 0.4005582701449448, 0.4470328475704353, 0.4597823043775407, 0.4500001606194336, 0.44702764292539193, 0.45687303737495993, 0.45877488462524896, 0.43877066415153027, 0.450335166849784, 0.454623117032115, 0.44906474399056057, 0.4322904818708725, 0.44658190620044524, 0.4551827386536854, 0.18279352130249074, 0.38473137902793536, 0.4484573597136144, 0.45831920504101553, 0.4531124459678176, 0.4668867371842958, 0.4436011023094655, 0.43630489660568494, 0.44182025243272094, 0.4431524980215059, 0.43781898560173976, 0.43757344957135164, 0.4376248524255738, 0.42525836572172393, 0.4387159431907967, 0.42823919482854206, 0.42177078639252413, 0.4551613217614545, 0.42960449921352006, 0.20570059587588785, 0.41150976511663434, 0.4386092935064561, 0.444500576004489, 0.444098793600311], "reset": [35, 55, 61], "rn": [47.244082024244655, 31.488787713658784, 20.983404500665593, 13.983398664754153, 9.33847864229324, 6.251710902897391, 4.154605792043587, 2.782119570193375, 1.8406185317225887, 1.2059289854392627, 0.7949601501955228, 0.5294838242237728, 0.35075602461211036, 0.2311556784804961, 0.15089844976614403, 0.09919755166169551, 0.0666555644331513, 0.04485014125256913, 0.029778798662617626, 0.019101060811336827, 0.012088998916466894, 0.008082766942608403, 0.005480701922853584, 0.003676567275316543, 0.002458157507394947, 0.001661527261531591, 0.0011254009792211353, 0.0007454629787470062, 0.0005002579644250023, 0.0003373026624593927, 0.0002260342491382627, 0.00014861480841317712, 9.931449703499276e-05, 6.700474207120166e-05, 0.27050576667973675, 0.11565300658689966, 0.07173576466837113, 0.048039260110743394, 0.03252223157274547, 0.021891893845687956, 0.014958536384616203, 0.009962891724187038, 0.006580826696859979, 0.004374246608046512, 0.0029119228515058467, 0.0019267579508492662, 0.0012745375678721834, 0.0008431476420169396, 0.0005498320641908858, 0.0003641847628052197, 0.00023832246281936442, 0.00015477586003647008, 0.00010442053184601232, 6.844162484469132e-05, 0.0006457355448793496, 0.00029286836854542844, 0.00018787220849581624, 0.00012442322544011425, 8.295405484701264e-05, 5.528119419424476e-05, 5.5271008980296785e-05], "Axmb": [47.24439144946333, 31.488689558871418, 20.985259191695757, 13.98245265823788, 9.341440150180366, 6.255115607337568, 4.15812129518974, 2.7900423687866693, 1.8589634473461656, 1.2217742033069199, 0.8272692233202604, 0.5795555347034183, 0.42135349850654635, 0.3376143777269007, 0.2846577392521581, 0.2698975710480319, 0.265415712987361, 0.26431360096703416, 0.2663309977054784, 0.268356404660744, 0.26927240612996867, 0.27007371806521285, 0.2702802718860145, 0.27043838104827567, 0.2704879474102765, 0.2704994422165848, 0.27050234677418217, 0.27050349007069435, 0.27050506114906697, 0.27050569908920097, 0.2705046937071877, 0.2705049243039232, 0.27050450852496283, 0.2705044198060803, 0.2705044198060803, 0.11565106661313662, 0.07173578649515, 0.04804335490751745, 0.03253021116038229, 0.021880718362645647, 0.014975560059759084, 0.009970796902028477, 0.006588964803849317, 0.004425711674643406, 0.002949349293823556, 0.002011111042253646, 0.0014037281816587843, 0.0010242612536058462, 0.0008113086821800444, 0.0007101260297434671, 0.0006596497269390235, 0.0006490484354788681, 0.0006394367660761806, 0.0006457297335211147, 0.0006457297335211147, 0.00029286044909221853, 0.00018789477537003977, 0.0001244354823661877, 8.297368672870223e-05, 5.5270937761065304e-05, 5.5270937761065304e-05], "diAdip1": [0.6514971920541702, 2.343434147650867, 1.3941030080100474, 1.625772715340462, 1.4282408210507824, 0.8881764250762345, 0.35603625658314836, 0.19800362467411323, 0.10396962251886432, 0.04708373261328862, 0.021817517876342462, 0.010566849696578383, 0.004549870662340299, 0.0017340222645437255, 0.0008089581503836449, 0.000354015393316895, 0.00015770181402554502, 6.787746625759479e-05, 2.8596148460346615e-05, 1.3713453224103281e-05, 6.5793377241856085e-06, 2.446241002189975e-06, 1.1555864796087973e-06, 5.132190423764047e-07, 2.4450659601980273e-07, 1.1186093941013162e-07, 5.092437644721296e-08, 2.462045443209145e-08, 1.1974380573582077e-08, 4.8458289100181615e-09, 1.952588292119799e-09, 9.923168926866338e-10, 4.147443163321532e-10, 1.8310665048480794e-10, "unknown", 0.0006734440604462062, 0.00011021479296829475, 4.5595722007072184e-05, 2.113110171186871e-05, 1.1887790841405554e-05, 6.200115032868889e-06, 3.0649532601379602e-06, 1.6709497399548792e-06, 7.123851769160558e-07, 2.6927330815722e-07, 1.3254206118837323e-07, 5.8059590461063916e-08, 2.4565061751946115e-08, 9.080880430533867e-09, 3.959736868428684e-09, 1.9536696765171144e-09, 6.17862102394211e-10, 2.376592106808369e-10, 1.029253858400399e-10, "unknown", 9.51842474448173e-10, 4.2588783977407036e-10, 1.550357113614131e-10, 4.66264614003991e-11, 1.9906675099132897e-11, "unknown"], "status": 58}