{
  "res": 1e-12,
  "tol": 3.1353468709498285e-10,
  "vol": 4096,
  "nmx": 256,
  "sdtype": "float32",
  "ddtype": "float64",
  "cdtype": "float64",
  "i": [
    1,
    2,
    3,
    4,
    5,
    6,
    7,
    8,
    9,
    10,
    11,
    12,
    13,
    14,
    15,
    16,
    17,
    18,
    19,
    20,
    21,
    22,
    23,
    24,
    25,
    26,
    27,
    28,
    29,
    30,
    31,
    32,
    33,
    34,
    35,
    36,
    37,
    38,
    39,
    40,
    41,
    42,
    43,
    44,
    45,
    46,
    47,
    48,
    49,
    50,
    51,
    52,
    53,
    54,
    55,
    56,
    57,
    58,
    59,
    60,
    61,
    62,
    63,
    64,
    65,
    66,
    67,
    68,
    69,
    70,
    71,
    72,
    73,
    74,
    75,
    76,
    77,
    78,
    79,
    80,
    81,
    82,
    83,
    84,
    85,
    86,
    87,
    88,
    89,
    90,
    91
  ],
  "ai": [
    0.03445774871347039,
    0.04482236227432457,
    0.04992445592866218,
    0.05146170700224903,
    0.05107511349593579,
    0.05113935067249236,
    0.050910983284228856,
    0.050811075727831,
    0.050758150479986774,
    0.05001525577986867,
    0.049995385921005206,
    0.050293599592044075,
    0.050202802019720126,
    0.05051672881123814,
    0.05064563742342345,
    0.0507143997520401,
    0.0505323623439286,
    0.051073112417136246,
    0.05094421213692209,
    0.05123808150134439,
    0.050914577522641676,
    0.05110061096354422,
    0.05123677884134302,
    0.0511770556465337,
    0.05076893857147848,
    0.05117465881384019,
    0.05113609766710649,
    0.05090966032928999,
    0.05087268316431803,
    0.05073149378331992,
    0.05035283364857126,
    0.050311651783484734,
    0.05054536135561706,
    0.05059228451785691,
    0.050480616976797885,
    0.05083344380653391,
    0.05083655021668226,
    0.05088967362602162,
    0.05125013560166149,
    0.05127159128606008,
    0.051133288480568355,
    0.051363531919596354,
    0.04544894385988403,
    0.04600408232946451,
    0.05129960082217046,
    0.050962357222289374,
    0.05050084720423692,
    0.0495860477757306,
    0.04938934516409973,
    0.049247176703218244,
    0.049391759569244346,
    0.049696059222381087,
    0.04991737527272655,
    0.04982960052157793,
    0.049569868107574695,
    0.04936241629070486,
    0.049228374397983145,
    0.049296451504249376,
    0.04962129193819544,
    0.04994500669375215,
    0.04966949500212234,
    0.049484532782775974,
    0.04920274578544405,
    0.04931033397909788,
    0.04929913345986328,
    0.049252400199146944,
    0.04962069884469903,
    0.049262180018352524,
    0.04919792656210657,
    0.04943960443559327,
    0.049299013563049526,
    0.04935380807617741,
    0.04959736668543568,
    0.04943894445043251,
    0.04954306318468051,
    0.04934588452568628,
    0.0494214061195548,
    0.04934392035115591,
    0.04910070173411822,
    0.049376978942682274,
    0.05002054363204557,
    0.04983065330792332,
    0.04924200396474737,
    0.04951661502106154,
    0.049231565908139534,
    0.04262957042813488,
    0.04495084772604302,
    0.04891655180569386
  ],
  "bi": [
    0.23601792706819344,
    0.41229660387504274,
    0.496604608259489,
    0.5266251840682972,
    0.5272102159698283,
    0.5246124512338952,
    0.5302723028598318,
    0.5337009427692205,
    0.5386933072774039,
    0.5316277237096422,
    0.5295172891954627,
    0.5326648182651111,
    0.525290356466456,
    0.5285763677230111,
    0.5280683971653536,
    0.5298202841827032,
    0.5266296328049407,
    0.5367252590073761,
    0.5285601325218615,
    0.5341950496202134,
    0.5297076295723421,
    0.5322371697913859,
    0.5319732468818471,
    0.5268819486376516,
    0.5245988372732359,
    0.5324574978300602,
    0.5334217792884187,
    0.5289803992114368,
    0.5326752948392164,
    0.5365031730617617,
    0.5370522222627924,
    0.5351481999022684,
    0.5344729473370325,
    0.5323164971205969,
    0.5314654627894425,
    0.5372265727735975,
    0.5399870523105431,
    0.5377203261623567,
    0.539476268605111,
    0.540990692572784,
    0.5324821749588761,
    0.5359548427264322,
    0.5518963497033509,
    0.4844089841634786,
    0.5551780409041212,
    0.5549488250234285,
    0.5526875138767113,
    0.5537131023657144,
    0.5516159247756669,
    0.5437899729482603,
    0.5416392896067898,
    0.5419447391220333,
    0.5463079935107155,
    0.5456987082986494,
    0.5434122166566401,
    0.543236515397914,
    0.5428242482509877,
    0.5406964809293492,
    0.5439696734983732,
    0.5488752109321667,
    0.5412021264426161,
    0.5410050740992873,
    0.5409006983746201,
    0.5408932989606625,
    0.5373574972781313,
    0.5359977660772441,
    0.5394346273599204,
    0.5351416264750576,
    0.536784978304913,
    0.544746469741249,
    0.5416964054244664,
    0.5373483180989667,
    0.5410689628246504,
    0.5426109300152954,
    0.5381343377230816,
    0.5425857881964471,
    0.5416026873303139,
    0.5394742513779548,
    0.5332127338502292,
    0.5462050245890234,
    0.5498085299870505,
    0.5417589399698809,
    0.5406922319713913,
    0.5445654854169525,
    0.538905647753629,
    0.5116227238661868,
    0.4942109337264557,
    0.5511591426477119
  ],
  "reset": [
    43,
    87,
    91
  ],
  "rn": [
    152.32040672636288,
    97.80543059796955,
    68.92366169699496,
    50.01717444458835,
    36.317091702053595,
    26.30451868881899,
    19.154897460471386,
    13.993579403842176,
    10.270689652232857,
    7.4886479916267215,
    5.449334774503902,
    3.9771364912535896,
    2.882505932081553,
    2.095675715431759,
    1.522892225468838,
    1.1084942895900636,
    0.8044260138232548,
    0.5893348500318194,
    0.4284590544118706,
    0.3131549309747581,
    0.22791734054082508,
    0.16627615345532445,
    0.12127600024255956,
    0.08803016685134017,
    0.06375954172038452,
    0.04652513696620125,
    0.03397997321371928,
    0.024713987472369192,
    0.018037406782181447,
    0.013211746956683028,
    0.009682076418108443,
    0.007082809164418842,
    0.005178075811160948,
    0.0037779253081194446,
    0.002754170936126507,
    0.002018690010882551,
    0.0014834103583194638,
    0.0010877761537237203,
    0.0007989612317946921,
    0.0005876525203787917,
    0.0004288181315984108,
    0.0003139331949452462,
    0.0003405826049247222,
    0.0002530178864750918,
    0.00017609917374344848,
    0.00013121197069337721,
    9.774620983652382e-05,
    7.266742198046866e-05,
    5.407321016792529e-05,
    4.01606331344728e-05,
    2.9615300828456374e-05,
    2.1795720418362028e-05,
    1.6045332854368762e-05,
    1.185953082804614e-05,
    8.760804141210598e-06,
    6.4581580625336375e-06,
    4.759958293690308e-06,
    3.5069757859112594e-06,
    2.578751768354612e-06,
    1.9019403096299854e-06,
    1.4090736431179027e-06,
    1.036605332515449e-06,
    7.624548086986024e-07,
    5.60754643903315e-07,
    4.1240951763513735e-07,
    3.0231544520496574e-07,
    2.2133078561045074e-07,
    1.625590812820906e-07,
    1.1891745422528894e-07,
    8.712559964978601e-08,
    6.430474085981709e-08,
    4.7328306983905786e-08,
    3.469356399035922e-08,
    2.551968018021725e-08,
    1.8798339823671355e-08,
    1.3790018493367334e-08,
    1.0157785921629064e-08,
    7.475486490666017e-09,
    5.490663412574822e-09,
    4.009360225740988e-09,
    2.9631451309688565e-09,
    2.197144700828384e-09,
    1.6171924428834546e-09,
    1.1891503507617615e-09,
    8.775297007259635e-10,
    6.441962494000654e-10,
    7.067427088085312e-10,
    5.055175639263256e-10,
    3.553795426974836e-10,
    2.6383410342830156e-10,
    2.638328358520454e-10
  ],