{"res": 1e-06, "tol": 7.83842008256121e-05, "vol": 256, "nmx": 256, "sdtype": "float16", "ddtype": "float64", "cdtype": "float64", "i": [1, 2, 3, 4, 5, 6, 7, 8, 9, 10, 11, 12, 13, 14, 15, 16, 17, 18, 19, 20, 21, 22, 23, 24, 25, 26, 27, 28, 29, 30, 31, 32, 33, 34, 35, 36, 37, 38, 39, 40, 41, 42, 43, 44, 45, 46, 47, 48, 49, 50, 51, 52, 53, 54, 55, 56, 57, 58, 59, 60, 61, 62, 63, 64, 65, 66, 67, 68, 69, 70, 71, 72, 73, 74, 75, 76, 77, 78, 79, 80, 81], "ai": [0.05623513693722449, 0.06125169514922172, 0.06250101144592257, 0.062123966136155395, 0.06260501855434777, 0.06188996118736466, 0.06345348462680564, 0.06420231527200324, 0.06381045612424008, 0.0639491517737367, 0.06258986164341182, 0.06229631570576936, 0.06295712691713022, 0.06585511517256552, 0.06382102562765202, 0.06510398986841576, 0.0624049925367238, 0.06462998944943549, 0.0639634094147052, 0.0648590590879684, 0.06251321792966495, 0.06358798898174287, 0.064194382512893, 0.06293966783737899, 0.06195324875918309, 0.06398201822542235, 0.0650441869644299, 0.06545338532675493, 0.06346147055838776, 0.06390734857090383, 0.06369092723831808, 0.06389695218057911, 0.06469552043495386, 0.06467591610222277, 0.06554379646491834, 0.06581218026310336, 0.06349257377296715, 0.06438134268381696, 0.0642413343336545, 0.06363314151771005, 0.06288811533448876, 0.06200752937126796, 0.06410077665197891, 0.06435449894955757, 0.06144756815343789, 0.03863272126601998, 0.05206559916981375, 0.059674436802070005, 0.06371675689579044, 0.06122170449750438, 0.06289347236837901, 0.06110637131380515, 0.06268967954198115, 0.06476368789516591, 0.06515288461080586, 0.062889889863781, 0.06324373863787913, 0.0642319726474927, 0.0629419439483261, 0.06167019048983894, 0.06416988088919584, 0.06377623346880323, 0.06338412937539102, 0.06369266930404435, 0.06396585087160786, 0.06492934936189962, 0.06400560038623271, 0.06323964570968986, 0.06393412492730423, 0.06468775610741619, 0.04001350956301232, 0.05399147015586423, 0.06136872458047604, 0.0634532982040067, 0.06350637582628695, 0.06377477047556385, 0.044178579560992456], "bi": [0.4051022550129954, 0.511343502459217, 0.5153040817097656, 0.526642492806979, 0.5334321977836682, 0.5260381998854385, 0.5523222468150523, 0.5655208169178829, 0.5474447067438507, 0.537426506748674, 0.5263154934298345, 0.5342225703037322, 0.5347524127106487, 0.5718024926968042, 0.5408298272800005, 0.5486451985168151, 0.5230079976819643, 0.544610012182722, 0.5400410013008842, 0.5452845041856721, 0.514632624606936, 0.5383023049038788, 0.5418310890114081, 0.5273017319635703, 0.5216308097482032, 0.5432438242307024, 0.5456962514473763, 0.5568941184220557, 0.5456942900538786, 0.5349108797849738, 0.5364046440570539, 0.5376095765814596, 0.5509929869347655, 0.5428723343304932, 0.5524540135447896, 0.570145534540005, 0.5321728658472786, 0.5274340797540009, 0.5357979395595079, 0.5292441565310682, 0.5290494244222504, 0.509824556374752, 0.5510647047484418, 0.548210342085441, 0.5417102469439746, 0.16882370700434765, 0.38380914455319215, 0.4783232352891755, 0.5205918601385116, 0.4998113848305907, 0.529142231008052, 0.5282464208416432, 0.5355484082512963, 0.5720305337224121, 0.5663352722993431, 0.5303255062896961, 0.5456734351538098, 0.5413683267623264, 0.5449462176176694, 0.5156405078107036, 0.5224873684909742, 0.5270241484689943, 0.5351749026185918, 0.5079424530576037, 0.550214394653179, 0.5315351312507661, 0.558482805993297, 0.5434452693133385, 0.5614758853437831, 0.5456788756542487, 0.20853906670415379, 0.411039800562467, 0.49763956091329115, 0.5320982203618627, 0.5354195293505304, 0.5201359988800552, 0.3694919307969812], "reset": [46, 72, 79, 81], "rn": [49.88969686823206, 35.67526732316587, 25.60937781498739, 18.584760819038188, 13.57364820633378, 9.844762210326257, 7.316468360717121, 5.502066015459333, 4.0709514904043305, 2.9843892620380834, 2.165102921774583, 1.5824852194334205, 1.1572202873649693, 0.8750624756175359, 0.6435308608044691, 0.4766670916254682, 0.34472226524881805, 0.2543970937182925, 0.18695001849471118, 0.13805021601065445, 0.09903432542713736, 0.07266058120470399, 0.05348485558880835, 0.038838319172000924, 0.028050592805152083, 0.020674710772397173, 0.015272668593943627, 0.011397280675079164, 0.008419299293456136, 0.006157673592055388, 0.0045098586325530085, 0.0033067124209581336, 0.0024545363173013365, 0.0018084991843618388, 0.0013442077152259315, 0.0010149841196276119, 0.000740432735035433, 0.0005377367337871516, 0.00039361371684630146, 0.000286350707402627, 0.00020827943143083416, 0.00014871567904316236, 0.00011039719943259871, 8.173944196683085e-05, 6.016102040823512e-05, 0.3176745806151303, 0.13052664683804627, 0.08086430165334006, 0.05592649203821069, 0.040352111592282636, 0.02852786943034751, 0.020751789344516592, 0.015082517285939422, 0.0110375630686614, 0.008348006983414494, 0.00628231356445028, 0.004574997560696635, 0.0033795375222717356, 0.002486587203676471, 0.001835610425582248, 0.0013181172067868291, 0.000952778453186848, 0.0006916831320573276, 0.0005060052864345989, 0.00036063038051759386, 0.0002675027704233108, 0.0001950267893611221, 0.00014574684917264522, 0.00010744274145167048, 8.050866687873355e-05, 5.947181683371108e-05, 0.0007728117490696337, 0.00035291281503510146, 0.00022626082531083315, 0.00015961246915092755, 0.00011642941604173082, 8.519415961094348e-05, 6.144241530500142e-05, 8.737920982115323e-05, 5.311419360001457e-05, 5.8237703319155775e-05], "Axmb": [49.88997399476222, 35.679011451779104, 25.609350568727855, 18.592307278593804, 13.571425634480768, 9.843706461255671, 7.3192734966094815, 5.509299739098179, 4.077313469263786, 2.9953832304829144, 2.1806551612563205, 1.5969535005977977, 1.1818406555719148, 0.9139329759861679, 0.6960394521648721, 0.5474598699931918, 0.4413389213465498, 0.3747786319207525, 0.3419518053302461, 0.3220292876603647, 0.31322252744695384, 0.3081454142978926, 0.3086812010932874, 0.30995066567557694, 0.31164429349465306, 0.3132534944613383, 0.3149736740842502, 0.3160242956971914, 0.3168325465720331, 0.3173410073361426, 0.31752126607298503, 0.31759393752366144, 0.317622092816668, 0.31764675452932223, 0.31765878823164895, 0.3176665437341348, 0.3176726835366017, 0.31767400050937944, 0.3176734917303121, 0.3176731218911164, 0.3176725883534635, 0.31767133880798704, 0.3176710156897572, 0.31767095756757735, 0.317670819519556, 0.317670819519556, 0.13052379261352076, 0.08087156775597465, 0.055939762846946725, 0.04034914572063942, 0.028522910608288363, 0.020748880098978507, 0.01509651002521462, 0.011058486012803405, 0.008369521700177114, 0.006317021067781472, 0.004627169149581547, 0.0034479367272509023, 0.0025830377833746788, 0.0019489575603750026, 0.0014846728294842149, 0.0011819847961109847, 0.000995963643788797, 0.000868386921585739, 0.000805524742600914, 0.0007963391134806537, 0.0007550594756905411, 0.0007660797256713085, 0.0007631937751968211, 0.0007727681633986071, 0.0007727984571831315, 0.0007727984571831315, 0.0003538255856150043, 0.00022904361319456477, 0.00016391728547784527, 0.00012750369089050117, 0.00010139353334994018, 8.737938740692915e-05, 8.737938740692915e-05, 5.821288738367282e-05, 5.821288738367282e-05],