{
  "res": 1e-06,
  "tol": 7.83836717690617e-05,
  "vol": 256,
  "nmx": 256,
  "sdtype": "posit32",
  "ddtype": "float64",
  "cdtype": "posit32",
  "i": [
    1,
    2,
    3,
    4,
    5,
    6,
    7,
    8,
    9,
    10,
    11,
    12,
    13,
    14,
    15,
    16,
    17,
    18,
    19,
    20,
    21,
    22,
    23,
    24,
    25,
    26,
    27,
    28
  ],
  "ai": [
    0.03533867048099637,
    0.0381960766389966,
    0.0386061891913414,
    0.03823676612228155,
    0.040186143945902586,
    0.039292864967137575,
    0.03894241340458393,
    0.03985822107642889,
    0.04021890554577112,
    0.03995940135791898,
    0.04073477303609252,
    0.04013861250132322,
    0.04151639621704817,
    0.042034418787807226,
    0.04083892935886979,
    0.039336406625807285,
    0.039189469534903765,
    0.04096958227455616,
    0.04062154144048691,
    0.04012385290116072,
    0.039751197677105665,
    0.04081556620076299,
    0.04154281923547387,
    0.04071520594879985,
    0.04056995129212737,
    0.04184185201302171,
    0.04249053681269288
  ],
  "bi": [
    0.20634641777724028,
    0.3008467648178339,
    0.3472079038619995,
    0.34050654247403145,
    0.35287640802562237,
    0.37164141424000263,
    0.35499812103807926,
    0.35778677836060524,
    0.3541165627539158,
    0.3522957041859627,
    0.36963302828371525,
    0.3495673518627882,
    0.34061005525290966,
    0.371543325483799,
    0.3685557898133993,
    0.3711515199393034,
    0.3605052959173918,
    0.36976419389247894,
    0.3690063040703535,
    0.3718016501516104,
    0.37305984273552895,
    0.35985494777560234,
    0.34709679894149303,
    0.34935419633984566,
    0.3411376569420099,
    0.3388361223042011,
    0.33599320985376835
  ],
  "reset": [
    28
  ],
  "rn": [
    35.60607236014688,
    19.529752676980408,
    11.507779848424061,
    6.7151276870710515,
    3.989014247149704,
    2.43179879650761,
    1.4489075205696662,
    0.8666680988581146,
    0.5157341985958495,
    0.3061114714381646,
    0.18610797793458334,
    0.11003489230652874,
    0.06421835181943518,
    0.039143881364903,
    0.023763779011371455,
    0.014477418425412798,
    0.008692545059422605,
    0.0052857835816887,
    0.0032108962281318077,
    0.0019578613189437113,
    0.0011958347721227078,
    0.0007173562994368722,
    0.00042262990188036623,
    0.000249800442270193,
    0.0001459009210607091,
    8.492838878244223e-05,
    4.922867375536019e-05,
    4.9233598945525454e-05
  ],
  "Axmb": [
    35.60607232022944,
    19.52975268938881,
    11.507779879801504,
    6.71512768197725,
    3.989014213437798,
    2.431798802083386,
    1.4489075426882003,
    0.8666680818992539,
    0.5157342303052262,
    0.30611143718057165,
    0.18610802151241385,
    0.11003490229321208,
    0.06421830568076889,
    0.03914395339207778,
    0.02376372960321385,
    0.014477449822138708,
    0.008692549380965963,
    0.005285774549184795,
    0.003210902807575013,
    0.0019578693753274094,
    0.0011958108434152492,
    0.0007173752572410278,
    0.00042260818148290736,
    0.00024983603881442116,
    0.00014587325391993922,
    8.49628826349529e-05,
    4.923359697564535e-05,
    4.923359697564535e-05
  ],
  "diAdip1": [
    0.007720993424300104,
    0.0013294231612235308,
    0.00015641421487089247,
    5.1745621021836996e-05,
    2.369601406826405e-05,
    6.916747679497348e-06,
    2.5010128865687875e-06,
    6.559420171470265e-07,
    1.844865096245485e-07,
    3.0300199682642415e-08,
    1.3054098246811918e-08,
    8.212438729060523e-09,
    2.538256271833461e-10,
    3.3135583166199467e-10,
    3.3047586889267677e-10,
    3.0742541845540927e-10,
    7.49988959825032e-12,
    1.0269646244509545e-11,
    1.022928963756442e-11,
    1.1382873810195093e-12,
    4.5075054799781356e-12,
    2.126883738573504e-13,
    7.16766923591905e-13,
    6.604612690086498e-13,
    2.2379233882707794e-13,
    1.632704388354611e-13,
    4.7132003161420855e-14,
    "unknown"
  ],
  "status": 27
}