{
  "res": 1e-06,
  "tol": 8e-06,
  "vol": 256,
  "nmx": 256,
  "sdtype": "posit8",
  "ddtype": "float64",
  "cdtype": "posit8",
  "i": [
    1,
    2,
    3,
    4
  ],
  "ai": [
    1.0,
    1.0
  ],
  "bi": [
    1.0,
    1.0
  ],
  "reset": [
    2,
    4
  ],
  "rn": [
    8.0,
    8.0,
    8.0,
    NaN
  ],
  "Axmb": [
    2367.2115776170185,
    2367.2115776170185,
    86241.35185284572,
    86241.35185284572
  ],
  "diAdip1": [
    8.0,
    "unknown",
    8.0,
    "unknown"
  ],
  "status": -2
}