{"s1": 1, "s2": 1, "res": 1e-12, "tol": 7.838367172116263e-11, "vol": 256, "nmx": 256, "sdtype": "float32", "ddtype": "float64", "cdtype": "float64", "i": [1, 2, 3, 4, 5, 6, 7, 8, 9, 10, 11, 12, 13, 14, 15, 16, 17, 18, 19, 20, 21, 22, 23, 24, 25, 26, 27, 28, 29, 30, 31, 32, 33, 34, 35, 36, 37, 38, 39, 40, 41, 42, 43, 44, 45, 46, 47, 48, 49, 50, 51, 52, 53, 54, 55, 56, 57, 58, 59, 60, 61, 62, 63, 64, 65, 66, 67, 68, 69, 70, 71, 72, 73, 74, 75, 76, 77, 78, 79, 80, 81, 82, 83, 84, 85, 86, 87, 88, 89, 90, 91, 92, 93, 94, 95, 96, 97, 98, 99, 100, 101], "ai": [0.04901289867331954, 0.05566568157537154, 0.057005371220996366, 0.05618561456238678, 0.05635510745761531, 0.05716461972513043, 0.055772887501360564, 0.05650324826982574, 0.05469400019133557, 0.055553795564169575, 0.0557963354785809, 0.056162754953287285, 0.05659396598021351, 0.05579213378531807, 0.055409644318293726, 0.05520577652073838, 0.0565221006931857, 0.05597132681545346, 0.056037785176389, 0.05509972152154809, 0.05335436693992962, 0.05629030879701442, 0.05621395559347959, 0.05714035429729388, 0.05695690372640659, 0.05712845950524075, 0.05569390812209655, 0.05594731468719794, 0.056524427673290745, 0.056612930307313056, 0.05671183738456213, 0.05575424581739319, 0.05601587013520169, 0.05705089878575342, 0.05591938167008938, 0.056192303778937004, 0.056149276827567755, 0.05561868918401913, 0.054946456247098124, 0.05672044713928036, 0.056340301582654524, 0.055203076676272236, 0.05713960554477912, 0.05614460730532064, 0.05610139654861226, 0.056351872736863616, 0.05666795360983373, 0.05683624046789034, 0.05652028412265037, 0.05582723003337753, 0.05512695649869434, 0.05609057751178817, 0.05731179816230863, 0.05570693974553701, 0.05568945676370939, 0.056288320723780136, 0.05509612216604616, 0.05663430130418518, 0.05663261217051092, 0.05650612591802225, 0.05639642619674028, 0.05586233924035888, 0.055407220612172785, 0.05763376106574533, 0.05614327436390539, 0.055512393169549056, 0.056428861595361125, 0.05670988159160577, 0.03294742941215764, 0.047207891554936716, 0.05449777196610297, 0.056388602409866685, 0.05538962277379355, 0.05577731833954419, 0.05656944051581097, 0.057760243589145124, 0.055811152110169335, 0.05481431389287769, 0.055817871647499705, 0.055605480750501826, 0.056970577624286846, 0.05593187885675193, 0.05595766651327722, 0.05682237863738874, 0.0554622897853773, 0.056251224759385585, 0.05680360704330234, 0.056866659761753854, 0.056593338445517616, 0.05573526925231745, 0.05652157140679883, 0.05618114639583566, 0.05682786481317478, 0.057135658654524225, 0.055629014477608214, 0.05498422225717619, 0.05465098046860496, 0.05635400126526107, 0.0563835616569753], "bi": [0.36332806279206803, 0.44415060547398083, 0.4441051325111055, 0.4441212859150976, 0.44629967177494856, 0.4483372258801422, 0.44141787241979996, 0.44858497593395663, 0.4376639277015471, 0.4295082517134974, 0.4345460589201912, 0.44361608939095537, 0.4388294664577249, 0.434274133340599, 0.4259749112187197, 0.43217095509205156, 0.45181157454535614, 0.4526137682797257, 0.44053236964882064, 0.4113376792020265, 0.4007363554997717, 0.44727879938749354, 0.45990305230426387, 0.45028614613883083, 0.4469944315004686, 0.45685515094976153, 0.4590981137967882, 0.4391338922520325, 0.45021598667334184, 0.4546772954278706, 0.4488267359115178, 0.43216135600698413, 0.4467449575083053, 0.455581735645139, 0.44005714632409043, 0.443768562638871, 0.44908019145874917, 0.43899874931273536, 0.4405554722807001, 0.43949064045354425, 0.440091580581433, 0.4281440017229131, 0.4514410538920393, 0.4291159227651627, 0.44342661111705395, 0.4436214027537724, 0.4488328941263652, 0.44267600656336825, 0.4280644238135959, 0.4363231873141868, 0.43352260980514395, 0.4415643374476238, 0.45274273775461327, 0.4203491322452751, 0.4412430460066103, 0.4463117206105656, 0.4273636456125714, 0.43869083760837146, 0.44039170239454883, 0.44103478462647816, 0.43514621986055946, 0.4245071127399578, 0.43465669848943805, 0.45251202571092086, 0.4417105322335232, 0.42708616476340483, 0.4470908131694029, 0.43564844977073547, 0.14665109628404507, 0.33457238523058996, 0.42765804446159156, 0.45393121910502937, 0.43020204090511033, 0.445999279752644, 0.45106335287409355, 0.46503871225301774, 0.4457973667318114, 0.4130258314907073, 0.4333159338232133, 0.45042632784234526, 0.45418000780547174, 0.44548920893536886, 0.427694605069497, 0.4411850688826854, 0.4268604686237253, 0.44265979046937726, 0.4592378091648701, 0.4371742649841779, 0.44994559554749086, 0.4345263781606528, 0.45936609872424733, 0.44419920974345956, 0.45496342830028347, 0.46000337374425926, 0.42062628623279374, 0.42096006528669155, 0.4232237345994172, 0.4413865818497544, 0.46288403034386993], "reset": [69, 101], "rn": [47.24709107517871, 31.48764671778022, 20.983749847818835, 13.984079832089241, 9.34215736023282, 6.255320675218158, 4.155990393629185, 2.7835363497253405, 1.841481133773373, 1.2068492635832626, 0.7955563334173982, 0.5298764061014928, 0.351012411444498, 0.23131535039214987, 0.15097201954380732, 0.0992485687482651, 0.0667118414748996, 0.04488144275323832, 0.02978898610469886, 0.019105348698738134, 0.0120944003523721, 0.008088602576122485, 0.005485379048087113, 0.0036808738699374527, 0.0024609454802714445, 0.001663379157541518, 0.0011270521443120564, 0.000746865654232835, 0.0005011329330855734, 0.0003379127496906854, 0.00022638306626305394, 0.00014882191983574, 9.947105688222892e-05, 6.71397755041932e-05, 4.4538380767634375e-05, 2.9669668244241544e-05, 1.9882667040363476e-05, 1.3173654866050353e-05, 8.743928170534206e-06, 5.796707634391639e-06, 3.845500982908213e-06, 2.5162156470321375e-06, 1.6906292721702454e-06, 1.1074795080386132e-06, 7.374737652755837e-07, 4.911937371609422e-07, 3.290752044822965e-07, 2.1894657282718044e-07, 1.4324936953894137e-07, 9.462303326286018e-08, 6.230210810279304e-08, 4.1399942449064736e-08, 2.785643167000768e-08, 1.8060532931669844e-08, 1.1996912694116281e-08, 8.014725347926675e-09, 5.239470893223748e-09, 3.4702975531960873e-09, 2.3029593799427754e-09, 1.529405683560074e-09, 1.008881846025899e-09, 6.573290002253283e-10, 4.3336714356466676e-10, 2.9152180488104023e-10, 1.937492015864398e-10, 1.2661864830288308e-10, 8.466336893945382e-11, 5.5880930929404484e-11, 4.168634209006126e-05, 1.596380613622013e-05, 9.233821849738323e-06, 6.038510338928904e-06, 4.068411192336679e-06, 2.6684623129801633e-06, 1.7820839231040212e-06, 1.1968698424115178e-06, 8.161903916066688e-07, 5.449544800621165e-07, 3.502263631742083e-07, 2.3054258790021196e-07, 1.5472591073184882e-07, 1.042742450911172e-07, 6.959782195458416e-08, 4.551583713384445e-08, 3.023242177275681e-08, 1.9752219640411986e-08, 1.3141681675130734e-08, 8.905734864892304e-09, 5.88839663377084e-09, 3.9498177597450525e-09, 2.6036651556832644e-09, 1.7646744655033704e-09, 1.1761250293228025e-09, 7.933078216900676e-10, 5.38049515567329e-10, 3.489558228008065e-10, 2.26407546564937e-10, 1.472908967004517e-10, 9.785555160746018e-11, 6.657659323101236e-11, 6.77484645603879e-11],