{
  "res": 1e-12,
  "tol": 7.838367021171804e-11,
  "vol": 256,
  "nmx": 256,
  "sdtype": "posit32",
  "ddtype": "float64",
  "cdtype": "posit32",
  "i": [
    1,
    2,
    3,
    4,
    5,
    6,
    7,
    8,
    9,
    10,
    11,
    12,
    13,
    14,
    15,
    16,
    17,
    18,
    19,
    20,
    21,
    22,
    23,
    24,
    25,
    26,
    27,
    28,
    29,
    30,
    31,
    32,
    33,
    34,
    35,
    36,
    37,
    38,
    39,
    40,
    41,
    42,
    43,
    44,
    45,
    46,
    47,
    48,
    49,
    50,
    51,
    52,
    53,
    54,
    55,
    56
  ],
  "ai": [
    0.03533868817612529,
    0.03819608315825462,
    0.03860620502382517,
    0.0382367679849267,
    0.04018614673987031,
    0.03929286450147629,
    0.038942419458180666,
    0.03985822247341275,
    0.04021890414878726,
    0.03995940228924155,
    0.04073477350175381,
    0.040138612035661936,
    0.04151639202609658,
    0.042034425772726536,
    0.04083891864866018,
    0.03933641081675887,
    0.03918947512283921,
    0.04096958925947547,
    0.04062152607366443,
    0.04012386268004775,
    0.03975120512768626,
    0.04081564722582698,
    0.04154291469603777,
    0.040715296752750874,
    0.04056994989514351,
    0.04184204479679465,
    0.04249045578762889,
    0.04089942667633295,
    0.0411676368676126,
    0.0412251022644341,
    0.04001788794994354,
    0.0404795641079545,
    0.04038486164063215,
    0.03345351852476597,
    0.03661831887438893,
    0.04191970359534025,
    0.04290011618286371,
    0.041966103948652744,
    0.040580907836556435,
    0.040491434279829264,
    0.04111675126478076,
    0.040404586121439934,
    0.04004068952053785,
    0.03908241167664528,
    0.04099418222904205,
    0.041033515240997076,
    0.0412370664998889,
    0.04071309510618448,
    0.039501022547483444,
    0.03955043060705066,
    0.04002323839813471,
    0.03961392166092992,
    0.04013229673728347,
    0.039722167421132326
  ],
  "ai_test": [
    0.03533868072554469,
    0.03819606639444828,
    0.038606202229857445,
    0.03823676239699125,
    0.0401861472055316,
    0.039292857982218266,
    0.038942419458180666,
    0.0398582243360579,
    0.04021890042349696,
    0.03995940089225769,
    0.040734775830060244,
    0.0401386134326458,
    0.04151638597249985,
    0.04203442297875881,
    0.04083891911432147,
    0.039336403366178274,
    0.03918948257341981,
    0.04096959298476577,
    0.04062150977551937,
    0.04012383799999952,
    0.039751170668751,
    0.040815743152052164,
    0.0415429244749248,
    0.0407152259722352,
    0.040569964330643415,
    0.04184194980189204,
    0.04249057965353131,
    0.04089924227446318,
    0.041167899034917355,
    0.04122445313259959,
    0.04001843463629484,
    0.04047917062416673,
    0.040385502856224775,
    0.033453223295509815,
    0.03661854797974229,
    0.04191816225647926,
    0.04289713874459267,
    0.04196703666821122,
    0.040581814013421535,
    0.04049115115776658,
    0.041094896383583546,
    0.040400282479822636,
    0.04004443855956197,
    0.039087827783077955,
    0.04097807267680764,
    0.040958034340292215,
    0.04125610971823335,
    0.04066343558952212,
    0.039481145329773426,
    0.03951881593093276,
    0.039892876986414194,
    0.03946254774928093,
    0.040161892771720886
  ],
  "bi": [
    0.2063466440886259,
    0.3008468672633171,
    0.3472081683576107,
    0.3405065517872572,
    0.35287648998200893,
    0.37164141051471233,
    0.3549982365220785,
    0.35778678953647614,
    0.35411651618778706,
    0.35229574143886566,
    0.36963303573429585,
    0.349567299708724,
    0.34061005152761936,
    0.3715433608740568,
    0.36855562031269073,
    0.3711516931653023,
    0.36050532571971416,
    0.3697643168270588,
    0.36900615878403187,
    0.37180182337760925,
    0.37306027859449387,
    0.3598568718880415,
    0.3470982313156128,
    0.3493547700345516,
    0.3411394339054823,
    0.33883737213909626,
    0.3359946236014366,
    0.34522533789277077,
    0.34218479692935944,
    0.3549330551177263,
    0.33872155472636223,
    0.3417687825858593,
    0.35991996712982655,
    0.3734266273677349,
    0.313600754365325,
    0.37188797257840633,
    0.3805985637009144,
    0.38784761540591717,
    0.3604822512716055,
    0.3536789305508137,
    0.3745649456977844,
    0.3644561804831028,
    0.35776134207844734,
    0.35646455734968185,
    0.3654152173548937,
    0.36447580717504025,
    0.3566213082522154,
    0.3715681713074446,
    0.367981631308794,
    0.3614577427506447,
    0.3514123186469078,
    0.32849567383527756,
    0.34133389964699745,
    0.3459863103926182
  ],
  "reset": [
    34,
    56
  ],
  "rn": [
    35.60609121610308,
    19.52976634989883,
    11.507792279238005,
    6.715135036539471,
    3.9890190734770674,
    2.4318017255125803,
    1.448909500317531,
    0.8666692959630189,
    0.5157348775833173,
    0.30611189053254295,
    0.18610823439994068,
    0.11003503566347217,
    0.06421843520839138,
    0.0391439341540107,
    0.023763805648883835,
    0.014477438025741153,
    0.008692557196410223,
    0.005285791840769101,
    0.0032109006185440906,
    0.0019578644545510506,
    0.0011958373865178507,
    0.0007173597859948821,
    0.00042263282722965147,
    0.0002498023764829003,
    0.00014590243076405355,
    8.492942411501893e-05,
    4.9229377384123245e-05,
    2.8925153680606915e-05,
    1.6920220964689082e-05,
    1.0080434550666047e-05,
    5.866791732431923e-06,
    3.429784770006287e-06,
    2.0576421009396325e-06,
    2.8385636510772615e-06,
    1.7346077341272188e-06,
    9.71381499759941e-07,
    5.92373871481932e-07,
    3.654512630871296e-07,
    2.2759359172144426e-07,
    1.3664758869227935e-07,
    8.126556634297028e-08,
    4.973591726945732e-08,
    3.0025675870428116e-08,
    1.7959303822455968e-08,
    1.0722540003586357e-08,
    6.481730801553956e-09,
    3.913139611675418e-09,
    2.3368400482164956e-09,
    1.4244533776672638e-09,
    8.640946377594677e-10,
    5.195054117320641e-10,
    3.079630177681728e-10,
    1.7650759357941866e-10,
    1.031224221737529e-10,
    6.065722846154337e-11,
    6.075261223364481e-11
  ],
  "Axmb": [
    35.606090149670194,
    19.529765809858716,
    11.507792321442212,
    6.715135329334361,
    3.9890190373766368,
    2.4318016933209496,
    1.4489094816176455,
    0.8666693274084487,
    0.5157348961064124,
    0.3061118875163101,
    0.18610822356019985,
    0.11003500169997148,
    0.06421843850077266,
    0.03914394916998748,
    0.023763792367635237,
    0.014477442494221855,
    0.00869257562769111,
    0.005285818242159039,
    0.0032108981481114487,
    0.001957842900047286,
    0.0011958580454769039,
    0.0007173752478699374,
    0.0004226068639494266,
    0.00024984994674349,
    0.00014594382534573283,
    8.497659269485293e-05,
    4.925303937253678e-05,
    2.9044770936748862e-05,
    1.70152373680634e-05,
    1.0265402520175864e-05,
    6.101668952857127e-06,
    3.91658752124151e-06,
    2.8385974572901158e-06,
    2.8385974572901158e-06,
    1.7346195609633576e-06,
    9.713811665064575e-07,
    5.923863769296754e-07,
    3.6545918543372084e-07,
    2.276086122858972e-07,
    1.3665012387674212e-07,
    8.12705701295532e-08,
    4.9738295002750564e-08,
    3.0029746820999605e-08,
    1.7967399816318503e-08,
    1.0726912243537312e-08,
    6.4848878152073785e-09,
    3.915563764777235e-09,
    2.338572075871232e-09,
    1.4269933506891803e-09,
    8.667092435552193e-10,
    5.210778453531838e-10,
    3.098783215017245e-10,
    1.7771857135432474e-10,
    1.04150135369745e-10,
    6.204638698461766e-11,
    6.204638698461766e-11
  ],