{"res": 1e-06, "tol": 7.835608758755905e-05, "vol": 256, "nmx": 256, "sdtype": "tfloat32", "ddtype": "float64", "cdtype": "float64", "i": [1, 2, 3, 4, 5, 6, 7, 8, 9, 10, 11, 12, 13, 14, 15, 16, 17, 18, 19, 20, 21, 22, 23, 24, 25, 26, 27, 28, 29, 30, 31, 32, 33, 34, 35, 36, 37, 38, 39, 40, 41, 42, 43, 44, 45, 46, 47, 48, 49, 50, 51, 52, 53, 54, 55, 56, 57, 58, 59, 60, 61, 62, 63, 64, 65, 66, 67, 68, 69, 70, 71, 72, 73, 74, 75, 76, 77, 78, 79, 80, 81, 82, 83, 84, 85, 86, 87, 88], "ai": [0.05001609807925296, 0.05682641522033953, 0.0581593140110243, 0.057401886457589216, 0.05746548955118387, 0.05840498480400455, 0.05698978824398845, 0.05769396175932336, 0.055923094835977454, 0.056672832264201466, 0.056995243505372904, 0.05735190911196499, 0.05772515832424818, 0.0569878195999852, 0.05653779328834822, 0.05650273775297421, 0.05768437265694284, 0.0571766951625665, 0.057233978695489844, 0.05628207077544336, 0.054484264183140174, 0.05740379298445523, 0.05738644100008164, 0.05828056593456364, 0.05813340937544836, 0.05840979271559438, 0.056926136441791765, 0.05706837028601245, 0.0577740417292385, 0.057693747615235255, 0.05811971870294247, 0.0568201528064082, 0.05722532729216881, 0.058301117521322665, 0.029368575460819224, 0.04808038460468089, 0.05711809813498478, 0.05796138753987444, 0.057851791429958624, 0.0576800490653513, 0.05748987642330743, 0.05753013811489174, 0.056109623049875365, 0.058011953800633315, 0.05632980247346249, 0.05762163020068858, 0.057339565011526636, 0.05692616811540547, 0.057732263829419164, 0.05722441407549847, 0.058226100702079016, 0.057669998988714395, 0.05737342143135585, 0.05808849334681365, 0.05687848873105875, 0.05662728029202791, 0.05744265439314802, 0.05822226772285777, 0.032387611754190575, 0.06385342934229361, 0.06036370553991317, 0.057840772458279364, 0.05651410785285851, 0.05818163460435403, 0.05754027867532673, 0.05670340960775965, 0.05654924887230643, 0.057036774852272036, 0.05677470273072819, 0.057224167618359634, 0.05700488140313564, 0.05638874956115664, 0.05739012083336301, 0.05702611167242305, 0.02969321710054534, 0.06359444562819291, 0.062291323600245994, 0.05726985557294008, 0.05690523359765976, 0.05753469531409501, 0.05762644967263503, 0.05707713498080146, 0.034902960077214676], "bi": [0.36282367469024907, 0.4435823246397706, 0.4436361858312799, 0.44428283467552304, 0.445313696751676, 0.44813390221065624, 0.4409884575384781, 0.44807378565279304, 0.43835231290948856, 0.42878201120076154, 0.4338844691468801, 0.4432183182626732, 0.4383618690409605, 0.4340329826778328, 0.423974984685705, 0.43381053148214505, 0.4501256394751272, 0.4531356829927254, 0.4392527209914432, 0.41170127991853095, 0.4001014390788, 0.4463933718713892, 0.45989764317791687, 0.4493186978084069, 0.4462086859535885, 0.4559335378088614, 0.45911511462704985, 0.4392665686127714, 0.44871088179589075, 0.4530383332071561, 0.45009778239623754, 0.4294657647603652, 0.44800539621924323, 0.45589983723172167, 0.09619373205218404, 0.356338925099161, 0.4643185287011603, 0.47617194279807384, 0.44144581004069167, 0.4406927519075503, 0.44884012460745654, 0.4341447234390038, 0.4529049564833459, 0.44174087893697284, 0.44577889453753683, 0.4483338625463434, 0.43693105767466295, 0.45035701756418867, 0.44030952788271016, 0.4433943026091832, 0.459778144198001, 0.44889484135076946, 0.44561333838136213, 0.43944872363968507, 0.42288267989842065, 0.4422497645776323, 0.4510111049906611, 0.46139878834993003, 0.18092540620102895, 0.6072275108944251, 0.4916442509201751, 0.4561018413710434, 0.4287018006369247, 0.4539105402318589, 0.44999799279585995, 0.42596425875591676, 0.44850662478500536, 0.43089214907124773, 0.44829138861074946, 0.4420154819249828, 0.43660794937391223, 0.4401169605591281, 0.4356700825174346, 0.44023430464600566, 0.13214502507254475, 0.6491931934763749, 0.5126444425511449, 0.45350124009000037, 0.4258116322141862, 0.44929439686981937, 0.45051473636832745, 0.4029559109088857, 0.23677595447893324], "reset": [35, 60, 77, 86, 88], "rn": [47.19766917298641, 31.434580434377715, 20.93732283209946, 13.955677233733093, 9.312878631678299, 6.234302099404176, 4.14001061359072, 2.7712532965406407, 1.8347963771462512, 1.2014512467912548, 0.7913948228588378, 0.5268682835098552, 0.3488337049555686, 0.22981575970128737, 0.1496407664164009, 0.09855983536671775, 0.06612517662292228, 0.0445123964605481, 0.029501099796068683, 0.018929071657283508, 0.011973313999640231, 0.007999691528855766, 0.005425051093281282, 0.003636478954582062, 0.0024291262577646384, 0.00164021529840162, 0.0011113776365050594, 0.0007365898486336118, 0.0004934112305067513, 0.0003321058346370842, 0.0002228075700453536, 0.00014601390533765693, 9.773178692214992e-05, 6.598884971644336e-05, 2.755544937011421, 0.8546354142362149, 0.5101671819674286, 0.3476326228817302, 0.2398846320484442, 0.1593826802336013, 0.10580570362094627, 0.07088509353849556, 0.04670594679762512, 0.03143226787822428, 0.020891013635344114, 0.013948235263880233, 0.00933942276881219, 0.006173429503388476, 0.004142904863033381, 0.0027490586282182834, 0.0018305392955475998, 0.0012412327263275648, 0.0008316211482046592, 0.0005551426777633911, 0.00036800923705482264, 0.00023931431013387346, 0.0001591484722050732, 0.0001068799129788931, 7.259961479449591e-05, 0.06683756840931931, 0.02842957843113518, 0.022153693326136117, 0.01553358227379999, 0.010490653307178166, 0.006868789205311147, 0.004627701334480936, 0.0031043495056130646, 0.0020260828056904373, 0.0013568805653030379, 0.0008906886388043972, 0.0005963567110501055, 0.00039648325622193824, 0.00026198152799643417, 0.00017380198144311616, 0.0001147185350179967, 7.611592560742855e-05, 0.0026574247502641683, 0.0009660205926954823, 0.0007783471925400995, 0.0005572903079044024, 0.0003752932295168848, 0.0002448947586154389, 0.00016415155134760634, 0.00011017916891388928, 6.99404234725898e-05, 0.00012589957333393356, 6.12622659485214e-05, 6.217277532983736e-05], "Axmb": [48.143665052297195, 32.13278034083039, 21.549577349751907, 14.541388037700605, 9.901828662163416, 6.982099306260163, 5.131223510158369, 4.1046867269949825, 3.463025086868943, 3.1945139582022675, 3.0154507575528675, 2.971579603821413, 2.900990324092001, 2.909313162522701, 2.873999915727256, 2.86601823629589, 2.8508182679288674, 2.842706792542822, 2.832632993013655, 2.825447112282435, 2.815312007995806, 2.80530217927287, 2.7967621816401014, 2.7883850440722506, 2.780194149280975, 2.777576854004073, 2.771118167922163, 2.7685992553350793, 2.7661426795915007, 2.764998915694645, 2.76286101759408, 2.7602923367691985, 2.756327726208797, 2.756498928047441, 2.756498928047441, 0.8640329895107377, 0.518386801172466, 0.3606809974041143, 0.25501629417967125, 0.18170737585730043, 0.13509357287574209, 0.108477995659099, 0.09420478466622881, 0.08607723173347175, 0.08222212354743205, 0.07954143005918167, 0.07804126903960407, 0.0768723200064341, 0.07575616131709491, 0.07488066575166127, 0.07388475619659485, 0.0729549930273945, 0.07203938437984538, 0.07113822607894908, 0.0702497646934259, 0.06936512552940807, 0.06851189369958029, 0.06765390609022831, 0.06686130915672292, 0.06686130915672292, 0.028745628805074076, 0.022688687756037527, 0.01605931166528117, 0.010995839659473166, 0.00756760864748169, 0.005485891887177634, 0.004269116717052081, 0.0034798442885990008, 0.0031448944634004505, 0.0029324543740353124, 0.0028404706985014354, 0.002777142595232951, 0.002740170517352359, 0.0027092866514326188, 0.002683903640420813, 0.0026583660215519504, 0.0026583660215519504, 0.000974649854081595, 0.0007944309500719275, 0.0005759244171232416, 0.00039361191380775715, 0.00027003459889416494, 0.0001968535734756119, 0.00015320567746445339, 0.00012594449803862064, 0.00012594449803862064, 6.219460541495228e-05, 6.219460541495228e-05],