{"s1": 1, "s2": 1, "res": 1e-12, "tol": 7.838367176906167e-11, "vol": 256, "nmx": 256, "sdtype": "float64", "ddtype": "float64", "cdtype": "float64", "i": [1, 2, 3, 4, 5, 6, 7, 8, 9, 10, 11, 12, 13, 14, 15, 16, 17, 18, 19, 20, 21, 22, 23, 24, 25, 26, 27, 28, 29, 30, 31, 32, 33, 34, 35, 36, 37, 38, 39, 40, 41, 42, 43, 44, 45, 46, 47, 48, 49, 50, 51, 52, 53, 54, 55, 56, 57, 58, 59, 60, 61, 62, 63, 64, 65, 66, 67, 68, 69], "ai": [0.04901289897019974, 0.05566568105836353, 0.05700537199444897, 0.0561856143664624, 0.0563551082224494, 0.05716461908838774, 0.05577288719140754, 0.05650324712416023, 0.05469400118164779, 0.05555379675411294, 0.05579633747720844, 0.056162754609132864, 0.05659396703691016, 0.05579213318503635, 0.055409643050202906, 0.05520577826237592, 0.056522100970059615, 0.055971325617980724, 0.05603778486149267, 0.0550997199131997, 0.053354367569147416, 0.05629031055063896, 0.0562139582245766, 0.05714035580464937, 0.05695690440326107, 0.05712845927636603, 0.055693904576600596, 0.055947317773688006, 0.056524429621719385, 0.056612931059672675, 0.05671183473075163, 0.05575425067557806, 0.056015869184861164, 0.0570508962769198, 0.055919378499678186, 0.0561923065566404, 0.056149276760348754, 0.05561869045616457, 0.05494645611362226, 0.05672044771825321, 0.05634030017803915, 0.055203077525794626, 0.05713960718595895, 0.05614460721801798, 0.05610139573594311, 0.05635187028968177, 0.05666795092392529, 0.056836242400543024, 0.05652027894345586, 0.055827224809039434, 0.055126960486731956, 0.05609057660832088, 0.05731179910598949, 0.0557069371979868, 0.05568945346410515, 0.05628832332343108, 0.05509612420675184, 0.05663430174094101, 0.056632608725885, 0.05650612068060078, 0.05639643065149456, 0.05586234010745614, 0.055407224052583255, 0.05763376386896954, 0.05614327400013017, 0.05551239446974304, 0.056428861343695236, 0.05670988672178186], "bi": [0.3633280480704055, 0.44415056928672497, 0.44410513184350536, 0.44412128685440816, 0.44629969078693826, 0.4483372230711714, 0.441417893592421, 0.44858497439900513, 0.4376639124109246, 0.42950830207909796, 0.43454607407152596, 0.44361606131554443, 0.43882945903717135, 0.4342741351907091, 0.42597492542557513, 0.4321709927371408, 0.45181158117816966, 0.4526137148028073, 0.44053241186500564, 0.41133762518429795, 0.40073634851486667, 0.44727877648329145, 0.45990307072484626, 0.4502861707784042, 0.4469944702524128, 0.4568551687718453, 0.45909804428025747, 0.43913389983859646, 0.45021595361743555, 0.45467729985749855, 0.4488267044323555, 0.4321614032431435, 0.44674494239000717, 0.45558178236261315, 0.4400571152895803, 0.44376853783503417, 0.44908015798548784, 0.43899871157305503, 0.44055544676183783, 0.4394906622504825, 0.44009149598971314, 0.4281440047166827, 0.4514411088398208, 0.42911594084145965, 0.44342661348253404, 0.44362135833109456, 0.4488329107008489, 0.44267603646044124, 0.42806442665991945, 0.4363231740142581, 0.4335226173721125, 0.4415643469006564, 0.45274278921739664, 0.42034914873027074, 0.4412430237637394, 0.44631171161980643, 0.42736361890165436, 0.4386908373358522, 0.4403916916720545, 0.4410347116733293, 0.43514623993157425, 0.4245071271332094, 0.43465667419428944, 0.45251204610690476, 0.4417105318156732, 0.4270860601304391, 0.44709084560825585, 0.43564843213268906], "reset": [69], "rn": [47.24709014684999, 31.487644816367997, 20.983748564922767, 13.984078991924257, 9.342156997939023, 6.255320413037764, 4.155990319109498, 2.783536295052371, 1.8414810654360043, 1.206849289556707, 0.7955563644084681, 0.5298764099756316, 0.35101241104310155, 0.2313153506203606, 0.1509720222103164, 0.09924857482383997, 0.0667118460483957, 0.044881443178728574, 0.029788987814446027, 0.019105348540817566, 0.012094400146998712, 0.008088602231670891, 0.0054853789243467415, 0.0036808738876118615, 0.0024609455987633145, 0.0016633792700759408, 0.0011270521352327594, 0.0007468656546677405, 0.000501132914980213, 0.00033791273912831676, 0.0002263830512479801, 0.00014882191809825965, 9.947105403781449e-05, 6.713977702671718e-05, 4.45383802071197e-05, 2.9669667041676574e-05, 1.9882665493482303e-05, 1.3173653274879707e-05, 8.743926861162106e-06, 5.796706910101788e-06, 3.845500132839335e-06, 2.51621509960624e-06, 1.6906290072469023e-06, 1.1074793578214476e-06, 7.374736672125882e-07, 4.911936472529735e-07, 3.2907515032449717e-07, 2.1894654418739526e-07, 1.4324935127714745e-07, 9.46230197579339e-08, 6.230209975455033e-08, 4.1399937344777796e-08, 2.7856429818734155e-08, 1.806053208555237e-08, 1.199691182969363e-08, 8.014724689708984e-09, 5.239470299189048e-09, 3.4702971586667938e-09, 2.302959090089388e-09, 1.5294053645749008e-09, 1.0088816588725827e-09, 6.573288894306924e-10, 4.3336705840789374e-10, 2.9152175416676913e-10, 1.9374916778943088e-10, 1.2661861070560283e-10, 8.466334687148023e-11, 5.588091523250995e-11, 5.5875084901962e-11], "Axmb": [47.24709014684999, 31.487644816367993, 20.98374856492277, 13.984078991924257, 9.342156997939028, 6.255320413037765, 4.155990319109495, 2.7835362950523703, 1.841481065436007, 1.206849289556707, 0.795556364408468, 0.5298764099756323, 0.3510124110431006, 0.23131535062036201, 0.15097202221031547, 0.09924857482383984, 0.06671184604839622, 0.04488144317872707, 0.029788987814446083, 0.019105348540819175, 0.012094400146999001, 0.008088602231670714, 0.005485378924347237, 0.003680873887611653, 0.002460945598762883, 0.001663379270077428, 0.0011270521352345114, 0.0007468656546664, 0.0005011329149818653, 0.0003379127391281467, 0.00022638305124801742, 0.00014882191809720152, 9.947105403860022e-05, 6.713977702740314e-05, 4.453838020740453e-05, 2.966966704385234e-05, 1.9882665491378486e-05, 1.3173653274829488e-05, 8.743926861203707e-06, 5.796706911594418e-06, 3.845500131606661e-06, 2.5162150984485883e-06, 1.69062900740191e-06, 1.1074793586478621e-06, 7.374736674397514e-07, 4.911936486423402e-07, 3.290751494456536e-07, 2.1894654630672604e-07, 1.4324934875166514e-07, 9.462302131850057e-08, 6.230209818606137e-08, 4.1399936106118835e-08, 2.7856430142956473e-08, 1.8060533797807597e-08, 1.199691044780666e-08, 8.014725362728803e-09, 5.239469645507951e-09, 3.4702992420533235e-09, 2.3029573297966293e-09, 1.5294050614472688e-09, 1.0088821233974256e-09, 6.573287358381825e-10, 4.333642760341288e-10, 2.915238925230175e-10, 1.937492657080839e-10, 1.2662011771353862e-10, 8.466708933714001e-11, 5.5875084901962e-11, 5.5875084901962e-11], "diAdip1": [1.884841049502763e-10, 9.057789665636015e-12, 2.537351690961966e-11, 1.5916563300267927e-11, 3.1136449670449176e-13, 6.603606550470431e-13, 8.351480153337307e-13, 5.553049238782276e-13, 2.7223402061798096e-13, 1.3200559805400553e-13, 1.7764110486817194e-14, 1.2505858198657402e-14, 7.376987405240754e-15, 1.5467635390124856e-15, 5.526886232962138e-16, 1.8034522804687845e-16, 7.683039406291779e-17, 2.382015629132164e-16, 1.135068455105996e-16, 3.68088234318506e-17, 3.4775829617112247e-17, 8.599401535092834e-18, 4.045899776970483e-18, 1.9092126183511036e-18, 9.624430732704345e-19, 3.915679649789038e-19, 2.0286508162248158e-19, 6.207991209765084e-20, 2.0042382433106405e-20, 1.0525046244143681e-20, 1.8327598186853834e-21, 1.0522130815349501e-21, 1.0181482028919326e-21, 3.966384945885149e-22, 2.20413610985302e-22, 1.6981783287042795e-22, 7.288368017103912e-23, 3.7477098703655206e-23, 2.630847095389458e-23, 8.380574337151176e-24, 3.837142225652686e-24, 1.7454559434204445e-24, 7.406442494468709e-25, 3.8380387816078947e-25, 2.1058202591690244e-25, 7.160419879483909e-26, 2.2820405839533778e-26, 9.481445368497107e-27, 5.876232507900476e-27, 2.170109129951513e-27, 7.238411399426496e-28, 4.013553836133936e-28, 1.789271860846554e-28, 7.411866558822484e-29, 3.265188576162555e-29, 1.5974032276043095e-29, 7.562905571334874e-30, 2.257004083000279e-30, 8.716844033048846e-31, 3.902185494800671e-31, 1.8418200814453153e-31, 1.1281343292298193e-31, 3.414931716278933e-32, 1.917505913548362e-32, 8.50117755022869e-33, 4.7359421264362743e-33, 2.0794683542986154e-33, 1.0977242246152047e-33, "unknown"],