{
  "res": 1e-12,
  "tol": 7.838403583086011e-11,
  "vol": 256,
  "nmx": 256,
  "sdtype": "bfloat16",
  "ddtype": "float64",
  "cdtype": "float64",
  "i": [
    1,
    2,
    3,
    4,
    5,
    6,
    7,
    8,
    9,
    10,
    11,
    12,
    13,
    14,
    15,
    16,
    17,
    18,
    19,
    20,
    21,
    22,
    23,
    24,
    25,
    26,
    27,
    28,
    29,
    30,
    31,
    32,
    33,
    34,
    35,
    36,
    37,
    38,
    39,
    40,
    41,
    42,
    43,
    44,
    45,
    46,
    47,
    48,
    49,
    50,
    51,
    52,
    53,
    54,
    55,
    56,
    57,
    58,
    59,
    60,
    61,
    62,
    63,
    64,
    65,
    66
  ],
  "ai": [
    0.03533574536261832,
    0.03822714650080061,
    0.038581033534585245,
    0.038232222417626485,
    0.04018255172816341,
    0.039317968677137785,
    0.03376098378428174,
    0.03898930705652989,
    0.03998347552188299,
    0.04005053370603506,
    0.0409263692274071,
    0.040982778942242865,
    0.038274407917016535,
    0.040971064947127524,
    0.040686953120167374,
    0.04105218430469724,
    0.039457726472454276,
    0.040358155617724906,
    0.03680702159083008,
    0.03970703636091901,
    0.03903145010825059,
    0.04082585379772268,
    0.0408819513700174,
    0.04013661187776694,
    0.03752046554175059,
    0.0397242811231668,
    0.040756017178236695,
    0.04012063295846619,
    0.039051891335690835,
    0.03909180370157708,
    0.0373569700983519,
    0.040315843364502564,
    0.03950166181847774,
    0.04115560165993014,
    0.040560305086565586,
    0.039736276458047934,
    0.03763009763400147,
    0.039136663988896876,
    0.0390667190260561,
    0.03952150556050956,
    0.0404235265162329,
    0.041310598060803436,
    0.03761480409361834,
    0.040925595593535716,
    0.04016919317346474,
    0.039369639934818554,
    0.03916838882437699,
    0.03885214668768955,
    0.0378511066513135,
    0.03979146033473816,
    0.04055240685573673,
    0.03936797183073368,
    0.039861655176914604,
    0.03986806151652595,
    0.03737412831874433,
    0.03971934775351005
  ],
  "ai_test": [
    0.03524575455004385,
    0.038223544105580175,
    0.03848898780836888,
    0.038139557297428635,
    0.04017905822742436,
    0.03937943592915631,
    0.033698550302473707,
    0.038941347183367225,
    0.03999074607202706,
    0.03997582169061212,
    0.04090947739263773,
    0.04093466536605244,
    0.038233166831314495,
    0.040894262147714903,
    0.04075067004476036,
    0.04097195856052725,
    0.039530589430738707,
    0.0402909842765881,
    0.03673049796393436,
    0.03968371418116377,
    0.039095190505260224,
    0.04091441917494307,
    0.04098602139222996,
    0.0400727131613323,
    0.037439526121655395,
    0.03970425747155672,
    0.04084687814671932,
    0.04010596968608437,
    0.039105438774062244,
    0.039103520185969846,
    0.03740720256471932,
    0.04026800071390772,
    0.03940037230906641,
    0.04117763655276885,
    0.040486841709207924,
    0.03977513556262904,
    0.03770588311209015,
    0.039145074601798384,
    0.03904565902989486,
    0.03943063316193295,
    0.040466866954631454,
    0.04132904520336058,
    0.03755181426829418,
    0.040844952343859195,
    0.040232396606094414,
    0.039483471998812525,
    0.03919694941310731,
    0.03885183098602774,
    0.03784757177421734,
    0.03980494092200586,
    0.04061868977652582,
    0.039421854022555325,
    0.03993113761266702,
    0.03989953932376158,
    0.037287945501205406
  ],
  "bi": [
    0.20693572481182246,
    0.3021149847461864,
    0.34735686250991116,
    0.3423281346878441,
    0.3548406609465722,
    0.37154721890309056,
    0.4028992758201316,
    0.33456515659343083,
    0.35958880086946593,
    0.37154026807077767,
    0.3665526214742228,
    0.3486040323364597,
    0.36747096777997396,
    0.360795259029289,
    0.35963854058499123,
    0.37386244943071956,
    0.36873733278408327,
    0.36569147946301706,
    0.38239077638708097,
    0.3795456426582061,
    0.36628835290725476,
    0.36997576503216495,
    0.3707016330436035,
    0.36418149817778456,
    0.3546541930959849,
    0.36755204951915926,
    0.35470178067720975,
    0.37656302756091875,
    0.37352963756406127,
    0.37509200603261433,
    0.3631136289617112,
    0.36122441093414603,
    0.3688393086917076,
    0.3755007829803514,
    0.3676946566785243,
    0.3745640983283134,
    0.3603102372574053,
    0.36051747059040407,
    0.3639525163014688,
    0.3628122896020795,
    0.3659989807537969,
    0.39036620198825084,
    0.3547568755417245,
    0.368194404203954,
    0.3657685491643762,
    0.36645724882369357,
    0.3713122774457752,
    0.37582422598710136,
    0.35864959456757006,
    0.3467021805565868,
    0.36137811430747085,
    0.37341916500027494,
    0.3530631183660133,
    0.3874717111516792,
    0.37863041972168904,
    0.3592057279581947
  ],
  "reset": [
    7,
    14,
    21,
    28,
    35,
    42,
    49,
    56,
    63,
    66
  ],
  "rn": [
    35.65704563917345,
    19.598890667369577,
    11.550995958125585,
    6.758350771077183,
    4.025848415745385,
    2.45394274670293,
    2.734507198717202,
    1.7357105947581206,
    1.0039629107187553,
    0.6020336242407347,
    0.36696419581795553,
    0.22217329587940438,
    0.13117711068612972,
    0.14032994770893412,
    0.08506714942027829,
    0.05109663390137014,
    0.03064258534266707,
    0.01873619198387311,
    0.011377317629693495,
    0.006880140443750992,
    0.007324547854577734,
    0.004529335850823615,
    0.0027904004277183644,
    0.0016887994719354494,
    0.001027222971747235,
    0.0006254274990384953,
    0.00037742956075568406,
    0.0003982471307533757,
    0.00023716751600018587,
    0.00014378534684056905,
    8.563401639702217e-05,
    5.254908425941346e-05,
    3.2116461171160696e-05,
    1.9669648077765292e-05,
    2.1163025172391075e-05,
    1.2752608388891067e-05,
    7.664566015798211e-06,
    4.6548551258691454e-06,
    2.852407648732474e-06,
    1.729638133797318e-06,
    1.0585669385120128e-06,
    1.1278449142074071e-06,
    6.769984686595997e-07,
    4.0649091535920996e-07,
    2.452297792512995e-07,
    1.4771146380725467e-07,
    8.93622592321096e-08,
    5.5832907534637556e-08,
    5.921864962196772e-08,
    3.5271498461926683e-08,
    2.1402401273934344e-08,
    1.2943915890218807e-08,
    7.835691709923438e-09,
    4.774709958452935e-09,
    2.92711227662208e-09,
    3.1305185611963867e-09,
    1.874784935745257e-09,
    1.103900021461338e-09,
    6.636065522708905e-10,
    4.055169083930006e-10,
    2.4095455665049943e-10,
    1.499875267933806e-10,
    1.5943135459254042e-10,
    9.810281909365844e-11,
    5.879672199533734e-11,
    5.882424015729142e-11
  ],