{"i": [1, 2, 3, 4, 5, 6, 7, 8, 9, 10, 11, 12, 13, 14, 15, 16, 17, 18, 19, 20, 21, 22, 23, 24, 25, 26, 27, 28, 29, 30, 31, 32, 33, 34, 35, 36, 37, 38, 39, 40, 41, 42, 43, 44, 45, 46, 47, 48, 49, 50, 51, 52, 53, 54, 55, 56, 57, 58, 59, 60, 61, 62, 63, 64, 65, 66, 67, 68, 69, 70, 71, 72, 73, 74, 75, 76, 77, 78, 79, 80, 81, 82, 83, 84, 85, 86, 87, 88, 89, 90, 91, 92, 93, 94, 95, 96, 97, 98, 99, 100, 101, 102, 103, 104, 105, 106, 107, 108, 109, 110, 111, 112, 113, 114, 115, 116, 117, 118, 119, 120, 121, 122, 123, 124, 125, 126, 127, 128, 129, 130, 131, 132, 133, 134, 135, 136, 137, 138, 139, 140, 141, 142, 143, 144, 145, 146, 147, 148, 149, 150, 151, 152, 153, 154, 155, 156, 157, 158, 159, 160, 161, 162, 163, 164, 165, 166, 167, 168, 169, 170, 171, 172, 173, 174, 175, 176, 177, 178, 179, 180, 181, 182, 183, 184, 185, 186, 187, 188, 189, 190, 191, 192, 193, 194, 195, 196, 197, 198, 199, 200, 201, 202, 203, 204, 205, 206, 207, 208, 209, 210, 211, 212, 213, 214, 215, 216, 217, 218, 219, 220, 221, 222, 223, 224, 225, 226, 227, 228, 229, 230, 231, 232, 233, 234, 235, 236, 237, 238, 239, 240, 241, 242, 243, 244, 245, 246, 247, 248, 249, 250, 251, 252, 253, 254, 255, 256, 257, 258, 259, 260, 261, 262, 263, 264, 265], "reset": [69, 95, 120, 145, 170, 195, 220, 245, 265], "rel_res": [], "rn": [47.24709012498583, 31.487644804141542, 20.983748537143615, 13.984078990191858, 9.342156972019087, 6.2553204094310155, 4.155990306793845, 2.7835362811005253, 1.841481052408042, 1.206849278597082, 0.7955563618377608, 0.5298764064430216, 0.3510124096061844, 0.23131534885341193, 0.15097202056348452, 0.09924857377289957, 0.06671184530809585, 0.04488144250404606, 0.029788987427836658, 0.01910534830936121, 0.01209440006166906, 0.008088602180058432, 0.005485378873817392, 0.003680873849058815, 0.002460945551556133, 0.0016633792384226419, 0.0011270521084719854, 0.0007468656413383839, 0.0005011329025925984, 0.0003379127358564625, 0.0002263830470340409, 0.00014882191459115736, 9.94710508397377e-05, 6.713977455242908e-05, 4.4538378050387334e-05, 2.9669666244574528e-05, 1.988266458316503e-05, 1.317365284413354e-05, 8.743926549936492e-06, 5.796706788037559e-06, 3.845500088918715e-06, 2.516215187893594e-06, 1.6906290207034818e-06, 1.107479428670673e-06, 7.374737202592842e-07, 4.91193649092136e-07, 3.290751617761806e-07, 2.1894655866775773e-07, 1.4324935923806805e-07, 9.462302835064747e-08, 6.230211215490171e-08, 4.1399945812022626e-08, 2.785643618227232e-08, 1.806053651890485e-08, 1.1996916233183986e-08, 8.01472777557517e-09, 5.23947280825278e-09, 3.4702985119953777e-09, 2.302959773146558e-09, 1.529406098853466e-09, 1.0088823197778258e-09, 6.573292185336179e-10, 4.33367368991341e-10, 2.915220490120467e-10, 1.9374927178204822e-10, 1.2661867265059664e-10, 8.46634423815746e-11, 5.5880962351839217e-11, 3.464802754688241e-06, 1.483949165097104e-06, 9.041497431078204e-07, 5.926558764498941e-07, 3.947692015749515e-07, 2.629452811389738e-07, 1.7207587680902278e-07, 1.1462345978797564e-07, 7.562952119998647e-08, 4.99517919900767e-08, 3.26915410346972e-08, 2.1765986846685333e-08, 1.442042787950866e-08, 9.417721681347315e-09, 6.24264950298961e-09, 4.052392963020264e-09, 2.6796820529672753e-09, 1.800335986066028e-09, 1.1968800131922394e-09, 8.047536678209657e-10, 5.414798689776204e-10, 3.5941730309661277e-10, 2.409334899966178e-10, 1.616298618974594e-10, 1.0620456733016928e-10, 6.991872158601266e-11, 1.8571270875406875e-06, 8.646709112574893e-07, 5.302197583512845e-07, 3.546830566261079e-07, 2.3801903527864004e-07, 1.5435826554682763e-07, 1.0239531394865757e-07, 6.767827381143253e-08, 4.460170809547618e-08, 2.943402676592312e-08, 1.9445714091506305e-08, 1.3116934154301843e-08, 8.68048800736192e-09, 5.844927562207578e-09, 3.916716912688002e-09, 2.5851802226412366e-09, 1.7238626646359277e-09, 1.154681188393019e-09, 7.675594799989143e-10, 5.215022687600527e-10, 3.477237108730511e-10, 2.329397615469312e-10, 1.548481260385039e-10, 1.0452259024557948e-10, 6.8836965321493e-11, 1.7322068683149205e-06, 8.103653405402166e-07, 5.016897153167534e-07, 3.278488562185338e-07, 2.1720879084574398e-07, 1.4440102706608378e-07, 9.673088993281821e-08, 6.361448629926814e-08, 4.2381032302446624e-08, 2.79682418015399e-08, 1.8441512891190397e-08, 1.2017262490223051e-08, 7.953668008927514e-09, 5.33369224135591e-09, 3.49000111806547e-09, 2.3541928058787372e-09, 1.594486349088411e-09, 1.084916467848898e-09, 7.112693229778572e-10, 4.722973212742006e-10, 3.135952370698081e-10, 2.0657887894488692e-10, 1.391389599626303e-10, 9.372533725391415e-11, 6.20453233836095e-11, 1.7611940198475206e-06, 8.349660734418605e-07, 5.196382240521669e-07, 3.3528562562068017e-07, 2.2107452154935094e-07, 1.4692421622376558e-07, 9.664580769813637e-08, 6.349769542975994e-08, 4.176720702655818e-08, 2.76790822735703e-08, 1.783513426988125e-08, 1.1727288066791348e-08, 7.936754472234165e-09, 5.3351735962478965e-09, 3.5247598038695167e-09, 2.312999496306918e-09, 1.5192563708304177e-09, 1.0135154463106498e-09, 6.748748144339032e-10, 4.5483250032257825e-10, 3.030494448642011e-10, 1.9672914037225138e-10, 1.3216000634360512e-10, 8.927155689970817e-11, 5.928815985689182e-11, 1.7079873083579228e-06, 8.172914291861158e-07, 5.061584046024105e-07, 3.3336141353053486e-07, 2.1651671343297894e-07, 1.4212025582228093e-07, 9.349107475305314e-08, 6.230415113263574e-08, 4.1321021702969994e-08, 2.754992385554158e-08, 1.7986022124152938e-08, 1.1710453873622467e-08, 7.707965060136921e-09, 5.192519257482659e-09, 3.53875901201212e-09, 2.354942815328861e-09, 1.5779186335099267e-09, 1.0329549499937417e-09, 6.916966565155513e-10, 4.5518720088238514e-10, 3.0759193724677734e-10, 2.0403282296985343e-10, 1.3673202829396648e-10, 9.067729173986027e-11, 6.016248069750272e-11, 1.693628894608976e-06, 8.052498540703166e-07, 4.88819663656001e-07, 3.276409478728314e-07, 2.183156891404578e-07, 1.469631022369922e-07, 9.864015830562645e-08, 6.506581647095305e-08, 4.343119379595998e-08, 2.8758005371062162e-08, 1.864790710128102e-08, 1.2742542242594278e-08, 8.618590103682338e-09, 5.699973933501652e-09, 3.789311145276095e-09, 2.5092369574096827e-09, 1.6587299335573231e-09, 1.1057589570277542e-09, 7.484320208575664e-10, 4.962487036014532e-10, 3.30074490272483e-10, 2.199313463292922e-10, 1.4587847621744871e-10, 9.743570757631202e-11, 6.446422100201639e-11, 1.7167820205479084e-06, 8.056295436601354e-07, 4.951106452333175e-07, 3.2649096554619275e-07, 2.197257294158692e-07, 1.4343862710627848e-07, 9.547243025068235e-08, 6.302179155825724e-08, 4.149290396593669e-08, 2.77396430146213e-08, 1.8108974559101916e-08, 1.1906419090884373e-08, 7.903787603788397e-09, 5.1806239894810166e-09, 3.4370259186187516e-09, 2.263789027968859e-09, 1.5182722811002253e-09, 1.0088863695429957e-09, 6.750756265583353e-10, 4.4072328275178147e-10, 2.9199684279574325e-10, 1.9585875805245434e-10, 1.3076081948075596e-10, 8.672160439336857e-11, 5.7012985849659275e-11, 1.70736393166909e-06, 8.080124133729487e-07, 4.947576953357395e-07, 3.3107284114895466e-07, 2.2421980060301008e-07, 1.483622521534832e-07, 9.86488037466505e-08, 6.478521731938971e-08, 4.291837596381804e-08, 2.8800772725349826e-08, 1.903903128940265e-08, 1.2392247322441816e-08, 8.139063691720317e-09, 5.390781827873629e-09, 3.570368598647776e-09, 2.384531980163889e-09, 1.5944305062547456e-09, 1.0568678690039098e-09, 7.092903092894747e-10, 4.75326270266997e-10, 1.71653316572237e-06],