{
  "res": 1e-06,
  "tol": 0.0003135346870530474,
  "vol": 4096,
  "nmx": 256,
  "extension": 0,
  "sdtype": "float32",
  "ddtype": "float64",
  "cdtype": "float64",
  "i": [
    1,
    2,
    3,
    4,
    5,
    6,
    7,
    8,
    9,
    10,
    11,
    12,
    13,
    14,
    15,
    16,
    17,
    18,
    19,
    20,
    21,
    22,
    23,
    24,
    25,
    26,
    27
  ],
  "extension_steps": [],
  "ai": [
    0.03565749571172127,
    0.03743432825628431,
    0.03886197830254052,
    0.040002611645084826,
    0.04015018141048587,
    0.04025803850041397,
    0.04047997898367341,
    0.04011795776296272,
    0.040577963130163965,
    0.040501359933871474,
    0.040474454278802904,
    0.04049605736349305,
    0.04048941195589386,
    0.040494597112604676,
    0.04072963187413324,
    0.04087472254765438,
    0.040438777919161326,
    0.04042325827228049,
    0.040566982570204725,
    0.04063999025896556,
    0.04065890379340938,
    0.040478006041079456,
    0.04066155256243585,
    0.04076789558471836,
    0.040633075730164954,
    0.0405225606807982
  ],
  "approx_ai": [
    0.03565749571172127,
    0.03743432825628431,
    0.03886197830254052,
    0.040002611645084826,
    0.04015018141048587,
    0.04025803850041397,
    0.04047997898367341,
    0.04011795776296272,
    0.040577963130163965,
    0.040501359933871474,
    0.040474454278802904,
    0.04049605736349305,
    0.04048941195589386,
    0.040494597112604676,
    0.04072963187413324,
    0.04087472254765438,
    0.040438777919161326,
    0.04042325827228049,
    0.040566982570204725,
    0.04063999025896556,
    0.04065890379340938,
    0.040478006041079456,
    0.04066155256243585,
    0.04076789558471836,
    0.040633075730164954,
    0.0405225606807982
  ],
  "bi": [
    0.20064439745029536,
    0.2834119246805056,
    0.322357810143041,
    0.3416206277437472,
    0.351193304203419,
    0.35306848951382375,
    0.35299948915891516,
    0.3547754130800516,
    0.3534307915018331,
    0.3573952281865243,
    0.35359791688712633,
    0.3551274103080697,
    0.35227308090102827,
    0.3534450580333561,
    0.3521930305302678,
    0.3581852078006856,
    0.3557973716279846,
    0.3564183071351154,
    0.35897205176048474,
    0.35802630240103694,
    0.3577034291093852,
    0.3553994930669648,
    0.35526137272456293,
    0.3510178500989889,
    0.3565419952751514,
    0.357524904481836
  ],
  "reset": [
    27
  ],
  "rn": [
    140.442681703373,
    74.76669325139946,
    42.449958666197915,
    24.811288286134662,
    14.703557642466606,
    8.736790226190209,
    5.1908555871705575,
    3.0918306911247786,
    1.8380947539740558,
    1.098859761204764,
    0.6534270654202844,
    0.3893939651246548,
    0.23111543212128985,
    0.13740100272174274,
    0.08154179752415298,
    0.04880160485906176,
    0.02910954866806773,
    0.01737862745997371,
    0.010412278892445672,
    0.006230218223314276,
    0.0037261884089096644,
    0.0022213818164281843,
    0.001324028115382272,
    0.0007844437520863745,
    0.0004684002881546433,
    0.0002800723937108472,
    0.00029247815444563064
  ],
  "Axmb": [
    140.44268166254707,
    74.76669337538245,
    42.44995884227186,
    24.811288161142052,
    14.703557549091546,
    8.73679048319807,
    5.1908556488616995,
    3.09183050989703,
    1.8380948796142487,
    1.098859879518756,
    0.6534267944838885,
    0.38939399286188014,
    0.23111531520962653,
    0.13740074332838573,
    0.08154205646580022,
    0.048801731828060795,
    0.029109148137248544,
    0.01737898668574284,
    0.010412878841075708,
    0.006230444764418223,
    0.0037275574306359274,
    0.0022228832979592286,
    0.0013266864881089505,
    0.0007885364428118761,
    0.00047561623658813726,
    0.00029247815444349097,
    0.00029247815444349097
  ],
  "diAdip1": [
    0.04620775676183375,
    0.005847829005455056,
    0.0004961440583384491,
    0.0005518764758073732,
    0.0005028745993375774,
    0.00021077604659892562,
    1.2327781167308274e-05,
    6.339556920190395e-06,
    9.908460662483921e-07,
    2.2679176112404828e-07,
    9.238525823842564e-07,
    4.209583160920087e-07,
    2.1757382205802054e-07,
    1.1102042090345147e-07,
    3.198294534201904e-08,
    1.4329023032239107e-08,
    5.239227578601548e-09,
    2.0662027665504595e-09,
    6.088489571730295e-10,
    1.845067879908722e-10,
    5.6349676595325194e-11,
    2.1093547160955567e-11,
    2.9424004777356995e-12,
    1.4226866783472007e-12,
    3.6861346709090704e-13,
    1.2962894292454915e-13,
    "unknown"
  ],
  "status": 26
}