{
  "res": 1e-12,
  "tol": 7.838367176906169e-11,
  "vol": 256,
  "nmx": 256,
  "sdtype": "posit32",
  "ddtype": "float64",
  "cdtype": "posit32",
  "i": [
    1,
    2,
    3,
    4,
    5,
    6,
    7,
    8,
    9,
    10,
    11,
    12,
    13,
    14,
    15,
    16,
    17,
    18,
    19,
    20,
    21,
    22,
    23,
    24,
    25,
    26,
    27,
    28,
    29,
    30,
    31,
    32,
    33,
    34,
    35,
    36,
    37,
    38,
    39,
    40,
    41,
    42,
    43,
    44,
    45,
    46,
    47,
    48,
    49,
    50,
    51,
    52,
    53,
    54,
    55,
    56,
    57,
    58,
    59,
    60,
    61,
    62,
    63,
    64,
    65,
    66,
    67,
    68,
    69,
    70,
    71
  ],
  "ai": [
    0.0490963002666831,
    0.0553916716016829,
    0.055789177771657705,
    0.05663490993902087,
    0.056158894672989845,
    0.055002722423523664,
    0.05673322034999728,
    0.05543090729042888,
    0.05558008421212435,
    0.056046119425445795,
    0.05660394672304392,
    0.055591375567018986,
    0.05665668286383152,
    0.05639272183179855,
    0.05484898714348674,
    0.056061469949781895,
    0.056632022839039564,
    0.05583870643749833,
    0.056397934444248676,
    0.05575048364698887,
    0.05675298161804676,
    0.05588810471817851,
    0.05560174165293574,
    0.05649463227018714,
    0.05454218201339245,
    0.05650860536843538,
    0.05644370894879103,
    0.05604725144803524,
    0.05638930853456259,
    0.05534964660182595,
    0.05611679283902049,
    0.05632980167865753,
    0.056039780378341675,
    0.057339620776474476,
    0.05646989354863763,
    0.0566672352142632,
    0.055266233161091805,
    0.05534269008785486,
    0.05596561124548316,
    0.05653963331133127,
    0.05058108875527978,
    0.05062872217968106,
    0.0548862311989069,
    0.053861184511333704,
    0.05280838906764984,
    0.05321163218468428,
    0.052844803780317307,
    0.05342167941853404,
    0.054061844013631344,
    0.053890695329755545,
    0.05365822650492191,
    0.053191575687378645,
    0.05367860198020935,
    0.05393429799005389,
    0.053707131650298834,
    0.0542028471827507,
    0.05308415135368705,
    0.05287000723183155,
    0.053189631551504135,
    0.052184248343110085,
    0.05402332404628396,
    0.05306266434490681,
    0.053599545266479254,
    0.053912121802568436,
    0.052179590333253145,
    0.0535174417309463,
    0.053954821079969406,
    0.052788130939006805,
    0.054138862527906895
  ],
  "bi": [
    0.3698756191879511,
    0.44348918460309505,
    0.4531551469117403,
    0.4357343968003988,
    0.44657107070088387,
    0.4293081555515528,
    0.4392950888723135,
    0.42756100557744503,
    0.442272512242198,
    0.446520384401083,
    0.4539929870516062,
    0.4441980440169573,
    0.4460046999156475,
    0.4406360648572445,
    0.43161952309310436,
    0.43197788670659065,
    0.4623103067278862,
    0.4265869315713644,
    0.4394341763108969,
    0.4521693754941225,
    0.43611910939216614,
    0.4425865449011326,
    0.42990948259830475,
    0.4388545788824558,
    0.42640426382422447,
    0.4506294149905443,
    0.44864523969590664,
    0.4548649527132511,
    0.44125060737133026,
    0.43591012991964817,
    0.4523235373198986,
    0.4460150245577097,
    0.4465011302381754,
    0.4591719023883343,
    0.44691579788923264,
    0.44317059218883514,
    0.43392264656722546,
    0.4494721870869398,
    0.4372173994779587,
    0.44997924380004406,
    0.4576572757214308,
    0.41819176636636257,
    0.44774195179343224,
    0.44696685671806335,
    0.44788851775228977,
    0.45488903298974037,
    0.453970056027174,
    0.45868442207574844,
    0.4501920472830534,
    0.4535846170037985,
    0.461066659539938,
    0.46108569391071796,
    0.46246469393372536,
    0.4591108299791813,
    0.46372961811721325,
    0.4493550043553114,
    0.44722251035273075,
    0.4499594457447529,
    0.4494157787412405,
    0.4372940845787525,
    0.44963557459414005,
    0.4464074317365885,
    0.456548348069191,
    0.4642537981271744,
    0.44297401420772076,
    0.4450027160346508,
    0.449496490880847,
    0.46266123466193676,
    0.45157740265130997
  ],
  "reset": [
    41,
    71
  ],
  "rn": [
    47.67091155102311,
    31.746435731285253,
    21.370684450190847,
    14.106827447824696,
    9.427024737153152,
    6.176738512815699,
    4.093901507653435,
    2.6769264276638065,
    1.780251700079746,
    1.1896030099825885,
    0.8015426319106456,
    0.5342136089845205,
    0.35676699062584416,
    0.2368234397394279,
    0.1555876873268972,
    0.10226004593229693,
    0.06953008679558172,
    0.045412618560072525,
    0.030103948309552226,
    0.02024296070531378,
    0.01336831252930858,
    0.008893561103436682,
    0.005831284167634847,
    0.0038629983479217997,
    0.0025225239118478924,
    0.0016933434824331138,
    0.0011342181495492113,
    0.0007649584222618981,
    0.0005081366128800689,
    0.0003354895283464592,
    0.00022563349104762678,
    0.0001506878745054412,
    0.0001006907528780598,
    6.823029368252412e-05,
    4.561315297701292e-05,
    3.036515908877231e-05,
    2.0002382113929863e-05,
    1.3410134417027056e-05,
    8.867104968068424e-06,
    5.948097654190665e-06,
    6.473028232991848e-06,
    4.379027643624571e-06,
    2.831818570816064e-06,
    1.8948695603066706e-06,
    1.2668260333516103e-06,
    8.478166550686804e-07,
    5.718138587800793e-07,
    3.852727393274892e-07,
    2.609307583747204e-07,
    1.750750204281102e-07,
    1.1791073444863331e-07,
    8.006361667133626e-08,
    5.436583065136349e-08,
    3.697135085315098e-08,
    2.50509434944428e-08,
    1.705911532355255e-08,
    1.1435398310898833e-08,
    7.647387973041901e-09,
    5.129792644186444e-09,
    3.438935010953906e-09,
    2.2741063430414004e-09,
    1.5248990781195548e-09,
    1.0188419292805655e-09,
    6.884147979153128e-10,
    4.690594930808933e-10,
    3.121886104479917e-10,
    2.0825641377249428e-10,
    1.396244701929062e-10,
    9.497145570790317e-11,
    6.382035205333099e-11,
    6.539513565166107e-11
  ],
  "Axmb": [
    47.67091154596891,
    31.746435572296775,
    21.370684427894776,
    14.106827443984287,
    9.427024775273546,
    6.17673848568466,
    4.093901469947658,
    2.676926435047755,
    1.7802517429009797,
    1.189602980354729,
    0.8015426439222672,
    0.5342136061754216,
    0.356766957252145,
    0.23682345623646375,
    0.15558771009481528,
    0.10226003058963795,
    0.06953008111264372,
    0.04541263918783651,
    0.030103918965754973,
    0.020242998378382906,
    0.013368297115029121,
    0.008893564974845378,
    0.005831260452644663,
    0.0038630186550523173,
    0.002522510133169899,
    0.0016933417487131146,
    0.0011342449800390592,
    0.0007649716199067925,
    0.0005081032797513643,
    0.00033553643259692865,
    0.00022559669887595645,
    0.000150768682543606,
    0.00010064794748637227,
    6.830089036462802e-05,
    4.564622124656588e-05,
    3.0453324404949736e-05,
    2.01215096696706e-05,
    1.3671974054273237e-05,
    9.108780587554204e-06,
    6.4730289096593426e-06,
    6.4730289096593426e-06,
    4.379028751763789e-06,
    2.831819106055183e-06,
    1.8948694397781743e-06,
    1.2668255405507592e-06,
    8.478176759934637e-07,
    5.71814056249152e-07,
    3.8527355997447975e-07,
    2.60930413091092e-07,
    1.7507454846759882e-07,
    1.1791054861101032e-07,
    8.006337538260456e-08,
    5.436576079763534e-08,
    3.697100024086514e-08,
    2.505115863454221e-08,
    1.705939295435901e-08,
    1.1435013487937758e-08,
    7.647763193697233e-09,
    5.129499585141315e-09,
    3.439107735879513e-09,
    2.2740889586512773e-09,
    1.5245961413541698e-09,
    1.0192348147507436e-09,
    6.882871424481144e-10,
    4.694945830956196e-10,
    3.1212125227551864e-10,
    2.0857885884434264e-10,
    1.4052445997861618e-10,
    9.537539160714604e-11,
    6.53845943126987e-11,
    6.53845943126987e-11
  ],