{"res": 1e-12, "tol": 3.1353468713195906e-10, "vol": 4096, "nmx": 256, "sdtype": "float32", "ddtype": "float64", "cdtype": "float64", "i": [1, 2, 3, 4, 5, 6, 7, 8, 9, 10, 11, 12, 13, 14, 15, 16, 17, 18, 19, 20, 21, 22, 23, 24, 25, 26, 27, 28, 29, 30, 31, 32, 33, 34, 35, 36, 37, 38, 39, 40, 41, 42, 43, 44, 45, 46, 47, 48, 49, 50, 51, 52, 53, 54, 55, 56, 57, 58, 59, 60, 61, 62, 63, 64, 65, 66, 67, 68, 69, 70, 71, 72, 73, 74, 75, 76, 77, 78, 79, 80, 81, 82, 83, 84, 85, 86, 87, 88, 89, 90, 91, 92, 93, 94, 95, 96, 97, 98, 99, 100, 101, 102, 103, 104, 105, 106, 107, 108, 109, 110, 111, 112, 113, 114, 115, 116, 117, 118, 119, 120, 121, 122, 123, 124, 125], "ai": [0.05202103550057569, 0.056952183520228836, 0.05764288627861965, 0.058175588750416375, 0.05865553775262956, 0.059115866364788945, 0.05915344459850327, 0.059490659109716154, 0.05995265654098919, 0.06022777608440297, 0.06062759020672664, 0.06047106204133091, 0.06036837427811483, 0.05996625383581825, 0.059684818202954654, 0.059701518188396724, 0.05977546303463993, 0.059925607482618784, 0.06007444468230831, 0.05992636001882663, 0.06034857491957478, 0.06047399679214069, 0.0606017225294071, 0.05993795427908551, 0.06013062483157173, 0.06020388083616877, 0.06006052385943607, 0.05992224175969061, 0.060203629773698523, 0.06032525192407292, 0.06008448666587008, 0.05971807509888483, 0.059885064388217835, 0.05957364012056111, 0.05952600452131258, 0.05962793069380366, 0.05987969919027867, 0.05960478579532914, 0.06034671610518001, 0.06022489948485953, 0.059872289235590244, 0.06006714606423638, 0.06037140381886665, 0.06008025031407231, 0.06029966000243393, 0.06015074254981779, 0.06010584942579376, 0.06000474346012923, 0.06018375519358515, 0.05991060295586421, 0.06003228842652133, 0.06015216232707471, 0.06037103724633872, 0.060437424470383035, 0.059914018740953756, 0.05996858723950074, 0.06026034309266119, 0.060562321872007406, 0.06001855488150143, 0.060306131759608486, 0.06020819829761869, 0.060080085018535, 0.060643118324152104, 0.060227448525887836, 0.06055740601317462, 0.06052968204701348, 0.06068015639261095, 0.0601880136876183, 0.06007632632755248, 0.060033289213003604, 0.06025600900510792, 0.05973990937288366, 0.06013855459997742, 0.06016851973820629, 0.06019151904086893, 0.05991643662990338, 0.05994189246169092, 0.06008679846820674, 0.06013397104460212, 0.06007200693930917, 0.06040734341159388, 0.06023869176904507, 0.060128629440557455, 0.06007288294979515, 0.059743261330650485, 0.03452988065955624, 0.04702637965599739, 0.054593523354955285, 0.057065497150052734, 0.058397264299215525, 0.058352141829451906, 0.058533176701450446, 0.059011341402938094, 0.05944960367622597, 0.05988932344639464, 0.06007351227048013, 0.060454576191493, 0.060659266576464275, 0.06052034717788611, 0.060583742183873086, 0.06069310708889836, 0.05989655106017476, 0.06003845488175323, 0.06002251463248733, 0.06034242445619241, 0.05988950446876454, 0.060024198185825245, 0.06006103965255065, 0.06005390196663473, 0.06040255948797633, 0.06044711332670415, 0.0604675532795022, 0.06014984690980756, 0.05977016049348025, 0.06009728255080185, 0.060093391500423476, 0.060239934176996225, 0.060112177392806575, 0.05956091343434478, 0.06047779487590981, 0.06032033421364154, 0.06061112949133469, 0.060113970311063074], "bi": [0.3830635137047956, 0.4622970131462631, 0.4751228142790176, 0.4843047873204624, 0.4916963767317639, 0.49823836317549564, 0.5033744923351512, 0.5107910826786558, 0.5196671905835168, 0.5305736315436794, 0.5322633229951694, 0.5309915217536129, 0.5288146065404241, 0.5205477144646085, 0.5175876862770507, 0.5164924725297899, 0.5173172501651884, 0.5208771294924003, 0.522322969698083, 0.5212359157334264, 0.5293042955519233, 0.5322865564094778, 0.5318005786442022, 0.525608690619926, 0.521369192442096, 0.5267249381071498, 0.5257006810204536, 0.5184905503020059, 0.5253812874116686, 0.5288006569388657, 0.5241731005821975, 0.5199933200096206, 0.5223312623952794, 0.5201049286433327, 0.5168421046046539, 0.5170548320562299, 0.5210936704594706, 0.5216618423023349, 0.5297858286011096, 0.5290496385331495, 0.5214751656453944, 0.5259679303597596, 0.5241948872932356, 0.5208363971886519, 0.5301879441472294, 0.529425955890287, 0.5211181188342014, 0.5266143738544455, 0.5237888480023976, 0.521441841372716, 0.5186202116316487, 0.5216245923944263, 0.5311427319612345, 0.5260257473593, 0.520740558430703, 0.5204403050092226, 0.525062110602822, 0.5297328536031829, 0.5190895510312963, 0.5277231701619797, 0.5276207267000215, 0.5229870618335588, 0.5304750247414692, 0.5216392949695855, 0.5313155491870613, 0.5332048835817936, 0.5322203137945678, 0.522803895013536, 0.5250517430209264, 0.5238249409682902, 0.5243197048429721, 0.5175402949777681, 0.5195860746588071, 0.5219470473515138, 0.5226050807376389, 0.5200165949388669, 0.5248148535153373, 0.5255820648129701, 0.5219571737351796, 0.5209272540610362, 0.526823427453379, 0.52355613298692, 0.5174357882372865, 0.5232352033088805, 0.5178025651716812, 0.14559131648403006, 0.32677947962787585, 0.4314829233983213, 0.46611211351794646, 0.485386936286082, 0.4855548407463821, 0.4918948767806474, 0.5058741734137971, 0.5077220544017739, 0.5190324165121426, 0.5259837397674608, 0.532330011107334, 0.5344960323969208, 0.5368884827388352, 0.5340269682682974, 0.5373991461352741, 0.5195087550441646, 0.5234007039426004, 0.5275364454075222, 0.5308000553965901, 0.5241600513331761, 0.5246297565799938, 0.5223963913124703, 0.5265980180633869, 0.5271767095655007, 0.529309220720847, 0.5317839214015191, 0.5244634488385299, 0.5216583148419219, 0.5287927175067426, 0.526069026131917, 0.5291127415365781, 0.528454972083348, 0.5218228985995542, 0.5362851006484806, 0.5289015126828172, 0.5307888426707118, 0.5294063508871252], "reset": [86, 125],