{
  "res": 1e-06,
  "tol": 6.337191807101943e-05,
  "vol": 256,
  "nmx": 256,
  "sdtype": "posit16",
  "ddtype": "float64",
  "cdtype": "posit16",
  "i": [
    1,
    2,
    3,
    4,
    5,
    6,
    7,
    8,
    9,
    10,
    11,
    12,
    13,
    14,
    15,
    16,
    17,
    18,
    19,
    20,
    21,
    22,
    23,
    24,
    25,
    26,
    27,
    28,
    29,
    30,
    31,
    32,
    33,
    34,
    35,
    36,
    37,
    38,
    39,
    40,
    41,
    42,
    43,
    44,
    45,
    46,
    47,
    48,
    49,
    50,
    51,
    52,
    53,
    54,
    55,
    56,
    57,
    58,
    59,
    60,
    61,
    62,
    63,
    64,
    65,
    66,
    67,
    68,
    69,
    70,
    71,
    72,
    73,
    74,
    75,
    76,
    77,
    78,
    79,
    80,
    81,
    82,
    83,
    84,
    85,
    86,
    87,
    88,
    89,
    90,
    91,
    92,
    93,
    94,
    95,
    96,
    97,
    98,
    99,
    100,
    101
  ],
  "ai": [
    0.074005126953125,
    0.14288330078125,
    0.22918701171875,
    0.21429443359375,
    0.125,
    0.0625,
    0.1875,
    0.125,
    0.25,
    1.0,
    1.0,
    1.0,
    1.0,
    1.0,
    1.0,
    1.0,
    1.0,
    1.0,
    1.0,
    1.0,
    1.0,
    1.0,
    1.0,
    1.0,
    1.0,
    1.0,
    1.0,
    1.0,
    1.0,
    1.0,
    1.0,
    1.0,
    1.0,
    1.0,
    1.0,
    1.0,
    1.0,
    1.0,
    1.0,
    1.0,
    1.0,
    1.0,
    1.0,
    1.0,
    1.0,
    1.0,
    1.0,
    1.0,
    1.0,
    1.0,
    1.0,
    1.0,
    1.0,
    1.0,
    1.0,
    1.0,
    1.0,
    1.0,
    1.0,
    1.0,
    1.0,
    1.0,
    1.0,
    1.0,
    1.0,
    1.0,
    1.0,
    1.0,
    1.0,
    1.0,
    1.0,
    1.0,
    1.0,
    1.0,
    1.0,
    1.0,
    1.0,
    1.0,
    1.0,
    1.0,
    1.0,
    1.0,
    1.0,
    1.0,
    1.0,
    1.0,
    1.0,
    1.0,
    1.0,
    1.0,
    1.0,
    1.0,
    1.0,
    1.0,
    1.0,
    1.0,
    1.0,
    1.0,
    1.0,
    1.0
  ],
  "ai_test": [],
  "bi": [
    2.0400390625,
    4.125,
    5.818359375,
    5.333984375,
    2.0,
    3.0,
    5.333984375,
    2.0,
    4.0,
    1.0,
    1.0,
    1.0,
    1.0,
    1.0,
    1.0,
    1.0,
    1.0,
    1.0,
    1.0,
    1.0,
    1.0,
    1.0,
    1.0,
    1.0,
    1.0,
    1.0,
    1.0,
    1.0,
    1.0,
    1.0,
    1.0,
    1.0,
    1.0,
    1.0,
    1.0,
    1.0,
    1.0,
    1.0,
    1.0,
    1.0,
    1.0,
    1.0,
    1.0,
    1.0,
    1.0,
    1.0,
    1.0,
    1.0,
    1.0,
    1.0,
    1.0,
    1.0,
    1.0,
    1.0,
    1.0,
    1.0,
    1.0,
    1.0,
    1.0,
    1.0,
    1.0,
    1.0,
    1.0,
    1.0,
    1.0,
    1.0,
    1.0,
    1.0,
    1.0,
    1.0,
    1.0,
    1.0,
    1.0,
    1.0,
    1.0,
    1.0,
    1.0,
    1.0,
    1.0,
    1.0,
    1.0,
    1.0,
    1.0,
    1.0,
    1.0,
    1.0,
    1.0,
    1.0,
    1.0,
    1.0,
    1.0,
    1.0,
    1.0,
    1.0,
    1.0,
    1.0,
    1.0,
    1.0,
    1.0,
    1.0
  ],
  "reset": [
    101
  ],
  "rn": [
    90.50966799187809,
    183.82600468921692,
    443.40500673763256,
    1024.0,
    1448.1546878700494,
    2508.277496609974,
    5792.618751480198,
    8192.0,
    16384.0,
    16384.0,
    16384.0,
    16384.0,
    16384.0,
    16384.0,
    16384.0,
    16384.0,
    16384.0,
    16384.0,
    16384.0,
    16384.0,
    16384.0,
    16384.0,
    16384.0,
    16384.0,
    16384.0,
    16384.0,
    16384.0,
    16384.0,
    16384.0,
    16384.0,
    16384.0,
    16384.0,
    16384.0,
    16384.0,
    16384.0,
    16384.0,
    16384.0,
    16384.0,
    16384.0,
    16384.0,
    16384.0,
    16384.0,
    16384.0,
    16384.0,
    16384.0,
    16384.0,
    16384.0,
    16384.0,
    16384.0,
    16384.0,
    16384.0,
    16384.0,
    16384.0,
    16384.0,
    16384.0,
    16384.0,
    16384.0,
    16384.0,
    16384.0,
    16384.0,
    16384.0,
    16384.0,
    16384.0,
    16384.0,
    16384.0,
    16384.0,
    16384.0,
    16384.0,
    16384.0,
    16384.0,
    16384.0,
    16384.0,
    16384.0,
    16384.0,
    16384.0,
    16384.0,
    16384.0,
    16384.0,
    16384.0,
    16384.0,
    16384.0,
    16384.0,
    16384.0,
    16384.0,
    16384.0,
    16384.0,
    16384.0,
    16384.0,
    16384.0,
    16384.0,
    16384.0,
    16384.0,
    16384.0,
    16384.0,
    16384.0,
    16384.0,
    16384.0,
    16384.0,
    16384.0,
    16384.0,
    16384.0
  ],
  "Axmb": [
    113.64722791224214,
    319.7200257721006,
    1035.6547226856055,
    3061.958626153376,
    6461.631149560319,
    8482.47357957545,
    39373.41876908754,
    131437.3007789158,
    1178837.51027813,
    49965972.744098365,
    2924611849.0269737,
    98309680163.02014,
    719598899359.1337,
    727161720514.5928,
    726158920196.0254,
    335054533181.2687,
    491352064928.40686,
    540356262434.05756,
    310786372138.6436,
    471296922075.0412,
    499224617853.46783,
    321244652671.60803,
    460331333357.73206,
    483604529194.09344,
    319078440213.6802,
    442631278824.28125,
    474481626597.2279,
    322444961598.75653,
    435826928653.6332,
    471815279973.7601,
    326912028693.7341,
    427845846793.8054,
    468160376274.48334,
    328739335875.99774,
    422705563404.06256,
    466048935167.6494,
    330115342741.7537,
    429525825282.72815,
    472858050588.3999,
    328605125481.2156,
    418357601566.87335,
    464950667200.3642,
    333561112560.88165,
    422258372855.9187,
    468289535294.1835,
    335490651141.25073,
    416362197341.3991,
    460578488900.94604,
    334437139785.781,
    421525974580.2297,
    466931730995.4903,
    336765872193.3869,
    411430911737.12756,
    458981449715.99133,
    338824303774.0408,
    415912890369.581,
    463259414137.13745,
    338973427584.8784,
    407742138215.36835,
    454119080254.6572,
    334173724706.0783,
    413364987447.1772,
    459389164341.03815,
    334126879230.35254,
    410191232904.4746,
    455278480900.4058,
    336367947714.0344,
    414204077722.92163,
    459077313632.8419,
    340151485584.0426,
    411295742329.73285,
    451940903963.1222,
    334417258079.2182,
    410957450561.4059,
    454336391321.608,
    335587581174.77576,
    412228619686.6702,
    454774501094.81244,
    333005473856.7453,
    412147235207.38055,
    457261114602.3252,
    336024655558.8502,
    405942998360.43475,
    451276025868.083,
    336048537784.7714,
    412254861865.5514,
    456668884443.42816,
    335740898023.8069,
    408461455755.73047,
    451030890809.71625,
    333603077835.1702,
    412105865513.648,
    459574368866.5608,
    340063710857.2374,
    409396335095.20776,
    450483436326.8667,
    334617338935.65826,
    413169227414.46423,
    456126082218.6476,
    335820163801.46106,
    335820163801.46106
  ],