{
  "res": 1e-06,
  "tol": 7.838367176864201e-05,
  "vol": 256,
  "nmx": 256,
  "sdtype": "posit32",
  "ddtype": "float64",
  "cdtype": "float64",
  "i": [
    1,
    2,
    3,
    4,
    5,
    6,
    7,
    8,
    9,
    10,
    11,
    12,
    13,
    14,
    15,
    16,
    17,
    18,
    19,
    20,
    21,
    22,
    23,
    24,
    25,
    26,
    27,
    28,
    29,
    30,
    31,
    32,
    33,
    34,
    35
  ],
  "ai": [
    0.04909629856750176,
    0.05539167344453771,
    0.05578917799810441,
    0.05663490833597298,
    0.056158895552086786,
    0.055002722558720435,
    0.056733220411929935,
    0.05543090747682081,
    0.0555800844576223,
    0.0560461194960871,
    0.056603946268715295,
    0.0555913757197078,
    0.05665668254421582,
    0.056392721828405004,
    0.05484898716999478,
    0.05606146957964566,
    0.05663202321316729,
    0.05583870651035742,
    0.05639793583207841,
    0.05575048463968657,
    0.05675298042792991,
    0.05588810547829143,
    0.05560174293284212,
    0.05649463091634532,
    0.054542182044450715,
    0.05650860221135144,
    0.056443710017378995,
    0.056047250730943354,
    0.05638930771640813,
    0.055349650207323235,
    0.05611678747699722,
    0.05632979912156711,
    0.05603978378962105,
    0.05733961804464705
  ],
  "bi": [
    0.369875591709151,
    0.4434892100088615,
    0.4531551505393225,
    0.43573437713298613,
    0.4465710873738808,
    0.4293081477910538,
    0.43929509197345656,
    0.42756100513689776,
    0.44227251990126915,
    0.4465203828300726,
    0.4539929796177122,
    0.44419804445525946,
    0.44600469516402147,
    0.44063606167954417,
    0.4316195246850642,
    0.43197788317470115,
    0.4623103123711018,
    0.4265869421559712,
    0.43943419170764003,
    0.4521693784765867,
    0.4361190956402033,
    0.44258656899507764,
    0.4299094831895643,
    0.4388545633238622,
    0.4264042336593378,
    0.45062939178253003,
    0.4486452486604932,
    0.45486491845191457,
    0.4412506373356409,
    0.43591014675488904,
    0.45232342348289284,
    0.4460150347798511,
    0.44650110760154843,
    0.4591717893852509
  ],
  "reset": [
    35
  ],
  "rn": [
    47.670909739973375,
    31.74643545175746,
    21.370684326144676,
    14.106827041505932,
    9.427024647705418,
    6.176738396872412,
    4.0939014471202,
    2.676926384956344,
    1.7802516879962642,
    1.1896029991746182,
    0.8015426185124345,
    0.5342136000697301,
    0.3567669827327768,
    0.23682343385152418,
    0.15558768358651942,
    0.10226004299313542,
    0.06953008518712844,
    0.04541261809486444,
    0.030103948551837106,
    0.02024296093905294,
    0.013368312480441664,
    0.008893561318077187,
    0.005831284308675379,
    0.0038629983763257825,
    0.0025225238414117216,
    0.0016933433905354923,
    0.0011342180994821024,
    0.0007649583593052684,
    0.0005081365887295748,
    0.00033548951891894857,
    0.00022563345624080386,
    0.00015068785306066604,
    0.00010069073604569443,
    6.823027387758043e-05,
    6.834697140484099e-05
  ],
  "Axmb": [
    47.670909737605506,
    31.746435450212093,
    21.370684311948406,
    14.106827034947099,
    9.427024644177928,
    6.1767383985231445,
    4.0939014192448715,
    2.676926413053206,
    1.7802516923136382,
    1.1896029982267053,
    0.8015426294390667,
    0.534213603707929,
    0.3567669477652587,
    0.23682348546554954,
    0.15558766188300374,
    0.1022600283013895,
    0.06953008712157245,
    0.04541264877901562,
    0.0301039225446916,
    0.020242987185044508,
    0.013368305688741691,
    0.008893564477736048,
    0.0058312498901784545,
    0.0038630322687004284,
    0.0025225186248092816,
    0.0016933286652582498,
    0.001134249743864453,
    0.0007649350367657775,
    0.0005081415897345949,
    0.0003355062032042909,
    0.00022562005105075339,
    0.000150779746001551,
    0.00010060473668045401,
    6.834697141157096e-05,
    6.834697141157096e-05
  ],
  "diAdip1": [
    0.0002090298588477401,
    0.00010558958986688869,
    8.984452094044783e-05,
    1.736064399992464e-05,
    6.0208510959858044e-06,
    5.502824086127646e-06,
    3.2477685489643376e-06,
    2.126775773286196e-06,
    6.048689489906365e-07,
    2.908322543721059e-07,
    1.3220277290713438e-07,
    7.34542988531627e-08,
    3.490048355406102e-08,
    1.4456049308988707e-08,
    7.149450992818195e-09,
    3.3571751827247274e-09,
    1.329143350499284e-09,
    7.2150139713934e-10,
    2.9026123527136804e-10,
    1.5547105429235857e-10,
    9.474249314013267e-11,
    3.538287648125567e-11,
    1.1715833267291446e-11,
    5.431357036360393e-12,
    2.6091599503930252e-12,
    1.2841548112724128e-12,
    6.954416917816608e-13,
    3.389135507010706e-13,
    1.7353372090022563e-13,
    6.803092082500914e-14,
    3.526526494366325e-14,
    1.488446088217211e-14,
    7.28603204849075e-15,
    3.140979597311143e-15,
    "unknown"
  ],
  "status": 34
}