{"res": 1e-06, "tol": 6.6332495807108e-05, "vol": 256, "nmx": 256, "sdtype": "tfloat32", "ddtype": "float64", "cdtype": "tfloat32", "i": [1, 2, 3, 4, 5, 6, 7, 8, 9, 10, 11, 12, 13, 14, 15, 16, 17, 18, 19, 20, 21, 22, 23, 24, 25, 26, 27, 28, 29, 30, 31, 32, 33, 34, 35, 36, 37, 38, 39, 40, 41, 42, 43, 44, 45, 46, 47, 48, 49, 50, 51, 52, 53, 54, 55, 56, 57, 58, 59, 60, 61, 62, 63, 64, 65, 66, 67, 68, 69, 70, 71, 72, 73, 74, 75, 76, 77, 78, 79, 80, 81, 82, 83, 84, 85, 86, 87, 88, 89], "ai": [0.050567626953125, 0.05621337890625, 0.05810546875, 0.05804443359375, 0.05767822265625, 0.0592041015625, 0.056976318359375, 0.057220458984375, 0.055450439453125, 0.057220458984375, 0.05755615234375, 0.05816650390625, 0.05731201171875, 0.05682373046875, 0.055999755859375, 0.057464599609375, 0.058380126953125, 0.056488037109375, 0.056640625, 0.0557861328125, 0.055328369140625, 0.0577392578125, 0.05712890625, 0.057281494140625, 0.05810546875, 0.059051513671875, 0.05792236328125, 0.058013916015625, 0.058258056640625, 0.057037353515625, 0.057861328125, 0.05682373046875, 0.0562744140625, 0.058441162109375, 0.0289306640625, 0.05047607421875, 0.057708740234375, 0.057098388671875, 0.0589599609375, 0.057403564453125, 0.0574951171875, 0.05908203125, 0.05621337890625, 0.05712890625, 0.055938720703125, 0.057769775390625, 0.057708740234375, 0.057525634765625, 0.057708740234375, 0.055938720703125, 0.057373046875, 0.058197021484375, 0.0576171875, 0.05902099609375, 0.05682373046875, 0.056182861328125, 0.05731201171875, 0.0582275390625, 0.033966064453125, 0.069091796875, 0.058685302734375, 0.05731201171875, 0.05694580078125, 0.05712890625, 0.0574951171875, 0.057861328125, 0.05706787109375, 0.056427001953125, 0.055877685546875, 0.056732177734375, 0.05682373046875, 0.05694580078125, 0.056671142578125, 0.05596923828125, 0.05859375, 0.0296630859375, 0.066650390625, 0.06158447265625, 0.058349609375, 0.058074951171875, 0.055877685546875, 0.057586669921875, 0.0572509765625, 0.034332275390625], "bi": [0.369384765625, 0.4326171875, 0.441650390625, 0.459228515625, 0.4560546875, 0.458740234375, 0.435302734375, 0.4345703125, 0.428466796875, 0.447509765625, 0.45068359375, 0.449951171875, 0.4248046875, 0.427978515625, 0.42626953125, 0.45361328125, 0.453369140625, 0.4384765625, 0.4267578125, 0.41357421875, 0.41943359375, 0.44580078125, 0.447509765625, 0.431884765625, 0.453369140625, 0.470703125, 0.47509765625, 0.458251953125, 0.453369140625, 0.439208984375, 0.44677734375, 0.426513671875, 0.4404296875, 0.453369140625, 0.09881591796875, 0.400390625, 0.450927734375, 0.47119140625, 0.451904296875, 0.437744140625, 0.466064453125, 0.4521484375, 0.446533203125, 0.425048828125, 0.439697265625, 0.455078125, 0.4482421875, 0.465576171875, 0.43505859375, 0.41357421875, 0.451171875, 0.455078125, 0.45947265625, 0.45556640625, 0.411865234375, 0.433837890625, 0.447998046875, 0.462158203125, 0.20751953125, 0.689453125, 0.455810546875, 0.459716796875, 0.415283203125, 0.44775390625, 0.456298828125, 0.444091796875, 0.45458984375, 0.41259765625, 0.435546875, 0.435546875, 0.439453125, 0.445068359375, 0.4208984375, 0.425048828125, 0.462890625, 0.1385498046875, 0.7255859375, 0.499267578125, 0.487060546875, 0.422607421875, 0.422119140625, 0.456787109375, 0.435302734375, 0.2344970703125], "reset": [35, 60, 78, 87, 89], "rn": [40.32369030731191, 26.52357441974969, 17.628102563804195, 11.947803145348521, 8.070006195784487, 5.46723193215726, 3.607717422415453, 2.378287198805056, 1.5568648383851438, 1.0416145820311848, 0.6992951250187577, 0.4691404623750759, 0.30578727798095195, 0.20009763241977652, 0.13066975534123226, 0.08802073702534179, 0.059273401974584056, 0.039257326645003476, 0.025652198313600973, 0.016500727781949026, 0.010689345351069158, 0.007138765389264378, 0.004776366588504358, 0.0031396047728544153, 0.0021143198334581024, 0.0014507891020513566, 0.0010001202153426478, 0.000677084586558038, 0.0004559800048060283, 0.00030220493042508483, 0.00020199893638418162, 0.00013192456410057512, 8.757202364539335e-05, 5.8973788580857494e-05, 2.2655711200489823, 0.7122669575025926, 0.45082931394542214, 0.30277847461056406, 0.20787710461953235, 0.13975424859373686, 0.09248000470118527, 0.06313761670017427, 0.04246643536163847, 0.02837918181000076, 0.018503218087398843, 0.0122703436261026, 0.008279211405182212, 0.005543121357296254, 0.003783195121413998, 0.0024957334350904385, 0.0016050041250371956, 0.001078095808877911, 0.0007273178276253042, 0.0004930265631531833, 0.00033282003953837946, 0.000213623046875, 0.00014073079487378476, 9.421607235129142e-05, 6.40596604299418e-05, 0.0564888861874202, 0.025735710845907107, 0.02137311389476493, 0.014431168658331689, 0.0097869639906384, 0.006307622403693268, 0.004221586051218404, 0.0028523733997919735, 0.0019009291384762496, 0.00128173828125, 0.0008234092750996119, 0.0005435642434862328, 0.00035882495166945943, 0.00023792215163440973, 0.00015875741612766123, 0.000102996826171875, 6.716467613853077e-05, 4.56968252209127e-05, 0.00216911079637657, 0.000807707535880496, 0.0006881696950549121, 0.0004863701614535287, 0.00033948662508067305, 0.00022072564913161365, 0.00014344479123659643, 9.695636769972865e-05, 6.397441799640053e-05, 0.00010950241160894259, 5.302978048117769e-05, 5.409948197816023e-05], "Axmb": [48.73774590651281, 32.16178138897005, 21.524009449819083, 14.695905677548538, 10.043194065442572, 7.1613522551135915, 5.259441009799224, 4.169649227974044, 3.481178689622681, 3.212081265572745, 3.0276926578845775, 2.970491234569969, 2.894199375221141, 2.9015604423206987, 2.8636341283325017, 2.8574753825076242, 2.8411830521951376, 2.8336880600397967, 2.8220580302258766, 2.8140526251851026, 2.8012957156100504, 2.7899066231832967, 2.779520292745776, 2.7705717905017124, 2.761183139375141, 2.7561947259346407, 2.7498722757610787, 2.7483441589804616, 2.746041454425307, 2.7440645246111104, 2.7409514826034482, 2.7372003914581096, 2.7352511650087616, 2.7350436071186444, 2.7350436071186444, 0.8420966717610552, 0.5404996158730243, 0.37616407371199534, 0.2606416010343393, 0.18683033230257115, 0.1361444444734846, 0.11120589380326194, 0.09545020940217046, 0.08703684593394775, 0.08158383224963466, 0.0790950410327049, 0.07748286686196852, 0.07635118281529431, 0.07530339610614657, 0.07422357993845208, 0.07324043488876013, 0.07236542980704251, 0.07145440312915427, 0.07057263888787062, 0.06965479838134675, 0.0688362317041218, 0.06798030553448176, 0.06713358973724232, 0.06633342697298132, 0.06633342697298132, 0.030165327074482204, 0.025766085644061965, 0.017826901504287108, 0.011960963164033547, 0.008106869739419402, 0.0058668352314178475, 0.004439288737167576, 0.003588253962283051, 0.003222455292054596, 0.0028815632577677713, 0.0028352643947375266, 0.0027558212274203108, 0.0027105528821871933, 0.0026892285980079445, 0.002658203164187083, 0.0026324900567409374, 0.002607591632025403, 0.002607591632025403, 0.0009546164739932455, 0.000823193712729646, 0.0005909963677174013, 0.00041534110407306685, 0.0002821467303313904, 0.00020708839283900768, 0.00015620923894768424, 0.00013059142680242112, 0.00013059142680242112, 6.357222719461701e-05, 6.357222719461701e-05],