{"s1": 1, "s2": 1, "res": 1e-12, "tol": 7.836742543391754e-11, "vol": 256, "nmx": 256, "sdtype": "posit8", "ddtype": "float64", "cdtype": "float64", "i": [1, 2, 3, 4, 5, 6, 7, 8, 9, 10, 11, 12, 13, 14, 15, 16, 17, 18, 19, 20, 21, 22, 23, 24, 25, 26, 27, 28, 29, 30, 31, 32, 33, 34, 35, 36, 37, 38, 39, 40, 41, 42, 43, 44, 45, 46, 47, 48, 49, 50, 51, 52, 53, 54, 55, 56, 57, 58, 59, 60, 61, 62, 63, 64, 65, 66, 67, 68, 69, 70, 71, 72, 73, 74, 75, 76, 77, 78, 79, 80, 81, 82, 83, 84, 85, 86, 87, 88, 89, 90, 91, 92, 93, 94, 95, 96, 97, 98, 99, 100, 101], "ai": [0.052023553605614684, 0.04893373126519596, 0.043360107497527146, 0.04304502115574866, 0.04387889556580348, 0.04250318276954939, 0.04319043340217327, 0.041976903855775856, 0.04022100751172388, 0.0382517362125363, 0.02750434584734053, 0.026726440068790942, 0.022409269001611113, 0.015531839405428726, 0.013643480539766046, 0.012595670742724026, 0.011858654172570423, 0.010608247679251387, 0.00932911969535282, 0.008139902566937028, 0.006392786729559171, 0.00424121939374706, 0.0018644267438803538, 0.0004067495099242422, 0.0003411856712778851, 0.0006965985128144052, 0.0013348946989366333, 0.0024094432898564364, 0.003898624204692427, 0.005931982460827632, 0.008463991397493011, 0.011506701560389097, 0.014609204014800209, 0.016986228818694302, 0.01876875495343403, 0.020136732556895475, 0.021355564553198772, 0.022391347025683888, 0.02335696930999069, 0.024171826015676492, 0.03376029899656487, 0.044913829642620605, 0.08239497674890815, 0.13919955652158045, 0.24126513619635986, 0.3820319862875962, 0.3603198172277057, 0.2507683658763766, 0.16060284819853982, 0.14530608843713066, 0.12747389823137736, 0.12416148413141193, 0.1327491198009435, 0.146592828479756, 0.14997812919518408, 0.15990580872090976, 0.1635909005029461, 0.16016132185993628, 0.1562517892694201, 0.15550916024604558, 0.15839431911917914, 0.16106151338596297, 0.16096700423246188, 0.16101618678041651, 0.16185960383189651, 0.1622537276879708, 0.16450311054095293, 0.1738485162754816, 0.1926651505624686, 0.19040778991585877, 0.18450420979490237, 0.17622615628660102, 0.17599413041756878, 0.1776691232014415, 0.18629025490168447, 0.1893032260804788, 0.18567067901770756, 0.18705040638360934, 0.18498512673419834, 0.18198554690902255, 0.18218362539807048, 0.17836152655631934, 0.1845759556644934, 0.18413610055141527, 0.18648360276003917, 0.18900466539498953, 0.18834510827594766, 0.188402725686064, 0.1931066921246804, 0.19214734802152195, 0.19109078751406053, 0.18416294753981582, 0.1892538552995812, 0.18726708363390698, 0.18591009226569724, 0.19202991280684495, 0.18780513345011146, 0.1896469133024193, 0.18552436039565917, 0.1800050565223609], "bi": [0.30553798145789257, 0.46816545770400136, 0.5225068268614557, 0.5221838501507078, 0.526434318320019, 0.5601454224623141, 0.5850883404431703, 0.6078129243266858, 0.7186440677966102, 0.6338460290857977, 0.7373179521078107, 0.9034646306900341, 0.8043533930857875, 0.727196752626552, 0.8965687079297324, 1.0426661783556126, 1.097939351364009, 1.2077312716608903, 1.3978632289965123, 1.6276410952847171, 2.020645762185657, 2.7349139586694324, 4.415160654908831, 8.523815242104861, 2.599100788559358, 2.089484199987867, 1.8084274149013082, 1.6374720035609576, 1.5163115458053906, 1.425078089149127, 1.3574388943726508, 1.2678025850920926, 1.1633130016144917, 1.1031856977786085, 1.072171182090615, 1.057675463275135, 1.0488180867377368, 1.0418842632999343, 1.0362826370051192, 1.3932919124529457, 1.3319474590799236, 1.678824573986193, 1.7082504138044707, 1.7802908485647562, 1.4528754363777263, 1.2518594001813501, 0.6885016812612761, 0.6777487973953303, 0.8290623468189334, 0.8691801753959195, 0.9413098411873702, 1.0202951295042655, 1.0649456849931758, 1.0618192438830822, 1.0429648761588854, 1.0287866255900675, 0.9823568337361462, 0.9750996541469197, 0.989740555915224, 1.0240411451264133, 1.0138506378137904, 1.0199853907388865, 1.0094643459122363, 0.9955460676180083, 1.0062816204176441, 1.016520170006565, 1.0383907621321866, 1.0649402627110185, 1.0198546896831668, 0.9762300117972323, 0.9676865029213668, 1.0052203936826902, 1.017048068932142, 1.0153751336201826, 0.9968458434836819, 0.9974621126568632, 0.9992392378626971, 1.0071498470888889, 0.9687833573925166, 0.9864759525869539, 1.011240755404356, 1.0276133728489976, 1.0020152932390332, 1.0065700251046168, 1.0162707803638509, 0.9848724803650102, 0.9926884927942125, 1.0207895596003087, 1.0002995545740687, 1.0035613068565323, 0.9853542633254551, 1.0020829157264857, 0.9901372981782732, 1.0043320645702305, 1.0074044527174797, 1.0017016690850222, 0.9918202240155146, 0.9904719641260168, 0.9858821410316794, 1.002188317309275], "reset": [101], "rn": [43.31797854961609, 29.63929474479361, 21.424655636453647, 15.481946706668545, 11.233049295911373, 8.407135757237716, 6.4307078853148045, 5.013531494553016, 4.250114888153025, 3.3837054970291076, 2.90549385324595, 2.7616938869107126, 2.476845902554295, 2.112150951192883, 1.999938963912399, 2.042158210386747, 2.139826493404313, 2.3516014324019707, 2.780328147786696, 3.547115905915678, 5.042204688923289, 8.338583957835707, 17.521269161989235, 51.15435052979365, 82.46964699682697, 119.21027267533668, 160.31133192800579, 205.14038400187687, 252.60700229293303, 301.55373813372285, 351.3377865165872, 395.5948938856003, 426.6767400823998, 448.1498750941196, 464.03992158878424, 477.23420055328637, 488.7442302548664, 498.87458867395657, 507.84419612619627, 599.4480497553301, 691.8231627910551, 896.3915568780127, 1171.5842496605758, 1563.2160457728544, 1884.2268792194445, 2108.195938298386, 1749.296691820923, 1440.117250543337, 1311.2679561523767, 1222.4929251936132, 1186.0763711511688, 1198.0517028962065, 1236.3438984973245, 1273.98579578476, 1301.0662981597177, 1319.6600886257486, 1307.9667912271798, 1291.5797245290175, 1284.937198466877, 1300.2911457518671, 1309.2651096861193, 1322.283474584101, 1328.526013080527, 1325.5641288770698, 1329.7209565414937, 1340.659572780462, 1366.1516829761026, 1409.8131104326048, 1423.740022479992, 1406.7171137389128, 1383.802506219982, 1387.4098014037706, 1399.1861514732802, 1409.901458283632, 1407.6761772405978, 1405.8887806906616, 1405.3539054662974, 1410.3689899257358, 1388.1809657961846, 1378.7620994943084, 1386.489608180945, 1405.5020795797939, 1406.9176161776272, 1411.5317918019339, 1422.968819057454, 1412.1648095101189, 1406.9928118014454, 1421.5429584829647, 1421.7558573881727, 1424.2852618348888, 1413.816937932339, 1415.2886027597208, 1408.2920239796458, 1411.3391334679993, 1416.5545938072164, 1417.7593350870811, 1411.9489519006831, 1405.2063022749098, 1395.2517910925164, 1396.7775836417416, 4964.361039722518],