{"i": [1, 2, 3, 4, 5, 6, 7, 8, 9, 10, 11, 12, 13, 14, 15, 16, 17, 18, 19, 20, 21, 22, 23, 24, 25, 26, 27, 28, 29, 30, 31, 32, 33, 34, 35, 36, 37, 38, 39, 40, 41, 42, 43, 44, 45, 46, 47, 48, 49, 50, 51, 52, 53, 54, 55, 56, 57, 58, 59, 60, 61, 62, 63, 64, 65, 66, 67, 68, 69, 70, 71, 72, 73, 74, 75, 76, 77, 78, 79, 80, 81, 82, 83, 84, 85, 86, 87, 88, 89, 90, 91, 92, 93, 94, 95, 96, 97, 98, 99, 100, 101], "ai": [490.147683713651, 556.6177543230623, 570.0383877318757, 561.8697079115076, 563.560130899562, 571.6898231958583, 557.7695873496923, 564.9035980362454, 546.9670807679132, 555.6422835014525, 557.7797855157572, 561.5572403634355, 566.0412263216691, 557.8052473057362, 554.0662283752253, 552.0456149069795, 565.1990598446672, 559.8086445824913, 560.1685684507628, 550.6571581774781, 534.0059900649409, 561.9308907720562, 561.9565924496749, 567.5649541729808, 562.913748003232, 556.1698360880862, 524.4079205908056, 485.8826095189841, 414.72606688940624, 362.7562492625673, 302.22347238618465, 251.16493750105695, 202.217225981001, 168.85597809799827, 142.21115739226434, 121.77336895030116, 104.91431197479083, 91.88987660629896, 81.48586686141559, 73.34283016275262, 66.79665051622061, 61.33820342816456, 56.96850809182901, 53.43537264998423, 49.95135589699445, 47.204817704606036, 44.70699720666304, 42.30749041286156, 40.21534682544471, 38.25714247024697, 36.34488666974762, 34.61140816280894, 33.10079103345563, 31.787246117091193, 30.582134372500786, 29.480386646568757, 28.41508695223756, 27.43322279273152, 26.53698580025003, 25.618037905712107, 24.86323478474735, 24.085901091470816, 23.35944366856946, 22.66348424849225, 22.030712649221012, 21.433072716928336, 20.891109666032715, 20.336285633909327, 19.815579205840987, 19.263447162328927, 18.802033193543853, 18.358890659168317, 17.933222410221138, 17.521451313157737, 17.12496666688098, 16.73817032953237, 16.382423440026127, 16.02357439043715, 15.699363523593918, 15.398730491369275, 15.088214817862713, 14.811918673097747, 14.537922733643645, 14.255602951882471, 13.968014539321413, 13.701645717948354, 13.4487974117221, 13.206542459178369, 12.959967689201243, 12.703117236310318, 12.496217813073901, 12.284033404928246, 12.083163477225408, 11.87836748822918, 11.717439478479164, 11.56849670079742, 11.398398784795287, 11.237301502124424, 11.091469275089052, 10.931783499231702], "bi": [0.36352374461687764, 0.4440266961258143, 0.4440831628806215, 0.44429426475540507, 0.44621961484633343, 0.4481120606343337, 0.4418887443165323, 0.448648313913587, 0.4377031642179566, 0.4292847121862034, 0.43491552517725895, 0.4434133630546845, 0.43873029828943394, 0.43466551544818843, 0.4260649916765512, 0.43210661444198484, 0.4516554264397901, 0.4525210928343118, 0.43977007188439343, 0.41179020433783176, 0.4030184415340714, 0.45166166240452554, 0.4684682099107368, 0.4666831973367754, 0.4714999278477043, 0.502425323008679, 0.5187914776726972, 0.5816244855557183, 0.605738128735751, 0.6930100183492, 0.7681968506001994, 0.8576731905899997, 0.8864050409732589, 0.9219596247161146, 0.9437254088877716, 0.9656011533551124, 0.9714763731260244, 0.9727472103925874, 0.9713954814925454, 0.9678769357678213, 0.9626801273396541, 0.9549679084611435, 0.9506432266604259, 0.9588274462143154, 0.9615193583017757, 0.9671840509075698, 0.9760508913901396, 0.9771274275528608, 0.9737614391301982, 0.9751731647484135, 0.9715694078741988, 0.9670575213252097, 0.9664861469842533, 0.9679053060873396, 0.9742710611626814, 0.978306231591838, 0.9835847916402386, 0.9860955515648164, 0.9897438422731264, 0.9874934882011274, 0.9869794387242863, 0.9853145869175681, 0.9848245203925471, 0.9832879976905794, 0.9838010689184185, 0.9836244567148494, 0.9859881583554586, 0.987237566430252, 0.9903218928895985, 0.9860979735098537, 0.9863697491285636, 0.9862479553970993, 0.9861708668344341, 0.9872812210932551, 0.9848635692448849, 0.9854030785789513, 0.9864102590702282, 0.9852247600728636, 0.9829891194528164, 0.9840630065694697, 0.9822821744783639, 0.9828802469323664, 0.984288508745359, 0.9833989905061987, 0.984630335746299, 0.9852241451216844, 0.985724762601867, 0.9872451626418146, 0.9886202270004236, 0.9886617375054666, 0.9893025623898549, 0.9893919907648875, 0.9906103542686399, 0.9887133747915492, 0.9878603268700625, 0.9892050014593219, 0.9894233563167454, 0.9879400460032318, 0.989053282060564, 0.9901274772523033], "reset": [101], "rel_res": [], "rn": [472.60001737363683, 314.9185725415405, 209.86036697388738, 139.8832717452877, 93.44156638577057, 62.55088035504834, 41.58051807611378, 27.851136136988092, 18.426071804610654, 12.07272951399208, 7.961738806411463, 5.301665395358393, 3.5116492258555616, 2.3152011073810073, 1.5112163620545145, 0.9933953075872984, 0.6676144382795015, 0.4491021499080767, 0.2978228185197086, 0.19111552820497918, 0.12132727254619505, 0.08153893768871961, 0.05580911190698052, 0.03812555670712641, 0.02617923847481238, 0.01855635914757072, 0.013365622356636148, 0.01019319955864501, 0.007933283650517438, 0.0066042383538208495, 0.005788406202100013, 0.005360680424796719, 0.005047031627625064, 0.004846095602252291, 0.004707765279537151, 0.004626085865393211, 0.004559632188639647, 0.004497071658740611, 0.004432286727289747, 0.004360516335874817, 0.0042783757225541225, 0.0041809339813915925, 0.0040764497108817625, 0.003991648745909502, 0.003914094742428688, 0.003849336669532507, 0.0038029632454226314, 0.003759219891614762, 0.0037095738064742392, 0.0036632359041391667, 0.0036107864408637114, 0.0035508142691535907, 0.0034908064777592865, 0.0034343314626053964, 0.0033898627132075507, 0.003352891655082039, 0.003325258577604798, 0.003302059710241958, 0.0032850828460999604, 0.0032644757489660213, 0.003243153461253756, 0.003219251861349436, 0.0031947316336748324, 0.0031679239781570484, 0.0031421607267935556, 0.0031163272363897423, 0.0030944174747386316, 0.0030746079185149607, 0.003059693552693138, 0.00303835114700447, 0.003017573358282347, 0.0029967526268614795, 0.002975959242397369, 0.0029569733961964315, 0.0029345090530393317, 0.00291301292130462, 0.0028931516676981386, 0.0028716986243215417, 0.0028471687972477975, 0.0028243900212321527, 0.0027992571740552905, 0.0027751924380455175, 0.002753304920436221, 0.0027303554551910384, 0.0027092918834658642, 0.0026892013416998472, 0.002669937853085024, 0.00265285589735332, 0.002637718259454675, 0.00262272205955694, 0.002608656138283722, 0.0025947829241919408, 0.002582572146665899, 0.0025679565274380135, 0.0025523218561733525, 0.0025385083203881766, 0.0025250481860223497, 0.0025097760184614056, 0.002496001312691053, 0.0024836498371515144, 2.698679009592071],