{
  "res": 1e-12,
  "tol": 7.838367176906169e-11,
  "vol": 256,
  "nmx": 256,
  "sdtype": "posit32",
  "ddtype": "float64",
  "cdtype": "posit32",
  "i": [
    1,
    2,
    3,
    4,
    5,
    6,
    7,
    8,
    9,
    10,
    11,
    12,
    13,
    14,
    15,
    16,
    17,
    18,
    19,
    20,
    21,
    22,
    23,
    24,
    25,
    26,
    27,
    28,
    29,
    30,
    31,
    32,
    33,
    34,
    35,
    36,
    37,
    38,
    39,
    40,
    41,
    42,
    43,
    44,
    45,
    46,
    47,
    48,
    49,
    50,
    51,
    52,
    53,
    54,
    55,
    56
  ],
  "ai": [
    0.03533867048099637,
    0.0381960766389966,
    0.0386061891913414,
    0.03823676612228155,
    0.040186143945902586,
    0.039292864967137575,
    0.03894241340458393,
    0.03985822107642889,
    0.04021890554577112,
    0.03995940135791898,
    0.04073477303609252,
    0.04013861250132322,
    0.04151639621704817,
    0.042034418787807226,
    0.04083892935886979,
    0.039336406625807285,
    0.039189469534903765,
    0.04096958227455616,
    0.04062154144048691,
    0.04012385290116072,
    0.039751197677105665,
    0.04081556620076299,
    0.04154281923547387,
    0.04071520594879985,
    0.04056995129212737,
    0.04184185201302171,
    0.04249053681269288,
    0.0408990615978837,
    0.04116755025461316,
    0.04122473252937198,
    0.0400178381241858,
    0.04047909798100591,
    0.040385481901466846,
    0.03435608046129346,
    0.036898437421768904,
    0.04145413637161255,
    0.041364502627402544,
    0.03966011153534055,
    0.03904673317447305,
    0.03959144791588187,
    0.039859166368842125,
    0.0401498032733798,
    0.0394015908241272,
    0.03985777264460921,
    0.04169779596850276,
    0.04020005511119962,
    0.039057470858097076,
    0.038297655526548624,
    0.04060972901061177,
    0.04082292132079601,
    0.039535123854875565,
    0.03908181609585881,
    0.037832929752767086,
    0.040658137295395136
  ],
  "bi": [
    0.20634641777724028,
    0.3008467648178339,
    0.3472079038619995,
    0.34050654247403145,
    0.35287640802562237,
    0.37164141424000263,
    0.35499812103807926,
    0.35778677836060524,
    0.3541165627539158,
    0.3522957041859627,
    0.36963302828371525,
    0.3495673518627882,
    0.34061005525290966,
    0.371543325483799,
    0.3685557898133993,
    0.3711515199393034,
    0.3605052959173918,
    0.36976419389247894,
    0.3690063040703535,
    0.3718016501516104,
    0.37305984273552895,
    0.35985494777560234,
    0.34709679894149303,
    0.34935419633984566,
    0.3411376569420099,
    0.3388361223042011,
    0.33599320985376835,
    0.3452199976891279,
    0.3421828877180815,
    0.35493011958897114,
    0.33871603943407536,
    0.34176994673907757,
    0.35993836633861065,
    0.3862914405763149,
    0.3065688293427229,
    0.3773698043078184,
    0.3640012573450804,
    0.36880612932145596,
    0.35893460363149643,
    0.3707952965050936,
    0.3728692848235369,
    0.36492802761495113,
    0.37323943711817265,
    0.3563244603574276,
    0.3741801306605339,
    0.3761222753673792,
    0.3741830065846443,
    0.3471141066402197,
    0.3627786133438349,
    0.36062947660684586,
    0.36347008123993874,
    0.35945362970232964,
    0.3527499996125698,
    0.36073706671595573
  ],
  "reset": [
    34,
    56
  ],
  "rn": [
    35.60607236014688,
    19.529752676980408,
    11.507779848424061,
    6.7151276870710515,
    3.989014247149704,
    2.43179879650761,
    1.4489075205696662,
    0.8666680988581146,
    0.5157341985958495,
    0.3061114714381646,
    0.18610797793458334,
    0.11003489230652874,
    0.06421835181943518,
    0.039143881364903,
    0.023763779011371455,
    0.014477418425412798,
    0.008692545059422605,
    0.0052857835816887,
    0.0032108962281318077,
    0.0019578613189437113,
    0.0011958347721227078,
    0.0007173562994368722,
    0.00042262990188036623,
    0.000249800442270193,
    0.0001459009210607091,
    8.492838878244223e-05,
    4.922867375536019e-05,
    2.892451652218772e-05,
    1.6919801022446708e-05,
    1.0080142684914299e-05,
    5.86657410408962e-06,
    3.4296633801728427e-06,
    2.057621867310031e-06,
    2.4213412613706774e-06,
    1.5049204568003852e-06,
    8.332542606664914e-07,
    5.118716966306468e-07,
    3.088250771955864e-07,
    1.8754764877396818e-07,
    1.1236195547400353e-07,
    6.84205242625187e-08,
    4.177964088700799e-08,
    2.5238777335472217e-08,
    1.541920827730513e-08,
    9.204175533560086e-09,
    5.63021855863917e-09,
    3.4529459546236068e-09,
    2.112184303792735e-09,
    1.244422752049188e-09,
    7.495295873188828e-10,
    4.501107564493299e-10,
    2.713649329812545e-10,
    1.626953582672133e-10,
    9.662926448286034e-11,
    5.8036880122176867e-11,
    5.8093862836072045e-11
  ],
  "Axmb": [
    35.60607232022944,
    19.52975268938881,
    11.507779879801504,
    6.71512768197725,
    3.989014213437798,
    2.431798802083386,
    1.4489075426882003,
    0.8666680818992539,
    0.5157342303052262,
    0.30611143718057165,
    0.18610802151241385,
    0.11003490229321208,
    0.06421830568076889,
    0.03914395339207778,
    0.02376372960321385,
    0.014477449822138708,
    0.008692549380965963,
    0.005285774549184795,
    0.003210902807575013,
    0.0019578693753274094,
    0.0011958108434152492,
    0.0007173752572410278,
    0.00042260818148290736,
    0.00024983603881442116,
    0.00014587325391993922,
    8.49628826349529e-05,
    4.923359697564535e-05,
    2.8954722215327796e-05,
    1.6918138240845566e-05,
    1.0186483406976246e-05,
    5.9770653255000995e-06,
    3.6568447240271613e-06,
    2.4213413691085846e-06,
    2.4213413691085846e-06,
    1.504920579738976e-06,
    8.332542384296416e-07,
    5.118707894523281e-07,
    3.0882504209795376e-07,
    1.8754834031271985e-07,
    1.1236193058044553e-07,
    6.84205897952833e-08,
    4.177973625916553e-08,
    2.5238776378497228e-08,
    1.5419094091452388e-08,
    9.204154561242901e-09,
    5.6302639013237904e-09,
    3.4528994790632813e-09,
    2.1122526349064354e-09,
    1.2443980887378969e-09,
    7.49494592510848e-10,
    4.5008123160895745e-10,
    2.714581792701034e-10,
    1.627897070413382e-10,
    9.657709316092648e-11,
    5.810166494139167e-11,
    5.810166494139167e-11
  ],
  "diAdip1": [
    0.007720993424300104,
    0.0013294231612235308,
    0.00015641421487089247,
    5.1745621021836996e-05,
    2.369601406826405e-05,
    6.916747679497348e-06,
    2.5010128865687875e-06,
    6.559420171470265e-07,
    1.844865096245485e-07,
    3.0300199682642415e-08,
    1.3054098246811918e-08,
    8.212438729060523e-09,
    2.538256271833461e-10,
    3.3135583166199467e-10,
    3.3047586889267677e-10,
    3.0742541845540927e-10,
    7.49988959825032e-12,
    1.0269646244509545e-11,
    1.022928963756442e-11,
    1.1382873810195093e-12,
    4.5075054799781356e-12,
    2.126883738573504e-13,
    7.16766923591905e-13,
    6.604612690086498e-13,
    2.2379233882707794e-13,
    1.632704388354611e-13,
    4.7132003161420855e-14,
    1.0048602575030152e-14,
    9.890309057847269e-15,
    4.070149165619208e-15,
    1.3597250495683832e-16,
    7.691872312698411e-16,
    5.438900198273533e-16,
    "unknown",
    1.3877787807814457e-17,
    3.925150677576428e-17,
    8.673617379884035e-19,
    1.3877787807814457e-17,
    6.938893903907228e-18,
    3.469446951953614e-18,
    8.673617379884035e-19,
    8.673617379884035e-19,
    8.673617379884035e-19,
    8.673617379884035e-19,
    8.673617379884035e-19,
    8.673617379884035e-19,
    8.673617379884035e-19,
    8.673617379884035e-19,
    8.673617379884035e-19,
    8.673617379884035e-19,
    8.673617379884035e-19,
    8.673617379884035e-19,
    8.673617379884035e-19,
    8.673617379884035e-19,
    8.673617379884035e-19,
    "unknown"
  ],
  "status": 54
}