{
  "res": 1e-06,
  "tol": 7.838378513745255e-05,
  "vol": 256,
  "nmx": 256,
  "sdtype": "posit16",
  "ddtype": "float64",
  "cdtype": "float64",
  "i": [
    1,
    2,
    3,
    4,
    5,
    6,
    7,
    8,
    9,
    10,
    11,
    12,
    13,
    14,
    15,
    16,
    17,
    18,
    19,
    20,
    21,
    22,
    23,
    24,
    25,
    26,
    27,
    28,
    29,
    30,
    31,
    32,
    33,
    34,
    35,
    36,
    37,
    38
  ],
  "ai": [
    0.035338466199120594,
    0.03819201100605068,
    0.03860450314773604,
    0.038237182249831976,
    0.04018383156972014,
    0.03928784885092221,
    0.03894403263597079,
    0.03985856733531668,
    0.040226987394441374,
    0.03995630687229066,
    0.040736850389609655,
    0.040135097681609895,
    0.04151102380676716,
    0.03736393265097938,
    0.03678658074232482,
    0.04026662117563632,
    0.04207624055653171,
    0.04085492513866401,
    0.040773266506151075,
    0.041040630112000064,
    0.039633907397150364,
    0.03944502911167936,
    0.04094718283691939,
    0.04152159080099141,
    0.03999655744376258,
    0.04169560855443166,
    0.030190479865933414,
    0.03409907809125735,
    0.03843767606357081,
    0.03908851728706161,
    0.04020246927041707,
    0.04114695130172128,
    0.030481428273858906,
    0.032969849609112756
  ],
  "bi": [
    0.20641099735872748,
    0.30060815657264095,
    0.3472118203178332,
    0.34048565145113413,
    0.35290621767945496,
    0.37142485340529,
    0.3549550681452856,
    0.3577653438584051,
    0.35415739887140935,
    0.35209384413652667,
    0.36975953785335786,
    0.3493769345518505,
    0.34040964881018465,
    0.3369409476415025,
    0.35652289586008534,
    0.3957980040465071,
    0.40048385767255684,
    0.37597339589396783,
    0.35988984551100867,
    0.3906301256518277,
    0.37892487571208866,
    0.3541567646541769,
    0.34963752844613705,
    0.37376899013780646,
    0.3548302614360587,
    0.3622903156659822,
    0.14934844906023154,
    0.24427955258371575,
    0.32631286715675123,
    0.37348078747854735,
    0.38750963336074634,
    0.3829993286465446,
    0.18970919412149317,
    0.28485984504821266
  ],
  "reset": [
    14,
    28,
    35,
    38
  ],
  "rn": [
    35.61169521668652,
    19.525089261526233,
    11.505096847661747,
    6.713356130127335,
    3.9881303197788633,
    2.4305514663110075,
    1.448076522232726,
    0.8661450879758269,
    0.5154526852551874,
    0.30585671692150473,
    0.18598491267644462,
    0.10993217743091298,
    0.0641395281860611,
    0.14009000879497235,
    0.08131750761771597,
    0.048554308318846134,
    0.030546719127102506,
    0.01933112279092788,
    0.011853200672931646,
    0.0071108322511272415,
    0.004444299314979135,
    0.002735771736893704,
    0.0016280870779739878,
    0.0009626904201940663,
    0.0005885566671210708,
    0.0003505892612960379,
    0.0002110216292928464,
    0.0023709549217218896,
    0.0009162703967301247,
    0.0004528633901251504,
    0.00025869278300098613,
    0.00015809511320030796,
    9.841463759902516e-05,
    6.090580727608053e-05,
    0.00019626589211511146,
    8.54848240781385e-05,
    4.562518507393841e-05,
    5.390770705712992e-05
  ],
  "Axmb": [
    35.606519499993716,
    19.52672719641126,
    11.507472043417723,
    6.715363308695583,
    3.989434768809285,
    2.4325719563278807,
    1.456013811508536,
    0.8761782351206083,
    0.5319496716655929,
    0.32962139918462774,
    0.22358719518541725,
    0.16633083779183067,
    0.1400870083731068,
    0.1400870083731068,
    0.08133904020106852,
    0.048543502175285025,
    0.03060835716903806,
    0.019371340804769613,
    0.012014463408659531,
    0.007283243505417734,
    0.004816711643199258,
    0.0034123490551855656,
    0.002620421923763693,
    0.0023627180442581737,
    0.0023491985098066984,
    0.0023513170741919815,
    0.002371263706782434,
    0.002371263706782434,
    0.0009211695856006008,
    0.00045924985169084096,
    0.00028819445061676073,
    0.00022139880021578544,
    0.00019456850601896617,
    0.00019626568675342194,
    0.00019626568675342194,
    8.514816941036488e-05,
    5.392242554375823e-05,
    5.392242554375823e-05
  ],
  "diAdip1": [
    5.671292333595938,
    7.535909639487425,
    2.358351237998269,
    0.8286050919344472,
    0.13617892665354314,
    0.11256731103528474,
    0.05237900915218587,
    0.02236070863554244,
    0.010290439363746406,
    0.004741861325270756,
    0.0014455327768107512,
    0.0005789637280461593,
    0.0002393372707762555,
    "unknown",
    8.44412715856285e-05,
    6.741970510948057e-05,
    3.286446010307089e-05,
    1.066602366540157e-05,
    4.592455407920359e-06,
    3.358390553942438e-06,
    1.6423530198147043e-06,
    6.243802880238799e-07,
    2.2809975633214001e-07,
    1.3230485613267244e-07,
    3.507981479924019e-08,
    2.579773795311356e-08,
    1.3594411401558681e-08,
    "unknown",
    3.3676865666310075e-08,
    5.412337778762038e-08,
    1.5028753236853724e-08,
    9.192015268701403e-09,
    9.677368901536197e-09,
    6.250424805851539e-09,
    "unknown",
    1.6297570654543846e-09,
    1.504967173409494e-09,
    "unknown"
  ],
  "status": 34
}