{"res": 1e-12, "tol": 3.1353468707624674e-10, "vol": 4096, "nmx": 256, "sdtype": "float64", "ddtype": "float64", "cdtype": "float64", "i": [1, 2, 3, 4, 5, 6, 7, 8, 9, 10, 11, 12, 13, 14, 15, 16, 17, 18, 19, 20, 21, 22, 23, 24, 25, 26, 27, 28, 29, 30, 31, 32, 33, 34, 35, 36, 37, 38, 39, 40, 41, 42, 43, 44, 45, 46, 47, 48, 49, 50, 51, 52, 53, 54, 55, 56, 57, 58, 59, 60, 61, 62, 63, 64, 65, 66, 67, 68, 69, 70, 71, 72, 73, 74, 75, 76, 77, 78, 79, 80, 81, 82, 83, 84, 85, 86], "ai": [0.05202103558185877, 0.05695218365738522, 0.057642886111637814, 0.05817558871745699, 0.05865553791314367, 0.05911586615151672, 0.05915344452662531, 0.059490659511581064, 0.05995265653244373, 0.060227776269578114, 0.06062759085099909, 0.060471061864525645, 0.0603683748962426, 0.05996625452304029, 0.0596848185874173, 0.05970151807681876, 0.059775462215381846, 0.05992560777174773, 0.06007444483201395, 0.059926359807630114, 0.060348573565774485, 0.06047399691479894, 0.06060172225890285, 0.05993795339813686, 0.06013062454339188, 0.06020388037735029, 0.06006052286753661, 0.059922240745583284, 0.060203628710912026, 0.06032525104953531, 0.06008448701389578, 0.05971807526109577, 0.05988506258897036, 0.05957363891090147, 0.05952600498794024, 0.05962793072702315, 0.059879699291952665, 0.05960478637160574, 0.06034671680030083, 0.060224899920897156, 0.05987229045011079, 0.06006714717831438, 0.06037140512620386, 0.06008025225931575, 0.06029966107257768, 0.06015074352073594, 0.0601058506680456, 0.0600047431385569, 0.060183755688616676, 0.059910602701386595, 0.06003228818682923, 0.06015216332297262, 0.0603710377059624, 0.06043742536879421, 0.05991401830124384, 0.05996858696299041, 0.060260342398226065, 0.06056232125790767, 0.06001855460855861, 0.060306132393594225, 0.060208196894105, 0.06008008467941383, 0.06064311873061793, 0.06022744924915908, 0.06055740625680698, 0.06052968231299513, 0.06068015532083469, 0.060188015460336274, 0.060076326618982136, 0.060033288340122094, 0.06025601021705005, 0.05973990872210064, 0.06013855427269047, 0.06016852074631318, 0.060191520143315316, 0.05991643566539291, 0.05994189176845375, 0.06008679706202882, 0.06013396976167696, 0.060072004395379304, 0.06040734456993262, 0.060238692405669696, 0.06012862713917514, 0.060072881946161054, 0.05974326101074492], "bi": [0.38306353476265476, 0.4622970333177091, 0.4751228428662865, 0.4843047685728044, 0.4916963784067574, 0.4982383375931027, 0.5033744782992673, 0.5107910996229297, 0.5196671697410605, 0.5305736031314673, 0.5322633153670854, 0.5309915200894091, 0.528814612552315, 0.5205476972185775, 0.5175877132038924, 0.5164924903541797, 0.5173172240979396, 0.5208771112901341, 0.5223229806104506, 0.5212359080847835, 0.5293042954431812, 0.5322865422156409, 0.5318005805733984, 0.5256086953997894, 0.5213691739354606, 0.5267249622800823, 0.5257006882844562, 0.5184905731427105, 0.525381275047648, 0.5288006234057968, 0.5241730731391611, 0.5199933118243417, 0.5223312281202983, 0.5201049315919778, 0.5168421178393494, 0.5170548098849704, 0.5210936922297482, 0.5216618355983189, 0.5297858364367257, 0.5290496547040704, 0.5214751904811703, 0.5259678994100456, 0.524194894112136, 0.5208364231008729, 0.5301879233212785, 0.5294259485956493, 0.5211181310627159, 0.5266143466928024, 0.5237888388395944, 0.5214418267400437, 0.5186201851295857, 0.5216246052446648, 0.5311427257586951, 0.5260257371481114, 0.5207405445742904, 0.5204403050195144, 0.5250620888884282, 0.5297328826474194, 0.5190895704121068, 0.5277231686203638, 0.5276207219804941, 0.5229870588318978, 0.5304750233790717, 0.521639265148678, 0.5313155576648785, 0.5332048781815204, 0.5322203133811779, 0.5228039024419548, 0.5250517461854898, 0.5238249467122449, 0.5243197222548214, 0.5175402651142156, 0.5195860851180049, 0.5219470515580268, 0.522605076755218, 0.5200165756211413, 0.5248148819269176, 0.5255820978058191, 0.5219571877479432, 0.5209272086840335, 0.5268233988867975, 0.5235561155808824, 0.517435788530172, 0.523235160762628, 0.5178025453347127], "reset": [86], "rn": [194.05328577818003, 131.94154158248176, 90.94618989483358, 63.29128045467843, 44.38052003031277, 31.326433805505353, 22.22575659965792, 15.884670646157065, 11.450932510023845, 8.340914601473418, 6.0852292212023595, 4.4342557189437946, 3.2245748210429097, 2.326498213035596, 1.6737658490515788, 1.2028921981832175, 0.8651774219240428, 0.6244142623089712, 0.45127614958387424, 0.3258063500584883, 0.23703487784984767, 0.17293583565011375, 0.12611286743433311, 0.09143041079621504, 0.06601814937175773, 0.04791321313770841, 0.0347395804478487, 0.02501468287769708, 0.01813143997647159, 0.013184943582896656, 0.009545872503085613, 0.006883582287464537, 0.004974936068142589, 0.0035878393601762575, 0.002579359869494119, 0.001854728006581053, 0.0013388691599673834, 0.0009670137972063372, 0.0007038544201796105, 0.0005119541407112514, 0.00036969866783815897, 0.00026811894713911017, 0.0001941216162258177, 0.00014009562477592475, 0.0001020092343543938, 7.422361451269599e-05, 5.358092310505969e-05, 3.888271076028973e-05, 2.8140684347233584e-05, 2.0320649594791344e-05, 1.4633974534542332e-05, 1.0569180856698312e-05, 7.702770322676405e-06, 5.586636896418622e-06, 4.031448736824641e-06, 2.9083495541720715e-06, 2.10742406068221e-06, 1.5338412041893671e-06, 1.1050999309138412e-06, 8.027949510814683e-07, 5.831302275491427e-07, 4.217072093849854e-07, 3.0714503260785427e-07, 2.218342671027824e-07, 1.616980935774773e-07, 1.1807336938808073e-07, 8.613857438264448e-08, 6.228265107564786e-08, 4.513029202475972e-08, 3.2663388200156755e-08, 2.365153486220122e-08, 1.701497837348083e-08, 1.2264791152727143e-08, 8.860809132334455e-09, 6.405605579921234e-09, 4.619221493602206e-09, 3.3463538188555466e-09, 2.4260075056696068e-09, 1.7527080503974314e-09, 1.265022069690712e-09, 9.181859232305804e-10, 6.64373419523613e-10, 4.779037963471521e-10, 3.456916906933492e-10, 2.487545487884695e-10, 2.487565516079787e-10], "Axmb": [194.05328577818005, 131.94154158248173, 90.94618989483355, 63.29128045467846, 44.38052003031279, 31.326433805505353, 22.225756599657934, 15.884670646157062, 11.450932510023843, 8.340914601473422, 6.085229221202358, 4.434255718943797, 3.2245748210429093, 2.3264982130355967, 1.67376584905158, 1.2028921981832161, 0.865177421924046, 0.6244142623089702, 0.4512761495838759, 0.32580635005848774, 0.23703487784984628, 0.17293583565011458, 0.12611286743433356, 0.09143041079621374, 0.06601814937175766, 0.04791321313771005, 0.03473958044784649, 0.02501468287769641, 0.018131439976470105, 0.013184943582896689, 0.00954587250308536, 0.006883582287463689, 0.004974936068141652, 0.003587839360173869, 0.002579359869494413, 0.0018547280065835889, 0.0013388691599678746, 0.0009670137972054089, 0.000703854420177789, 0.0005119541407149669, 0.0003696986678333508, 0.00026811894714072124, 0.00019412161622470538, 0.00014009562477831808, 0.0001020092343535693, 7.422361451258925e-05, 5.35809231054983e-05, 3.888271076321747e-05, 2.814068434490313e-05, 2.03206495950506e-05, 1.4633974535372297e-05, 1.0569180854452015e-05, 7.702770324000028e-06, 5.586636897258935e-06, 4.031448735886546e-06, 2.908349554121549e-06, 2.1074240599032468e-06, 1.5338412059340892e-06, 1.1050999279911072e-06, 8.027949502605401e-07, 5.831302267246477e-07, 4.2170721106965123e-07, 3.0714502972239963e-07, 2.2183426862399323e-07, 1.6169809336215912e-07, 1.1807336831122885e-07, 8.613857665724661e-08, 6.228265091711625e-08, 4.513029168905456e-08, 3.266338914689349e-08, 2.365153641994516e-08, 1.7014977029079203e-08, 1.2264789985496669e-08, 8.860810231615852e-09, 6.4056056085417735e-09, 4.619220749077567e-09, 3.346357764974587e-09, 2.4260074269931157e-09, 1.7527074417070419e-09, 1.2650215753265723e-09, 9.18184407280795e-10, 6.643761010510934e-10, 4.779020961540435e-10, 3.456929007438392e-10, 2.487565516079787e-10, 2.487565516079787e-10],