{
  "gpu": false,
  "infile": "../matrix/cgne_init_4096_dble_csr.dat",
  "matfile": null,
  "k": 0.0,
  "kc": 0.0,
  "reordering": false,
  "preconditioning": true,
  "vol": 4096,
  "dim": 49152,
  "lattice": "8x8x8x8",
  "blk_dim": 3072,
  "bs": "4x4x4x4",
  "res": 1e-06,
  "tol": 0.0003135346870547978,
  "nmx": 125,
  "nkv": 7,
  "nmr": 20,
  "ncy": 4,
  "sdtype": "float32",
  "ddtype": "float64",
  "cdtype": "float64",
  "rn": [
    9.640453455155452,
    1.5380108364625278,
    0.4000963026791987,
    0.0819623619341267,
    0.01908903063512345,
    0.004580623068649527,
    0.0010398524605980024,
    0.0010426762204848075,
    0.00029865353190642804,
    0.00029865353274554355
  ],
  "i": [
    0,
    1,
    2,
    3,
    4,
    5,
    6,
    7,
    8,
    9
  ],
  "reset": [
    7,
    9
  ],
  "duration": [
    1.9171624183654785,
    1.9174065589904785,
    1.9175686836242676,
    1.9164819717407227,
    1.9156303405761719,
    1.9159741401672363,
    1.917405605316162,
    1.9186186790466309,
    1.9183356761932373,
    1.9159717559814453,
    1.917020559310913,
    1.916412353515625,
    1.916757583618164,
    1.9185149669647217,
    1.9169387817382812,
    1.9182310104370117,
    1.9157764911651611,
    1.918682336807251,
    1.9169285297393799,
    1.917191505432129
  ],
  "status": 8
}