{
  "gpu": false,
  "infile": "../matrix/cgne_init_4096_dble_csr.dat",
  "matfile": null,
  "k": 0.0,
  "kc": 0.0,
  "reordering": false,
  "preconditioning": true,
  "vol": 4096,
  "dim": 49152,
  "lattice": "8x8x8x8",
  "blk_dim": 3072,
  "bs": "4x4x4x4",
  "res": 1e-06,
  "tol": 0.0003135346870547978,
  "nmx": 417,
  "nkv": 7,
  "nmr": 6,
  "ncy": 4,
  "sdtype": "float32",
  "ddtype": "float64",
  "cdtype": "float64",
  "rn": [
    214.47108778696872,
    168.98747678537916,
    145.23630762731514,
    130.10698618431564,
    118.84153841009555,
    109.80817125640357,
    102.76159540222709,
    102.76159552481656,
    98.00845732164909,
    94.16862479832328,
    91.46924918433979,
    88.40587009871749,
    85.51251514717416,
    79.67257205142124,
    75.10632805605866,
    75.10632826815973,
    72.28799130918603,
    70.12206664293191,
    68.64382682850051,
    67.43559350552107,
    66.4375364924443,
    64.96837344250565,
    63.40119712586591,
    63.40119707286117,
    61.96711442733962,
    60.69433992832177,
    59.64013052725326,
    58.49268424828493,
    57.41414753146309,
    55.38082644131179,
    52.970321615946155,
    52.97032185423921,
    50.5536489954123,
    48.6812862550205,
    47.12175973845679,
    45.612221121993365,
    44.187317251942204,
    42.95182533941272,
    41.63491704274345,
    41.634917063739145,
    40.378690246752285,
    39.120900900076315,
    37.63027369219775,
    36.14050086499679,
    34.717720026792286,
    33.0246238018973,
    31.130528436718638,
    31.13052843554094,
    29.243038606195586,
    28.01982944958149,
    26.874730266060823,
    25.6153115102942,
    24.3548201921258,
    23.643452942021653,
    22.85158028449219,
    22.851580283733043,
    22.208016643864596,
    21.536244830247362,
    20.698451507236253,
    19.889627946763888,
    19.121375750341237,
    18.073651780829227,
    16.958099412749707,
    16.958099446222057,
    15.893454390976698,
    15.17481221761507,
    14.550344223060689,
    13.85705714607996,
    13.128713204734723,
    12.724282567915978,
    12.27356650318776,
    12.273566523590123,
    11.920825487085844,
    11.54772138428377,
    11.082304369543094,
    10.574673397247158,
    10.093551751735067,
    9.393664944052084,
    8.720808942935205,
    8.720808935029423,
    8.13494722790816,
    7.732373213255576,
    7.3764065175439555,
    7.03682429258502,
    6.731322613287807,
    6.54939054803403,
    6.349837912796593,
    6.349837903710848,
    6.185743333586421,
    6.006869949176533,
    5.799652572674847,
    5.569101929230968,
    5.3366064828870545,
    4.984705968211769,
    4.67661030256877,
    4.676610312937811,
    4.404385993379936,
    4.20282673088231,
    4.004419160535223,
    3.796142406425485,
    3.6106019755223953,
    3.4954860285417593,
    3.368493291230341,
    3.3684932886426866,
    3.2589015011521316,
    3.15024618137261,
    3.027379685132686,
    2.9032262747537163,
    2.7981822600379433,
    2.6662679239017977,
    2.5541973127934585,
    2.5541973173586148,
    2.447710044959145,
    2.357406829053377,
    2.2601423580961564,
    2.1568636540707677,
    2.0597017427644633,
    1.992813432017064,
    1.918669695092185,
    1.9186696985015637,
    1.8495880388993604,
    1.7857332410185789,
    1.7113005818045581,
    1.6268163706738987,
    1.555309633362018,
    1.4919223854031731,
    1.4280198293281785,
    1.4280198283722256,
    1.3631961921195697,
    1.3126802182545476,
    1.256632883401977,
    1.1956344436380617,
    1.142696864622527,
    1.1056349461101218,
    1.067801731709209,
    1.0678017286690686,
    1.030487093138752,
    0.9979275780126033,
    0.95907343405383,
    0.9113773359105859,
    0.8706766605600189,
    0.8263858050105588,
    0.7804365623950704,
    0.7804365633084301,
    0.7337333764183451,
    0.7014825794310634,
    0.6717802183591352,
    0.6320988592659762,
    0.594855919991886,
    0.5773489391833834,
    0.558723002055929,
    0.5587230009746258,
    0.544071535191707,
    0.529924015738889,
    0.5154018928463109,
    0.4955001654537966,
    0.4799275710113403,
    0.4444290411205905,
    0.4058510760358541,
    0.4058510753534493,
    0.37247415167937625,
    0.354512415217798,
    0.3402527527299532,
    0.32449298240863733,
    0.30632944629503855,
    0.29641697528545136,
    0.2863326127985737,
    0.2863326128000656,
    0.2789634165562615,
    0.270823449741884,
    0.26175307982285495,
    0.25172455759690254,
    0.24286961365402016,
    0.2281825337266913,
    0.21014245850377927,
    0.21014245845141852,
    0.19717522780514563,
    0.18814541779690003,
    0.1799425772898552,
    0.1707236446509512,
    0.1629004288064937,
    0.1579762364540328,
    0.1531098357116472,
    0.15310983516290544,
    0.14870503803668744,
    0.14427704412033796,
    0.1389931601270226,
    0.13301408013340743,
    0.12793967111659063,
    0.1190360473695104,
    0.1112926007294261,
    0.1112926010317413,
    0.10470659096847765,
    0.09961061494664747,
    0.09523836651769294,
    0.09004277584257012,
    0.08511920412679014,
    0.08220504532798571,
    0.07918514932932726,
    0.07918514916789972,
    0.07666620659435981,
    0.0742760586205939,
    0.07184726970986051,
    0.0688580576702152,
    0.06643843386564885,
    0.062288619217686886,
    0.05920301320366629,
    0.059203013268453716,
    0.05637659659649177,
    0.0539134086679042,
    0.051305264296282974,
    0.048511983642979276,
    0.045695292417472604,
    0.04387023343370437,
    0.0418406985377857,
    0.04184069832665605,
    0.04014775680931408,
    0.03872676841240744,
    0.037156858733453715,
    0.03534914252426985,
    0.03397251138875195,
    0.03270349083080267,
    0.03134946219094153,
    0.03134946223485458,
    0.03008021866004082,
    0.029014583485805604,
    0.02775631379837845,
    0.026205162627660324,
    0.02494488336198198,
    0.023923781397322846,
    0.022800323264474457,
    0.022800323252050905,
    0.021717225732561983,
    0.02087457264255553,
    0.019895845357881928,
    0.018728423829676332,
    0.017800216905432053,
    0.017134400050578057,
    0.016383004542471928,
    0.016383004538192615,
    0.01568809839947046,
    0.015149251778398747,
    0.014573869726928992,
    0.01382934265365935,
    0.013246155993098434,
    0.012760466790056766,
    0.012245948351489446,
    0.012245948357474059,
    0.011740838431236128,
    0.011323784619759131,
    0.010841666957213626,
    0.010242097647353553,
    0.009747781902250062,
    0.009285046525067783,
    0.008777140863888507,
    0.008777140870292131,
    0.008285502041669198,
    0.007960283291519286,
    0.007641670899598938,
    0.0071731143220395924,
    0.006756075837088977,
    0.006504340534041306,
    0.00622510661690818,
    0.006225106622864031,
    0.005978942388959076,
    0.005790428180876433,
    0.005584419936953947,
    0.00529708454908725,
    0.005084209934697263,
    0.004808881103525199,
    0.0044953825419930685,
    0.004495382563675578,
    0.004185724521962285,
    0.004002815355901045,
    0.003838633497458702,
    0.003572579005858998,
    0.003335143287348716,
    0.003211420937073528,
    0.0030725527986699645,
    0.0030725527913340466,
    0.0029545693802572586,
    0.0028719761642637173,
    0.0027843647822283313,
    0.0026458073578172043,
    0.0025564213018532916,
    0.002426029683510922,
    0.0022591810636424033,
    0.002259181072043758,
    0.0020979830351215488,
    0.0020147562184786166,
    0.0019396945295201188,
    0.0018280402938480312,
    0.0017169453833753684,
    0.0016677812869987057,
    0.001611820490092777,
    0.0016118204895172485,
    0.001566474267426182,
    0.0015268390519407055,
    0.0014845895905986801,
    0.0014281057909753066,
    0.001381784180099865,
    0.0012975366346729053,
    0.001196698461644945,
    0.0011966984621916907,
    0.0011087021909296807,
    0.0010576631966515884,
    0.0010157555296233336,
    0.0009625404424780547,
    0.0009082037759914084,
