{
  "gpu": false,
  "device": "cpu",
  "infile": "../matrix/cgne_init_65536_dble_csr.dat",
  "matfile": null,
  "k": 0.0,
  "kc": 0.0,
  "reordering": false,
  "preconditioning": true,
  "vol": 65536,
  "dim": 786048,
  "lattice": "16x16x16x16",
  "blk_dim": 196512,
  "bs": "16x16x8x8",
  "res": 1e-06,
  "tol": 0.0012541387482794752,
  "nmx": 313,
  "nkv": 7,
  "nmr": 4,
  "ncy": 8,
  "sdtype": "float32",
  "ddtype": "float64",
  "cdtype": "float32",
  "rn": [
    224.94172387594833,
    47.579633511126175,
    9.094973821466942,
    2.0272709630241783,
    0.372130982699386,
    0.07620151441010029,
    0.013989465082753037,
    0.01399684718980146,
    0.0031195704176009208,
    0.0006372975863950817,
    0.0006372976664684359
  ],
  "i": [
    0,
    1,
    2,
    3,
    4,
    5,
    6,
    7,
    8,
    9,
    10
  ],
  "reset": [
    7,
    10
  ],
  "duration": [
    20.80820393562317,
    20.66185975074768,
    20.650084733963013,
    20.648060083389282,
    20.65681290626526,
    20.63730788230896,
    20.73549199104309,
    20.674206018447876,
    20.675681114196777,
    20.73773455619812,
    20.68506646156311,
    20.718019485473633,
    20.634838342666626,
    20.61294674873352,
    20.667012929916382,
    20.569673538208008,
    20.650909900665283,
    20.610032081604004,
    20.631081581115723,
    20.65117335319519
  ],
  "status": 9
}