{
  "gpu": false,
  "device": "hybrid",
  "infile": "../matrix/cgne_init_4096_dble_csr.dat",
  "matfile": null,
  "k": 0.0,
  "kc": 0.0,
  "reordering": false,
  "preconditioning": true,
  "vol": 4096,
  "dim": 49152,
  "lattice": "8x8x8x8",
  "blk_dim": 6144,
  "bs": "8x4x4x4",
  "res": 1e-06,
  "tol": 0.0003135346870547978,
  "nmx": 417,
  "nkv": 7,
  "nmr": 4,
  "ncy": 6,
  "sdtype": "float32",
  "ddtype": "float64",
  "cdtype": "float32",
  "rn": [
    82.0627756819387,
    32.769995115684615,
    15.52484435029007,
    7.029982349584399,
    3.229960344877741,
    1.5492278643338515,
    0.7889924054176202,
    0.7889923712623546,
    0.47163948440190007,
    0.23550378958342436,
    0.11081574675259326,
    0.052258942783522194,
    0.025293871958806866,
    0.01171536995285986,
    0.004987908375259784,
    0.004987908688467995,
    0.002538085065952797,
    0.00091192379053501,
    0.0004180305493913051,
    0.0002130510444500467,
    0.00021305104140300485
  ],
  "i": [
    0,
    1,
    2,
    3,
    4,
    5,
    6,
    7,
    8,
    9,
    10,
    11,
    12,
    13,
    14,
    15,
    16,
    17,
    18,
    19,
    20
  ],
  "reset": [
    7,
    15,
    20
  ],
  "duration": [
    3.214418411254883,
    3.2124953269958496,
    3.2134058475494385,
    3.208407163619995,
    3.2037620544433594,
    3.211822986602783,
    3.1971986293792725,
    3.1961426734924316,
    3.1952011585235596,
    3.1953325271606445,
    3.198730945587158,
    3.197911024093628,
    3.196206569671631,
    3.2001285552978516,
    3.1955156326293945,
    3.197038412094116,
    3.194127082824707,
    3.1981372833251953,
    3.2023162841796875,
    3.196943998336792
  ],
  "status": 18
}