{
  "gpu": false,
  "device": "cpu",
  "infile": "../matrix/cgne_init_4096_dble_csr.dat",
  "matfile": "../matrix/conf6_0-8x8-20/conf6_0-8x8-20.mtx",
  "k": 0.15717,
  "kc": 0.15717,
  "reordering": true,
  "preconditioning": true,
  "vol": 4096,
  "dim": 49152,
  "lattice": "8x8x8x8",
  "blk_dim": 3072,
  "bs": "4x4x4x4",
  "res": 1e-06,
  "tol": 0.0003135346870547978,
  "nmx": 250,
  "nkv": 7,
  "nmr": 10,
  "ncy": 4,
  "sdtype": "float32",
  "ddtype": "float64",
  "cdtype": "float32",
  "rn": [
    26.850471246255402,
    12.089471748660399,
    6.550510326009868,
    3.9084763161724796,
    2.3273176508332813,
    1.5114697581376317,
    0.9600359625166859,
    0.9600354992003838,
    0.6213292282647684,
    0.3931407058150412,
    0.24440663680311428,
    0.1583090727873289,
    0.09803258359761428,
    0.05507320273241592,
    0.03118240791235436,
    0.03118240725142883,
    0.019170724139763676,
    0.011571231274176629,
    0.007003021804579155,
    0.0044675870877608536,
    0.0028751028430478867,
    0.0019056055824382388,
    0.0012347195989610477,
    0.0012347196267487115,
    0.0008314150878583137,
    0.0005270684987463269,
    0.00031940149949367914,
    0.00020212450368144522,
    0.0002021245034829684
  ],
  "i": [
    0,
    1,
    2,
    3,
    4,
    5,
    6,
    7,
    8,
    9,
    10,
    11,
    12,
    13,
    14,
    15,
    16,
    17,
    18,
    19,
    20,
    21,
    22,
    23,
    24,
    25,
    26,
    27,
    28
  ],
  "reset": [
    7,
    15,
    23,
    28
  ],
  "duration": [
    7.232053756713867,
    7.232734441757202,
    7.229314088821411,
    7.22711181640625,
    7.229575157165527,
    7.231462717056274,
    7.23345160484314,
    7.2340452671051025,
    7.235012054443359,
    7.234669923782349,
    7.233063697814941,
    7.232653617858887,
    7.22978138923645,
    7.228841066360474,
    7.232686281204224,
    7.232297658920288,
    7.231977939605713,
    7.230675458908081,
    7.232149362564087,
    7.233688592910767
  ],
  "status": 25
}