{
  "gpu": true,
  "infile": "../matrix/cgne_init_4096_dble_csr.dat",
  "matfile": "../matrix/conf6_0-8x8-20/conf6_0-8x8-20.mtx",
  "k": 0.15,
  "kc": 0.15717,
  "reordering": true,
  "preconditioning": true,
  "vol": 4096,
  "dim": 49152,
  "lattice": "8x8x8x8",
  "blk_dim": 3072,
  "bs": "4x4x4x4",
  "res": 1e-06,
  "tol": 0.00031353468703945405,
  "nmx": 2500,
  "nkv": 7,
  "nmr": 4,
  "ncy": 1,
  "sdtype": "float32",
  "ddtype": "float64",
  "cdtype": "float32",
  "rn": [
    93.6137771581183,
    34.718994295554616,
    18.95880515699459,
    11.702074109074234,
    7.73519478101217,
    5.299823686336843,
    3.709112274297022,
    3.7091123620294746,
    2.7704604178322225,
    2.050972047067362,
    1.4820479062411964,
    1.051489026163501,
    0.7361783770636354,
    0.5064647445270719,
    0.3687202105755102,
    0.3687202161712355,
    0.2839450991597067,
    0.2156738793135212,
    0.16306497241745546,
    0.12173494767025486,
    0.090190474115971,
    0.06739324549585522,
    0.05031891845536872,
    0.05031891893950519,
    0.038107618317426095,
    0.028822311669183413,
    0.021827556331575456,
    0.016392407550403984,
    0.01221452951226571,
    0.009187507317515463,
    0.007108796280388545,
    0.007108796269031969,
    0.0055467853588475596,
    0.004251742996590554,
    0.003198435920061508,
    0.0024113493885651064,
    0.0018308815135136868,
    0.0013771098597463985,
    0.0010473211320167143,
    0.001047321154098674,
    0.0008096872839155811,
    0.0006170829433662702,
    0.00046900951791605184,
    0.00035533563104933174,
    0.00026757793799990883,
    0.0002675779370102532
  ],
  "i": [
    0,
    1,
    2,
    3,
    4,
    5,
    6,
    7,
    8,
    9,
    10,
    11,
    12,
    13,
    14,
    15,
    16,
    17,
    18,
    19,
    20,
    21,
    22,
    23,
    24,
    25,
    26,
    27,
    28,
    29,
    30,
    31,
    32,
    33,
    34,
    35,
    36,
    37,
    38,
    39,
    40,
    41,
    42,
    43,
    44,
    45
  ],
  "reset": [
    7,
    15,
    23,
    31,
    39,
    45
  ],
  "duration": 2.5638668537139893,
  "status": 40
}