{
  "gpu": false,
  "device": "hybrid",
  "infile": "../matrix/cgne_init_4096_dble_csr.dat",
  "matfile": "../matrix/conf6_0-8x8-30/conf6.0-00l8x8-3000.mtx",
  "k": 0.05,
  "kc": 0.15649,
  "reordering": true,
  "preconditioning": true,
  "vol": 4096,
  "dim": 49152,
  "lattice": "8x8x8x8",
  "blk_dim": 12288,
  "bs": "8x8x4x4",
  "res": 1e-06,
  "tol": 0.0003135346870547978,
  "nmx": 250,
  "nkv": 7,
  "nmr": 10,
  "ncy": 4,
  "sdtype": "float32",
  "ddtype": "float64",
  "cdtype": "float32",
  "rn": [
    2.4165610281308395e-05,
    5.380082696288874e-05
  ],
  "i": [
    0,
    1
  ],
  "reset": [
    1
  ],
  "duration": [
    0.11125612258911133,
    0.11140322685241699,
    0.11067318916320801,
    0.1112053394317627,
    0.11084294319152832,
    0.11074233055114746,
    0.11101961135864258,
    0.11153173446655273,
    0.11107301712036133,
    0.11057734489440918,
    0.11092376708984375,
    0.11125779151916504,
    0.11115574836730957,
    0.11093854904174805,
    0.11073470115661621,
    0.1104736328125,
    0.11056303977966309,
    0.1110081672668457,
    0.11096930503845215,
    0.11134076118469238
  ],
  "status": 1
}