{
  "gpu": true,
  "device": "gpu",
  "infile": "../matrix/cgne_init_4096_dble_csr.dat",
  "matfile": "../matrix/conf6_0-8x8-20/conf6_0-8x8-20.mtx",
  "k": 0.15,
  "kc": 0.15717,
  "reordering": true,
  "preconditioning": true,
  "vol": 4096,
  "dim": 49152,
  "lattice": "8x8x8x8",
  "blk_dim": 24576,
  "bs": "8x8x8x4",
  "res": 1e-06,
  "tol": 0.00031353468703945405,
  "nmx": 250,
  "nkv": 7,
  "nmr": 4,
  "ncy": 10,
  "sdtype": "float32",
  "ddtype": "float64",
  "cdtype": "float64",
  "rn": [
    2.2269959241003487,
    0.2412522639404872,
    0.028558613461733415,
    0.0030338989954759557,
    0.00032906915959643506,
    3.956538778298978e-05,
    6.72996702483435e-05
  ],
  "i": [
    0,
    1,
    2,
    3,
    4,
    5,
    6
  ],
  "reset": [
    6
  ],
  "duration": [
    0.44654130935668945,
    0.29103589057922363,
    0.2879610061645508,
    0.2860386371612549,
    0.286285400390625,
    0.28263425827026367,
    0.2866184711456299,
    0.29077887535095215,
    0.2912728786468506,
    0.29079651832580566,
    0.28557276725769043,
    0.2833859920501709,
    0.2862260341644287,
    0.28244924545288086,
    0.28629183769226074,
    0.2906949520111084,
    0.29027438163757324,
    0.2863624095916748,
    0.29044055938720703,
    0.2817392349243164
  ],
  "status": 6
}