{
  "gpu": false,
  "device": "cpu",
  "infile": "../matrix/cgne_init_4096_dble_csr.dat",
  "matfile": "../matrix/conf6_0-8x8-20/conf6_0-8x8-20.mtx",
  "k": 0.15,
  "kc": 0.15717,
  "reordering": true,
  "preconditioning": true,
  "vol": 4096,
  "dim": 49152,
  "lattice": "8x8x8x8",
  "blk_dim": 24576,
  "bs": "8x8x8x4",
  "res": 1e-06,
  "tol": 0.0003135346870547978,
  "nmx": 417,
  "nkv": 7,
  "nmr": 12,
  "ncy": 2,
  "sdtype": "float32",
  "ddtype": "float64",
  "cdtype": "float64",
  "rn": [
    11.788342329533805,
    2.3987149496667337,
    0.52987399117039,
    0.12057630502850389,
    0.029217492079073724,
    0.006814211088989398,
    0.0018368614811615739,
    0.0018382905017019298,
    0.00047133060787953425,
    0.00012052594735437884,
    0.00012052595547776527
  ],
  "i": [
    0,
    1,
    2,
    3,
    4,
    5,
    6,
    7,
    8,
    9,
    10
  ],
  "reset": [
    7,
    10
  ],
  "duration": [
    2.303692579269409,
    2.307849168777466,
    2.304297924041748,
    2.306976079940796,
    2.3015267848968506,
    2.304614305496216,
    2.303401231765747,
    2.3038344383239746,
    2.30441951751709,
    2.305506706237793,
    2.307093858718872,
    2.2979745864868164,
    2.300762891769409,
    2.300907611846924,
    2.296473264694214,
    2.308089017868042,
    2.2995011806488037,
    2.306898832321167,
    2.2987568378448486,
    2.305455207824707
  ],
  "status": 9
}