{
  "gpu": true,
  "device": "gpu",
  "infile": "../matrix/cgne_init_4096_dble_csr.dat",
  "matfile": "../matrix/conf6_0-8x8-20/conf6_0-8x8-20.mtx",
  "k": 0.15717,
  "kc": 0.15717,
  "reordering": true,
  "preconditioning": true,
  "vol": 4096,
  "dim": 49152,
  "lattice": "8x8x8x8",
  "blk_dim": 3072,
  "bs": "4x4x4x4",
  "res": 1e-06,
  "tol": 0.00031353468703945405,
  "nmx": 125,
  "nkv": 7,
  "nmr": 20,
  "ncy": 4,
  "sdtype": "float32",
  "ddtype": "float64",
  "cdtype": "float32",
  "rn": [
    26.18884562227039,
    11.585827571524476,
    6.26724138836507,
    3.6805719427866954,
    2.2073127599144367,
    1.4175206426615166,
    0.884383938999876,
    0.8843837470481262,
    0.5569826731982593,
    0.3476419779908524,
    0.21679410832901833,
    0.13962883417467964,
    0.0852156706865638,
    0.04709625707833338,
    0.026950010440745326,
    0.026950012934906984,
    0.01641064986013503,
    0.00985400602467135,
    0.005983716592087438,
    0.0038161999751421707,
    0.0024442786602617474,
    0.0015646849344509118,
    0.0009984285190397276,
    0.0009984284482678722,
    0.000653642826199159,
    0.0004031727783592143,
    0.000245198091123681,
    0.00024519808839760707
  ],
  "i": [
    0,
    1,
    2,
    3,
    4,
    5,
    6,
    7,
    8,
    9,
    10,
    11,
    12,
    13,
    14,
    15,
    16,
    17,
    18,
    19,
    20,
    21,
    22,
    23,
    24,
    25,
    26,
    27
  ],
  "reset": [
    7,
    15,
    23,
    27
  ],
  "duration": [
    14.750030040740967,
    14.5458664894104,
    14.523849725723267,
    14.50848913192749,
    14.520361423492432,
    14.547006607055664,
    14.539417028427124,
    14.529627084732056,
    14.53584337234497,
    14.535860538482666,
    14.52754807472229,
    14.48860216140747,
    14.533218383789062,
    14.507741451263428,
    14.495659589767456,
    14.488515377044678,
    14.49621033668518,
    14.535221576690674,
    14.508569717407227,
    14.526468276977539
  ],
  "status": 24
}