{
  "gpu": false,
  "device": "hybrid",
  "infile": "../matrix/cgne_init_4096_dble_csr.dat",
  "matfile": "../matrix/conf6_0-8x8-30/conf6.0-00l8x8-3000.mtx",
  "k": 0.05,
  "kc": 0.15649,
  "reordering": true,
  "preconditioning": true,
  "vol": 4096,
  "dim": 49152,
  "lattice": "8x8x8x8",
  "blk_dim": 24576,
  "bs": "8x8x8x4",
  "res": 1e-06,
  "tol": 0.0003135346870762468,
  "nmx": 2500,
  "nkv": 7,
  "nmr": 4,
  "ncy": 1,
  "sdtype": "float64",
  "ddtype": "float64",
  "cdtype": "float64",
  "rn": [
    11.311735499989314,
    0.04126263315614315,
    0.00026747845250507684,
    0.000267478452504574
  ],
  "i": [
    0,
    1,
    2,
    3
  ],
  "reset": [
    3
  ],
  "duration": [
    0.03508353233337402,
    0.03471183776855469,
    0.03428959846496582,
    0.03448629379272461,
    0.03448176383972168,
    0.0344393253326416,
    0.03452777862548828,
    0.03461956977844238,
    0.03450965881347656,
    0.054872751235961914,
    0.0368802547454834,
    0.034583330154418945,
    0.06251096725463867,
    0.05924701690673828,
    0.03436160087585449,
    0.034543752670288086,
    0.03467273712158203,
    0.03464102745056152,
    0.06667542457580566,
    0.06777048110961914
  ],
  "status": 3
}