{
  "gpu": false,
  "device": "cpu",
  "infile": "../matrix/fgcr_check3_4096_dble_csr.dat",
  "matfile": null,
  "k": 0.0,
  "kc": 0.0,
  "reordering": false,
  "preconditioning": true,
  "vol": 4096,
  "dim": 49152,
  "lattice": "8x8x8x8",
  "blk_dim": 24576,
  "bs": "8x8x8x4",
  "res": 1e-06,
  "tol": 0.00031353468710831124,
  "nmx": 1250,
  "nkv": 7,
  "nmr": 2,
  "ncy": 4,
  "sdtype": "float32",
  "ddtype": "float64",
  "cdtype": "float32",
  "rn": [
    43.38786151475838,
    13.527525688342257,
    5.538735350263258,
    2.194130413540158,
    0.8381977620780161,
    0.3353201884455255,
    0.13152695760195685,
    0.1315270663605599,
    0.057002249987460035,
    0.027552141641206302,
    0.009882919497565359,
    0.004061787126507556,
    0.0017125308667687415,
    0.0005598870281175261,
    0.0002077014983044365,
    0.00020770167304592444
  ],
  "i": [
    0,
    1,
    2,
    3,
    4,
    5,
    6,
    7,
    8,
    9,
    10,
    11,
    12,
    13,
    14,
    15
  ],
  "reset": [
    7,
    15
  ],
  "duration": [
    1.585395336151123,
    1.5835850238800049,
    1.5844688415527344,
    1.5821666717529297,
    1.584038496017456,
    1.5832006931304932,
    1.5834159851074219,
    1.585561752319336,
    1.5845215320587158,
    1.5845141410827637,
    1.5826716423034668,
    1.5844612121582031,
    1.5844402313232422,
    1.583360195159912,
    1.5817480087280273,
    1.585773229598999,
    1.5823040008544922,
    1.5826725959777832,
    1.5846257209777832,
    1.580679178237915
  ],
  "status": 14
}