{
  "gpu": false,
  "infile": "../matrix/cgne_init_65536_dble_csr.dat",
  "matfile": null,
  "k": 0.0,
  "kc": 0.0,
  "reordering": false,
  "preconditioning": true,
  "vol": 65536,
  "dim": 786048,
  "lattice": "16x16x16x16",
  "blk_dim": 393024,
  "bs": "16x16x16x8",
  "res": 1e-06,
  "tol": 0.0012541387482794752,
  "nmx": 2500,
  "nkv": 7,
  "nmr": 4,
  "ncy": 1,
  "sdtype": "float32",
  "ddtype": "float64",
  "cdtype": "float64",
  "rn": [
    610.7087954612482,
    234.902287414106,
    104.62215095878545,
    47.70608338012705,
    21.648337848073304,
    10.209413124052878,
    4.788541583514662,
    4.788541809312658,
    2.3889536253445516,
    1.1821390541653325,
    0.5690165770167253,
    0.27468186776335796,
    0.13071332772923142,
    0.05705393121003227,
    0.026499271425539674,
    0.026499272782668247,
    0.013119722072463572,
    0.0064653645246619176,
    0.003120339021473532,
    0.0015424835244142647,
    0.0007470717480395384,
    0.0007470717479416956
  ],
  "i": [
    0,
    1,
    2,
    3,
    4,
    5,
    6,
    7,
    8,
    9,
    10,
    11,
    12,
    13,
    14,
    15,
    16,
    17,
    18,
    19,
    20,
    21
  ],
  "reset": [
    7,
    15,
    21
  ],
  "duration": 6.978379726409912,
  "status": 19
}