{
  "gpu": false,
  "infile": "../matrix/cgne_init_65536_dble_csr.dat",
  "matfile": null,
  "k": 0.0,
  "kc": 0.0,
  "reordering": false,
  "preconditioning": true,
  "vol": 65536,
  "dim": 786048,
  "lattice": "16x16x16x16",
  "blk_dim": 24564,
  "bs": "8x8x8x4",
  "res": 1e-06,
  "tol": 0.0012541387482794752,
  "nmx": 1250,
  "nkv": 7,
  "nmr": 4,
  "ncy": 2,
  "sdtype": "float32",
  "ddtype": "float64",
  "cdtype": "float64",
  "rn": [
    723.1924216006588,
    405.07496069897553,
    206.3335896572245,
    99.45030893418578,
    47.52959590420536,
    22.57977564207099,
    10.831029987250359,
    10.831030057054608,
    6.490640947415087,
    2.7677088788171655,
    1.3015564114701248,
    0.6037296407654226,
    0.2949634118850785,
    0.14445091711409905,
    0.0677314843125668,
    0.06773148752276006,
    0.04016845507465489,
    0.019030193637346936,
    0.00822693520673296,
    0.004060260189944994,
    0.002123437003787512,
    0.0011036966484078445,
    0.0011036966094658798
  ],
  "i": [
    0,
    1,
    2,
    3,
    4,
    5,
    6,
    7,
    8,
    9,
    10,
    11,
    12,
    13,
    14,
    15,
    16,
    17,
    18,
    19,
    20,
    21,
    22
  ],
  "reset": [
    7,
    15,
    22
  ],
  "duration": 13.402259826660156,
  "status": 20
}