{
  "gpu": true,
  "device": "gpu",
  "infile": "../matrix/fgcr_check3_4096_dble_csr.dat",
  "matfile": null,
  "k": 0.0,
  "kc": 0.0,
  "reordering": false,
  "preconditioning": true,
  "vol": 4096,
  "dim": 49152,
  "lattice": "8x8x8x8",
  "blk_dim": 24576,
  "bs": "8x8x8x4",
  "res": 1e-06,
  "tol": 0.0003135346870762468,
  "nmx": 1250,
  "nkv": 7,
  "nmr": 2,
  "ncy": 4,
  "sdtype": "float64",
  "ddtype": "float64",
  "cdtype": "float64",
  "rn": [
    43.38786119771502,
    13.527525616227951,
    5.5387352888632835,
    2.194130299096871,
    0.8381976283447231,
    0.33532010005055607,
    0.13152688836090679,
    0.13152688836090665,
    0.05700256042500274,
    0.02755225702528538,
    0.009882853062127299,
    0.004061819653131121,
    0.0017125346165088682,
    0.00055987803592918,
    0.00020770474446626607,
    0.00020770474446593827
  ],
  "i": [
    0,
    1,
    2,
    3,
    4,
    5,
    6,
    7,
    8,
    9,
    10,
    11,
    12,
    13,
    14,
    15
  ],
  "reset": [
    7,
    15
  ],
  "duration": [
    0.4196512699127197,
    0.20228004455566406,
    0.20225119590759277,
    0.2024216651916504,
    0.2024221420288086,
    0.20206999778747559,
    0.20252752304077148,
    0.20215749740600586,
    0.2024223804473877,
    0.2024531364440918,
    0.2022559642791748,
    0.2024250030517578,
    0.20263910293579102,
    0.20258784294128418,
    0.20268464088439941,
    0.2025754451751709,
    0.20229077339172363,
    0.20232319831848145,
    0.20254039764404297,
    0.20267438888549805
  ],
  "status": 14
}