{
  "gpu": false,
  "device": "hybrid",
  "infile": "../matrix/cgne_init_4096_dble_csr.dat",
  "matfile": "../matrix/conf6_0-8x8-20/conf6_0-8x8-20.mtx",
  "k": 0.15,
  "kc": 0.15717,
  "reordering": true,
  "preconditioning": true,
  "vol": 4096,
  "dim": 49152,
  "lattice": "8x8x8x8",
  "blk_dim": 12288,
  "bs": "8x8x4x4",
  "res": 1e-06,
  "tol": 0.0003135346870547978,
  "nmx": 1250,
  "nkv": 7,
  "nmr": 2,
  "ncy": 4,
  "sdtype": "float32",
  "ddtype": "float64",
  "cdtype": "float32",
  "rn": [
    24.807526477759858,
    8.42681836235074,
    4.108433658340008,
    2.138206302747721,
    1.1917811855123273,
    0.6530250546456822,
    0.37088438296397713,
    0.3708844568437704,
    0.22533374954334595,
    0.13405470677928227,
    0.08113408734777727,
    0.04647100689713339,
    0.026225532638549875,
    0.013395467533168169,
    0.007736121138672596,
    0.007736122002700958,
    0.004857222169407468,
    0.0028748995925906053,
    0.001721785395047627,
    0.0010068842281814225,
    0.0005890576378346104,
    0.00033668954438734297,
    0.0002021324853460804,
    0.00020213250271888163
  ],
  "i": [
    0,
    1,
    2,
    3,
    4,
    5,
    6,
    7,
    8,
    9,
    10,
    11,
    12,
    13,
    14,
    15,
    16,
    17,
    18,
    19,
    20,
    21,
    22,
    23
  ],
  "reset": [
    7,
    15,
    23
  ],
  "duration": [
    0.6329660415649414,
    0.6332395076751709,
    0.6328284740447998,
    0.6331667900085449,
    0.6330587863922119,
    0.634138822555542,
    0.6311895847320557,
    0.6315467357635498,
    0.631922721862793,
    0.6313552856445312,
    0.6325337886810303,
    0.6319971084594727,
    0.6322705745697021,
    0.6322410106658936,
    0.6312189102172852,
    0.6321427822113037,
    0.6297433376312256,
    0.6318094730377197,
    0.6309542655944824,
    0.6313502788543701
  ],
  "status": 21
}