{
  "gpu": true,
  "device": "gpu",
  "infile": "../matrix/cgne_init_4096_dble_csr.dat",
  "matfile": "../matrix/conf6_0-8x8-30/conf6.0-00l8x8-3000.mtx",
  "k": 0.15649,
  "kc": 0.15649,
  "reordering": true,
  "preconditioning": true,
  "vol": 4096,
  "dim": 49152,
  "lattice": "8x8x8x8",
  "blk_dim": 12288,
  "bs": "8x8x4x4",
  "res": 1e-06,
  "tol": 0.00031353468703945405,
  "nmx": 417,
  "nkv": 7,
  "nmr": 12,
  "ncy": 2,
  "sdtype": "float32",
  "ddtype": "float64",
  "cdtype": "float32",
  "rn": [
    31.8233708880064,
    16.55512865143974,
    9.424058320769637,
    6.13937153734328,
    4.225617334699903,
    2.724300289630004,
    1.776168368356622,
    1.7761680740365846,
    1.2076730638724882,
    0.8574302308546382,
    0.6181832565402504,
    0.41090459335218477,
    0.2634453295364338,
    0.18384925990282855,
    0.12820571246369206,
    0.1282057154214985,
    0.0870200098392722,
    0.062306789659565986,
    0.04765405227862779,
    0.03542358855876433,
    0.025371854246631527,
    0.017390593291020877,
    0.012343543196526762,
    0.012343542485723722,
    0.00868503684045437,
    0.00623400661314932,
    0.004290459351311449,
    0.003046343454417729,
    0.0022414829560286503,
    0.0015571454492706804,
    0.0010516052484762968,
    0.0010516052320332214,
    0.0007687856309072287,
    0.0005911241023841827,
    0.0004241026323303769,
    0.0002836259103569843,
    0.00028362591165104043
  ],
  "i": [
    0,
    1,
    2,
    3,
    4,
    5,
    6,
    7,
    8,
    9,
    10,
    11,
    12,
    13,
    14,
    15,
    16,
    17,
    18,
    19,
    20,
    21,
    22,
    23,
    24,
    25,
    26,
    27,
    28,
    29,
    30,
    31,
    32,
    33,
    34,
    35,
    36
  ],
  "reset": [
    7,
    15,
    23,
    31,
    36
  ],
  "duration": [
    1.7427399158477783,
    1.5951406955718994,
    1.5734727382659912,
    1.5894145965576172,
    1.612288236618042,
    1.585012435913086,
    1.6137852668762207,
    1.5875635147094727,
    1.5700252056121826,
    1.600344181060791,
    1.5902366638183594,
    1.5895402431488037,
    1.5945022106170654,
    1.5798492431640625,
    1.6121885776519775,
    1.5726914405822754,
    1.605126142501831,
    1.598607063293457,
    1.5703082084655762,
    1.5994532108306885
  ],
  "status": 32
}