{
  "gpu": false,
  "infile": "../matrix/cgne_init_4096_dble_csr.dat",
  "matfile": null,
  "k": 0.0,
  "kc": 0.0,
  "reordering": false,
  "preconditioning": true,
  "vol": 4096,
  "dim": 49152,
  "lattice": "8x8x8x8",
  "blk_dim": 24576,
  "bs": "8x8x8x4",
  "res": 1e-06,
  "tol": 0.0003135346870762468,
  "nmx": 417,
  "nkv": 7,
  "nmr": 6,
  "ncy": 4,
  "sdtype": "float64",
  "ddtype": "float64",
  "cdtype": "float64",
  "rn": [
    214.85033277441005,
    169.4863210231228,
    145.99753840138806,
    131.05352306809272,
    120.06294686335083,
    111.23323860917651,
    104.33346636930308,
    104.3334663693031,
    99.64679119251716,
    95.86253364760576,
    93.27789556585462,
    90.28355250802082,
    87.38225676542699,
    81.48225011213931,
    76.97872490935761,
    76.97872490935762,
    74.31541485271045,
    72.28364902762885,
    71.02104267866989,
    69.97959736945708,
    69.1162292717802,
    67.72077044374115,
    66.1934718516164,
    66.1934718516164,
    64.80679160298718,
    63.55243675423039,
    62.546096882242644,
    61.379063231419366,
    60.21992794143043,
    57.85717116097617,
    55.12646044433498,
    55.12646044433498,
    52.49151840821706,
    50.5726839663071,
    48.936852783230364,
    47.39544694166898,
    45.95531942586495,
    44.67228205756366,
    43.29129222936143,
    43.29129222936143,
    41.97102091147624,
    40.636577201569004,
    39.01969207291596,
    37.38683940337434,
    35.8327629739417,
    34.03846787123363,
    32.039636640637056,
    32.039636640637056,
    30.048785667725944,
    28.770758538560145,
    27.575649920000338,
    26.28116961508226,
    25.01418055217581,
    24.33125752827389,
    23.545532004691445,
    23.545532004691445,
    22.880104622129465,
    22.207856026011402,
    21.360571590992897,
    20.49447295588806,
    19.645409029590546,
    18.44411280233,
    17.16667422077944,
    17.166674220779445,
    15.957144357586184,
    15.189014482164993,
    14.492197518802682,
    13.735683416276839,
    13.020307806555405,
    12.624335416249966,
    12.174622634002331,
    12.174622634002331,
    11.812253817214378,
    11.44369755278667,
    11.00304697646616,
    10.537137861620096,
    10.092366737567872,
    9.469941795817434,
    8.92671224542823,
    8.926712245428233,
    8.44217554038668,
    8.074392839657671,
    7.720397485161598,
    7.375773186169836,
    7.05545816700996,
    6.852587045232073,
    6.626267949162514,
    6.626267949162513,
    6.433187888903835,
    6.239630970981458,
    5.997751089568903,
    5.7372036392335195,
    5.481291021294786,
    5.181439962312555,
    4.902658631102246,
    4.902658631102246,
    4.6377111125595665,
    4.429845884747788,
    4.209771529662422,
    3.9795265987615798,
    3.778354303715353,
    3.665377241752706,
    3.5371946212732626,
    3.537194621273262,
    3.4267666267477104,
    3.323922505788935,
    3.200368782402577,
    3.0725630899448686,
    2.9567043925648497,
    2.8164518168630446,
    2.6926900879977365,
    2.692690087997736,
    2.569953048931644,
    2.4668179143436846,
    2.3550831781371104,
    2.23979769975516,
    2.132907192149664,
    2.0676346331860356,
    1.9921602420293703,
    1.9921602420293714,
    1.9258737491167541,
    1.8658141541875788,
    1.7965872535075769,
    1.721563531067572,
    1.6502963439689742,
    1.5712099691511296,
    1.4969585570809254,
    1.496958557080925,
    1.4191851220946103,
    1.357128038569423,
    1.2891601060867612,
    1.2253790478805102,
    1.1684450896744112,
    1.1348377843040136,
    1.0945398984678407,
    1.0945398984678407,
    1.0598560776162755,
    1.0287308584863766,
    0.9935910420918298,
    0.9507105443336955,
    0.9104144450522511,
    0.8602557032579689,
    0.8146410167732784,
    0.8146410167732783,
    0.7669988070461572,
    0.7296267307155186,
    0.6943505800023045,
    0.6586867259709837,
    0.6273999541952289,
    0.6102758497865476,
    0.5887634512850658,
    0.5887634512850659,
    0.5713197805227099,
    0.5553178428244288,
    0.5386371061380799,
    0.5164101227869045,
    0.49534369810385653,
    0.4545163906791671,
    0.4150928060891326,
    0.4150928060891331,
    0.3769963124068159,
    0.3536667320905129,
    0.3324626925140376,
    0.31384066391102194,
    0.2971362776088679,
    0.2878569441303497,
    0.2772177648219359,
    0.2772177648219358,
    0.26921414555189704,
    0.26199114113462024,
    0.2544989401980523,
    0.24639254931837837,
    0.2386659283074925,
    0.22752394452736982,
    0.21644899975958296,
    0.21644899975958282,
    0.2066442643888565,
    0.1988244637586345,
    0.19032023503625686,
    0.18186095512035924,
    0.17378267018655752,
    0.16851818127434004,
    0.16240646603482026,
    0.16240646603481962,
    0.15675512508560888,
    0.15172492760273396,
    0.1451834747086738,
    0.13802609330283166,
    0.13141146444135537,
    0.12557832291494866,
    0.11921984307503651,
    0.11921984307503737,
    0.11283492849829445,
    0.10814546793136917,
    0.10298293362195812,
    0.09716159371994341,
    0.09210301262684031,
    0.08936494948891922,
    0.08612510387819047,
    0.08612510387819024,
    0.08334389961454584,
    0.08091257679834268,
    0.07803388299449474,
    0.07468156529214368,
    0.07174341844518914,
    0.06765490636798822,
    0.06368272829181873,
    0.06368272829181965,
    0.05967820576890799,
    0.05686406674503175,
    0.054341131935844375,
    0.05131304562022772,
    0.048651893613789236,
    0.04719573658035837,
    0.04549816121973357,
    0.04549816121973308,
    0.04410801842240774,
    0.042871060156191826,
    0.041610036284381,
    0.039852900069435405,
    0.03833831277087854,
    0.035261766444980636,
    0.03261142772647347,
    0.032611427726474226,
    0.030089046337724572,
    0.02848068421118384,
    0.02712708462078105,
    0.02571749400771175,
    0.02462795859786194,
    0.023905563411501254,
    0.023075180261696377,
    0.02307518026169557,
    0.022334645502436083,
    0.021693209779930858,
    0.02093503996711101,
    0.019970561816737807,
    0.019175636734523608,
    0.017978937609324338,
    0.016522572593760523,
    0.016522572593761588,
    0.015268362105232563,
    0.014564255938801509,
    0.01386196015668714,
    0.013074362489432553,
    0.012492990201054812,
    0.012158651714740796,
    0.01180907028312603,
    0.011809070283125915,
    0.011511757151089999,
    0.011207716806328132,
    0.010889966083851541,
    0.010495209262285103,
    0.01009594073631919,
    0.009371361209297994,
    0.008674568380927858,
    0.008674568380927752,
    0.008173635144967177,
    0.007801831350400335,
    0.007483839013810584,
    0.00712504466928252,
    0.006853087467398197,
    0.006640049545994187,
    0.006433062871153791,
    0.00643306287115305,
    0.006246019542498707,
    0.0060704545739576465,
    0.005874824482831157,
    0.005626300420679315,
    0.00541794505561572,
    0.005038915575192996,
    0.004718960822936062,
    0.0047189608229373375,
    0.004454604230298048,
    0.004258701067111459,
    0.004082694068773651,
    0.0038694009763657593,
    0.0036770612156892023,
    0.0035545283012338915,
    0.0034241916315816286,
    0.003424191631580244,
    0.00331109792179611,
    0.0032088654803611584,
    0.0030901672146279777,
    0.0029246036410957485,
    0.00280754160457891,
    0.002639753492863814,
    0.0024659928974956054,
    0.0024659928974955308,
    0.0023205229013213372,
    0.0022269252754929937,
    0.0021393903545509478,
    0.002027585849843568,
    0.0019282849199346978,
    0.0018712172171655385,
    0.0018114029391485837,
    0.0018114029391492312,
    0.0017616951110761118,
    0.0017138130141472782,
    0.0016575719214010714,
    0.0015879655201896088,
    0.0015303037942865658,
    0.0014413765079306059,
    0.0013476975365476127,
    0.0013476975365473716,
    0.0012704230020150178,
    0.001216626150841055,
    0.0011703770318856911,
    0.0011058217413450655,
