{
  "gpu": true,
  "device": "gpu",
  "infile": "../matrix/cgne_init_4096_dble_csr.dat",
  "matfile": "../matrix/conf6_0-8x8-30/conf6.0-00l8x8-3000.mtx",
  "k": 0.05,
  "kc": 0.15649,
  "reordering": true,
  "preconditioning": true,
  "vol": 4096,
  "dim": 49152,
  "lattice": "8x8x8x8",
  "blk_dim": 12288,
  "bs": "8x8x4x4",
  "res": 1e-06,
  "tol": 0.00031353468703945405,
  "nmx": 417,
  "nkv": 7,
  "nmr": 6,
  "ncy": 4,
  "sdtype": "float32",
  "ddtype": "float64",
  "cdtype": "float32",
  "rn": [
    3.351866183050047e-05,
    5.093571565982602e-05
  ],
  "i": [
    0,
    1
  ],
  "reset": [
    1
  ],
  "duration": [
    0.05238485336303711,
    0.05286383628845215,
    0.0500490665435791,
    0.05287933349609375,
    0.0526883602142334,
    0.05057024955749512,
    0.05114245414733887,
    0.05223512649536133,
    0.05046200752258301,
    0.050469398498535156,
    0.050708770751953125,
    0.05148601531982422,
    0.0519404411315918,
    0.05102205276489258,
    0.05221390724182129,
    0.05229306221008301,
    0.05227041244506836,
    0.05231523513793945,
    0.05223512649536133,
    0.05235695838928223
  ],
  "status": 1
}