{
  "gpu": false,
  "device": "hybrid",
  "infile": "../matrix/cgne_init_4096_dble_csr.dat",
  "matfile": "../matrix/conf6_0-8x8-30/conf6.0-00l8x8-3000.mtx",
  "k": 0.05,
  "kc": 0.15649,
  "reordering": true,
  "preconditioning": true,
  "vol": 4096,
  "dim": 49152,
  "lattice": "8x8x8x8",
  "blk_dim": 24576,
  "bs": "8x8x8x4",
  "res": 1e-06,
  "tol": 0.0003135346870547978,
  "nmx": 125,
  "nkv": 7,
  "nmr": 20,
  "ncy": 4,
  "sdtype": "float32",
  "ddtype": "float64",
  "cdtype": "float64",
  "rn": [
    2.416561663740733e-05,
    4.0601782755514844e-05
  ],
  "i": [
    0,
    1
  ],
  "reset": [
    1
  ],
  "duration": [
    0.10914874076843262,
    0.11718893051147461,
    0.10791134834289551,
    0.1077122688293457,
    0.10828113555908203,
    0.10918998718261719,
    0.11151671409606934,
    0.10860967636108398,
    0.10848522186279297,
    0.10757994651794434,
    0.10724258422851562,
    0.11743283271789551,
    0.10833430290222168,
    0.10854244232177734,
    0.10817742347717285,
    0.11132550239562988,
    0.1082613468170166,
    0.10853886604309082,
    0.10788249969482422,
    0.10871672630310059
  ],
  "status": 1
}