{
  "gpu": false,
  "device": "hybrid",
  "infile": "../matrix/fgcr_check3_4096_dble_csr.dat",
  "matfile": null,
  "k": 0.0,
  "kc": 0.0,
  "reordering": false,
  "preconditioning": true,
  "vol": 4096,
  "dim": 49152,
  "lattice": "8x8x8x8",
  "blk_dim": 24576,
  "bs": "8x8x8x4",
  "res": 1e-06,
  "tol": 0.00031353468710831124,
  "nmx": 125,
  "nkv": 7,
  "nmr": 20,
  "ncy": 4,
  "sdtype": "float32",
  "ddtype": "float64",
  "cdtype": "float64",
  "rn": [
    25.52853828177103,
    5.167154311567143,
    1.43426893940848,
    0.36544066865974556,
    0.09170648043626717,
    0.023918460192147505,
    0.005834731706773302,
    0.005835166390433604,
    0.0016970026742981236,
    0.0005607176257412038,
    0.0001245379878242198,
    0.00012453798375243745
  ],
  "i": [
    0,
    1,
    2,
    3,
    4,
    5,
    6,
    7,
    8,
    9,
    10,
    11
  ],
  "reset": [
    7,
    11
  ],
  "duration": [
    1.8943471908569336,
    1.8934667110443115,
    1.8937938213348389,
    1.8938188552856445,
    1.8939218521118164,
    1.8939573764801025,
    1.8942592144012451,
    1.8938932418823242,
    1.8930974006652832,
    1.8930037021636963,
    1.893782615661621,
    1.8935940265655518,
    1.8944504261016846,
    1.8938968181610107,
    1.8942620754241943,
    1.8929286003112793,
    1.8933329582214355,
    1.8929345607757568,
    1.893585443496704,
    1.8932161331176758
  ],
  "status": 10
}