{
  "gpu": true,
  "device": "gpu",
  "infile": "../matrix/cgne_init_4096_dble_csr.dat",
  "matfile": null,
  "k": 0.0,
  "kc": 0.0,
  "reordering": false,
  "preconditioning": true,
  "vol": 4096,
  "dim": 49152,
  "lattice": "8x8x8x8",
  "blk_dim": 6144,
  "bs": "8x4x4x4",
  "res": 1e-06,
  "tol": 0.00031353468703945405,
  "nmx": 250,
  "nkv": 7,
  "nmr": 10,
  "ncy": 4,
  "sdtype": "float32",
  "ddtype": "float64",
  "cdtype": "float64",
  "rn": [
    55.598531571036105,
    36.478777091679305,
    24.043147867892326,
    14.85669972357862,
    9.854034767941311,
    6.161145523911035,
    3.9800914876991778,
    3.9800915236507026,
    2.6640021622184875,
    1.632632936103741,
    1.0593973252801767,
    0.6556134911228446,
    0.4341290772724163,
    0.274850051344203,
    0.17875076425796427,
    0.17875076270609924,
    0.11988830944694395,
    0.07105692103376246,
    0.04373868746928683,
    0.02728582016335254,
    0.01786846622533866,
    0.011366845496640385,
    0.007450248450835498,
    0.00745024829739317,
    0.005067204173567063,
    0.0031956249987551374,
    0.0020893258133594236,
    0.0013331402452366355,
    0.000885496143559839,
    0.000567969312996911,
    0.0003799705086563551,
    0.00037997050728356274,
    0.00025931829433546445,
    0.0002593182942457679
  ],
  "i": [
    0,
    1,
    2,
    3,
    4,
    5,
    6,
    7,
    8,
    9,
    10,
    11,
    12,
    13,
    14,
    15,
    16,
    17,
    18,
    19,
    20,
    21,
    22,
    23,
    24,
    25,
    26,
    27,
    28,
    29,
    30,
    31,
    32,
    33
  ],
  "reset": [
    7,
    15,
    23,
    31,
    33
  ],
  "duration": [
    4.748136281967163,
    4.568231582641602,
    4.575774431228638,
    4.586938858032227,
    4.555424928665161,
    4.570223808288574,
    4.568631887435913,
    4.567490339279175,
    4.5437400341033936,
    4.577536344528198,
    4.566147804260254,
    4.566892147064209,
    4.575963497161865,
    4.578856468200684,
    4.555318355560303,
    4.592716217041016,
    4.581629514694214,
    4.578758478164673,
    4.5765087604522705,
    4.581963062286377
  ],
  "status": 29
}