{
  "gpu": false,
  "device": "cpu",
  "infile": "../matrix/cgne_init_65536_dble_csr.dat",
  "matfile": null,
  "k": 0.0,
  "kc": 0.0,
  "reordering": false,
  "preconditioning": true,
  "vol": 65536,
  "dim": 786048,
  "lattice": "16x16x16x16",
  "blk_dim": 24564,
  "bs": "8x8x8x4",
  "res": 1e-06,
  "tol": 0.0012541387482794752,
  "nmx": 210,
  "nkv": 7,
  "nmr": 12,
  "ncy": 4,
  "sdtype": "float32",
  "ddtype": "float64",
  "cdtype": "float64",
  "rn": [
    60.141290678232394,
    4.556711565694666,
    0.37205327260863724,
    0.03193607096738758,
    0.002894645636478994,
    0.00027524641462903205,
    0.00039269669026892134
  ],
  "i": [
    0,
    1,
    2,
    3,
    4,
    5,
    6
  ],
  "reset": [
    6
  ],
  "duration": [
    13.898639917373657,
    13.89023470878601,
    13.916897773742676,
    13.852208852767944,
    13.854056119918823,
    13.828840494155884,
    13.865023851394653,
    13.881757974624634,
    13.896626710891724,
    13.919798851013184,
    13.877738952636719,
    13.88997769355774,
    13.874578952789307,
    13.85817837715149,
    13.857844114303589,
    13.875291109085083,
    13.875390529632568,
    13.863258361816406,
    13.884521722793579,
    13.854492902755737
  ],
  "status": 6
}