{
  "gpu": false,
  "device": "hybrid",
  "infile": "../matrix/cgne_init_4096_dble_csr.dat",
  "matfile": "../matrix/conf6_0-8x8-30/conf6.0-00l8x8-3000.mtx",
  "k": 0.05,
  "kc": 0.15649,
  "reordering": false,
  "preconditioning": false,
  "vol": 4096,
  "dim": 49152,
  "lattice": "8x8x8x8",
  "blk_dim": 24576,
  "bs": "8x8x8x4",
  "res": 1e-06,
  "tol": 0.0003135346870547978,
  "nmx": 10000,
  "nkv": 7,
  "nmr": 0,
  "ncy": 0,
  "sdtype": "float32",
  "ddtype": "float64",
  "cdtype": "float64",
  "rn": [
    61.62500516007227,
    13.571582888921297,
    3.2152912398056785,
    0.7816502154246375,
    0.19458505998802067,
    0.0487201730324922,
    0.01230750298805628,
    0.01230765648626841,
    0.0032386722845621865,
    0.000804125208004484,
    0.00020802382023090278,
    0.00020802381562269926
  ],
  "i": [
    0,
    1,
    2,
    3,
    4,
    5,
    6,
    7,
    8,
    9,
    10,
    11
  ],
  "reset": [
    7,
    11
  ],
  "duration": [
    0.13724565505981445,
    0.1363997459411621,
    0.1363081932067871,
    0.13607001304626465,
    0.1366274356842041,
    0.13620662689208984,
    0.13663554191589355,
    0.13631606101989746,
    0.13621282577514648,
    0.1364881992340088,
    0.13688325881958008,
    0.1374070644378662,
    0.13718366622924805,
    0.13731622695922852,
    0.13741517066955566,
    0.13752293586730957,
    0.1378169059753418,
    0.13691067695617676,
    0.13704800605773926,
    0.13767004013061523
  ],
  "status": 10
}