{
  "gpu": false,
  "device": "cpu",
  "infile": "../matrix/cgne_init_65536_dble_csr.dat",
  "matfile": null,
  "k": 0.0,
  "kc": 0.0,
  "reordering": false,
  "preconditioning": true,
  "vol": 65536,
  "dim": 786048,
  "lattice": "16x16x16x16",
  "blk_dim": 6141,
  "bs": "8x4x4x4",
  "res": 1e-06,
  "tol": 0.0012541387482794752,
  "nmx": 625,
  "nkv": 7,
  "nmr": 8,
  "ncy": 2,
  "sdtype": "float32",
  "ddtype": "float64",
  "cdtype": "float64",
  "rn": [
    714.0828207724479,
    471.4086284597632,
    300.31463998641493,
    187.70033747805866,
    116.44753778217985,
    72.78666420704924,
    46.532066796057514,
    46.53206682289625,
    30.39999299064794,
    20.33668491569998,
    13.667867322499553,
    9.320170193166959,
    6.429399453717614,
    4.450261370148457,
    3.1002134875395937,
    3.1002134742056486,
    2.166039821061258,
    1.5388449458455276,
    1.0770328876137827,
    0.7649742442337276,
    0.5426962502746723,
    0.37952565617766193,
    0.2655532462126611,
    0.2655532447864551,
    0.18798581023336727,
    0.13469123785464296,
    0.09503106214283316,
    0.06794011268010892,
    0.048603610093888305,
    0.0342778324982747,
    0.024320455774947253,
    0.02432045597815405,
    0.017332468276427513,
    0.012476962611349634,
    0.008861657347154358,
    0.006365466341456063,
    0.004559728818967196,
    0.0032319561562189412,
    0.002301599447339366,
    0.0023015994762331845,
    0.0016407550886646844,
    0.001187763289084333,
    0.0011877632897974225
  ],
  "i": [
    0,
    1,
    2,
    3,
    4,
    5,
    6,
    7,
    8,
    9,
    10,
    11,
    12,
    13,
    14,
    15,
    16,
    17,
    18,
    19,
    20,
    21,
    22,
    23,
    24,
    25,
    26,
    27,
    28,
    29,
    30,
    31,
    32,
    33,
    34,
    35,
    36,
    37,
    38,
    39,
    40,
    41,
    42
  ],
  "reset": [
    7,
    15,
    23,
    31,
    39,
    42
  ],
  "duration": [
    27.615270853042603,
    27.598679542541504,
    27.597010612487793,
    27.574989557266235,
    27.628454208374023,
    27.612554788589478,
    27.596006155014038,
    27.612099170684814,
    27.635250091552734,
    27.63738465309143,
    27.650235652923584,
    27.58327627182007,
    27.610286235809326,
    27.58257269859314,
    27.6517117023468,
    27.57998752593994,
    27.59722399711609,
    27.62631392478943,
    27.634435415267944,
    27.62846088409424
  ],
  "status": 37
}