{
  "gpu": false,
  "device": "cpu",
  "infile": "../matrix/fgcr_check3_4096_dble_csr.dat",
  "matfile": null,
  "k": 0.0,
  "kc": 0.0,
  "reordering": false,
  "preconditioning": true,
  "vol": 4096,
  "dim": 49152,
  "lattice": "8x8x8x8",
  "blk_dim": 6144,
  "bs": "8x4x4x4",
  "res": 1e-06,
  "tol": 0.00031353468710831124,
  "nmx": 1250,
  "nkv": 7,
  "nmr": 2,
  "ncy": 4,
  "sdtype": "float32",
  "ddtype": "float64",
  "cdtype": "float64",
  "rn": [
    43.377085411830855,
    13.497435440869314,
    5.526988839415763,
    2.19016535645199,
    0.8361658282470055,
    0.3340574657582614,
    0.13084304339185482,
    0.13084291774072118,
    0.05669496467628965,
    0.0273989400709092,
    0.009795160696322892,
    0.004007917777111238,
    0.001688126053925112,
    0.0005518020116233741,
    0.00020453000364215008,
    0.00020453003618972417
  ],
  "i": [
    0,
    1,
    2,
    3,
    4,
    5,
    6,
    7,
    8,
    9,
    10,
    11,
    12,
    13,
    14,
    15
  ],
  "reset": [
    7,
    15
  ],
  "duration": [
    1.809492826461792,
    1.8089392185211182,
    1.8097875118255615,
    1.8090908527374268,
    1.8091106414794922,
    1.8086011409759521,
    1.8087773323059082,
    1.8078994750976562,
    1.8083901405334473,
    1.8118269443511963,
    1.807807445526123,
    1.809668779373169,
    1.808506727218628,
    1.8097045421600342,
    1.8086092472076416,
    1.8098227977752686,
    1.8074266910552979,
    1.8085050582885742,
    1.807908058166504,
    1.8085103034973145
  ],
  "status": 14
}