{
  "gpu": false,
  "device": "hybrid",
  "infile": "../matrix/fgcr_check3_4096_dble_csr.dat",
  "matfile": null,
  "k": 0.0,
  "kc": 0.0,
  "reordering": false,
  "preconditioning": true,
  "vol": 4096,
  "dim": 49152,
  "lattice": "8x8x8x8",
  "blk_dim": 6144,
  "bs": "8x4x4x4",
  "res": 1e-06,
  "tol": 0.0003135346870762468,
  "nmx": 250,
  "nkv": 7,
  "nmr": 4,
  "ncy": 10,
  "sdtype": "float64",
  "ddtype": "float64",
  "cdtype": "float64",
  "rn": [
    7.956444630387877,
    2.4233660286428544,
    0.7570424433783493,
    0.2334764333115187,
    0.07402313773961217,
    0.0249171278169241,
    0.00813253872635299,
    0.008132538726353788,
    0.002891989006510274,
    0.0010272378769397466,
    0.00033663641745950356,
    0.00010807482588981641,
    0.00010807482589050756
  ],
  "i": [
    0,
    1,
    2,
    3,
    4,
    5,
    6,
    7,
    8,
    9,
    10,
    11,
    12
  ],
  "reset": [
    7,
    12
  ],
  "duration": [
    4.05743408203125,
    4.067738771438599,
    4.069132089614868,
    4.059026718139648,
    4.06134033203125,
    4.041768550872803,
    4.040558576583862,
    4.048025131225586,
    4.050619840621948,
    4.044054269790649,
    4.0412278175354,
    4.046496868133545,
    4.0466179847717285,
    4.050124168395996,
    4.0432939529418945,
    4.042124032974243,
    4.045907497406006,
    4.047069549560547,
    4.045928716659546,
    4.047260761260986
  ],
  "status": 11
}