{
  "gpu": false,
  "device": "cpu",
  "infile": "../matrix/cgne_init_65536_dble_csr.dat",
  "matfile": null,
  "k": 0.0,
  "kc": 0.0,
  "reordering": false,
  "preconditioning": true,
  "vol": 65536,
  "dim": 786048,
  "lattice": "16x16x16x16",
  "blk_dim": 24564,
  "bs": "8x8x8x4",
  "res": 1e-06,
  "tol": 0.0012541387482794752,
  "nmx": 625,
  "nkv": 7,
  "nmr": 8,
  "ncy": 2,
  "sdtype": "float32",
  "ddtype": "float64",
  "cdtype": "float32",
  "rn": [
    714.5113147940104,
    471.98370007957334,
    300.87732831253084,
    188.16540618272236,
    116.80450946724032,
    73.0956969450351,
    46.84836994249455,
    46.848369818755906,
    30.786373226111326,
    20.78057361113583,
    14.150865319483934,
    9.83947101914613,
    6.941122072457142,
    4.934766882850033,
    3.5429622126146074,
    3.5429621892332603,
    2.5488786674103983,
    1.8671137880898108,
    1.346658578936962,
    0.9914484063686447,
    0.7195780733740061,
    0.5154407217891404,
    0.37422364656253715,
    0.37422364786500717,
    0.2702641565275429,
    0.19961304469619695,
    0.14484830863103507,
    0.10697569319492439,
    0.07871683264112897,
    0.056780474852067976,
    0.04150150415754133,
    0.04150150389649003,
    0.030295469479583177,
    0.022467653142038586,
    0.016408594734430786,
    0.01218691592427867,
    0.008958481096396567,
    0.006480418632161306,
    0.004737673381648942,
    0.004737673348442979,
    0.0034641344250466843,
    0.0025714912506018452,
    0.0018808846206484194,
    0.0014010102423868162,
    0.0010306204507034003,
    0.001030620447104807
  ],
  "i": [
    0,
    1,
    2,
    3,
    4,
    5,
    6,
    7,
    8,
    9,
    10,
    11,
    12,
    13,
    14,
    15,
    16,
    17,
    18,
    19,
    20,
    21,
    22,
    23,
    24,
    25,
    26,
    27,
    28,
    29,
    30,
    31,
    32,
    33,
    34,
    35,
    36,
    37,
    38,
    39,
    40,
    41,
    42,
    43,
    44,
    45
  ],
  "reset": [
    7,
    15,
    23,
    31,
    39,
    45
  ],
  "duration": [
    33.04806447029114,
    33.0276198387146,
    33.070478677749634,
    33.04209852218628,
    33.04391288757324,
    32.99261522293091,
    32.97173833847046,
    33.03649282455444,
    32.96317934989929,
    33.01842498779297,
    32.97698760032654,
    33.19323396682739,
    33.08988094329834,
    33.02456760406494,
    32.98377346992493,
    32.935110330581665,
    33.0407350063324,
    32.95493459701538,
    32.893630504608154,
    32.90103626251221
  ],
  "status": 40
}