{
  "gpu": true,
  "device": "gpu",
  "infile": "../matrix/cgne_init_4096_dble_csr.dat",
  "matfile": "../matrix/conf6_0-8x8-30/conf6.0-00l8x8-3000.mtx",
  "k": 0.15649,
  "kc": 0.15649,
  "reordering": true,
  "preconditioning": true,
  "vol": 4096,
  "dim": 49152,
  "lattice": "8x8x8x8",
  "blk_dim": 24576,
  "bs": "8x8x8x4",
  "res": 1e-06,
  "tol": 0.00031353468703945405,
  "nmx": 417,
  "nkv": 7,
  "nmr": 12,
  "ncy": 2,
  "sdtype": "float32",
  "ddtype": "float64",
  "cdtype": "float32",
  "rn": [
    23.69118041176416,
    11.374300369749156,
    6.386983690821831,
    3.869276552835211,
    2.4423686726876457,
    1.5329425167074886,
    0.9710925050935664,
    0.9710926802662286,
    0.657363444114288,
    0.4577241602598538,
    0.31231775833432535,
    0.2011410501223635,
    0.1253191230062904,
    0.07530976476098505,
    0.048983680828807864,
    0.04898368119162834,
    0.03225445616390088,
    0.023821076687775857,
    0.01592109492119472,
    0.010202647363161557,
    0.0072276451580192075,
    0.0045849886674225035,
    0.0028495024992339583,
    0.0028495025426630276,
    0.0017854795915998518,
    0.0011653129193491378,
    0.0008456543263368633,
    0.0006003311856089045,
    0.00038404029879794487,
    0.0002689825327791786,
    0.00026898252440127834
  ],
  "i": [
    0,
    1,
    2,
    3,
    4,
    5,
    6,
    7,
    8,
    9,
    10,
    11,
    12,
    13,
    14,
    15,
    16,
    17,
    18,
    19,
    20,
    21,
    22,
    23,
    24,
    25,
    26,
    27,
    28,
    29,
    30
  ],
  "reset": [
    7,
    15,
    23,
    30
  ],
  "duration": [
    0.886876106262207,
    0.7232043743133545,
    0.7155466079711914,
    0.685720682144165,
    0.6841418743133545,
    0.6850388050079346,
    0.6852676868438721,
    0.6846051216125488,
    0.6855480670928955,
    0.6853172779083252,
    0.6853852272033691,
    0.685211181640625,
    0.6847171783447266,
    0.6854763031005859,
    0.6853969097137451,
    0.6858258247375488,
    0.6844861507415771,
    0.6844849586486816,
    0.6849064826965332,
    0.6842916011810303
  ],
  "status": 27
}