{
  "gpu": false,
  "device": "hybrid",
  "infile": "../matrix/cgne_init_4096_dble_csr.dat",
  "matfile": null,
  "k": 0.0,
  "kc": 0.0,
  "reordering": false,
  "preconditioning": true,
  "vol": 4096,
  "dim": 49152,
  "lattice": "8x8x8x8",
  "blk_dim": 3072,
  "bs": "4x4x4x4",
  "res": 1e-06,
  "tol": 0.0003135346870547978,
  "nmx": 1250,
  "nkv": 7,
  "nmr": 2,
  "ncy": 4,
  "sdtype": "float32",
  "ddtype": "float64",
  "cdtype": "float64",
  "rn": [
    141.83114539665317,
    76.70375579602171,
    44.23437944629761,
    26.888934568219153,
    16.899371568074603,
    10.80097168324035,
    6.930195042905307,
    6.930194757383246,
    4.836703480769406,
    3.2657787900945,
    2.1892532324036176,
    1.4089569853637351,
    0.8959154291818963,
    0.5524171336567792,
    0.3465619261035877,
    0.3465619345515161,
    0.24637248830986433,
    0.17280308394360502,
    0.11706919630809072,
    0.07758332841496213,
    0.05142302329998586,
    0.0341844552813964,
    0.022953964019219446,
    0.022953963931444537,
    0.01609365835729828,
    0.011084740338504031,
    0.007432927832882817,
    0.004919015611030064,
    0.003282083126301379,
    0.002212257082178897,
    0.0015301534978060633,
    0.0015301535017274088,
    0.0010943191529208,
    0.0007622875172103274,
    0.0005124005979004069,
    0.00033819473054830116,
    0.00022650904676403908,
    0.0002265090482274676
  ],
  "i": [
    0,
    1,
    2,
    3,
    4,
    5,
    6,
    7,
    8,
    9,
    10,
    11,
    12,
    13,
    14,
    15,
    16,
    17,
    18,
    19,
    20,
    21,
    22,
    23,
    24,
    25,
    26,
    27,
    28,
    29,
    30,
    31,
    32,
    33,
    34,
    35,
    36,
    37
  ],
  "reset": [
    7,
    15,
    23,
    31,
    37
  ],
  "duration": [
    4.511397361755371,
    4.5073535442352295,
    4.5122458934783936,
    4.5117027759552,
    4.511330842971802,
    4.504637241363525,
    4.499962329864502,
    4.500838994979858,
    4.4996912479400635,
    4.500281095504761,
    4.499471426010132,
    4.4982287883758545,
    4.499298572540283,
    4.501221418380737,
    4.499727964401245,
    4.503084182739258,
    4.50003719329834,
    4.499682903289795,
    4.501303672790527,
    4.500644207000732
  ],
  "status": 33
}