{
  "gpu": false,
  "device": "cpu",
  "infile": "../matrix/cgne_init_4096_dble_csr.dat",
  "matfile": "../matrix/conf6_0-8x8-30/conf6.0-00l8x8-3000.mtx",
  "k": 0.15649,
  "kc": 0.15649,
  "reordering": true,
  "preconditioning": true,
  "vol": 4096,
  "dim": 49152,
  "lattice": "8x8x8x8",
  "blk_dim": 24576,
  "bs": "8x8x8x4",
  "res": 1e-06,
  "tol": 0.0003135346870547978,
  "nmx": 125,
  "nkv": 7,
  "nmr": 4,
  "ncy": 20,
  "sdtype": "float32",
  "ddtype": "float64",
  "cdtype": "float32",
  "rn": [
    7.598255310816029,
    3.81807184345561,
    2.0931315972589295,
    1.107062116028956,
    0.6463390998210223,
    0.3223629924343343,
    0.17146137413252496,
    0.17146146190348646,
    0.0969207073877708,
    0.05509421937541788,
    0.025418427923445154,
    0.01303879991350548,
    0.007255997335724791,
    0.003827059912140165,
    0.0019747961953052035,
    0.0019747959049261693,
    0.0011038203610923172,
    0.0006234229288286058,
    0.00035356321234155795,
    0.0001991429817609044,
    0.00019914297987962164
  ],
  "i": [
    0,
    1,
    2,
    3,
    4,
    5,
    6,
    7,
    8,
    9,
    10,
    11,
    12,
    13,
    14,
    15,
    16,
    17,
    18,
    19,
    20
  ],
  "reset": [
    7,
    15,
    20
  ],
  "duration": [
    15.107635974884033,
    15.11976933479309,
    15.126437425613403,
    15.11831259727478,
    15.059797763824463,
    15.11208963394165,
    15.112087488174438,
    15.059250593185425,
    15.072437286376953,
    15.094959020614624,
    15.097768783569336,
    15.089499235153198,
    15.061733722686768,
    15.052240371704102,
    15.044973134994507,
    15.078575611114502,
    15.06984543800354,
    15.057705879211426,
    15.038888454437256,
    15.0388822555542
  ],
  "status": 18
}