{
  "gpu": true,
  "device": "gpu",
  "infile": "../matrix/cgne_init_4096_dble_csr.dat",
  "matfile": null,
  "k": 0.0,
  "kc": 0.0,
  "reordering": false,
  "preconditioning": true,
  "vol": 4096,
  "dim": 49152,
  "lattice": "8x8x8x8",
  "blk_dim": 6144,
  "bs": "8x4x4x4",
  "res": 1e-06,
  "tol": 0.00031353468703945405,
  "nmx": 125,
  "nkv": 7,
  "nmr": 4,
  "ncy": 20,
  "sdtype": "float32",
  "ddtype": "float64",
  "cdtype": "float64",
  "rn": [
    24.44015544489772,
    8.45046358907239,
    3.5290141776386865,
    1.4930996727337889,
    0.5571529173321909,
    0.1914530516242129,
    0.06709583630627396,
    0.06709672004322778,
    0.029338775974435474,
    0.011904380971502223,
    0.005030873757721864,
    0.0015129756213060495,
    0.0004987965105740318,
    0.00018445608283263555,
    0.00018445619730454791
  ],
  "i": [
    0,
    1,
    2,
    3,
    4,
    5,
    6,
    7,
    8,
    9,
    10,
    11,
    12,
    13,
    14
  ],
  "reset": [
    7,
    14
  ],
  "duration": [
    4.618510961532593,
    4.469705581665039,
    4.425110578536987,
    4.438855409622192,
    4.475066661834717,
    4.4730706214904785,
    4.4504616260528564,
    4.458293676376343,
    4.469380617141724,
    4.46162748336792,
    4.468694686889648,
    4.431880474090576,
    4.458812952041626,
    4.459657669067383,
    4.449085235595703,
    4.449618816375732,
    4.469435214996338,
    4.448325872421265,
    4.481894254684448,
    4.431187391281128
  ],
  "status": 13
}