{
  "gpu": false,
  "device": "hybrid",
  "infile": "../matrix/cgne_init_4096_dble_csr.dat",
  "matfile": "../matrix/conf6_0-8x8-30/conf6.0-00l8x8-3000.mtx",
  "k": 0.05,
  "kc": 0.15649,
  "reordering": true,
  "preconditioning": true,
  "vol": 4096,
  "dim": 49152,
  "lattice": "8x8x8x8",
  "blk_dim": 6144,
  "bs": "8x4x4x4",
  "res": 1e-06,
  "tol": 0.0003135346870547978,
  "nmx": 125,
  "nkv": 7,
  "nmr": 20,
  "ncy": 4,
  "sdtype": "float32",
  "ddtype": "float64",
  "cdtype": "float64",
  "rn": [
    4.000749648621762e-05,
    5.1262757764148526e-05
  ],
  "i": [
    0,
    1
  ],
  "reset": [
    1
  ],
  "duration": [
    0.3392057418823242,
    0.338559627532959,
    0.33722710609436035,
    0.3404269218444824,
    0.33870458602905273,
    0.33716821670532227,
    0.3394906520843506,
    0.3388361930847168,
    0.3381807804107666,
    0.33533811569213867,
    0.3460831642150879,
    0.34009432792663574,
    0.33982062339782715,
    0.3452138900756836,
    0.33789634704589844,
    0.3366405963897705,
    0.33605289459228516,
    0.3369746208190918,
    0.3380134105682373,
    0.3368964195251465
  ],
  "status": 1
}