{
  "gpu": true,
  "device": "gpu",
  "infile": "../matrix/cgne_init_65536_dble_csr.dat",
  "matfile": null,
  "k": 0.0,
  "kc": 0.0,
  "reordering": false,
  "preconditioning": true,
  "vol": 65536,
  "dim": 786432,
  "lattice": "16x16x16x16",
  "blk_dim": 3072,
  "bs": "4x4x4x4",
  "res": 1e-06,
  "tol": 0.0012541387483049871,
  "nmx": 210,
  "nkv": 7,
  "nmr": 12,
  "ncy": 4,
  "sdtype": "float64",
  "ddtype": "float64",
  "cdtype": "float64",
  "rn": [
    59.7804044477938,
    4.416735815485681,
    0.33835980311864366,
    0.026268845342884265,
    0.002108445970642275,
    0.00017151065862562457,
    0.00017151065862604893
  ],
  "i": [
    0,
    1,
    2,
    3,
    4,
    5,
    6
  ],
  "reset": [
    6
  ],
  "duration": [
    36.251258850097656,
    36.12159037590027,
    36.11323261260986,
    36.12882375717163,
    35.96138334274292,
    35.92715811729431,
    35.87207627296448,
    35.89302349090576,
    35.90269160270691,
    35.85506343841553,
    35.850781202316284,
    35.94111204147339,
    35.94138431549072,
    35.859346866607666,
    35.76610064506531,
    35.75312066078186,
    35.64637112617493,
    35.77809143066406,
    35.802080154418945,
    35.690672159194946
  ],
  "status": 6
}