{
  "gpu": true,
  "device": "gpu",
  "infile": "../matrix/cgne_init_4096_dble_csr.dat",
  "matfile": null,
  "k": 0.0,
  "kc": 0.0,
  "reordering": false,
  "preconditioning": true,
  "vol": 4096,
  "dim": 49152,
  "lattice": "8x8x8x8",
  "blk_dim": 3072,
  "bs": "4x4x4x4",
  "res": 1e-06,
  "tol": 0.00031353468703945405,
  "nmx": 250,
  "nkv": 7,
  "nmr": 10,
  "ncy": 4,
  "sdtype": "float32",
  "ddtype": "float64",
  "cdtype": "float64",
  "rn": [
    55.529397578847586,
    36.376466612330375,
    23.90474870158969,
    14.729383943845615,
    9.722789299162248,
    6.03438458340486,
    3.870891531522288,
    3.8708917144442765,
    2.5721479466339137,
    1.5567168028189582,
    0.9985016300711912,
    0.6027476199906259,
    0.3867249099575176,
    0.24140589284706962,
    0.15448763205988772,
    0.1544876326957455,
    0.10278844253504062,
    0.06145846354056648,
    0.03806818715976564,
    0.023800991631696227,
    0.01549166756570662,
    0.009696315454693493,
    0.006238703578383238,
    0.006238703616936989,
    0.004220520774839146,
    0.0026316592225115354,
    0.001696102281978707,
    0.0010641046844220624,
    0.0007001027618757359,
    0.00044427395769062653,
    0.0002941078057067039,
    0.0002941078039311498
  ],
  "i": [
    0,
    1,
    2,
    3,
    4,
    5,
    6,
    7,
    8,
    9,
    10,
    11,
    12,
    13,
    14,
    15,
    16,
    17,
    18,
    19,
    20,
    21,
    22,
    23,
    24,
    25,
    26,
    27,
    28,
    29,
    30,
    31
  ],
  "reset": [
    7,
    15,
    23,
    31
  ],
  "duration": [
    8.945844650268555,
    8.770785570144653,
    8.815300226211548,
    8.771145105361938,
    8.796698331832886,
    8.786736726760864,
    8.776505470275879,
    8.789020299911499,
    8.76587963104248,
    8.785883903503418,
    8.77763056755066,
    8.757725477218628,
    8.78075385093689,
    8.798513889312744,
    8.758387327194214,
    8.769861936569214,
    8.771003007888794,
    8.778786659240723,
    8.763139724731445,
    8.721874475479126
  ],
  "status": 28
}