{
  "gpu": true,
  "device": "gpu",
  "infile": "../matrix/cgne_init_4096_dble_csr.dat",
  "matfile": "../matrix/conf6_0-8x8-30/conf6.0-00l8x8-3000.mtx",
  "k": 0.15649,
  "kc": 0.15649,
  "reordering": true,
  "preconditioning": true,
  "vol": 4096,
  "dim": 49152,
  "lattice": "8x8x8x8",
  "blk_dim": 24576,
  "bs": "8x8x8x4",
  "res": 1e-06,
  "tol": 0.0003135346870762468,
  "nmx": 417,
  "nkv": 7,
  "nmr": 2,
  "ncy": 12,
  "sdtype": "float64",
  "ddtype": "float64",
  "cdtype": "float64",
  "rn": [
    16.263706469727477,
    8.22122395581901,
    4.658732258686048,
    2.826549992576033,
    1.805471138898307,
    1.15135085188656,
    0.7851269296591095,
    0.7851269296591097,
    0.5422016619788801,
    0.3745198044763725,
    0.24627689120927682,
    0.15559440503970184,
    0.09925709380596397,
    0.06002462394435584,
    0.03940858761584263,
    0.039408587615842504,
    0.02820556992258568,
    0.020407791913401786,
    0.013844246751433927,
    0.009043328006137528,
    0.006279199242956291,
    0.0042432650979399465,
    0.002634590638069043,
    0.002634590638069522,
    0.0015658841005608275,
    0.0010542708105828289,
    0.0007697961853669611,
    0.000565377069717475,
    0.0003674087012531579,
    0.00025169903484620543,
    0.0002516990348456748
  ],
  "i": [
    0,
    1,
    2,
    3,
    4,
    5,
    6,
    7,
    8,
    9,
    10,
    11,
    12,
    13,
    14,
    15,
    16,
    17,
    18,
    19,
    20,
    21,
    22,
    23,
    24,
    25,
    26,
    27,
    28,
    29,
    30
  ],
  "reset": [
    7,
    15,
    23,
    30
  ],
  "duration": [
    1.164750576019287,
    1.014256477355957,
    0.9776561260223389,
    0.9887266159057617,
    0.9862303733825684,
    0.9790875911712646,
    0.9908761978149414,
    0.9887828826904297,
    0.9706630706787109,
    0.98968505859375,
    0.9855992794036865,
    1.0111393928527832,
    1.0161876678466797,
    1.0052366256713867,
    0.9781997203826904,
    0.9966208934783936,
    0.9962098598480225,
    1.01536226272583,
    1.002681016921997,
    0.9954168796539307
  ],
  "status": 27
}