{
  "gpu": false,
  "infile": "../matrix/cgne_init_4096_dble_csr.dat",
  "matfile": null,
  "k": 0.0,
  "kc": 0.0,
  "reordering": false,
  "preconditioning": true,
  "vol": 4096,
  "dim": 49152,
  "lattice": "8x8x8x8",
  "blk_dim": 3072,
  "bs": "4x4x4x4",
  "res": 1e-06,
  "tol": 0.0003135346870547978,
  "nmx": 417,
  "nkv": 7,
  "nmr": 12,
  "ncy": 2,
  "sdtype": "float32",
  "ddtype": "float64",
  "cdtype": "float32",
  "rn": [
    57.5395410699858,
    17.024866301657365,
    6.3774974052072855,
    2.3647677606757957,
    0.8798724461938832,
    0.33148738468945327,
    0.1251085101282611,
    0.12510827946817374,
    0.050354273422331404,
    0.019988203359165155,
    0.007284280005407687,
    0.0028417328355272815,
    0.0010983442368875359,
    0.0004232736204361892,
    0.00016958758365620086,
    0.00016958742309121767
  ],
  "i": [
    0,
    1,
    2,
    3,
    4,
    5,
    6,
    7,
    8,
    9,
    10,
    11,
    12,
    13,
    14,
    15
  ],
  "reset": [
    7,
    15
  ],
  "duration": [
    1.2312424182891846,
    1.2284247875213623,
    1.2314820289611816,
    1.229891300201416,
    1.2292661666870117,
    1.2291407585144043,
    1.2291514873504639,
    1.2296640872955322,
    1.229992151260376,
    1.2284011840820312,
    1.232774019241333,
    1.2282044887542725,
    1.2287969589233398,
    1.2284576892852783,
    1.2306816577911377,
    1.2290089130401611,
    1.228776216506958,
    1.2316560745239258,
    1.233715295791626,
    1.2311272621154785
  ],
  "status": 14
}