{
  "gpu": true,
  "device": "gpu",
  "infile": "../matrix/cgne_init_4096_dble_csr.dat",
  "matfile": "../matrix/conf6_0-8x8-30/conf6.0-00l8x8-3000.mtx",
  "k": 0.15649,
  "kc": 0.15649,
  "reordering": true,
  "preconditioning": true,
  "vol": 4096,
  "dim": 49152,
  "lattice": "8x8x8x8",
  "blk_dim": 24576,
  "bs": "8x8x8x4",
  "res": 1e-06,
  "tol": 0.00031353468703945405,
  "nmx": 250,
  "nkv": 7,
  "nmr": 10,
  "ncy": 4,
  "sdtype": "float32",
  "ddtype": "float64",
  "cdtype": "float64",
  "rn": [
    14.55088760523241,
    7.21576303570214,
    4.083572319813197,
    2.4802588641372196,
    1.5529519605710973,
    1.026825245630587,
    0.6297070462918395,
    0.6297070441233434,
    0.39982482733950925,
    0.26276636477212145,
    0.1566925569026732,
    0.09866836939438613,
    0.05901952439780996,
    0.036330999591774486,
    0.020751231342740872,
    0.020751228314828923,
    0.013876936896910356,
    0.009490576392737938,
    0.005862646645260302,
    0.004191442221038861,
    0.002569074010914512,
    0.0015351921050337225,
    0.0009015881643480355,
    0.0009015881167054487,
    0.0006136945441098351,
    0.0004127033577655489,
    0.0002781972516028218,
    0.0002781972530218623
  ],
  "i": [
    0,
    1,
    2,
    3,
    4,
    5,
    6,
    7,
    8,
    9,
    10,
    11,
    12,
    13,
    14,
    15,
    16,
    17,
    18,
    19,
    20,
    21,
    22,
    23,
    24,
    25,
    26,
    27
  ],
  "reset": [
    7,
    15,
    23,
    27
  ],
  "duration": [
    1.1913342475891113,
    1.022343635559082,
    1.027752161026001,
    1.03257417678833,
    1.030531644821167,
    1.0004041194915771,
    1.030670166015625,
    1.0311594009399414,
    1.0189499855041504,
    1.0123159885406494,
    1.0088551044464111,
    1.0126893520355225,
    1.0243053436279297,
    1.0214674472808838,
    1.0144262313842773,
    1.031996488571167,
    1.0164825916290283,
    1.0106048583984375,
    1.0183072090148926,
    1.007584571838379
  ],
  "status": 24
}