{
  "gpu": false,
  "device": "hybrid",
  "infile": "../matrix/cgne_init_4096_dble_csr.dat",
  "matfile": "../matrix/conf6_0-8x8-30/conf6.0-00l8x8-3000.mtx",
  "k": 0.05,
  "kc": 0.15649,
  "reordering": false,
  "preconditioning": false,
  "vol": 4096,
  "dim": 49152,
  "lattice": "8x8x8x8",
  "blk_dim": 3072,
  "bs": "4x4x4x4",
  "res": 1e-06,
  "tol": 0.0003135346870762468,
  "nmx": 10000,
  "nkv": 7,
  "nmr": 0,
  "ncy": 0,
  "sdtype": "float64",
  "ddtype": "float64",
  "cdtype": "float64",
  "rn": [
    61.625004975411805,
    13.571582779908766,
    3.2152912078630935,
    0.7816502030028136,
    0.19458505669769977,
    0.04872017135294122,
    0.012307499483668544,
    0.01230749948366929,
    0.0032386054915988223,
    0.00080409868859444,
    0.0002080175569217974,
    0.00020801755692148225
  ],
  "i": [
    0,
    1,
    2,
    3,
    4,
    5,
    6,
    7,
    8,
    9,
    10,
    11
  ],
  "reset": [
    7,
    11
  ],
  "duration": [
    0.1286320686340332,
    0.18031764030456543,
    0.13834857940673828,
    0.16852760314941406,
    0.17976689338684082,
    0.12446451187133789,
    0.2321186065673828,
    0.1331031322479248,
    0.2185192108154297,
    0.21175646781921387,
    0.13680601119995117,
    0.23990368843078613,
    0.2386302947998047,
    0.2391529083251953,
    0.22333669662475586,
    0.12333154678344727,
    0.1852705478668213,
    0.17835164070129395,
    0.16506075859069824,
    0.20232319831848145
  ],
  "status": 10
}