{
  "gpu": false,
  "infile": "../matrix/cgne_init_4096_dble_csr.dat",
  "matfile": "../matrix/conf6_0-8x8-20/conf6_0-8x8-20.mtx",
  "k": 0.15717,
  "kc": 0.15717,
  "reordering": true,
  "preconditioning": true,
  "vol": 4096,
  "dim": 49152,
  "lattice": "8x8x8x8",
  "blk_dim": 6144,
  "bs": "8x4x4x4",
  "res": 1e-06,
  "tol": 0.0003135346870547978,
  "nmx": 500,
  "nkv": 7,
  "nmr": 4,
  "ncy": 5,
  "sdtype": "float32",
  "ddtype": "float64",
  "cdtype": "float64",
  "rn": [
    24.0024668861077,
    11.810791088136714,
    6.574940376103031,
    3.9253494808283294,
    2.398725162204457,
    1.51517354889495,
    0.9546069680588463,
    0.9546069996213992,
    0.6464960319086366,
    0.41105053012540077,
    0.25679164411448574,
    0.16462174325922152,
    0.10243282693434604,
    0.05940655082421364,
    0.032173257974668745,
    0.03217325863846139,
    0.019522869027625386,
    0.011820814414953749,
    0.007133899989729652,
    0.004278870945800244,
    0.0026933783107244503,
    0.0017784242055337701,
    0.0011749388856703634,
    0.0011749387967381242,
    0.0008315006814999355,
    0.0005456972456722648,
    0.0003405068036240584,
    0.0002047723426512228,
    0.00020477234262280706
  ],
  "i": [
    0,
    1,
    2,
    3,
    4,
    5,
    6,
    7,
    8,
    9,
    10,
    11,
    12,
    13,
    14,
    15,
    16,
    17,
    18,
    19,
    20,
    21,
    22,
    23,
    24,
    25,
    26,
    27,
    28
  ],
  "reset": [
    7,
    15,
    23,
    28
  ],
  "duration": 4.469243049621582,
  "status": 25
}