{
  "gpu": false,
  "device": "hybrid",
  "infile": "../matrix/cgne_init_65536_dble_csr.dat",
  "matfile": null,
  "k": 0.0,
  "kc": 0.0,
  "reordering": false,
  "preconditioning": true,
  "vol": 65536,
  "dim": 786432,
  "lattice": "16x16x16x16",
  "blk_dim": 12288,
  "bs": "8x8x4x4",
  "res": 1e-06,
  "tol": 0.0012541387483049865,
  "nmx": 1250,
  "nkv": 7,
  "nmr": 2,
  "ncy": 4,
  "sdtype": "float64",
  "ddtype": "float64",
  "cdtype": "float64",
  "rn": [
    565.675654235761,
    272.39232289531634,
    120.13524685502549,
    52.42866025775226,
    23.10779287111505,
    10.279589738655217,
    4.622874011137411,
    4.622874011137411,
    2.5560284281117247,
    1.057744762526811,
    0.45335573585520345,
    0.19927065653758028,
    0.0928346909860848,
    0.04371227810943071,
    0.01991589686938772,
    0.019915896869388293,
    0.01091313742648667,
    0.005114333248295675,
    0.0021560144028699565,
    0.0009946837628783114,
    0.0009946837628779116
  ],
  "i": [
    0,
    1,
    2,
    3,
    4,
    5,
    6,
    7,
    8,
    9,
    10,
    11,
    12,
    13,
    14,
    15,
    16,
    17,
    18,
    19,
    20
  ],
  "reset": [
    7,
    15,
    20
  ],
  "duration": [
    17.19132709503174,
    17.17777943611145,
    17.147356033325195,
    17.185232877731323,
    17.158981561660767,
    17.254783630371094,
    17.170612335205078,
    17.192636489868164,
    17.16554093360901,
    17.18427848815918,
    17.178709268569946,
    17.185849905014038,
    17.160356521606445,
    17.173948526382446,
    17.160288333892822,
    17.183226108551025,
    17.153079748153687,
    17.175580501556396,
    17.153107404708862,
    17.1826274394989
  ],
  "status": 18
}