{
  "gpu": true,
  "device": "gpu",
  "infile": "../matrix/cgne_init_4096_dble_csr.dat",
  "matfile": "../matrix/conf6_0-8x8-30/conf6.0-00l8x8-3000.mtx",
  "k": 0.05,
  "kc": 0.15649,
  "reordering": true,
  "preconditioning": true,
  "vol": 4096,
  "dim": 49152,
  "lattice": "8x8x8x8",
  "blk_dim": 6144,
  "bs": "8x4x4x4",
  "res": 1e-06,
  "tol": 0.00031353468703945405,
  "nmx": 125,
  "nkv": 7,
  "nmr": 20,
  "ncy": 4,
  "sdtype": "float32",
  "ddtype": "float64",
  "cdtype": "float32",
  "rn": [
    4.618708198954802e-05,
    6.357188208506058e-05
  ],
  "i": [
    0,
    1
  ],
  "reset": [
    1
  ],
  "duration": [
    0.307525634765625,
    0.30211544036865234,
    0.3070797920227051,
    0.3079257011413574,
    0.30849218368530273,
    0.310410737991333,
    0.30510640144348145,
    0.30819225311279297,
    0.3082089424133301,
    0.30751895904541016,
    0.30728578567504883,
    0.30857348442077637,
    0.3085496425628662,
    0.30490994453430176,
    0.302980899810791,
    0.30274200439453125,
    0.30551910400390625,
    0.30484509468078613,
    0.30542874336242676,
    0.30718445777893066
  ],
  "status": 1
}