{
  "gpu": false,
  "device": "cpu",
  "infile": "../matrix/cgne_init_4096_dble_csr.dat",
  "matfile": "../matrix/conf6_0-8x8-30/conf6.0-00l8x8-3000.mtx",
  "k": 0.15649,
  "kc": 0.15649,
  "reordering": true,
  "preconditioning": true,
  "vol": 4096,
  "dim": 49152,
  "lattice": "8x8x8x8",
  "blk_dim": 6144,
  "bs": "8x4x4x4",
  "res": 1e-06,
  "tol": 0.0003135346870547978,
  "nmx": 125,
  "nkv": 7,
  "nmr": 20,
  "ncy": 4,
  "sdtype": "float32",
  "ddtype": "float64",
  "cdtype": "float64",
  "rn": [
    22.22110978263057,
    11.511301210667906,
    7.374636618203905,
    5.066883148457555,
    3.737154609955851,
    2.6560538868656063,
    1.9356379393798802,
    1.935638202160867,
    1.4326754339608532,
    1.0958428482412548,
    0.8526729659504865,
    0.6836353097437472,
    0.47077579282245086,
    0.3304961148615398,
    0.2049333414968871,
    0.20493332218122493,
    0.13562105127416063,
    0.08774983855317832,
    0.060959931197735184,
    0.04411424247589008,
    0.030461640042817067,
    0.022454077195358628,
    0.01712994752258484,
    0.017129947402379712,
    0.013223382019272216,
    0.01040278262542845,
    0.008033465667202531,
    0.00632925129646167,
    0.0048035197104083745,
    0.0032669928114649346,
    0.0018681050408825871,
    0.0018681050580716982,
    0.0012514009141733156,
    0.0009071120637113218,
    0.0006747748534151743,
    0.0005062959900020371,
    0.0003794320146052612,
    0.0002928139200773316,
    0.0002928139138581868
  ],
  "i": [
    0,
    1,
    2,
    3,
    4,
    5,
    6,
    7,
    8,
    9,
    10,
    11,
    12,
    13,
    14,
    15,
    16,
    17,
    18,
    19,
    20,
    21,
    22,
    23,
    24,
    25,
    26,
    27,
    28,
    29,
    30,
    31,
    32,
    33,
    34,
    35,
    36,
    37,
    38
  ],
  "reset": [
    7,
    15,
    23,
    31,
    38
  ],
  "duration": [
    18.54608416557312,
    18.545777559280396,
    18.53896141052246,
    18.535001277923584,
    18.53529691696167,
    18.534311532974243,
    18.540184020996094,
    18.533278226852417,
    18.53975796699524,
    18.53638005256653,
    18.533424854278564,
    18.53498101234436,
    18.52714228630066,
    18.538120985031128,
    18.532559633255005,
    18.533167839050293,
    18.53593420982361,
    18.533875942230225,
    18.53227186203003,
    18.529244899749756
  ],
  "status": 34
}