{
  "gpu": true,
  "device": "gpu",
  "infile": "../matrix/cgne_init_4096_dble_csr.dat",
  "matfile": "../matrix/conf6_0-8x8-20/conf6_0-8x8-20.mtx",
  "k": 0.15,
  "kc": 0.15717,
  "reordering": true,
  "preconditioning": true,
  "vol": 4096,
  "dim": 49152,
  "lattice": "8x8x8x8",
  "blk_dim": 24576,
  "bs": "8x8x8x4",
  "res": 1e-06,
  "tol": 0.00031353468703945405,
  "nmx": 1250,
  "nkv": 7,
  "nmr": 4,
  "ncy": 2,
  "sdtype": "float32",
  "ddtype": "float64",
  "cdtype": "float64",
  "rn": [
    27.616162501584434,
    9.410788191384688,
    4.708665067169464,
    2.494924292924855,
    1.4349750702353874,
    0.8206563517867465,
    0.4794582087457642,
    0.47945837973912614,
    0.3024327554164574,
    0.1823763206113235,
    0.11394190520009662,
    0.06750160677365384,
    0.039623361070907685,
    0.02083966524351524,
    0.012127168103301434,
    0.012127167960892232,
    0.008011801367047513,
    0.004938946097411577,
    0.003071274370476315,
    0.001851990870767591,
    0.001143024326548866,
    0.0006621817107476832,
    0.0004106132681369816,
    0.00041061324600365846,
    0.00026388106141720204,
    0.00026388106127451545
  ],
  "i": [
    0,
    1,
    2,
    3,
    4,
    5,
    6,
    7,
    8,
    9,
    10,
    11,
    12,
    13,
    14,
    15,
    16,
    17,
    18,
    19,
    20,
    21,
    22,
    23,
    24,
    25
  ],
  "reset": [
    7,
    15,
    23,
    25
  ],
  "duration": [
    0.39720845222473145,
    0.23120713233947754,
    0.23257970809936523,
    0.2323622703552246,
    0.23004722595214844,
    0.2337956428527832,
    0.2339639663696289,
    0.2338428497314453,
    0.23353934288024902,
    0.23409700393676758,
    0.23400282859802246,
    0.2311854362487793,
    0.2330799102783203,
    0.2343149185180664,
    0.22918939590454102,
    0.22861313819885254,
    0.23047900199890137,
    0.2340688705444336,
    0.2343132495880127,
    0.2342243194580078
  ],
  "status": 22
}