{
  "gpu": false,
  "device": "hybrid",
  "infile": "../matrix/cgne_init_4096_dble_csr.dat",
  "matfile": "../matrix/conf6_0-8x8-30/conf6.0-00l8x8-3000.mtx",
  "k": 0.05,
  "kc": 0.15649,
  "reordering": true,
  "preconditioning": true,
  "vol": 4096,
  "dim": 49152,
  "lattice": "8x8x8x8",
  "blk_dim": 3072,
  "bs": "4x4x4x4",
  "res": 1e-06,
  "tol": 0.0003135346870547978,
  "nmx": 1250,
  "nkv": 7,
  "nmr": 4,
  "ncy": 2,
  "sdtype": "float32",
  "ddtype": "float64",
  "cdtype": "float32",
  "rn": [
    0.3533033103447101,
    0.0001001330527370415,
    0.00011075783019970043
  ],
  "i": [
    0,
    1,
    2
  ],
  "reset": [
    2
  ],
  "duration": [
    0.18600177764892578,
    0.18501853942871094,
    0.18517398834228516,
    0.18463444709777832,
    0.18520569801330566,
    0.1848304271697998,
    0.185438871383667,
    0.18510794639587402,
    0.18490219116210938,
    0.18551325798034668,
    0.18606281280517578,
    0.18564510345458984,
    0.18595337867736816,
    0.18568038940429688,
    0.185316801071167,
    0.18504905700683594,
    0.1848001480102539,
    0.18524956703186035,
    0.18529939651489258,
    0.1854100227355957
  ],
  "status": 2
}