{
  "gpu": false,
  "device": "hybrid",
  "infile": "../matrix/cgne_init_4096_dble_csr.dat",
  "matfile": "../matrix/conf6_0-8x8-20/conf6_0-8x8-20.mtx",
  "k": 0.15,
  "kc": 0.15717,
  "reordering": true,
  "preconditioning": true,
  "vol": 4096,
  "dim": 49152,
  "lattice": "8x8x8x8",
  "blk_dim": 12288,
  "bs": "8x8x4x4",
  "res": 1e-06,
  "tol": 0.0003135346870547978,
  "nmx": 417,
  "nkv": 7,
  "nmr": 6,
  "ncy": 4,
  "sdtype": "float32",
  "ddtype": "float64",
  "cdtype": "float64",
  "rn": [
    7.267811995060919,
    1.2256472720898965,
    0.2434040368282235,
    0.046814842642832394,
    0.009976414932524116,
    0.0020921556386666183,
    0.000437556778386882,
    0.0004406178974212704,
    9.873966013527426e-05,
    9.873966003240393e-05
  ],
  "i": [
    0,
    1,
    2,
    3,
    4,
    5,
    6,
    7,
    8,
    9
  ],
  "reset": [
    7,
    9
  ],
  "duration": [
    0.550201416015625,
    0.5465488433837891,
    0.5477399826049805,
    0.5480282306671143,
    0.5485875606536865,
    0.5503363609313965,
    0.5498225688934326,
    0.5487320423126221,
    0.5487864017486572,
    0.5480811595916748,
    0.5484013557434082,
    0.5490739345550537,
    0.54598069190979,
    0.5476267337799072,
    0.54705810546875,
    0.5466866493225098,
    0.5473980903625488,
    0.5491111278533936,
    0.5486085414886475,
    0.5484821796417236
  ],
  "status": 8
}