{
  "gpu": true,
  "device": "gpu",
  "infile": "../matrix/fgcr_check3_4096_dble_csr.dat",
  "matfile": null,
  "k": 0.0,
  "kc": 0.0,
  "reordering": false,
  "preconditioning": true,
  "vol": 4096,
  "dim": 49152,
  "lattice": "8x8x8x8",
  "blk_dim": 12288,
  "bs": "8x8x4x4",
  "res": 1e-06,
  "tol": 0.0003135346870762468,
  "nmx": 417,
  "nkv": 7,
  "nmr": 6,
  "ncy": 4,
  "sdtype": "float64",
  "ddtype": "float64",
  "cdtype": "float64",
  "rn": [
    24.594743539991768,
    4.829586845804169,
    1.3045186800120812,
    0.32090397127079406,
    0.07855254865388842,
    0.019919110394912433,
    0.004679684745714094,
    0.004679684745714405,
    0.0013221059064784783,
    0.0004233720366372969,
    9.099653565053183e-05,
    9.099653565031294e-05
  ],
  "i": [
    0,
    1,
    2,
    3,
    4,
    5,
    6,
    7,
    8,
    9,
    10,
    11
  ],
  "reset": [
    7,
    11
  ],
  "duration": [
    0.7916760444641113,
    0.5737042427062988,
    0.5739736557006836,
    0.574042797088623,
    0.5736091136932373,
    0.5735635757446289,
    0.5742371082305908,
    0.5737085342407227,
    0.574181079864502,
    0.5739238262176514,
    0.5745499134063721,
    0.5743381977081299,
    0.5742089748382568,
    0.5742900371551514,
    0.5738544464111328,
    0.5729565620422363,
    0.5744800567626953,
    0.5700228214263916,
    0.5706815719604492,
    0.570472002029419
  ],
  "status": 10
}