{
  "gpu": true,
  "device": "gpu",
  "infile": "../matrix/cgne_init_4096_dble_csr.dat",
  "matfile": null,
  "k": 0.0,
  "kc": 0.0,
  "reordering": false,
  "preconditioning": true,
  "vol": 4096,
  "dim": 49152,
  "lattice": "8x8x8x8",
  "blk_dim": 24576,
  "bs": "8x8x8x4",
  "res": 1e-06,
  "tol": 0.00031353468703945405,
  "nmx": 417,
  "nkv": 7,
  "nmr": 12,
  "ncy": 2,
  "sdtype": "float32",
  "ddtype": "float64",
  "cdtype": "float64",
  "rn": [
    57.629034593891205,
    17.153168663188456,
    6.503356729937015,
    2.4765928887151096,
    0.9419612720368389,
    0.36124543081616955,
    0.13946487659113171,
    0.13946506982310442,
    0.057749088033848414,
    0.023678971461932322,
    0.008989148668331169,
    0.003627233065675874,
    0.0014703801902296125,
    0.0005807676971970574,
    0.0002383374805139306,
    0.00023833776733846719
  ],
  "i": [
    0,
    1,
    2,
    3,
    4,
    5,
    6,
    7,
    8,
    9,
    10,
    11,
    12,
    13,
    14,
    15
  ],
  "reset": [
    7,
    15
  ],
  "duration": [
    0.517087459564209,
    0.35440540313720703,
    0.35098886489868164,
    0.3519096374511719,
    0.35328125953674316,
    0.3455791473388672,
    0.35376930236816406,
    0.35463809967041016,
    0.3540959358215332,
    0.3544769287109375,
    0.350689172744751,
    0.35141944885253906,
    0.3537013530731201,
    0.3543701171875,
    0.35499000549316406,
    0.3550586700439453,
    0.3537578582763672,
    0.3518667221069336,
    0.35451173782348633,
    0.35448622703552246
  ],
  "status": 14
}