{
  "gpu": false,
  "device": "hybrid",
  "infile": "../matrix/cgne_init_4096_dble_csr.dat",
  "matfile": "../matrix/conf6_0-8x8-30/conf6.0-00l8x8-3000.mtx",
  "k": 0.05,
  "kc": 0.15649,
  "reordering": true,
  "preconditioning": true,
  "vol": 4096,
  "dim": 49152,
  "lattice": "8x8x8x8",
  "blk_dim": 3072,
  "bs": "4x4x4x4",
  "res": 1e-06,
  "tol": 0.0003135346870547978,
  "nmx": 417,
  "nkv": 7,
  "nmr": 6,
  "ncy": 4,
  "sdtype": "float32",
  "ddtype": "float64",
  "cdtype": "float32",
  "rn": [
    0.00010106092350606536,
    0.00011057517663290156
  ],
  "i": [
    0,
    1
  ],
  "reset": [
    1
  ],
  "duration": [
    0.23263311386108398,
    0.23145008087158203,
    0.23044657707214355,
    0.23114299774169922,
    0.231201171875,
    0.23111200332641602,
    0.23142647743225098,
    0.23211312294006348,
    0.2391970157623291,
    0.23120737075805664,
    0.2339332103729248,
    0.23193573951721191,
    0.24209308624267578,
    0.23236346244812012,
    0.23190712928771973,
    0.2346346378326416,
    0.23131084442138672,
    0.23112988471984863,
    0.23160600662231445,
    0.23136162757873535
  ],
  "status": 1
}