{
  "gpu": true,
  "device": "gpu",
  "infile": "../matrix/cgne_init_65536_dble_csr.dat",
  "matfile": null,
  "k": 0.0,
  "kc": 0.0,
  "reordering": false,
  "preconditioning": true,
  "vol": 65536,
  "dim": 786432,
  "lattice": "16x16x16x16",
  "blk_dim": 3072,
  "bs": "4x4x4x4",
  "res": 1e-06,
  "tol": 0.0012541387482808122,
  "nmx": 1250,
  "nkv": 7,
  "nmr": 2,
  "ncy": 4,
  "sdtype": "float32",
  "ddtype": "float64",
  "cdtype": "float32",
  "rn": [
    565.1568866362568,
    271.8706530610733,
    119.76534010179058,
    52.177812312471275,
    22.962608526155154,
    10.201297991004195,
    4.577090796089375,
    4.5770904574620985,
    2.521594283205191,
    1.0419628662681104,
    0.44478428550534155,
    0.1952218359181217,
    0.09045551593911104,
    0.04230990775222755,
    0.019088499489319403,
    0.019088500595388972,
    0.01026391680147942,
    0.004803189622878764,
    0.0020385808572284106,
    0.0009350043325937023,
    0.0009350043357063894
  ],
  "i": [
    0,
    1,
    2,
    3,
    4,
    5,
    6,
    7,
    8,
    9,
    10,
    11,
    12,
    13,
    14,
    15,
    16,
    17,
    18,
    19,
    20
  ],
  "reset": [
    7,
    15,
    20
  ],
  "duration": [
    21.805625915527344,
    21.7336585521698,
    21.720121145248413,
    21.721251487731934,
    21.68689775466919,
    21.662850856781006,
    21.688704013824463,
    21.69387650489807,
    21.722066402435303,
    21.710593938827515,
    21.652823448181152,
    21.67925763130188,
    21.715385913848877,
    21.668334245681763,
    21.69612431526184,
    21.695003271102905,
    21.694398641586304,
    21.669978380203247,
    21.662571668624878,
    21.68361258506775
  ],
  "status": 18
}