{
  "gpu": true,
  "device": "gpu",
  "infile": "../matrix/cgne_init_4096_dble_csr.dat",
  "matfile": "../matrix/conf6_0-8x8-30/conf6.0-00l8x8-3000.mtx",
  "k": 0.05,
  "kc": 0.15649,
  "reordering": true,
  "preconditioning": true,
  "vol": 4096,
  "dim": 49152,
  "lattice": "8x8x8x8",
  "blk_dim": 12288,
  "bs": "8x8x4x4",
  "res": 1e-06,
  "tol": 0.0003135346870762468,
  "nmx": 1250,
  "nkv": 7,
  "nmr": 4,
  "ncy": 2,
  "sdtype": "float64",
  "ddtype": "float64",
  "cdtype": "float64",
  "rn": [
    0.05367960869724413,
    2.185774630572914e-06,
    2.185774630665818e-06
  ],
  "i": [
    0,
    1,
    2
  ],
  "reset": [
    2
  ],
  "duration": [
    0.20143747329711914,
    0.03832364082336426,
    0.038309335708618164,
    0.03809046745300293,
    0.03713536262512207,
    0.03681612014770508,
    0.036924123764038086,
    0.03805947303771973,
    0.037946224212646484,
    0.03801107406616211,
    0.03824591636657715,
    0.0380406379699707,
    0.038242340087890625,
    0.03810858726501465,
    0.03800010681152344,
    0.03765368461608887,
    0.03698229789733887,
    0.03679323196411133,
    0.03793072700500488,
    0.03806877136230469
  ],
  "status": 2
}