{
  "gpu": true,
  "device": "gpu",
  "infile": "../matrix/cgne_init_4096_dble_csr.dat",
  "matfile": null,
  "k": 0.0,
  "kc": 0.0,
  "reordering": false,
  "preconditioning": true,
  "vol": 4096,
  "dim": 49152,
  "lattice": "8x8x8x8",
  "blk_dim": 6144,
  "bs": "8x4x4x4",
  "res": 1e-06,
  "tol": 0.00031353468703945405,
  "nmx": 125,
  "nkv": 7,
  "nmr": 20,
  "ncy": 4,
  "sdtype": "float32",
  "ddtype": "float64",
  "cdtype": "float64",
  "rn": [
    9.642157761314325,
    1.5341369141009218,
    0.398937065849058,
    0.08181547893909062,
    0.01897542593900083,
    0.004549599946699987,
    0.0010291108847382293,
    0.001030778984065726,
    0.00029532055995811797,
    0.00029532056137747875
  ],
  "i": [
    0,
    1,
    2,
    3,
    4,
    5,
    6,
    7,
    8,
    9
  ],
  "reset": [
    7,
    9
  ],
  "duration": [
    2.614429235458374,
    2.4455771446228027,
    2.458737373352051,
    2.452918291091919,
    2.4559006690979004,
    2.443988561630249,
    2.461545944213867,
    2.458730697631836,
    2.466899871826172,
    2.4406023025512695,
    2.4702751636505127,
    2.446525812149048,
    2.449324369430542,
    2.43430495262146,
    2.4618804454803467,
    2.448479652404785,
    2.446946620941162,
    2.455817222595215,
    2.4300010204315186,
    2.4522430896759033
  ],
  "status": 8
}