{
  "gpu": false,
  "device": "hybrid",
  "infile": "../matrix/cgne_init_65536_dble_csr.dat",
  "matfile": null,
  "k": 0.0,
  "kc": 0.0,
  "reordering": false,
  "preconditioning": true,
  "vol": 65536,
  "dim": 786432,
  "lattice": "16x16x16x16",
  "blk_dim": 98304,
  "bs": "16x8x8x8",
  "res": 1e-06,
  "tol": 0.0012541387482794752,
  "nmx": 2500,
  "nkv": 7,
  "nmr": 4,
  "ncy": 1,
  "sdtype": "float32",
  "ddtype": "float64",
  "cdtype": "float64",
  "rn": [
    610.7032242654888,
    234.8991183362818,
    104.62081725010023,
    47.70500524703115,
    21.647570594724044,
    10.208919704776235,
    4.788312409948969,
    4.788312517052541,
    2.388744961795477,
    1.1820396408388711,
    0.5689803926328489,
    0.2746503669013729,
    0.13069653144280005,
    0.05705047865125384,
    0.026496669936236478,
    0.026496669560315027,
    0.013116867829018379,
    0.006463247753582505,
    0.0031196615185412626,
    0.0015407756638554434,
    0.0007460433324215769,
    0.0007460433316212127
  ],
  "i": [
    0,
    1,
    2,
    3,
    4,
    5,
    6,
    7,
    8,
    9,
    10,
    11,
    12,
    13,
    14,
    15,
    16,
    17,
    18,
    19,
    20,
    21
  ],
  "reset": [
    7,
    15,
    21
  ],
  "duration": [
    4.3741254806518555,
    4.354240655899048,
    4.356242418289185,
    4.354095697402954,
    4.354012727737427,
    4.350568771362305,
    4.355213642120361,
    4.350595474243164,
    4.357867956161499,
    4.361265659332275,
    4.357715606689453,
    4.358637094497681,
    4.356396436691284,
    4.3635780811309814,
    4.375789165496826,
    4.378099679946899,
    4.371066570281982,
    4.372301816940308,
    4.36415958404541,
    4.365294456481934
  ],
  "status": 19
}