{
  "gpu": false,
  "device": "hybrid",
  "infile": "../matrix/cgne_init_4096_dble_csr.dat",
  "matfile": null,
  "k": 0.0,
  "kc": 0.0,
  "reordering": false,
  "preconditioning": true,
  "vol": 4096,
  "dim": 49152,
  "lattice": "8x8x8x8",
  "blk_dim": 12288,
  "bs": "8x8x4x4",
  "res": 1e-06,
  "tol": 0.0003135346870547978,
  "nmx": 2500,
  "nkv": 7,
  "nmr": 1,
  "ncy": 4,
  "sdtype": "float32",
  "ddtype": "float64",
  "cdtype": "float64",
  "rn": [
    118.55172567004765,
    46.24140565621488,
    19.20079914710634,
    8.379876894979164,
    3.7987245828402822,
    1.7686417622826283,
    0.8459328862708644,
    0.845932664735323,
    0.41999063264985576,
    0.2133060543180252,
    0.10936524466642586,
    0.04999096431736295,
    0.02436215881050018,
    0.011878082003617436,
    0.005678559733686503,
    0.005678559229717038,
    0.002873805658935403,
    0.0014637185136465816,
    0.0007444243271145582,
    0.0003501103478783183,
    0.00017375708057608286,
    0.00017375708397127535
  ],
  "i": [
    0,
    1,
    2,
    3,
    4,
    5,
    6,
    7,
    8,
    9,
    10,
    11,
    12,
    13,
    14,
    15,
    16,
    17,
    18,
    19,
    20,
    21
  ],
  "reset": [
    7,
    15,
    21
  ],
  "duration": [
    1.2076160907745361,
    1.207993745803833,
    1.2105650901794434,
    1.2098045349121094,
    1.2085018157958984,
    1.2107243537902832,
    1.2089862823486328,
    1.2091116905212402,
    1.209406852722168,
    1.211327314376831,
    1.2095880508422852,
    1.2082605361938477,
    1.2101564407348633,
    1.2085952758789062,
    1.2101781368255615,
    1.2086362838745117,
    1.2086515426635742,
    1.207726240158081,
    1.2123541831970215,
    1.206850528717041
  ],
  "status": 19
}