{
  "gpu": false,
  "device": "hybrid",
  "infile": "../matrix/cgne_init_4096_dble_csr.dat",
  "matfile": "../matrix/conf6_0-8x8-30/conf6.0-00l8x8-3000.mtx",
  "k": 0.05,
  "kc": 0.15649,
  "reordering": true,
  "preconditioning": true,
  "vol": 4096,
  "dim": 49152,
  "lattice": "8x8x8x8",
  "blk_dim": 3072,
  "bs": "4x4x4x4",
  "res": 1e-06,
  "tol": 0.0003135346870547978,
  "nmx": 1250,
  "nkv": 7,
  "nmr": 4,
  "ncy": 2,
  "sdtype": "float32",
  "ddtype": "float64",
  "cdtype": "float64",
  "rn": [
    0.35330332701758277,
    9.909088101034149e-05,
    0.00010485760549089774
  ],
  "i": [
    0,
    1,
    2
  ],
  "reset": [
    2
  ],
  "duration": [
    0.18390536308288574,
    0.18483185768127441,
    0.18430161476135254,
    0.18307781219482422,
    0.18375229835510254,
    0.18384408950805664,
    0.1833198070526123,
    0.18689703941345215,
    0.18383526802062988,
    0.18326616287231445,
    0.1838059425354004,
    0.1840221881866455,
    0.1880791187286377,
    0.18386530876159668,
    0.18410444259643555,
    0.1877434253692627,
    0.18271350860595703,
    0.18304157257080078,
    0.18450355529785156,
    0.18357396125793457
  ],
  "status": 2
}