{
  "gpu": false,
  "device": "cpu",
  "infile": "../matrix/cgne_init_4096_dble_csr.dat",
  "matfile": "../matrix/conf6_0-8x8-20/conf6_0-8x8-20.mtx",
  "k": 0.15,
  "kc": 0.15717,
  "reordering": true,
  "preconditioning": true,
  "vol": 4096,
  "dim": 49152,
  "lattice": "8x8x8x8",
  "blk_dim": 3072,
  "bs": "4x4x4x4",
  "res": 1e-06,
  "tol": 0.0003135346870547978,
  "nmx": 125,
  "nkv": 7,
  "nmr": 4,
  "ncy": 20,
  "sdtype": "float32",
  "ddtype": "float64",
  "cdtype": "float64",
  "rn": [
    0.2514643502675341,
    0.0031069649464247513,
    4.622769287757129e-05,
    8.945027635216823e-05
  ],
  "i": [
    0,
    1,
    2,
    3
  ],
  "reset": [
    3
  ],
  "duration": [
    1.7680649757385254,
    1.7622432708740234,
    1.762955665588379,
    1.7632110118865967,
    1.7613096237182617,
    1.7606799602508545,
    1.7621116638183594,
    1.760779857635498,
    1.7604920864105225,
    1.765455722808838,
    1.7609808444976807,
    1.7586276531219482,
    1.76108980178833,
    1.7587065696716309,
    1.759002923965454,
    1.7587025165557861,
    1.758751392364502,
    1.7570562362670898,
    1.762587308883667,
    1.7575278282165527
  ],
  "status": 3
}