{
  "gpu": false,
  "device": "cpu",
  "infile": "../matrix/fgcr_check3_4096_dble_csr.dat",
  "matfile": null,
  "k": 0.0,
  "kc": 0.0,
  "reordering": false,
  "preconditioning": true,
  "vol": 4096,
  "dim": 49152,
  "lattice": "8x8x8x8",
  "blk_dim": 3072,
  "bs": "4x4x4x4",
  "res": 1e-06,
  "tol": 0.00031353468710831124,
  "nmx": 250,
  "nkv": 7,
  "nmr": 4,
  "ncy": 10,
  "sdtype": "float32",
  "ddtype": "float64",
  "cdtype": "float32",
  "rn": [
    7.95655675850428,
    2.4271249911977204,
    0.7599331710448768,
    0.23432805056257866,
    0.07431420959136999,
    0.025095601116864402,
    0.008275042577301047,
    0.008276258516658848,
    0.0029775808195167514,
    0.001071463510345517,
    0.0003504177440811214,
    0.00011039692782266728,
    0.00011039692496003106
  ],
  "i": [
    0,
    1,
    2,
    3,
    4,
    5,
    6,
    7,
    8,
    9,
    10,
    11,
    12
  ],
  "reset": [
    7,
    12
  ],
  "duration": [
    2.9782216548919678,
    2.9745521545410156,
    2.9749372005462646,
    2.9800639152526855,
    2.9768943786621094,
    2.97542405128479,
    2.9736642837524414,
    2.9737625122070312,
    2.975714921951294,
    2.9752790927886963,
    2.973907232284546,
    2.972590208053589,
    2.975348472595215,
    2.973412036895752,
    2.9718966484069824,
    2.975851535797119,
    2.9744718074798584,
    2.9719202518463135,
    2.9728987216949463,
    2.9718222618103027
  ],
  "status": 11
}