{
  "gpu": false,
  "device": "hybrid",
  "infile": "../matrix/fgcr_check3_4096_dble_csr.dat",
  "matfile": null,
  "k": 0.0,
  "kc": 0.0,
  "reordering": false,
  "preconditioning": true,
  "vol": 4096,
  "dim": 49152,
  "lattice": "8x8x8x8",
  "blk_dim": 24576,
  "bs": "8x8x8x4",
  "res": 1e-06,
  "tol": 0.00031353468710831124,
  "nmx": 1250,
  "nkv": 7,
  "nmr": 2,
  "ncy": 4,
  "sdtype": "float32",
  "ddtype": "float64",
  "cdtype": "float32",
  "rn": [
    43.387860928924184,
    13.527525679434207,
    5.538735437224305,
    2.1941304951949285,
    0.8381977937083915,
    0.3353202116748263,
    0.1315269628738236,
    0.13152666968534193,
    0.057002048818778565,
    0.02755198493108526,
    0.009882918519834125,
    0.004061803041978329,
    0.0017125393736786175,
    0.000559887814168679,
    0.00020770229104191532,
    0.00020770219881895388
  ],
  "i": [
    0,
    1,
    2,
    3,
    4,
    5,
    6,
    7,
    8,
    9,
    10,
    11,
    12,
    13,
    14,
    15
  ],
  "reset": [
    7,
    15
  ],
  "duration": [
    1.4695746898651123,
    1.469515323638916,
    1.468916654586792,
    1.4686717987060547,
    1.4694890975952148,
    1.4684734344482422,
    1.468928337097168,
    1.4696342945098877,
    1.4689180850982666,
    1.4688594341278076,
    1.4691884517669678,
    1.4798438549041748,
    1.4694817066192627,
    1.4689340591430664,
    1.4695351123809814,
    1.468432903289795,
    1.4695756435394287,
    1.4689159393310547,
    1.4703619480133057,
    1.4694294929504395
  ],
  "status": 14
}