{
  "gpu": false,
  "device": "hybrid",
  "infile": "../matrix/cgne_init_4096_dble_csr.dat",
  "matfile": "../matrix/conf6_0-8x8-20/conf6_0-8x8-20.mtx",
  "k": 0.15,
  "kc": 0.15717,
  "reordering": true,
  "preconditioning": true,
  "vol": 4096,
  "dim": 49152,
  "lattice": "8x8x8x8",
  "blk_dim": 3072,
  "bs": "4x4x4x4",
  "res": 1e-06,
  "tol": 0.0003135346870547978,
  "nmx": 417,
  "nkv": 7,
  "nmr": 6,
  "ncy": 4,
  "sdtype": "float32",
  "ddtype": "float64",
  "cdtype": "float32",
  "rn": [
    11.883143629118202,
    2.470104762003493,
    0.6302201182257017,
    0.17776557254572634,
    0.04946252432080255,
    0.014417291092032172,
    0.004122493827017129,
    0.004121833918949244,
    0.0012735558050840801,
    0.00039311467080447205,
    0.00011517578629575468,
    0.00011517578177604064
  ],
  "i": [
    0,
    1,
    2,
    3,
    4,
    5,
    6,
    7,
    8,
    9,
    10,
    11
  ],
  "reset": [
    7,
    11
  ],
  "duration": [
    2.2289981842041016,
    2.2241857051849365,
    2.2250864505767822,
    2.227992057800293,
    2.2263102531433105,
    2.224574327468872,
    2.223426103591919,
    2.226349353790283,
    2.225410223007202,
    2.2251453399658203,
    2.2233054637908936,
    2.2263407707214355,
    2.2254011631011963,
    2.224982738494873,
    2.2230892181396484,
    2.2239830493927,
    2.226746082305908,
    2.220548391342163,
    2.2235374450683594,
    2.2227447032928467
  ],
  "status": 10
}