{
  "gpu": true,
  "infile": "../matrix/cgne_init_65536_dble_csr.dat",
  "matfile": null,
  "k": 0.0,
  "kc": 0.0,
  "reordering": false,
  "preconditioning": true,
  "vol": 65536,
  "dim": 786048,
  "lattice": "16x16x16x16",
  "blk_dim": 6141,
  "bs": "8x4x4x4",
  "res": 1e-06,
  "tol": 0.0012541387482808122,
  "nmx": 1250,
  "nkv": 7,
  "nmr": 4,
  "ncy": 2,
  "sdtype": "float32",
  "ddtype": "float64",
  "cdtype": "float64",
  "rn": [
    723.017145115547,
    404.8912548270432,
    206.22614281124325,
    99.37674526064552,
    47.4863800277572,
    22.55612957062997,
    10.814748858803222,
    10.814748788244708,
    6.473997820255584,
    2.762663364527971,
    1.3005532653678815,
    0.6036247561299393,
    0.2952538267923338,
    0.1447380750453546,
    0.06774030546526019,
    0.06774030536858232,
    0.03989370710959773,
    0.019117518804675826,
    0.00836076152298539,
    0.004087445312999286,
    0.002094363923980406,
    0.0010753083716296668,
    0.001075308386614794
  ],
  "i": [
    0,
    1,
    2,
    3,
    4,
    5,
    6,
    7,
    8,
    9,
    10,
    11,
    12,
    13,
    14,
    15,
    16,
    17,
    18,
    19,
    20,
    21,
    22
  ],
  "reset": [
    7,
    15,
    22
  ],
  "duration": 12.20104455947876,
  "status": 20
}