{
  "gpu": false,
  "device": "hybrid",
  "infile": "../matrix/cgne_init_4096_dble_csr.dat",
  "matfile": "../matrix/conf6_0-8x8-30/conf6.0-00l8x8-3000.mtx",
  "k": 0.05,
  "kc": 0.15649,
  "reordering": true,
  "preconditioning": true,
  "vol": 4096,
  "dim": 49152,
  "lattice": "8x8x8x8",
  "blk_dim": 3072,
  "bs": "4x4x4x4",
  "res": 1e-06,
  "tol": 0.0003135346870762468,
  "nmx": 125,
  "nkv": 7,
  "nmr": 4,
  "ncy": 20,
  "sdtype": "float64",
  "ddtype": "float64",
  "cdtype": "float64",
  "rn": [
    2.1437303650901178e-14,
    9.979578447245517e-14
  ],
  "i": [
    0,
    1
  ],
  "reset": [
    1
  ],
  "duration": [
    0.7563738822937012,
    0.752885103225708,
    0.7546422481536865,
    0.7577741146087646,
    0.761885404586792,
    0.754758358001709,
    0.7577512264251709,
    0.7546534538269043,
    0.7517855167388916,
    0.7543866634368896,
    0.7534410953521729,
    0.7598257064819336,
    0.755570650100708,
    0.760432243347168,
    0.7523999214172363,
    0.7530069351196289,
    0.7492034435272217,
    0.7578647136688232,
    0.7585241794586182,
    0.7582728862762451
  ],
  "status": 1
}