{
  "gpu": true,
  "device": "gpu",
  "infile": "../matrix/fgcr_check3_4096_dble_csr.dat",
  "matfile": null,
  "k": 0.0,
  "kc": 0.0,
  "reordering": false,
  "preconditioning": true,
  "vol": 4096,
  "dim": 49152,
  "lattice": "8x8x8x8",
  "blk_dim": 3072,
  "bs": "4x4x4x4",
  "res": 1e-06,
  "tol": 0.00031353468715082124,
  "nmx": 1250,
  "nkv": 7,
  "nmr": 2,
  "ncy": 4,
  "sdtype": "float32",
  "ddtype": "float64",
  "cdtype": "float64",
  "rn": [
    43.37300181499861,
    13.493811989818717,
    5.5217370955594545,
    2.184047898412744,
    0.8290427213567187,
    0.330737149494889,
    0.12941327992151508,
    0.12941349862140952,
    0.056111114795680664,
    0.027144043647826636,
    0.009667377592946585,
    0.003948864064534694,
    0.0016618772423327287,
    0.00054237217738384,
    0.00020091952048240984,
    0.00020091943373348745
  ],
  "i": [
    0,
    1,
    2,
    3,
    4,
    5,
    6,
    7,
    8,
    9,
    10,
    11,
    12,
    13,
    14,
    15
  ],
  "reset": [
    7,
    15
  ],
  "duration": [
    1.4197502136230469,
    1.2007713317871094,
    1.2000329494476318,
    1.1971876621246338,
    1.1934306621551514,
    1.1934640407562256,
    1.192767858505249,
    1.1926078796386719,
    1.192441701889038,
    1.1934471130371094,
    1.1935031414031982,
    1.197927713394165,
    1.1902623176574707,
    1.192460536956787,
    1.1928679943084717,
    1.190788984298706,
    1.1903128623962402,
    1.1920957565307617,
    1.1914560794830322,
    1.190500259399414
  ],
  "status": 14
}