{
  "gpu": true,
  "device": "gpu",
  "infile": "../matrix/cgne_init_4096_dble_csr.dat",
  "matfile": "../matrix/conf6_0-8x8-30/conf6.0-00l8x8-3000.mtx",
  "k": 0.05,
  "kc": 0.15649,
  "reordering": true,
  "preconditioning": true,
  "vol": 4096,
  "dim": 49152,
  "lattice": "8x8x8x8",
  "blk_dim": 12288,
  "bs": "8x8x4x4",
  "res": 1e-06,
  "tol": 0.00031353468703945405,
  "nmx": 1250,
  "nkv": 7,
  "nmr": 2,
  "ncy": 4,
  "sdtype": "float32",
  "ddtype": "float64",
  "cdtype": "float32",
  "rn": [
    0.005790436851113118,
    2.2375736360639085e-05,
    5.211006195013351e-05
  ],
  "i": [
    0,
    1,
    2
  ],
  "reset": [
    2
  ],
  "duration": [
    0.20703125,
    0.0445704460144043,
    0.043425559997558594,
    0.04257822036743164,
    0.04276704788208008,
    0.0441136360168457,
    0.04394268989562988,
    0.043913841247558594,
    0.04387211799621582,
    0.04470038414001465,
    0.04373908042907715,
    0.0440824031829834,
    0.043977975845336914,
    0.043868064880371094,
    0.04390120506286621,
    0.043868064880371094,
    0.04362201690673828,
    0.044008731842041016,
    0.04375410079956055,
    0.04373288154602051
  ],
  "status": 2
}