{
  "gpu": false,
  "device": "hybrid",
  "infile": "../matrix/cgne_init_4096_dble_csr.dat",
  "matfile": "../matrix/conf6_0-8x8-30/conf6.0-00l8x8-3000.mtx",
  "k": 0.05,
  "kc": 0.15649,
  "reordering": true,
  "preconditioning": true,
  "vol": 4096,
  "dim": 49152,
  "lattice": "8x8x8x8",
  "blk_dim": 6144,
  "bs": "8x4x4x4",
  "res": 1e-06,
  "tol": 0.0003135346870762468,
  "nmx": 250,
  "nkv": 7,
  "nmr": 4,
  "ncy": 10,
  "sdtype": "float64",
  "ddtype": "float64",
  "cdtype": "float64",
  "rn": [
    2.1437366932387756e-14,
    9.877713348755969e-14
  ],
  "i": [
    0,
    1
  ],
  "reset": [
    1
  ],
  "duration": [
    0.21722626686096191,
    0.21803879737854004,
    0.2176671028137207,
    0.2179853916168213,
    0.21777868270874023,
    0.2176682949066162,
    0.21873784065246582,
    0.21807551383972168,
    0.22249770164489746,
    0.217437744140625,
    0.21766877174377441,
    0.21772122383117676,
    0.2172226905822754,
    0.21785283088684082,
    0.21735906600952148,
    0.2169327735900879,
    0.21747612953186035,
    0.21779465675354004,
    0.21721696853637695,
    0.2177584171295166
  ],
  "status": 1
}