{
  "gpu": true,
  "device": "gpu",
  "infile": "../matrix/cgne_init_4096_dble_csr.dat",
  "matfile": "../matrix/conf6_0-8x8-30/conf6.0-00l8x8-3000.mtx",
  "k": 0.05,
  "kc": 0.15649,
  "reordering": true,
  "preconditioning": true,
  "vol": 4096,
  "dim": 49152,
  "lattice": "8x8x8x8",
  "blk_dim": 3072,
  "bs": "4x4x4x4",
  "res": 1e-06,
  "tol": 0.00031353468703945405,
  "nmx": 2500,
  "nkv": 7,
  "nmr": 1,
  "ncy": 4,
  "sdtype": "float32",
  "ddtype": "float64",
  "cdtype": "float64",
  "rn": [
    0.5419229864998433,
    0.0017100189159992153,
    5.978609576785938e-06,
    3.3975505587354466e-05
  ],
  "i": [
    0,
    1,
    2,
    3
  ],
  "reset": [
    3
  ],
  "duration": [
    0.30695295333862305,
    0.14105820655822754,
    0.14064884185791016,
    0.141249418258667,
    0.13572263717651367,
    0.13817381858825684,
    0.1386556625366211,
    0.13979625701904297,
    0.1407947540283203,
    0.1378188133239746,
    0.14018917083740234,
    0.14109468460083008,
    0.14053964614868164,
    0.1374664306640625,
    0.1390700340270996,
    0.13861918449401855,
    0.1391904354095459,
    0.13879990577697754,
    0.13788771629333496,
    0.13838410377502441
  ],
  "status": 3
}