{
  "gpu": true,
  "infile": "../matrix/cgne_init_65536_dble_csr.dat",
  "matfile": null,
  "k": 0.0,
  "kc": 0.0,
  "reordering": false,
  "preconditioning": true,
  "vol": 65536,
  "dim": 786048,
  "lattice": "16x16x16x16",
  "blk_dim": 98256,
  "bs": "16x8x8x8",
  "res": 1e-06,
  "tol": 0.0012541387483049871,
  "nmx": 500,
  "nkv": 7,
  "nmr": 4,
  "ncy": 5,
  "sdtype": "float64",
  "ddtype": "float64",
  "cdtype": "float64",
  "rn": [
    399.29406622181637,
    145.73633401212902,
    54.33367323423815,
    20.6176177107542,
    7.968592097589964,
    3.1409486424976865,
    1.2610207033549892,
    1.2610207033549892,
    0.519856010939111,
    0.21158309010158027,
    0.08050921469679771,
    0.029432236914406395,
    0.01059420936166118,
    0.0037412635665211944,
    0.001332671071223416,
    0.0013326710712236148,
    0.0005406896094074746,
    0.0005406896094072408
  ],
  "i": [
    0,
    1,
    2,
    3,
    4,
    5,
    6,
    7,
    8,
    9,
    10,
    11,
    12,
    13,
    14,
    15,
    16,
    17
  ],
  "reset": [
    7,
    15,
    17
  ],
  "duration": 2.6624033451080322,
  "status": 15
}