{
  "gpu": false,
  "device": "hybrid",
  "infile": "../matrix/cgne_init_4096_dble_csr.dat",
  "matfile": "../matrix/conf6_0-8x8-30/conf6.0-00l8x8-3000.mtx",
  "k": 0.05,
  "kc": 0.15649,
  "reordering": false,
  "preconditioning": false,
  "vol": 4096,
  "dim": 49152,
  "lattice": "8x8x8x8",
  "blk_dim": 24576,
  "bs": "8x8x8x4",
  "res": 1e-06,
  "tol": 0.0003135346870762468,
  "nmx": 10000,
  "nkv": 7,
  "nmr": 0,
  "ncy": 0,
  "sdtype": "float64",
  "ddtype": "float64",
  "cdtype": "float64",
  "rn": [
    61.625004975411805,
    13.571582779908766,
    3.2152912078630935,
    0.7816502030028136,
    0.19458505669769977,
    0.04872017135294122,
    0.012307499483668544,
    0.01230749948366929,
    0.0032386054915988223,
    0.00080409868859444,
    0.0002080175569217974,
    0.00020801755692148225
  ],
  "i": [
    0,
    1,
    2,
    3,
    4,
    5,
    6,
    7,
    8,
    9,
    10,
    11
  ],
  "reset": [
    7,
    11
  ],
  "duration": [
    0.16521143913269043,
    0.1507701873779297,
    0.1975538730621338,
    0.1703810691833496,
    0.23730254173278809,
    0.17015576362609863,
    0.13767266273498535,
    0.24704456329345703,
    0.15143775939941406,
    0.16094326972961426,
    0.12728667259216309,
    0.16177725791931152,
    0.12190055847167969,
    0.13052606582641602,
    0.19220733642578125,
    0.15908384323120117,
    0.23900556564331055,
    0.1316697597503662,
    0.17766475677490234,
    0.23903989791870117
  ],
  "status": 10
}