{
  "gpu": false,
  "device": "hybrid",
  "infile": "../matrix/cgne_init_4096_dble_csr.dat",
  "matfile": null,
  "k": 0.0,
  "kc": 0.0,
  "reordering": false,
  "preconditioning": true,
  "vol": 4096,
  "dim": 49152,
  "lattice": "8x8x8x8",
  "blk_dim": 6144,
  "bs": "8x4x4x4",
  "res": 1e-06,
  "tol": 0.0003135346870547978,
  "nmx": 125,
  "nkv": 7,
  "nmr": 4,
  "ncy": 20,
  "sdtype": "float32",
  "ddtype": "float64",
  "cdtype": "float32",
  "rn": [
    24.4401550016265,
    8.450464287781317,
    3.5290148537100388,
    1.4931000119162379,
    0.5571528152448524,
    0.1914526179735543,
    0.06709516427566174,
    0.06709497270006053,
    0.029338395732883146,
    0.011904353552808488,
    0.005030931953327227,
    0.0015129543086298868,
    0.0004988278735561029,
    0.00018448634151147205,
    0.00018448652298517506
  ],
  "i": [
    0,
    1,
    2,
    3,
    4,
    5,
    6,
    7,
    8,
    9,
    10,
    11,
    12,
    13,
    14
  ],
  "reset": [
    7,
    14
  ],
  "duration": [
    6.736248016357422,
    6.72846531867981,
    6.730877161026001,
    6.722054958343506,
    6.713000535964966,
    6.715853691101074,
    6.706689119338989,
    6.718441486358643,
    6.711700677871704,
    6.706691265106201,
    6.699397802352905,
    6.716273069381714,
    6.706499814987183,
    6.719804048538208,
    6.706884860992432,
    6.71897029876709,
    6.709620475769043,
    6.717291355133057,
    6.701833248138428,
    6.710934400558472
  ],
  "status": 13
}