{
  "gpu": false,
  "device": "hybrid",
  "infile": "../matrix/cgne_init_4096_dble_csr.dat",
  "matfile": null,
  "k": 0.0,
  "kc": 0.0,
  "reordering": false,
  "preconditioning": true,
  "vol": 4096,
  "dim": 49152,
  "lattice": "8x8x8x8",
  "blk_dim": 24576,
  "bs": "8x8x8x4",
  "res": 1e-06,
  "tol": 0.0003135346870547978,
  "nmx": 417,
  "nkv": 7,
  "nmr": 4,
  "ncy": 6,
  "sdtype": "float32",
  "ddtype": "float64",
  "cdtype": "float32",
  "rn": [
    82.20462419627016,
    32.930433542155605,
    15.942659876839882,
    7.573379062760812,
    3.713474994879042,
    1.8687078799418488,
    0.9554425957513802,
    0.955442905172162,
    0.5841173908040831,
    0.3059822198482719,
    0.15266733049774212,
    0.0759281375181403,
    0.036563711258255895,
    0.0161668266625751,
    0.006880083983783422,
    0.006880082764118046,
    0.0039796801683588635,
    0.0019176435359039784,
    0.0009084396681712291,
    0.00045929302656163944,
    0.0002343879023677387,
    0.00023438790878733314
  ],
  "i": [
    0,
    1,
    2,
    3,
    4,
    5,
    6,
    7,
    8,
    9,
    10,
    11,
    12,
    13,
    14,
    15,
    16,
    17,
    18,
    19,
    20,
    21
  ],
  "reset": [
    7,
    15,
    21
  ],
  "duration": [
    1.9835026264190674,
    1.974956750869751,
    1.9680769443511963,
    1.990903615951538,
    1.9696741104125977,
    1.9740805625915527,
    1.9775078296661377,
    1.9680061340332031,
    1.9792890548706055,
    1.9740476608276367,
    1.9644355773925781,
    1.9792327880859375,
    1.97159743309021,
    1.962949275970459,
    1.9829680919647217,
    1.9631216526031494,
    1.9725470542907715,
    1.9749789237976074,
    1.959578275680542,
    1.9761316776275635
  ],
  "status": 19
}