{
  "gpu": true,
  "device": "gpu",
  "infile": "../matrix/fgcr_check3_4096_dble_csr.dat",
  "matfile": null,
  "k": 0.0,
  "kc": 0.0,
  "reordering": false,
  "preconditioning": true,
  "vol": 4096,
  "dim": 49152,
  "lattice": "8x8x8x8",
  "blk_dim": 24576,
  "bs": "8x8x8x4",
  "res": 1e-06,
  "tol": 0.00031353468715082124,
  "nmx": 125,
  "nkv": 7,
  "nmr": 20,
  "ncy": 4,
  "sdtype": "float32",
  "ddtype": "float64",
  "cdtype": "float32",
  "rn": [
    25.528538188064612,
    5.167154262757943,
    1.4342689317901862,
    0.3654406692467669,
    0.09170647832975998,
    0.023918449700905665,
    0.005834689309033612,
    0.005834835225839764,
    0.001696886256804752,
    0.0005606338354355169,
    0.00012449768522106082,
    0.00012449768916831519
  ],
  "i": [
    0,
    1,
    2,
    3,
    4,
    5,
    6,
    7,
    8,
    9,
    10,
    11
  ],
  "reset": [
    7,
    11
  ],
  "duration": [
    1.0712220668792725,
    0.854299783706665,
    0.8524730205535889,
    0.8559548854827881,
    0.8470261096954346,
    0.8460798263549805,
    0.845505952835083,
    0.8460509777069092,
    0.8461737632751465,
    0.8469548225402832,
    0.8456466197967529,
    0.846433162689209,
    0.8469228744506836,
    0.8464562892913818,
    0.8458728790283203,
    0.8472967147827148,
    0.8417806625366211,
    0.8406655788421631,
    0.8398895263671875,
    0.8411612510681152
  ],
  "status": 10
}