{
  "gpu": false,
  "device": "hybrid",
  "infile": "../matrix/cgne_init_4096_dble_csr.dat",
  "matfile": null,
  "k": 0.0,
  "kc": 0.0,
  "reordering": false,
  "preconditioning": true,
  "vol": 4096,
  "dim": 49152,
  "lattice": "8x8x8x8",
  "blk_dim": 6144,
  "bs": "8x4x4x4",
  "res": 1e-06,
  "tol": 0.0003135346870762468,
  "nmx": 2500,
  "nkv": 7,
  "nmr": 1,
  "ncy": 4,
  "sdtype": "float64",
  "ddtype": "float64",
  "cdtype": "float64",
  "rn": [
    118.52903353135628,
    46.22225427498507,
    19.189605650443777,
    8.372061052396534,
    3.7938038940674135,
    1.7654978059131337,
    0.8441011338934282,
    0.8441011338934282,
    0.41873525353848684,
    0.2123686683789617,
    0.10870835676768796,
    0.04960839218763332,
    0.02409979747387093,
    0.011718914239454965,
    0.005585119682544503,
    0.005585119682544138,
    0.0028113638277143687,
    0.0014230850966259919,
    0.0007163537206010849,
    0.00033392637109943624,
    0.0001640097505106955,
    0.00016400975051100654
  ],
  "i": [
    0,
    1,
    2,
    3,
    4,
    5,
    6,
    7,
    8,
    9,
    10,
    11,
    12,
    13,
    14,
    15,
    16,
    17,
    18,
    19,
    20,
    21
  ],
  "reset": [
    7,
    15,
    21
  ],
  "duration": [
    1.9679713249206543,
    2.11378812789917,
    1.9555702209472656,
    1.8320724964141846,
    1.914764404296875,
    1.8332953453063965,
    1.9240443706512451,
    1.7837564945220947,
    1.9070165157318115,
    1.8228204250335693,
    1.9858789443969727,
    2.031766414642334,
    1.9481525421142578,
    1.9587078094482422,
    1.94533371925354,
    1.909909725189209,
    1.857612133026123,
    1.8772234916687012,
    1.994060754776001,
    2.015946865081787
  ],
  "status": 19
}