{
  "gpu": true,
  "infile": "../matrix/cgne_init_65536_dble_csr.dat",
  "matfile": null,
  "k": 0.0,
  "kc": 0.0,
  "reordering": false,
  "preconditioning": true,
  "vol": 65536,
  "dim": 786048,
  "lattice": "16x16x16x16",
  "blk_dim": 12282,
  "bs": "8x8x4x4",
  "res": 1e-06,
  "tol": 0.0012541387482808122,
  "nmx": 2500,
  "nkv": 7,
  "nmr": 4,
  "ncy": 1,
  "sdtype": "float32",
  "ddtype": "float64",
  "cdtype": "float64",
  "rn": [
    610.6609629554988,
    234.8723470985867,
    104.60075397558145,
    47.69203028408261,
    21.640491244802124,
    10.204894035293556,
    4.785917574695826,
    4.785917554836298,
    2.38719216187686,
    1.181058385730766,
    0.5684960884189888,
    0.2743327491517729,
    0.13051536980541664,
    0.05697078732845509,
    0.026444586869040863,
    0.026444587738598483,
    0.013083296086938697,
    0.006441980579005285,
    0.0031079261005105994,
    0.0015320150411240962,
    0.0007405024153180312,
    0.0007405024108774005
  ],
  "i": [
    0,
    1,
    2,
    3,
    4,
    5,
    6,
    7,
    8,
    9,
    10,
    11,
    12,
    13,
    14,
    15,
    16,
    17,
    18,
    19,
    20,
    21
  ],
  "reset": [
    7,
    15,
    21
  ],
  "duration": 3.9848337173461914,
  "status": 19
}