{
  "gpu": false,
  "device": "hybrid",
  "infile": "../matrix/cgne_init_4096_dble_csr.dat",
  "matfile": "../matrix/conf6_0-8x8-20/conf6_0-8x8-20.mtx",
  "k": 0.15,
  "kc": 0.15717,
  "reordering": true,
  "preconditioning": true,
  "vol": 4096,
  "dim": 49152,
  "lattice": "8x8x8x8",
  "blk_dim": 3072,
  "bs": "4x4x4x4",
  "res": 1e-06,
  "tol": 0.0003135346870547978,
  "nmx": 250,
  "nkv": 7,
  "nmr": 4,
  "ncy": 10,
  "sdtype": "float32",
  "ddtype": "float64",
  "cdtype": "float64",
  "rn": [
    2.5145209180998456,
    0.24417773555018987,
    0.025588300380888263,
    0.0025768288323177713,
    0.00026635297414676794,
    0.00027052975813620365
  ],
  "i": [
    0,
    1,
    2,
    3,
    4,
    5
  ],
  "reset": [
    5
  ],
  "duration": [
    1.884596347808838,
    1.879619836807251,
    1.8849461078643799,
    1.8745691776275635,
    1.8739182949066162,
    1.8741934299468994,
    1.8706109523773193,
    1.8719379901885986,
    1.8760266304016113,
    1.8712577819824219,
    1.875363826751709,
    1.8749585151672363,
    1.8739814758300781,
    1.8734056949615479,
    1.8736956119537354,
    1.8751475811004639,
    1.876953363418579,
    1.8750510215759277,
    1.8683373928070068,
    1.8772711753845215
  ],
  "status": 5
}