{
  "gpu": false,
  "device": "hybrid",
  "infile": "../matrix/cgne_init_4096_dble_csr.dat",
  "matfile": "../matrix/conf6_0-8x8-30/conf6.0-00l8x8-3000.mtx",
  "k": 0.05,
  "kc": 0.15649,
  "reordering": true,
  "preconditioning": true,
  "vol": 4096,
  "dim": 49152,
  "lattice": "8x8x8x8",
  "blk_dim": 6144,
  "bs": "8x4x4x4",
  "res": 1e-06,
  "tol": 0.0003135346870547978,
  "nmx": 250,
  "nkv": 7,
  "nmr": 10,
  "ncy": 4,
  "sdtype": "float32",
  "ddtype": "float64",
  "cdtype": "float64",
  "rn": [
    4.000706840475868e-05,
    5.000394586739154e-05
  ],
  "i": [
    0,
    1
  ],
  "reset": [
    1
  ],
  "duration": [
    0.19211602210998535,
    0.19242572784423828,
    0.19570040702819824,
    0.1920485496520996,
    0.19208669662475586,
    0.19336557388305664,
    0.192368745803833,
    0.19522356986999512,
    0.19244027137756348,
    0.19408178329467773,
    0.1967301368713379,
    0.19232845306396484,
    0.20117688179016113,
    0.19236159324645996,
    0.19218802452087402,
    0.1953284740447998,
    0.19214224815368652,
    0.19489836692810059,
    0.19183921813964844,
    0.1919844150543213
  ],
  "status": 1
}