{
  "gpu": false,
  "device": "hybrid",
  "infile": "../matrix/cgne_init_4096_dble_csr.dat",
  "matfile": "../matrix/conf6_0-8x8-20/conf6_0-8x8-20.mtx",
  "k": 0.15717,
  "kc": 0.15717,
  "reordering": true,
  "preconditioning": true,
  "vol": 4096,
  "dim": 49152,
  "lattice": "8x8x8x8",
  "blk_dim": 3072,
  "bs": "4x4x4x4",
  "res": 1e-06,
  "tol": 0.0003135346870547978,
  "nmx": 417,
  "nkv": 7,
  "nmr": 6,
  "ncy": 4,
  "sdtype": "float32",
  "ddtype": "float64",
  "cdtype": "float32",
  "rn": [
    27.93927575243076,
    12.86850458949159,
    7.088409450158355,
    4.294397609838244,
    2.6132236857016546,
    1.6605032579670056,
    1.0443832946938334,
    1.0443834929048696,
    0.7137334605246423,
    0.4763202701446197,
    0.2935504384317086,
    0.1807642999948222,
    0.11298433146104635,
    0.06682399776454086,
    0.03510041723090687,
    0.03510041667599597,
    0.02056673147566793,
    0.0125301291093574,
    0.007650042472777138,
    0.004521962380717953,
    0.0028805823215754148,
    0.001830366253382963,
    0.0011944618970466535,
    0.001194461839673038,
    0.000839926585143791,
    0.0005521056949828614,
    0.0003515922626159965,
    0.00021935181886482733,
    0.00021935181971858113
  ],
  "i": [
    0,
    1,
    2,
    3,
    4,
    5,
    6,
    7,
    8,
    9,
    10,
    11,
    12,
    13,
    14,
    15,
    16,
    17,
    18,
    19,
    20,
    21,
    22,
    23,
    24,
    25,
    26,
    27,
    28
  ],
  "reset": [
    7,
    15,
    23,
    28
  ],
  "duration": [
    5.568670272827148,
    5.560197830200195,
    5.550840854644775,
    5.559126377105713,
    5.559500217437744,
    5.558438301086426,
    5.556809425354004,
    5.55941367149353,
    5.565361499786377,
    5.563393831253052,
    5.567860126495361,
    5.56284499168396,
    5.560391187667847,
    5.560619354248047,
    5.562530040740967,
    5.5639588832855225,
    5.551266670227051,
    5.55883526802063,
    5.556163549423218,
    5.558216094970703
  ],
  "status": 25
}