{
  "gpu": false,
  "infile": "../matrix/cgne_init_65536_dble_csr.dat",
  "matfile": null,
  "k": 0.0,
  "kc": 0.0,
  "reordering": false,
  "preconditioning": true,
  "vol": 65536,
  "dim": 786048,
  "lattice": "16x16x16x16",
  "blk_dim": 24564,
  "bs": "8x8x8x4",
  "res": 1e-06,
  "tol": 0.0012541387483049865,
  "nmx": 2500,
  "nkv": 7,
  "nmr": 4,
  "ncy": 1,
  "sdtype": "float64",
  "ddtype": "float64",
  "cdtype": "float64",
  "rn": [
    610.6802960784493,
    234.88497946757988,
    104.61068259491186,
    47.69867942630081,
    21.64417763127609,
    10.207053434953124,
    4.787188421458607,
    4.787188421458606,
    2.3880012463009,
    1.181576052458199,
    0.568754194985116,
    0.27450013097155207,
    0.13060705659919955,
    0.05701521041827431,
    0.02647311441660879,
    0.02647311441660953,
    0.01310110526401013,
    0.006452676536137277,
    0.003114260525703922,
    0.0015364107751097036,
    0.0007431508608974832,
    0.0007431508608970735
  ],
  "i": [
    0,
    1,
    2,
    3,
    4,
    5,
    6,
    7,
    8,
    9,
    10,
    11,
    12,
    13,
    14,
    15,
    16,
    17,
    18,
    19,
    20,
    21
  ],
  "reset": [
    7,
    15,
    21
  ],
  "duration": [
    9.458704233169556,
    9.312384366989136,
    8.979572057723999,
    9.287559032440186,
    9.237310647964478,
    8.912147283554077,
    9.192433595657349,
    9.392180442810059,
    9.157955646514893,
    9.165358543395996,
    9.211565017700195,
    9.354451894760132,
    8.784981727600098,
    9.363250494003296,
    9.16353964805603,
    9.038684368133545,
    9.648293495178223,
    9.160609006881714,
    9.307616472244263,
    9.23654055595398
  ],
  "status": 19
}