{
  "gpu": true,
  "device": "gpu",
  "infile": "../matrix/cgne_init_4096_dble_csr.dat",
  "matfile": "../matrix/conf6_0-8x8-30/conf6.0-00l8x8-3000.mtx",
  "k": 0.05,
  "kc": 0.15649,
  "reordering": true,
  "preconditioning": true,
  "vol": 4096,
  "dim": 49152,
  "lattice": "8x8x8x8",
  "blk_dim": 3072,
  "bs": "4x4x4x4",
  "res": 1e-06,
  "tol": 0.00031353468703945405,
  "nmx": 250,
  "nkv": 7,
  "nmr": 10,
  "ncy": 4,
  "sdtype": "float32",
  "ddtype": "float64",
  "cdtype": "float64",
  "rn": [
    9.848648578804733e-05,
    0.00010558750503888341
  ],
  "i": [
    0,
    1
  ],
  "reset": [
    1
  ],
  "duration": [
    0.31594347953796387,
    0.31166815757751465,
    0.308948278427124,
    0.3068678379058838,
    0.3134932518005371,
    0.30744338035583496,
    0.312424898147583,
    0.31023240089416504,
    0.30909132957458496,
    0.31202173233032227,
    0.3187689781188965,
    0.3081212043762207,
    0.3141968250274658,
    0.31436800956726074,
    0.3121786117553711,
    0.3138916492462158,
    0.30762577056884766,
    0.3083178997039795,
    0.30774617195129395,
    0.31046485900878906
  ],
  "status": 1
}