{
  "gpu": false,
  "device": "cpu",
  "infile": "../matrix/fgcr_check3_4096_dble_csr.dat",
  "matfile": null,
  "k": 0.0,
  "kc": 0.0,
  "reordering": false,
  "preconditioning": true,
  "vol": 4096,
  "dim": 49152,
  "lattice": "8x8x8x8",
  "blk_dim": 3072,
  "bs": "4x4x4x4",
  "res": 1e-06,
  "tol": 0.00031353468710831124,
  "nmx": 417,
  "nkv": 7,
  "nmr": 12,
  "ncy": 2,
  "sdtype": "float32",
  "ddtype": "float64",
  "cdtype": "float64",
  "rn": [
    59.00606835365958,
    22.231129585168844,
    10.21235885389054,
    4.442928968781498,
    2.066335943940212,
    0.9174075605718612,
    0.4234683547477404,
    0.4234689611850671,
    0.25108420578930896,
    0.11410793044637892,
    0.050357728055628666,
    0.022337377602854785,
    0.010211658005715236,
    0.004253979558175931,
    0.001593418780215055,
    0.001593418824914596,
    0.0009597321395646814,
    0.0004230318352371507,
    0.00019747489132612388,
    0.00019747489366762013
  ],
  "i": [
    0,
    1,
    2,
    3,
    4,
    5,
    6,
    7,
    8,
    9,
    10,
    11,
    12,
    13,
    14,
    15,
    16,
    17,
    18,
    19
  ],
  "reset": [
    7,
    15,
    19
  ],
  "duration": [
    2.759404420852661,
    2.7614643573760986,
    2.7631747722625732,
    2.758028984069824,
    2.7589728832244873,
    2.758126974105835,
    2.756869316101074,
    2.7572247982025146,
    2.75909423828125,
    2.7562096118927,
    2.757242202758789,
    2.7575063705444336,
    2.7553255558013916,
    2.7574782371520996,
    2.7582249641418457,
    2.7562789916992188,
    2.7553486824035645,
    2.7568488121032715,
    2.75531005859375,
    2.756615400314331
  ],
  "status": 17
}