{
  "gpu": true,
  "device": "gpu",
  "infile": "../matrix/fgcr_check3_4096_dble_csr.dat",
  "matfile": null,
  "k": 0.0,
  "kc": 0.0,
  "reordering": false,
  "preconditioning": true,
  "vol": 4096,
  "dim": 49152,
  "lattice": "8x8x8x8",
  "blk_dim": 6144,
  "bs": "8x4x4x4",
  "res": 1e-06,
  "tol": 0.00031353468715082124,
  "nmx": 417,
  "nkv": 7,
  "nmr": 6,
  "ncy": 4,
  "sdtype": "float32",
  "ddtype": "float64",
  "cdtype": "float64",
  "rn": [
    24.595776923497695,
    4.830575649255003,
    1.304715635761243,
    0.32096319462840167,
    0.07858461745113758,
    0.019928208568547944,
    0.0046801975113479125,
    0.004680355326076928,
    0.0013220381949782369,
    0.0004233291674234797,
    9.102892338208485e-05,
    9.10289308760821e-05
  ],
  "i": [
    0,
    1,
    2,
    3,
    4,
    5,
    6,
    7,
    8,
    9,
    10,
    11
  ],
  "reset": [
    7,
    11
  ],
  "duration": [
    1.3113112449645996,
    1.0915842056274414,
    1.0916416645050049,
    1.0909686088562012,
    1.091282606124878,
    1.091073751449585,
    1.091280460357666,
    1.0908105373382568,
    1.0905272960662842,
    1.0911955833435059,
    1.0913195610046387,
    1.090789794921875,
    1.0899412631988525,
    1.090407371520996,
    1.089430332183838,
    1.090303897857666,
    1.091385841369629,
    1.091036319732666,
    1.0909438133239746,
    1.0905585289001465
  ],
  "status": 10
}