{
  "gpu": true,
  "infile": "../matrix/cgne_init_4096_dble_csr.dat",
  "matfile": "../matrix/conf6_0-8x8-20/conf6_0-8x8-20.mtx",
  "k": 0.15,
  "kc": 0.15717,
  "reordering": true,
  "preconditioning": true,
  "vol": 4096,
  "dim": 49152,
  "lattice": "8x8x8x8",
  "blk_dim": 6144,
  "bs": "8x4x4x4",
  "res": 1e-06,
  "tol": 0.00031353468703945405,
  "nmx": 2500,
  "nkv": 7,
  "nmr": 4,
  "ncy": 1,
  "sdtype": "float32",
  "ddtype": "float64",
  "cdtype": "float32",
  "rn": [
    87.12783951800404,
    31.847864517546085,
    17.411558003071406,
    10.697365197813262,
    7.026363780462966,
    4.793064969472689,
    3.3628423756916876,
    3.362842432793063,
    2.516452272017715,
    1.8614480905438688,
    1.3421714927748813,
    0.9565573243323492,
    0.6656115544361499,
    0.4609904554798472,
    0.3361106388493655,
    0.3361106399742624,
    0.25717418375555395,
    0.19680933657629643,
    0.1482202336017351,
    0.1093536647073691,
    0.08051158295645293,
    0.0597503713787501,
    0.044549065077669335,
    0.04454906525064821,
    0.03371649015486368,
    0.025547856572092756,
    0.019122314348519284,
    0.01428711439388709,
    0.010561259129487792,
    0.00791985460364107,
    0.006125145143411145,
    0.006125145220382284,
    0.004756157196432299,
    0.003620684002668722,
    0.0027060276727865866,
    0.0020435521643498277,
    0.0015285564813206083,
    0.0011494704872692112,
    0.0008742189528062698,
    0.0008742189589452906,
    0.0006717326125153765,
    0.0005116155658601417,
    0.00038578314738892653,
    0.0002895619477955033,
    0.0002895619456316817
  ],
  "i": [
    0,
    1,
    2,
    3,
    4,
    5,
    6,
    7,
    8,
    9,
    10,
    11,
    12,
    13,
    14,
    15,
    16,
    17,
    18,
    19,
    20,
    21,
    22,
    23,
    24,
    25,
    26,
    27,
    28,
    29,
    30,
    31,
    32,
    33,
    34,
    35,
    36,
    37,
    38,
    39,
    40,
    41,
    42,
    43,
    44
  ],
  "reset": [
    7,
    15,
    23,
    31,
    39,
    44
  ],
  "duration": 1.8821368217468262,
  "status": 39
}