{
  "gpu": false,
  "device": "hybrid",
  "infile": "../matrix/cgne_init_4096_dble_csr.dat",
  "matfile": "../matrix/conf6_0-8x8-20/conf6_0-8x8-20.mtx",
  "k": 0.15,
  "kc": 0.15717,
  "reordering": true,
  "preconditioning": true,
  "vol": 4096,
  "dim": 49152,
  "lattice": "8x8x8x8",
  "blk_dim": 3072,
  "bs": "4x4x4x4",
  "res": 1e-06,
  "tol": 0.0003135346870547978,
  "nmx": 1250,
  "nkv": 7,
  "nmr": 4,
  "ncy": 2,
  "sdtype": "float32",
  "ddtype": "float64",
  "cdtype": "float32",
  "rn": [
    37.480463564775455,
    12.044223252126644,
    5.873057340570244,
    3.0717462811689087,
    1.701879609122998,
    0.9290962714400685,
    0.5201705942009879,
    0.520170680079065,
    0.3180765027428009,
    0.18944387240664348,
    0.11494682161917193,
    0.06493388287276,
    0.03724175416533187,
    0.01860800149208362,
    0.010767748923076092,
    0.010767749325295598,
    0.006863329526231484,
    0.004021022665146237,
    0.0024328908006832025,
    0.0014094431657850062,
    0.0008539368285849308,
    0.00048169496078455046,
    0.00028655007932278646,
    0.0002865500802337281
  ],
  "i": [
    0,
    1,
    2,
    3,
    4,
    5,
    6,
    7,
    8,
    9,
    10,
    11,
    12,
    13,
    14,
    15,
    16,
    17,
    18,
    19,
    20,
    21,
    22,
    23
  ],
  "reset": [
    7,
    15,
    23
  ],
  "duration": [
    1.845839262008667,
    1.8467764854431152,
    1.843557357788086,
    1.8395755290985107,
    1.8377501964569092,
    1.83970308303833,
    1.8397207260131836,
    1.8427248001098633,
    1.8426129817962646,
    1.8415091037750244,
    1.8384497165679932,
    1.839756727218628,
    1.8403594493865967,
    1.8413686752319336,
    1.8397674560546875,
    1.8394558429718018,
    1.8391494750976562,
    1.8399641513824463,
    1.841797113418579,
    1.8383607864379883
  ],
  "status": 21
}