{
  "gpu": false,
  "device": "hybrid",
  "infile": "../matrix/cgne_init_4096_dble_csr.dat",
  "matfile": "../matrix/conf6_0-8x8-30/conf6.0-00l8x8-3000.mtx",
  "k": 0.15649,
  "kc": 0.15649,
  "reordering": true,
  "preconditioning": true,
  "vol": 4096,
  "dim": 49152,
  "lattice": "8x8x8x8",
  "blk_dim": 3072,
  "bs": "4x4x4x4",
  "res": 1e-06,
  "tol": 0.0003135346870547978,
  "nmx": 250,
  "nkv": 7,
  "nmr": 4,
  "ncy": 10,
  "sdtype": "float32",
  "ddtype": "float64",
  "cdtype": "float32",
  "rn": [
    13.017958887268925,
    6.869304549969654,
    4.3103650908284905,
    2.8191780997210056,
    1.992883104492418,
    1.3335037716485747,
    0.8592712960834984,
    0.8592710439444713,
    0.5876827702129178,
    0.41448628398813714,
    0.273068248051922,
    0.19530433881307938,
    0.12756463980670268,
    0.0864193418469073,
    0.055604984160333,
    0.05560498146644598,
    0.03804892253121575,
    0.02659814876690504,
    0.020005464407249623,
    0.014952963469822146,
    0.010766377719117669,
    0.007369438938830657,
    0.004978019086251867,
    0.004978019032390768,
    0.0036962087529237735,
    0.002717909852297098,
    0.0021493040345783236,
    0.0016825462980670088,
    0.0011678199781133137,
    0.0008422924430794857,
    0.0006038674398976714,
    0.0006038674044370981,
    0.00043850929895891796,
    0.0003256738297074713,
    0.0002294220118764818,
    0.00022942201377452879
  ],
  "i": [
    0,
    1,
    2,
    3,
    4,
    5,
    6,
    7,
    8,
    9,
    10,
    11,
    12,
    13,
    14,
    15,
    16,
    17,
    18,
    19,
    20,
    21,
    22,
    23,
    24,
    25,
    26,
    27,
    28,
    29,
    30,
    31,
    32,
    33,
    34,
    35
  ],
  "reset": [
    7,
    15,
    23,
    31,
    35
  ],
  "duration": [
    11.585816144943237,
    11.595058917999268,
    11.596534252166748,
    11.616946458816528,
    11.609823226928711,
    11.616199970245361,
    11.620445728302002,
    11.608661413192749,
    11.597694396972656,
    11.571878910064697,
    11.60599160194397,
    11.610684394836426,
    11.605620384216309,
    11.605829238891602,
    11.618332147598267,
    11.605812549591064,
    11.613418817520142,
    11.599130630493164,
    11.62544870376587,
    11.605308294296265
  ],
  "status": 31
}