{
  "gpu": false,
  "device": "cpu",
  "infile": "../matrix/cgne_init_65536_dble_csr.dat",
  "matfile": null,
  "k": 0.0,
  "kc": 0.0,
  "reordering": false,
  "preconditioning": true,
  "vol": 65536,
  "dim": 786048,
  "lattice": "16x16x16x16",
  "blk_dim": 196512,
  "bs": "16x16x8x8",
  "res": 1e-06,
  "tol": 0.0012541387483049865,
  "nmx": 2500,
  "nkv": 7,
  "nmr": 4,
  "ncy": 1,
  "sdtype": "float64",
  "ddtype": "float64",
  "cdtype": "float64",
  "rn": [
    610.7050841555018,
    234.90069113966976,
    104.62147571591572,
    47.70559762370654,
    21.64809592541367,
    10.20921037361389,
    4.7884557133384895,
    4.7884557133384895,
    2.3888623703889067,
    1.1820984180663057,
    0.5690066424211853,
    0.2746694022324644,
    0.13070630815098405,
    0.057056610533819434,
    0.026501605263197173,
    0.026501605263197007,
    0.01312066728742513,
    0.006466009085936685,
    0.003121297079138544,
    0.001542166093662205,
    0.0007470311884302934,
    0.0007470311884303823
  ],
  "i": [
    0,
    1,
    2,
    3,
    4,
    5,
    6,
    7,
    8,
    9,
    10,
    11,
    12,
    13,
    14,
    15,
    16,
    17,
    18,
    19,
    20,
    21
  ],
  "reset": [
    7,
    15,
    21
  ],
  "duration": [
    9.302684783935547,
    9.446051597595215,
    9.369862079620361,
    9.48747992515564,
    9.31911015510559,
    9.174099206924438,
    9.250711679458618,
    9.333547115325928,
    9.489395380020142,
    9.362591981887817,
    9.307966470718384,
    9.219295501708984,
    9.279216527938843,
    9.790432929992676,
    9.358571767807007,
    9.463112354278564,
    9.27313494682312,
    9.113892078399658,
    9.353874921798706,
    9.380319595336914
  ],
  "status": 19
}