{
  "gpu": false,
  "device": "cpu",
  "infile": "../matrix/cgne_init_4096_dble_csr.dat",
  "matfile": "../matrix/conf6_0-8x8-30/conf6.0-00l8x8-3000.mtx",
  "k": 0.05,
  "kc": 0.15649,
  "reordering": true,
  "preconditioning": true,
  "vol": 4096,
  "dim": 49152,
  "lattice": "8x8x8x8",
  "blk_dim": 3072,
  "bs": "4x4x4x4",
  "res": 1e-06,
  "tol": 0.0003135346870762468,
  "nmx": 250,
  "nkv": 7,
  "nmr": 4,
  "ncy": 10,
  "sdtype": "float64",
  "ddtype": "float64",
  "cdtype": "float64",
  "rn": [
    2.1964560632785802e-14,
    1.1438698942902432e-13
  ],
  "i": [
    0,
    1
  ],
  "reset": [
    1
  ],
  "duration": [
    0.30777907371520996,
    0.3064558506011963,
    0.3049752712249756,
    0.30499744415283203,
    0.3071889877319336,
    0.3050706386566162,
    0.30522656440734863,
    0.3052797317504883,
    0.3049321174621582,
    0.3060946464538574,
    0.3051180839538574,
    0.3053863048553467,
    0.30478787422180176,
    0.30452442169189453,
    0.30609917640686035,
    0.30484461784362793,
    0.30448031425476074,
    0.3047788143157959,
    0.3042635917663574,
    0.30648207664489746
  ],
  "status": 1
}