{
  "gpu": false,
  "device": "cpu",
  "infile": "../matrix/cgne_init_4096_dble_csr.dat",
  "matfile": "../matrix/conf6_0-8x8-30/conf6.0-00l8x8-3000.mtx",
  "k": 0.15649,
  "kc": 0.15649,
  "reordering": true,
  "preconditioning": true,
  "vol": 4096,
  "dim": 49152,
  "lattice": "8x8x8x8",
  "blk_dim": 12288,
  "bs": "8x8x4x4",
  "res": 1e-06,
  "tol": 0.0003135346870762468,
  "nmx": 250,
  "nkv": 7,
  "nmr": 10,
  "ncy": 4,
  "sdtype": "float64",
  "ddtype": "float64",
  "cdtype": "float64",
  "rn": [
    20.10783048447742,
    10.067689464656539,
    6.260595842025544,
    3.9902917871065906,
    2.8089137732219025,
    1.8177243962254481,
    1.1740626337527598,
    1.1740626337527602,
    0.7656006930880686,
    0.5098403147035486,
    0.32848769623615803,
    0.2133234014784215,
    0.13128213608407033,
    0.08844748476590869,
    0.058738438126928555,
    0.058738438126928305,
    0.041700702732002,
    0.02933101294432692,
    0.020189655709531455,
    0.013811130081467093,
    0.009120154970990899,
    0.005643944338510907,
    0.0033974256074677037,
    0.0033974256074677496,
    0.002311251276445222,
    0.0015115657806155692,
    0.001029194860748219,
    0.0006659748342985082,
    0.00043546645707016125,
    0.0002708243509284145,
    0.00027082435092914097
  ],
  "i": [
    0,
    1,
    2,
    3,
    4,
    5,
    6,
    7,
    8,
    9,
    10,
    11,
    12,
    13,
    14,
    15,
    16,
    17,
    18,
    19,
    20,
    21,
    22,
    23,
    24,
    25,
    26,
    27,
    28,
    29,
    30
  ],
  "reset": [
    7,
    15,
    23,
    30
  ],
  "duration": [
    14.230236768722534,
    13.982378005981445,
    13.925113201141357,
    13.598995685577393,
    13.5268874168396,
    13.841768980026245,
    14.060194969177246,
    13.487256288528442,
    13.415828227996826,
    13.6242835521698,
    13.555198907852173,
    14.155555009841919,
    13.89224624633789,
    14.633365154266357,
    13.34447455406189,
    13.367006540298462,
    14.308270454406738,
    14.255648374557495,
    13.387064695358276,
    13.830937385559082
  ],
  "status": 27
}