{
  "gpu": true,
  "infile": "../matrix/cgne_init_4096_dble_csr.dat",
  "matfile": "../matrix/conf6_0-8x8-20/conf6_0-8x8-20.mtx",
  "k": 0.15,
  "kc": 0.15717,
  "reordering": true,
  "preconditioning": true,
  "vol": 4096,
  "dim": 49152,
  "lattice": "8x8x8x8",
  "blk_dim": 12288,
  "bs": "8x8x4x4",
  "res": 1e-06,
  "tol": 0.00031353468703945405,
  "nmx": 2500,
  "nkv": 7,
  "nmr": 4,
  "ncy": 1,
  "sdtype": "float32",
  "ddtype": "float64",
  "cdtype": "float32",
  "rn": [
    70.96129440072198,
    27.120473196332437,
    14.905357850823004,
    9.180019380636976,
    6.006208720956595,
    4.054485614303062,
    2.806417950338784,
    2.8064178828914974,
    2.0897828903925597,
    1.5343941825299152,
    1.1107168959541422,
    0.7855867229466765,
    0.5521402878279225,
    0.3776271496682765,
    0.27270894604861773,
    0.2727089435689866,
    0.2088840588692069,
    0.15693861247658877,
    0.11889572706843385,
    0.08681586429473034,
    0.06444275682400301,
    0.04756197489972728,
    0.035238223523698035,
    0.03523822277119364,
    0.026654828684673733,
    0.02000197630326582,
    0.015030219451013353,
    0.010999958680874247,
    0.008218947037827213,
    0.006168271255207836,
    0.0047602512786408795,
    0.004760251278726295,
    0.003713375099206726,
    0.00281534591538092,
    0.0021119515302687915,
    0.0015556495045605746,
    0.0011802089109049895,
    0.0008882067422399077,
    0.0006782217051826068,
    0.0006782216938881483,
    0.0005232696031861383,
    0.0003988113850525829,
    0.00030237570635795245,
    0.00030237570472561203
  ],
  "i": [
    0,
    1,
    2,
    3,
    4,
    5,
    6,
    7,
    8,
    9,
    10,
    11,
    12,
    13,
    14,
    15,
    16,
    17,
    18,
    19,
    20,
    21,
    22,
    23,
    24,
    25,
    26,
    27,
    28,
    29,
    30,
    31,
    32,
    33,
    34,
    35,
    36,
    37,
    38,
    39,
    40,
    41,
    42,
    43
  ],
  "reset": [
    7,
    15,
    23,
    31,
    39,
    43
  ],
  "duration": 1.5595407485961914,
  "status": 38
}