{
  "gpu": true,
  "device": "gpu",
  "infile": "../matrix/fgcr_check3_4096_dble_csr.dat",
  "matfile": null,
  "k": 0.0,
  "kc": 0.0,
  "reordering": false,
  "preconditioning": true,
  "vol": 4096,
  "dim": 49152,
  "lattice": "8x8x8x8",
  "blk_dim": 6144,
  "bs": "8x4x4x4",
  "res": 1e-06,
  "tol": 0.00031353468715082124,
  "nmx": 417,
  "nkv": 7,
  "nmr": 4,
  "ncy": 6,
  "sdtype": "float32",
  "ddtype": "float64",
  "cdtype": "float32",
  "rn": [
    15.4555121491636,
    4.983152599542651,
    1.4944192392019433,
    0.46864366061274026,
    0.14100010131990504,
    0.04232886451718821,
    0.012522424606851618,
    0.012522410756132982,
    0.004115872875386281,
    0.0013537492306200057,
    0.0004403135706416741,
    0.00013402594341135348,
    0.00013402592475800183
  ],
  "i": [
    0,
    1,
    2,
    3,
    4,
    5,
    6,
    7,
    8,
    9,
    10,
    11,
    12
  ],
  "reset": [
    7,
    12
  ],
  "duration": [
    1.4834890365600586,
    1.2632296085357666,
    1.261765718460083,
    1.2610530853271484,
    1.2617909908294678,
    1.263897180557251,
    1.258558750152588,
    1.2569916248321533,
    1.258491039276123,
    1.259298324584961,
    1.2600414752960205,
    1.2589952945709229,
    1.2591354846954346,
    1.2646446228027344,
    1.2504501342773438,
    1.250124216079712,
    1.2486686706542969,
    1.2485930919647217,
    1.2498986721038818,
    1.2501680850982666
  ],
  "status": 11
}