{
  "gpu": false,
  "device": "cpu",
  "infile": "../matrix/cgne_init_4096_dble_csr.dat",
  "matfile": "../matrix/conf6_0-8x8-30/conf6.0-00l8x8-3000.mtx",
  "k": 0.15649,
  "kc": 0.15649,
  "reordering": true,
  "preconditioning": true,
  "vol": 4096,
  "dim": 49152,
  "lattice": "8x8x8x8",
  "blk_dim": 3072,
  "bs": "4x4x4x4",
  "res": 1e-06,
  "tol": 0.0003135346870762468,
  "nmx": 250,
  "nkv": 7,
  "nmr": 10,
  "ncy": 4,
  "sdtype": "float64",
  "ddtype": "float64",
  "cdtype": "float64",
  "rn": [
    22.903054147553313,
    9.954464491333596,
    5.0858478952127015,
    3.120614920103315,
    2.0329706912666317,
    1.252402949172643,
    0.7344502791575597,
    0.7344502791575603,
    0.4734875358311263,
    0.3189840648481486,
    0.21157255291942154,
    0.1238117760599388,
    0.06533887743263689,
    0.03494830230888663,
    0.01880877106940309,
    0.018808771069403152,
    0.011966529076502001,
    0.008055031744047068,
    0.005317020731698195,
    0.003492202368680233,
    0.0023487247041561548,
    0.0014835504481190804,
    0.0009305866739609774,
    0.0009305866739611232,
    0.0005951938113328405,
    0.00039083107478396023,
    0.0002656663885685974,
    0.0002656663885683506
  ],
  "i": [
    0,
    1,
    2,
    3,
    4,
    5,
    6,
    7,
    8,
    9,
    10,
    11,
    12,
    13,
    14,
    15,
    16,
    17,
    18,
    19,
    20,
    21,
    22,
    23,
    24,
    25,
    26,
    27
  ],
  "reset": [
    7,
    15,
    23,
    27
  ],
  "duration": [
    6.676677942276001,
    6.6690757274627686,
    6.668459892272949,
    6.671205043792725,
    6.669063568115234,
    6.674113988876343,
    6.671239614486694,
    6.675485610961914,
    6.66988205909729,
    6.672028064727783,
    6.658838748931885,
    6.658396005630493,
    6.654872894287109,
    6.659873962402344,
    6.652599573135376,
    6.654010534286499,
    6.656263589859009,
    6.661694765090942,
    6.65716814994812,
    6.655409336090088
  ],
  "status": 24
}