{
  "gpu": false,
  "device": "hybrid",
  "infile": "../matrix/cgne_init_4096_dble_csr.dat",
  "matfile": "../matrix/conf6_0-8x8-20/conf6_0-8x8-20.mtx",
  "k": 0.15,
  "kc": 0.15717,
  "reordering": true,
  "preconditioning": true,
  "vol": 4096,
  "dim": 49152,
  "lattice": "8x8x8x8",
  "blk_dim": 3072,
  "bs": "4x4x4x4",
  "res": 1e-06,
  "tol": 0.0003135346870547978,
  "nmx": 417,
  "nkv": 7,
  "nmr": 2,
  "ncy": 12,
  "sdtype": "float32",
  "ddtype": "float64",
  "cdtype": "float64",
  "rn": [
    5.041797355221133,
    0.8129438703429006,
    0.14573644823283713,
    0.02589093182145274,
    0.004593336924428307,
    0.000797518519662036,
    0.00015540007175504178,
    0.00016615196475118624
  ],
  "i": [
    0,
    1,
    2,
    3,
    4,
    5,
    6,
    7
  ],
  "reset": [
    7
  ],
  "duration": [
    1.881019115447998,
    1.868255376815796,
    1.8662724494934082,
    1.877842903137207,
    1.8672001361846924,
    1.865795612335205,
    1.8846490383148193,
    1.871002197265625,
    1.8664755821228027,
    1.8847594261169434,
    1.8692173957824707,
    1.8688204288482666,
    1.8827996253967285,
    1.8670856952667236,
    1.8753278255462646,
    1.8736026287078857,
    1.8647010326385498,
    1.876345157623291,
    1.8737401962280273,
    1.8672521114349365
  ],
  "status": 7
}