{
  "gpu": false,
  "infile": "../matrix/cgne_init_4096_dble_csr.dat",
  "matfile": "../matrix/conf6_0-8x8-20/conf6_0-8x8-20.mtx",
  "k": 0.15717,
  "kc": 0.15717,
  "reordering": true,
  "preconditioning": true,
  "vol": 4096,
  "dim": 49152,
  "lattice": "8x8x8x8",
  "blk_dim": 12288,
  "bs": "8x8x4x4",
  "res": 1e-06,
  "tol": 0.0003135346870547978,
  "nmx": 500,
  "nkv": 7,
  "nmr": 4,
  "ncy": 5,
  "sdtype": "float32",
  "ddtype": "float64",
  "cdtype": "float64",
  "rn": [
    21.739583307596426,
    10.681537651636932,
    5.892273806660648,
    3.464631798528282,
    2.13440101154807,
    1.3540933688878882,
    0.8742337706688976,
    0.8742337221471302,
    0.5877532059058892,
    0.3802817785726086,
    0.23950057816566994,
    0.15411414465175818,
    0.09423983229234432,
    0.0561513729077024,
    0.030663012782507163,
    0.030663013557623905,
    0.018517848382849006,
    0.011192089576381372,
    0.006763796134914376,
    0.004157634907772333,
    0.0025963609264227725,
    0.0016885296843655287,
    0.0011310718818342228,
    0.0011310718773397605,
    0.0007976918468900582,
    0.0005322284240831049,
    0.0003311085257739388,
    0.00019479173551898864,
    0.00019479173553183201
  ],
  "i": [
    0,
    1,
    2,
    3,
    4,
    5,
    6,
    7,
    8,
    9,
    10,
    11,
    12,
    13,
    14,
    15,
    16,
    17,
    18,
    19,
    20,
    21,
    22,
    23,
    24,
    25,
    26,
    27,
    28
  ],
  "reset": [
    7,
    15,
    23,
    28
  ],
  "duration": 5.565437078475952,
  "status": 25
}