{
  "gpu": true,
  "device": "gpu",
  "infile": "../matrix/cgne_init_65536_dble_csr.dat",
  "matfile": null,
  "k": 0.0,
  "kc": 0.0,
  "reordering": false,
  "preconditioning": true,
  "vol": 65536,
  "dim": 786432,
  "lattice": "16x16x16x16",
  "blk_dim": 3072,
  "bs": "4x4x4x4",
  "res": 1e-06,
  "tol": 0.0012541387482808122,
  "nmx": 313,
  "nkv": 7,
  "nmr": 4,
  "ncy": 8,
  "sdtype": "float32",
  "ddtype": "float64",
  "cdtype": "float32",
  "rn": [
    223.44322789349434,
    46.94301451946145,
    8.830257232396304,
    1.9331326538861766,
    0.36980570402346974,
    0.07629266508704324,
    0.014961747861252586,
    0.014962634300641002,
    0.0031153044266943293,
    0.0006377721517322486,
    0.0006377721472511016
  ],
  "i": [
    0,
    1,
    2,
    3,
    4,
    5,
    6,
    7,
    8,
    9,
    10
  ],
  "reset": [
    7,
    10
  ],
  "duration": [
    38.51457929611206,
    38.55667567253113,
    38.56644916534424,
    38.42444705963135,
    38.329492807388306,
    38.30976843833923,
    38.301525592803955,
    38.292022943496704,
    38.324987173080444,
    38.26978802680969,
    38.27333164215088,
    38.252259731292725,
    38.26398682594299,
    38.28760123252869,
    38.264065742492676,
    38.23176836967468,
    37.94733691215515,
    37.915956258773804,
    37.93627047538757,
    37.941413164138794
  ],
  "status": 9
}