{
  "gpu": false,
  "infile": "../matrix/cgne_init_4096_dble_csr.dat",
  "matfile": null,
  "k": 0.0,
  "kc": 0.0,
  "reordering": false,
  "preconditioning": true,
  "vol": 4096,
  "dim": 49152,
  "lattice": "8x8x8x8",
  "blk_dim": 24576,
  "bs": "8x8x8x4",
  "res": 1e-06,
  "tol": 0.0003135346870762468,
  "nmx": 2500,
  "nkv": 7,
  "nmr": 4,
  "ncy": 1,
  "sdtype": "float64",
  "ddtype": "float64",
  "cdtype": "float64",
  "rn": [
    145.98874493602955,
    53.70000660165148,
    22.61636737628875,
    10.145084095828167,
    4.345405762502952,
    2.064754470517011,
    0.9598435205754277,
    0.9598435205754274,
    0.470663649067953,
    0.23212398032581966,
    0.11679690103369694,
    0.05202177566773587,
    0.023913220528021396,
    0.010783143667176734,
    0.005120659424016798,
    0.005120659424016968,
    0.0024915346566857046,
    0.0012217948121651678,
    0.0006215142125357581,
    0.00028343486706233946,
    0.00028343486706243855
  ],
  "i": [
    0,
    1,
    2,
    3,
    4,
    5,
    6,
    7,
    8,
    9,
    10,
    11,
    12,
    13,
    14,
    15,
    16,
    17,
    18,
    19,
    20
  ],
  "reset": [
    7,
    15,
    20
  ],
  "duration": [
    0.5755391120910645,
    0.5923421382904053,
    0.49336695671081543,
    0.5613858699798584,
    0.5944972038269043,
    0.5006589889526367,
    0.553776741027832,
    0.48313236236572266,
    0.48358821868896484,
    0.4796013832092285,
    0.4986293315887451,
    0.4762589931488037,
    0.5506694316864014,
    0.47857213020324707,
    0.597968339920044,
    0.591778039932251,
    0.5939178466796875,
    0.6052274703979492,
    0.6010372638702393,
    0.601729154586792
  ],
  "status": 18
}