{
  "gpu": true,
  "device": "gpu",
  "infile": "../matrix/cgne_init_65536_dble_csr.dat",
  "matfile": null,
  "k": 0.0,
  "kc": 0.0,
  "reordering": false,
  "preconditioning": true,
  "vol": 65536,
  "dim": 786048,
  "lattice": "16x16x16x16",
  "blk_dim": 98256,
  "bs": "16x8x8x8",
  "res": 1e-06,
  "tol": 0.0012541387482808122,
  "nmx": 313,
  "nkv": 7,
  "nmr": 4,
  "ncy": 8,
  "sdtype": "float32",
  "ddtype": "float64",
  "cdtype": "float32",
  "rn": [
    224.9271145299628,
    47.57584651261982,
    9.093754104607529,
    2.0303737952619363,
    0.3763938434819702,
    0.07793175941679299,
    0.014612482835608502,
    0.014614361184154705,
    0.0031213064760520865,
    0.0006018410333171199,
    0.0006018410372113356
  ],
  "i": [
    0,
    1,
    2,
    3,
    4,
    5,
    6,
    7,
    8,
    9,
    10
  ],
  "reset": [
    7,
    10
  ],
  "duration": [
    1.5538427829742432,
    1.3858954906463623,
    1.3660414218902588,
    1.3673593997955322,
    1.3835792541503906,
    1.374246597290039,
    1.3682923316955566,
    1.3673858642578125,
    1.3786747455596924,
    1.3755595684051514,
    1.3736801147460938,
    1.3679380416870117,
    1.3764560222625732,
    1.3662629127502441,
    1.3673582077026367,
    1.3745906352996826,
    1.3824162483215332,
    1.372157096862793,
    1.3683485984802246,
    1.359649419784546
  ],
  "status": 9
}