{
  "gpu": false,
  "device": "hybrid",
  "infile": "../matrix/cgne_init_65536_dble_csr.dat",
  "matfile": null,
  "k": 0.0,
  "kc": 0.0,
  "reordering": false,
  "preconditioning": true,
  "vol": 65536,
  "dim": 786432,
  "lattice": "16x16x16x16",
  "blk_dim": 24576,
  "bs": "8x8x8x4",
  "res": 1e-06,
  "tol": 0.0012541387482794752,
  "nmx": 210,
  "nkv": 7,
  "nmr": 12,
  "ncy": 4,
  "sdtype": "float32",
  "ddtype": "float64",
  "cdtype": "float64",
  "rn": [
    60.1412906824164,
    4.556711594878382,
    0.37205327508021985,
    0.031936071268686465,
    0.0028946456088646583,
    0.0002752452729949878,
    0.0003586360946582358
  ],
  "i": [
    0,
    1,
    2,
    3,
    4,
    5,
    6
  ],
  "reset": [
    6
  ],
  "duration": [
    7.688164710998535,
    7.668147563934326,
    7.678674936294556,
    7.668795585632324,
    7.6850574016571045,
    7.669270277023315,
    7.684554815292358,
    7.6655120849609375,
    7.684655427932739,
    7.669766426086426,
    7.686927795410156,
    7.666585206985474,
    7.680553436279297,
    7.668580770492554,
    7.686649799346924,
    7.664632797241211,
    7.6843955516815186,
    7.669854164123535,
    7.688520908355713,
    7.666924238204956
  ],
  "status": 6
}