{
  "gpu": false,
  "device": "hybrid",
  "infile": "../matrix/cgne_init_65536_dble_csr.dat",
  "matfile": null,
  "k": 0.0,
  "kc": 0.0,
  "reordering": false,
  "preconditioning": true,
  "vol": 65536,
  "dim": 786432,
  "lattice": "16x16x16x16",
  "blk_dim": 393216,
  "bs": "16x16x16x8",
  "res": 1e-06,
  "tol": 0.0012541387482794752,
  "nmx": 1250,
  "nkv": 7,
  "nmr": 2,
  "ncy": 4,
  "sdtype": "float32",
  "ddtype": "float64",
  "cdtype": "float32",
  "rn": [
    565.8043261465444,
    272.53267386631353,
    120.22796053438246,
    52.48733994134011,
    23.14832762338536,
    10.302170547605837,
    4.633238716467432,
    4.633238615862921,
    2.563816072139818,
    1.0593103035973592,
    0.4540923230670517,
    0.19932329920847136,
    0.09273852963889033,
    0.04363028837514946,
    0.019933976941485947,
    0.019933975646294025,
    0.010969656102057053,
    0.0049711285668182364,
    0.0020699744524657056,
    0.0009334211164242563,
    0.0009334211322087486
  ],
  "i": [
    0,
    1,
    2,
    3,
    4,
    5,
    6,
    7,
    8,
    9,
    10,
    11,
    12,
    13,
    14,
    15,
    16,
    17,
    18,
    19,
    20
  ],
  "reset": [
    7,
    15,
    20
  ],
  "duration": [
    10.308177471160889,
    10.297085523605347,
    10.316588878631592,
    10.3089017868042,
    10.282907485961914,
    10.312658786773682,
    10.292093276977539,
    10.277341365814209,
    10.31075119972229,
    10.300146102905273,
    10.274382829666138,
    10.31053352355957,
    10.321113348007202,
    10.292892456054688,
    10.319529294967651,
    10.304921627044678,
    10.277321338653564,
    10.323611736297607,
    10.312437057495117,
    10.273701906204224
  ],
  "status": 18
}