{
  "gpu": false,
  "infile": "../matrix/cgne_init_4096_dble_csr.dat",
  "matfile": null,
  "k": 0.0,
  "kc": 0.0,
  "reordering": false,
  "preconditioning": true,
  "vol": 4096,
  "dim": 49152,
  "lattice": "8x8x8x8",
  "blk_dim": 3072,
  "bs": "4x4x4x4",
  "res": 1e-06,
  "tol": 0.0003135346870547978,
  "nmx": 250,
  "nkv": 7,
  "nmr": 4,
  "ncy": 10,
  "sdtype": "float32",
  "ddtype": "float64",
  "cdtype": "float32",
  "rn": [
    51.5552271375071,
    14.86996618650832,
    4.59584847650228,
    1.5228633966485274,
    0.5311341272820495,
    0.19015560177292049,
    0.0646843119353648,
    0.06468400302602426,
    0.022654057743279058,
    0.00837977640980827,
    0.0028759310997878112,
    0.0008785868757132382,
    0.00028598646451530806,
    0.0002859863841329775
  ],
  "i": [
    0,
    1,
    2,
    3,
    4,
    5,
    6,
    7,
    8,
    9,
    10,
    11,
    12,
    13
  ],
  "reset": [
    7,
    13
  ],
  "duration": [
    2.257758617401123,
    2.251241683959961,
    2.2506215572357178,
    2.2547149658203125,
    2.2509186267852783,
    2.264273166656494,
    2.268796443939209,
    2.264103412628174,
    2.2604284286499023,
    2.2631444931030273,
    2.2640838623046875,
    2.260758638381958,
    2.250000238418579,
    2.254631757736206,
    2.251617431640625,
    2.253818988800049,
    2.2580392360687256,
    2.2580864429473877,
    2.257026433944702,
    2.256512403488159
  ],
  "status": 12
}