{
  "gpu": true,
  "device": "gpu",
  "infile": "../matrix/cgne_init_4096_dble_csr.dat",
  "matfile": "../matrix/conf6_0-8x8-30/conf6.0-00l8x8-3000.mtx",
  "k": 0.15649,
  "kc": 0.15649,
  "reordering": true,
  "preconditioning": true,
  "vol": 4096,
  "dim": 49152,
  "lattice": "8x8x8x8",
  "blk_dim": 3072,
  "bs": "4x4x4x4",
  "res": 1e-06,
  "tol": 0.0003135346870762468,
  "nmx": 125,
  "nkv": 7,
  "nmr": 20,
  "ncy": 4,
  "sdtype": "float64",
  "ddtype": "float64",
  "cdtype": "float64",
  "rn": [
    21.907303159773946,
    9.392432510738471,
    4.824658743029718,
    3.0007350354086997,
    1.912599897231047,
    1.1920054783463143,
    0.6891874413475363,
    0.689187441347536,
    0.43479653128674156,
    0.29654602505240363,
    0.19740575607441085,
    0.11242169410921803,
    0.05940178218840814,
    0.03128768374944945,
    0.017196207180311802,
    0.017196207180311555,
    0.011112227811877269,
    0.007129253811403882,
    0.004632354856549327,
    0.0030534392433581533,
    0.0021042257749309674,
    0.0013342544984753489,
    0.0008572036262271108,
    0.0008572036262266122,
    0.0005599011936012314,
    0.00038653670473293877,
    0.00025830759846924025,
    0.0002583075984695857
  ],
  "i": [
    0,
    1,
    2,
    3,
    4,
    5,
    6,
    7,
    8,
    9,
    10,
    11,
    12,
    13,
    14,
    15,
    16,
    17,
    18,
    19,
    20,
    21,
    22,
    23,
    24,
    25,
    26,
    27
  ],
  "reset": [
    7,
    15,
    23,
    27
  ],
  "duration": [
    14.713768005371094,
    14.495108127593994,
    14.483088731765747,
    14.500657558441162,
    14.489518642425537,
    14.469393253326416,
    14.497802734375,
    14.494529247283936,
    14.490496158599854,
    14.413122177124023,
    14.447313070297241,
    14.442113637924194,
    14.475598335266113,
    14.481893539428711,
    14.482322931289673,
    14.504087924957275,
    14.454880475997925,
    14.514490842819214,
    14.519295930862427,
    14.534607172012329
  ],
  "status": 24
}