{
  "gpu": false,
  "device": "cpu",
  "infile": "../matrix/cgne_init_4096_dble_csr.dat",
  "matfile": "../matrix/conf6_0-8x8-30/conf6.0-00l8x8-3000.mtx",
  "k": 0.15649,
  "kc": 0.15649,
  "reordering": true,
  "preconditioning": true,
  "vol": 4096,
  "dim": 49152,
  "lattice": "8x8x8x8",
  "blk_dim": 3072,
  "bs": "4x4x4x4",
  "res": 1e-06,
  "tol": 0.0003135346870547978,
  "nmx": 250,
  "nkv": 7,
  "nmr": 10,
  "ncy": 4,
  "sdtype": "float32",
  "ddtype": "float64",
  "cdtype": "float32",
  "rn": [
    22.903053514615053,
    9.954464134476279,
    5.085847636997826,
    3.120614762529272,
    2.0329705550653547,
    1.2524028642185046,
    0.7344502381040562,
    0.7344501188683795,
    0.4734873852109723,
    0.3189834119067411,
    0.21157208145481474,
    0.12381170727672514,
    0.06533887778902628,
    0.034948306602604874,
    0.018808726415081634,
    0.01880872696141219,
    0.011966508498961328,
    0.008055018810084877,
    0.005317015975959933,
    0.003492198933803467,
    0.002348715482340706,
    0.0014835432590743403,
    0.0009305844938711546,
    0.0009305845382549056,
    0.0005951931788786976,
    0.0003908300251534984,
    0.00026566633852781533,
    0.00026566634172332316
  ],
  "i": [
    0,
    1,
    2,
    3,
    4,
    5,
    6,
    7,
    8,
    9,
    10,
    11,
    12,
    13,
    14,
    15,
    16,
    17,
    18,
    19,
    20,
    21,
    22,
    23,
    24,
    25,
    26,
    27
  ],
  "reset": [
    7,
    15,
    23,
    27
  ],
  "duration": [
    6.925682544708252,
    6.918119668960571,
    6.917050123214722,
    6.914668798446655,
    6.916259288787842,
    6.920980215072632,
    6.919585704803467,
    6.915937662124634,
    6.9222962856292725,
    6.917956352233887,
    6.92749285697937,
    6.915320158004761,
    6.92204475402832,
    6.919970512390137,
    6.92139196395874,
    6.916365623474121,
    6.918560266494751,
    6.925037622451782,
    6.921720504760742,
    6.927336931228638
  ],
  "status": 24
}