{
  "gpu": false,
  "device": "hybrid",
  "infile": "../matrix/cgne_init_4096_dble_csr.dat",
  "matfile": null,
  "k": 0.0,
  "kc": 0.0,
  "reordering": false,
  "preconditioning": true,
  "vol": 4096,
  "dim": 49152,
  "lattice": "8x8x8x8",
  "blk_dim": 24576,
  "bs": "8x8x8x4",
  "res": 1e-06,
  "tol": 0.0003135346870547978,
  "nmx": 250,
  "nkv": 7,
  "nmr": 10,
  "ncy": 4,
  "sdtype": "float32",
  "ddtype": "float64",
  "cdtype": "float64",
  "rn": [
    55.803182059279024,
    37.039646839658154,
    24.677616528227148,
    15.369384683572127,
    10.3085157144563,
    6.652973288261836,
    4.395556461404948,
    4.395556319132659,
    3.0256180127084322,
    1.9095614661720708,
    1.2646728491235069,
    0.8018433126660536,
    0.5316200234873177,
    0.3393939867248064,
    0.22245138397595138,
    0.2224513877208876,
    0.15273168087339717,
    0.09507980623399001,
    0.061893932742957604,
    0.03948796215124046,
    0.026246864468766545,
    0.016816720396537106,
    0.011231068696419832,
    0.011231068583047456,
    0.007804310002630769,
    0.0050416041402096745,
    0.0033387393830931434,
    0.002153803541068745,
    0.001439807771522181,
    0.0009291895695012945,
    0.0006230131777031201,
    0.00062301315485112,
    0.0004293790019416858,
    0.0002712732489507939,
    0.0002712732486765854
  ],
  "i": [
    0,
    1,
    2,
    3,
    4,
    5,
    6,
    7,
    8,
    9,
    10,
    11,
    12,
    13,
    14,
    15,
    16,
    17,
    18,
    19,
    20,
    21,
    22,
    23,
    24,
    25,
    26,
    27,
    28,
    29,
    30,
    31,
    32,
    33,
    34
  ],
  "reset": [
    7,
    15,
    23,
    31,
    34
  ],
  "duration": [
    2.9622254371643066,
    2.9609479904174805,
    2.9578280448913574,
    2.9547858238220215,
    2.958446741104126,
    2.9621005058288574,
    2.9548275470733643,
    2.962857723236084,
    2.9575507640838623,
    2.9568865299224854,
    2.955634117126465,
    2.954453468322754,
    2.9491825103759766,
    2.9525232315063477,
    2.9640092849731445,
    2.9537134170532227,
    2.953009843826294,
    2.9523980617523193,
    2.955113649368286,
    2.9556703567504883
  ],
  "status": 30
}