{
  "gpu": false,
  "infile": "../matrix/cgne_init_4096_dble_csr.dat",
  "matfile": "../matrix/conf6_0-8x8-20/conf6_0-8x8-20.mtx",
  "k": 0.15,
  "kc": 0.15717,
  "reordering": true,
  "preconditioning": true,
  "vol": 4096,
  "dim": 49152,
  "lattice": "8x8x8x8",
  "blk_dim": 24576,
  "bs": "8x8x8x4",
  "res": 1e-06,
  "tol": 0.0003135346870762468,
  "nmx": 1250,
  "nkv": 7,
  "nmr": 4,
  "ncy": 2,
  "sdtype": "float64",
  "ddtype": "float64",
  "cdtype": "float64",
  "rn": [
    27.61616248996081,
    9.410788109049742,
    4.7086650060387845,
    2.4949242499727635,
    1.4349750418617047,
    0.8206563323609213,
    0.4794581933860015,
    0.4794581933860015,
    0.30243262190634745,
    0.1823763030982412,
    0.11394190842821764,
    0.06750159587452424,
    0.039623382270786975,
    0.020839675913978027,
    0.01212717558281315,
    0.012127175582812937,
    0.008011803768284951,
    0.004938950248733457,
    0.003071277826963924,
    0.0018519927109778222,
    0.001143025242424066,
    0.0006621820839673283,
    0.0004106133181686089,
    0.000410613318168297,
    0.00026388109076141145,
    0.0002638810907609037
  ],
  "i": [
    0,
    1,
    2,
    3,
    4,
    5,
    6,
    7,
    8,
    9,
    10,
    11,
    12,
    13,
    14,
    15,
    16,
    17,
    18,
    19,
    20,
    21,
    22,
    23,
    24,
    25
  ],
  "reset": [
    7,
    15,
    23,
    25
  ],
  "duration": 2.403240442276001,
  "status": 22
}