{
  "gpu": false,
  "device": "cpu",
  "infile": "../matrix/cgne_init_65536_dble_csr.dat",
  "matfile": null,
  "k": 0.0,
  "kc": 0.0,
  "reordering": false,
  "preconditioning": true,
  "vol": 65536,
  "dim": 786048,
  "lattice": "16x16x16x16",
  "blk_dim": 49128,
  "bs": "8x8x8x8",
  "res": 1e-06,
  "tol": 0.0012541387482794752,
  "nmx": 2500,
  "nkv": 7,
  "nmr": 4,
  "ncy": 1,
  "sdtype": "float32",
  "ddtype": "float64",
  "cdtype": "float32",
  "rn": [
    610.690067498008,
    234.8937029022364,
    104.61700817192582,
    47.70297103926946,
    21.646411024440983,
    10.20833840112101,
    4.787972152349615,
    4.787972095860706,
    2.388499917101896,
    1.1819047781487224,
    0.5688960222059705,
    0.2746015379454902,
    0.13066502370588193,
    0.05703041894320373,
    0.0264831966650123,
    0.02648319605679528,
    0.013109376809001974,
    0.006458164186505832,
    0.003116827543116627,
    0.001538633725152916,
    0.0007445577965258005,
    0.000744557795907447
  ],
  "i": [
    0,
    1,
    2,
    3,
    4,
    5,
    6,
    7,
    8,
    9,
    10,
    11,
    12,
    13,
    14,
    15,
    16,
    17,
    18,
    19,
    20,
    21
  ],
  "reset": [
    7,
    15,
    21
  ],
  "duration": [
    6.151557207107544,
    6.195143461227417,
    6.145882844924927,
    6.1844213008880615,
    6.172829627990723,
    6.199872732162476,
    6.150591611862183,
    6.176114797592163,
    6.137134790420532,
    6.170156717300415,
    6.18930721282959,
    6.190196514129639,
    6.145666837692261,
    6.196681261062622,
    6.161555290222168,
    6.134537935256958,
    6.187748908996582,
    6.173590660095215,
    6.1801676750183105,
    6.1777238845825195
  ],
  "status": 19
}