{
  "gpu": true,
  "device": "gpu",
  "infile": "../matrix/cgne_init_65536_dble_csr.dat",
  "matfile": null,
  "k": 0.0,
  "kc": 0.0,
  "reordering": false,
  "preconditioning": true,
  "vol": 65536,
  "dim": 786048,
  "lattice": "16x16x16x16",
  "blk_dim": 6141,
  "bs": "8x4x4x4",
  "res": 1e-06,
  "tol": 0.0012541387482808122,
  "nmx": 313,
  "nkv": 7,
  "nmr": 4,
  "ncy": 8,
  "sdtype": "float32",
  "ddtype": "float64",
  "cdtype": "float64",
  "rn": [
    224.2229084560682,
    47.29306962669685,
    8.978079405104266,
    1.98965810381838,
    0.379094404101118,
    0.08035995461140327,
    0.015761190659147405,
    0.01576268881740625,
    0.0033575378367601324,
    0.0006808224069107631,
    0.0006808223837839525
  ],
  "i": [
    0,
    1,
    2,
    3,
    4,
    5,
    6,
    7,
    8,
    9,
    10
  ],
  "reset": [
    7,
    10
  ],
  "duration": [
    19.385141372680664,
    19.108792543411255,
    19.09360909461975,
    19.11838126182556,
    19.138744592666626,
    19.100169897079468,
    19.10518717765808,
    19.080485105514526,
    19.087463855743408,
    19.10435914993286,
    19.088956594467163,
    19.052489042282104,
    19.069649934768677,
    19.098803281784058,
    19.097123384475708,
    19.085201263427734,
    19.078025341033936,
    19.097408771514893,
    19.02617359161377,
    19.05895709991455
  ],
  "status": 9
}