{
  "gpu": true,
  "device": "gpu",
  "infile": "../matrix/cgne_init_4096_dble_csr.dat",
  "matfile": "../matrix/conf6_0-8x8-30/conf6.0-00l8x8-3000.mtx",
  "k": 0.15649,
  "kc": 0.15649,
  "reordering": true,
  "preconditioning": true,
  "vol": 4096,
  "dim": 49152,
  "lattice": "8x8x8x8",
  "blk_dim": 24576,
  "bs": "8x8x8x4",
  "res": 1e-06,
  "tol": 0.0003135346870762468,
  "nmx": 250,
  "nkv": 7,
  "nmr": 4,
  "ncy": 10,
  "sdtype": "float64",
  "ddtype": "float64",
  "cdtype": "float64",
  "rn": [
    11.684125598002119,
    6.354280017012953,
    4.149984383496695,
    2.8701807186260138,
    2.1309669529114714,
    1.5398182239270943,
    1.0954862288399012,
    1.0954862288399005,
    0.7967510044215875,
    0.5791515467308848,
    0.375758254673899,
    0.27188550662982286,
    0.1766905335456565,
    0.12874234183103014,
    0.09031642209898103,
    0.09031642209898147,
    0.06690873529086941,
    0.04759916177709576,
    0.03351806943338457,
    0.025086342645372336,
    0.016933667231918064,
    0.01121158413693779,
    0.007822065909707932,
    0.00782206590970812,
    0.00593005790934473,
    0.004501410464778234,
    0.0033155303536892707,
    0.0025388513040926434,
    0.0019781581083918036,
    0.0013953972070038557,
    0.0010152630930793038,
    0.0010152630930791277,
    0.0007350734877850586,
    0.0005545261382261017,
    0.00041999095766359515,
    0.0003070880183882653,
    0.00030708801838840203
  ],
  "i": [
    0,
    1,
    2,
    3,
    4,
    5,
    6,
    7,
    8,
    9,
    10,
    11,
    12,
    13,
    14,
    15,
    16,
    17,
    18,
    19,
    20,
    21,
    22,
    23,
    24,
    25,
    26,
    27,
    28,
    29,
    30,
    31,
    32,
    33,
    34,
    35,
    36
  ],
  "reset": [
    7,
    15,
    23,
    31,
    36
  ],
  "duration": [
    1.740433692932129,
    1.5958681106567383,
    1.5902104377746582,
    1.5879697799682617,
    1.6109213829040527,
    1.6005244255065918,
    1.5844275951385498,
    1.5976026058197021,
    1.5943965911865234,
    1.593130111694336,
    1.604332447052002,
    1.6110775470733643,
    1.595611333847046,
    1.5895860195159912,
    1.603727102279663,
    1.6067180633544922,
    1.5812041759490967,
    1.5927042961120605,
    1.5877432823181152,
    1.5875828266143799
  ],
  "status": 32
}