{
  "gpu": true,
  "device": "gpu",
  "infile": "../matrix/fgcr_check3_4096_dble_csr.dat",
  "matfile": null,
  "k": 0.0,
  "kc": 0.0,
  "reordering": false,
  "preconditioning": true,
  "vol": 4096,
  "dim": 49152,
  "lattice": "8x8x8x8",
  "blk_dim": 6144,
  "bs": "8x4x4x4",
  "res": 1e-06,
  "tol": 0.0003135346870762468,
  "nmx": 125,
  "nkv": 7,
  "nmr": 4,
  "ncy": 20,
  "sdtype": "float64",
  "ddtype": "float64",
  "cdtype": "float64",
  "rn": [
    2.6800871144624097,
    0.4129241755992145,
    0.0623846137584445,
    0.010654615295283379,
    0.0017646141711537442,
    0.00031379290278405093,
    4.338206338271886e-05,
    4.338206338287371e-05
  ],
  "i": [
    0,
    1,
    2,
    3,
    4,
    5,
    6,
    7
  ],
  "reset": [
    7
  ],
  "duration": [
    2.856790781021118,
    2.656203269958496,
    2.653803825378418,
    2.6486685276031494,
    2.649756908416748,
    2.6520798206329346,
    2.6495041847229004,
    2.6441197395324707,
    2.6413795948028564,
    2.6465253829956055,
    2.633237361907959,
    2.62668514251709,
    2.6244890689849854,
    2.62781023979187,
    2.6211166381835938,
    2.6212399005889893,
    2.6201348304748535,
    2.6198971271514893,
    2.618962526321411,
    2.618297815322876
  ],
  "status": 7
}