{
  "gpu": false,
  "device": "hybrid",
  "infile": "../matrix/fgcr_check3_4096_dble_csr.dat",
  "matfile": null,
  "k": 0.0,
  "kc": 0.0,
  "reordering": false,
  "preconditioning": true,
  "vol": 4096,
  "dim": 49152,
  "lattice": "8x8x8x8",
  "blk_dim": 3072,
  "bs": "4x4x4x4",
  "res": 1e-06,
  "tol": 0.00031353468710831124,
  "nmx": 125,
  "nkv": 7,
  "nmr": 4,
  "ncy": 20,
  "sdtype": "float32",
  "ddtype": "float64",
  "cdtype": "float64",
  "rn": [
    2.6853587189905084,
    0.41533724099542696,
    0.06299121997328594,
    0.010847364396874785,
    0.0018488763345580084,
    0.000325964085242079,
    4.451327573741294e-05,
    8.105344545488587e-05
  ],
  "i": [
    0,
    1,
    2,
    3,
    4,
    5,
    6,
    7
  ],
  "reset": [
    7
  ],
  "duration": [
    7.011446714401245,
    6.9805333614349365,
    6.96673321723938,
    6.963632345199585,
    6.951341152191162,
    6.9293177127838135,
    6.92796516418457,
    6.92790675163269,
    6.924617767333984,
    6.9283223152160645,
    6.923023462295532,
    6.924053192138672,
    6.925356149673462,
    6.927116394042969,
    6.924155235290527,
    6.923640966415405,
    6.919739007949829,
    6.922784090042114,
    6.921570062637329,
    6.924872875213623
  ],
  "status": 7
}