{
  "gpu": false,
  "device": "cpu",
  "infile": "../matrix/cgne_init_4096_dble_csr.dat",
  "matfile": "../matrix/conf6_0-8x8-20/conf6_0-8x8-20.mtx",
  "k": 0.15717,
  "kc": 0.15717,
  "reordering": true,
  "preconditioning": true,
  "vol": 4096,
  "dim": 49152,
  "lattice": "8x8x8x8",
  "blk_dim": 6144,
  "bs": "8x4x4x4",
  "res": 1e-06,
  "tol": 0.0003135346870547978,
  "nmx": 125,
  "nkv": 7,
  "nmr": 20,
  "ncy": 4,
  "sdtype": "float32",
  "ddtype": "float64",
  "cdtype": "float64",
  "rn": [
    27.50850169216285,
    11.946275725221021,
    6.446764622719532,
    3.6747786054515243,
    2.213757462377204,
    1.3057401894415455,
    0.8160860478160078,
    0.8160860046562347,
    0.5267624020545711,
    0.33531853818477536,
    0.2132736106397276,
    0.12886880387554842,
    0.07980289653764518,
    0.04609513593682964,
    0.026760107500262205,
    0.026760108809777586,
    0.015635023407490994,
    0.009442901098245412,
    0.006051558994304306,
    0.0037833941086653586,
    0.0023533542144309524,
    0.00145747739066761,
    0.000898172907471973,
    0.0008981727820015936,
    0.0005807121601757048,
    0.0003800654457169685,
    0.00024905314417783574,
    0.0002490531438305582
  ],
  "i": [
    0,
    1,
    2,
    3,
    4,
    5,
    6,
    7,
    8,
    9,
    10,
    11,
    12,
    13,
    14,
    15,
    16,
    17,
    18,
    19,
    20,
    21,
    22,
    23,
    24,
    25,
    26,
    27
  ],
  "reset": [
    7,
    15,
    23,
    27
  ],
  "duration": [
    13.103313207626343,
    13.094406127929688,
    13.091140270233154,
    13.09099268913269,
    13.09180474281311,
    13.099946737289429,
    13.094897747039795,
    13.096424341201782,
    13.093134880065918,
    13.099974155426025,
    13.095202684402466,
    13.097464084625244,
    13.092133283615112,
    13.096211671829224,
    13.093124628067017,
    13.102215051651001,
    13.097904443740845,
    13.097777605056763,
    13.09998869895935,
    13.095097780227661
  ],
  "status": 24
}