{
  "gpu": false,
  "device": "cpu",
  "infile": "../matrix/cgne_init_4096_dble_csr.dat",
  "matfile": "../matrix/conf6_0-8x8-30/conf6.0-00l8x8-3000.mtx",
  "k": 0.15649,
  "kc": 0.15649,
  "reordering": true,
  "preconditioning": true,
  "vol": 4096,
  "dim": 49152,
  "lattice": "8x8x8x8",
  "blk_dim": 12288,
  "bs": "8x8x4x4",
  "res": 1e-06,
  "tol": 0.0003135346870762468,
  "nmx": 250,
  "nkv": 7,
  "nmr": 4,
  "ncy": 10,
  "sdtype": "float64",
  "ddtype": "float64",
  "cdtype": "float64",
  "rn": [
    11.730607638778878,
    6.483556599200665,
    4.1606431864962,
    2.881799399177775,
    2.0904151870798384,
    1.5674094749459686,
    1.0777397366320385,
    1.077739736632038,
    0.7858605972513976,
    0.5630853584604624,
    0.39572500077066974,
    0.28237614478640854,
    0.2067208654807812,
    0.13738555106619502,
    0.09999825231832052,
    0.09999825231832107,
    0.07142289030006026,
    0.048098114648961916,
    0.03498933940140129,
    0.02423351303067165,
    0.014779692000430417,
    0.01019442242005969,
    0.007171942807484859,
    0.007171942807484892,
    0.005428934766382836,
    0.004099994595210754,
    0.0029988159157103202,
    0.0022544292909815597,
    0.0015847097323256952,
    0.0011157224414701003,
    0.0007788333533411929,
    0.0007788333533408424,
    0.0005936182889294639,
    0.00042955098386873416,
    0.00031334376100635466,
    0.00031334376100619724
  ],
  "i": [
    0,
    1,
    2,
    3,
    4,
    5,
    6,
    7,
    8,
    9,
    10,
    11,
    12,
    13,
    14,
    15,
    16,
    17,
    18,
    19,
    20,
    21,
    22,
    23,
    24,
    25,
    26,
    27,
    28,
    29,
    30,
    31,
    32,
    33,
    34,
    35
  ],
  "reset": [
    7,
    15,
    23,
    31,
    35
  ],
  "duration": [
    16.08690047264099,
    17.522644996643066,
    15.921023607254028,
    16.34583067893982,
    16.345757246017456,
    16.536804676055908,
    16.62466335296631,
    16.731404542922974,
    16.028884172439575,
    16.041520833969116,
    16.12122678756714,
    15.373816728591919,
    16.825491428375244,
    16.69511604309082,
    16.04782772064209,
    16.206546306610107,
    16.426390171051025,
    16.6636164188385,
    16.74795961380005,
    16.455974340438843
  ],
  "status": 31
}