{
  "gpu": false,
  "device": "cpu",
  "infile": "../matrix/cgne_init_4096_dble_csr.dat",
  "matfile": "../matrix/conf6_0-8x8-20/conf6_0-8x8-20.mtx",
  "k": 0.15717,
  "kc": 0.15717,
  "reordering": true,
  "preconditioning": true,
  "vol": 4096,
  "dim": 49152,
  "lattice": "8x8x8x8",
  "blk_dim": 12288,
  "bs": "8x8x4x4",
  "res": 1e-06,
  "tol": 0.0003135346870762468,
  "nmx": 125,
  "nkv": 7,
  "nmr": 4,
  "ncy": 20,
  "sdtype": "float64",
  "ddtype": "float64",
  "cdtype": "float64",
  "rn": [
    11.666201390673764,
    6.4587557565051545,
    4.223888088800609,
    2.9540347561462506,
    2.4784084312735417,
    1.8214272189014584,
    1.4162747633669321,
    1.416274763366932,
    1.169732568290909,
    0.9136017377585848,
    0.6909771345872895,
    0.49577562514228585,
    0.3727820132624197,
    0.22936123863604357,
    0.10530168968378735,
    0.10530168968378838,
    0.0668741035125488,
    0.049025333717824235,
    0.03640437905238011,
    0.027400250974367206,
    0.023886927754028706,
    0.018071617746289206,
    0.013136990530176595,
    0.01313699053017657,
    0.0104315885403127,
    0.008708443599079055,
    0.006657071122287083,
    0.004902219304906074,
    0.003885335955632163,
    0.0026921066142228463,
    0.0015578966959723137,
    0.0015578966959718557,
    0.0010169131779867327,
    0.0007866669857075692,
    0.0005940530668587533,
    0.00043632928598236615,
    0.00036554552715669704,
    0.00029133348482883703,
    0.0002913334848283027
  ],
  "i": [
    0,
    1,
    2,
    3,
    4,
    5,
    6,
    7,
    8,
    9,
    10,
    11,
    12,
    13,
    14,
    15,
    16,
    17,
    18,
    19,
    20,
    21,
    22,
    23,
    24,
    25,
    26,
    27,
    28,
    29,
    30,
    31,
    32,
    33,
    34,
    35,
    36,
    37,
    38
  ],
  "reset": [
    7,
    15,
    23,
    31,
    38
  ],
  "duration": [
    35.891035079956055,
    36.425256967544556,
    35.60932469367981,
    35.958029985427856,
    36.481972217559814,
    36.03941011428833,
    35.77296280860901,
    35.36512565612793,
    36.10146713256836,
    36.20268225669861,
    36.42876482009888,
    36.69067025184631,
    35.13343000411987,
    36.93043780326843,
    35.72987723350525,
    36.8943030834198,
    36.094691038131714,
    36.02042365074158,
    36.87734055519104,
    35.79630136489868
  ],
  "status": 34
}