{
  "gpu": true,
  "device": "gpu",
  "infile": "../matrix/fgcr_check3_4096_dble_csr.dat",
  "matfile": null,
  "k": 0.0,
  "kc": 0.0,
  "reordering": false,
  "preconditioning": true,
  "vol": 4096,
  "dim": 49152,
  "lattice": "8x8x8x8",
  "blk_dim": 12288,
  "bs": "8x8x4x4",
  "res": 1e-06,
  "tol": 0.0003135346870762468,
  "nmx": 2500,
  "nkv": 7,
  "nmr": 4,
  "ncy": 1,
  "sdtype": "float64",
  "ddtype": "float64",
  "cdtype": "float64",
  "rn": [
    131.17206663248604,
    58.6382422005257,
    31.775013414607592,
    19.439261618373294,
    11.588269525027941,
    7.193619592469677,
    4.340669600266202,
    4.340669600266202,
    3.1402758096717474,
    2.150929988790186,
    1.2966979464958264,
    0.7771209051899306,
    0.4736214676838663,
    0.25136085273809716,
    0.15699417924960507,
    0.15699417924960518,
    0.11869074465404367,
    0.07969993772951284,
    0.04596434265420359,
    0.02645455070630539,
    0.01632870912080721,
    0.009974780871343103,
    0.006815203721143976,
    0.006815203721144512,
    0.0051671966072178955,
    0.0035481551597506024,
    0.0021024828481649807,
    0.0012413488494691521,
    0.0007643238270709782,
    0.0004784622538335718,
    0.0003403249692503657,
    0.0003403249692505868,
    0.0002582899159214426,
    0.0002582899159218417
  ],
  "i": [
    0,
    1,
    2,
    3,
    4,
    5,
    6,
    7,
    8,
    9,
    10,
    11,
    12,
    13,
    14,
    15,
    16,
    17,
    18,
    19,
    20,
    21,
    22,
    23,
    24,
    25,
    26,
    27,
    28,
    29,
    30,
    31,
    32,
    33
  ],
  "reset": [
    7,
    15,
    23,
    31,
    33
  ],
  "duration": [
    0.5462255477905273,
    0.3306431770324707,
    0.33032989501953125,
    0.33051133155822754,
    0.33036088943481445,
    0.32979297637939453,
    0.33045387268066406,
    0.32976531982421875,
    0.3297159671783447,
    0.3302304744720459,
    0.3297419548034668,
    0.3291926383972168,
    0.3297863006591797,
    0.32962822914123535,
    0.3300459384918213,
    0.3305385112762451,
    0.32984352111816406,
    0.3296327590942383,
    0.3302576541900635,
    0.329805850982666
  ],
  "status": 29
}