{
  "gpu": false,
  "device": "hybrid",
  "infile": "../matrix/cgne_init_4096_dble_csr.dat",
  "matfile": "../matrix/conf6_0-8x8-20/conf6_0-8x8-20.mtx",
  "k": 0.15,
  "kc": 0.15717,
  "reordering": true,
  "preconditioning": true,
  "vol": 4096,
  "dim": 49152,
  "lattice": "8x8x8x8",
  "blk_dim": 24576,
  "bs": "8x8x8x4",
  "res": 1e-06,
  "tol": 0.0003135346870762468,
  "nmx": 250,
  "nkv": 7,
  "nmr": 4,
  "ncy": 10,
  "sdtype": "float64",
  "ddtype": "float64",
  "cdtype": "float64",
  "rn": [
    2.226995927508515,
    0.24125226247465942,
    0.028558612549322893,
    0.003033898711530502,
    0.0003290690662590363,
    3.9565057272321046e-05,
    3.956505727250088e-05
  ],
  "i": [
    0,
    1,
    2,
    3,
    4,
    5,
    6
  ],
  "reset": [
    6
  ],
  "duration": [
    0.43211889266967773,
    0.48725175857543945,
    0.6440033912658691,
    0.6428017616271973,
    0.6119382381439209,
    0.5855135917663574,
    0.5928781032562256,
    0.5521931648254395,
    0.5587196350097656,
    0.5734865665435791,
    0.5382623672485352,
    0.5311651229858398,
    0.5665175914764404,
    0.5673542022705078,
    0.6009693145751953,
    0.5971291065216064,
    0.6171040534973145,
    0.5560569763183594,
    0.5995354652404785,
    0.49831318855285645
  ],
  "status": 6
}