{
  "gpu": true,
  "device": "gpu",
  "infile": "../matrix/cgne_init_4096_dble_csr.dat",
  "matfile": "../matrix/conf6_0-8x8-30/conf6.0-00l8x8-3000.mtx",
  "k": 0.05,
  "kc": 0.15649,
  "reordering": true,
  "preconditioning": true,
  "vol": 4096,
  "dim": 49152,
  "lattice": "8x8x8x8",
  "blk_dim": 24576,
  "bs": "8x8x8x4",
  "res": 1e-06,
  "tol": 0.0003135346870762468,
  "nmx": 2500,
  "nkv": 7,
  "nmr": 1,
  "ncy": 4,
  "sdtype": "float64",
  "ddtype": "float64",
  "cdtype": "float64",
  "rn": [
    0.768008351650642,
    0.004338330913719961,
    2.7523859463111483e-05,
    2.7523859463203657e-05
  ],
  "i": [
    0,
    1,
    2,
    3
  ],
  "reset": [
    3
  ],
  "duration": [
    0.19104576110839844,
    0.027587175369262695,
    0.027469635009765625,
    0.02722334861755371,
    0.0264434814453125,
    0.026378870010375977,
    0.02650284767150879,
    0.02734661102294922,
    0.027524232864379883,
    0.027448177337646484,
    0.02730536460876465,
    0.029288530349731445,
    0.0274200439453125,
    0.02749347686767578,
    0.02740311622619629,
    0.026485204696655273,
    0.02641892433166504,
    0.02647113800048828,
    0.027068138122558594,
    0.027379989624023438
  ],
  "status": 3
}