{
  "gpu": false,
  "device": "hybrid",
  "infile": "../matrix/cgne_init_4096_dble_csr.dat",
  "matfile": "../matrix/conf6_0-8x8-20/conf6_0-8x8-20.mtx",
  "k": 0.15,
  "kc": 0.15717,
  "reordering": true,
  "preconditioning": true,
  "vol": 4096,
  "dim": 49152,
  "lattice": "8x8x8x8",
  "blk_dim": 24576,
  "bs": "8x8x8x4",
  "res": 1e-06,
  "tol": 0.0003135346870762468,
  "nmx": 125,
  "nkv": 7,
  "nmr": 20,
  "ncy": 4,
  "sdtype": "float64",
  "ddtype": "float64",
  "cdtype": "float64",
  "rn": [
    1.3975956212709324,
    0.034463686576678795,
    0.0006795413547534546,
    1.7006420094990203e-05,
    1.7006420094988133e-05
  ],
  "i": [
    0,
    1,
    2,
    3,
    4
  ],
  "reset": [
    4
  ],
  "duration": [
    0.43013882637023926,
    0.46482348442077637,
    0.5110952854156494,
    0.5727880001068115,
    0.5093443393707275,
    0.5566542148590088,
    0.5201151371002197,
    0.5173459053039551,
    0.5238037109375,
    0.5963821411132812,
    0.553199291229248,
    0.5188095569610596,
    0.5343832969665527,
    0.49377012252807617,
    0.5056469440460205,
    0.5169599056243896,
    0.5082018375396729,
    0.518134355545044,
    0.5300374031066895,
    0.5795323848724365
  ],
  "status": 4
}