{
  "gpu": false,
  "device": "hybrid",
  "infile": "../matrix/cgne_init_4096_dble_csr.dat",
  "matfile": "../matrix/conf6_0-8x8-20/conf6_0-8x8-20.mtx",
  "k": 0.15,
  "kc": 0.15717,
  "reordering": true,
  "preconditioning": true,
  "vol": 4096,
  "dim": 49152,
  "lattice": "8x8x8x8",
  "blk_dim": 12288,
  "bs": "8x8x4x4",
  "res": 1e-06,
  "tol": 0.0003135346870547978,
  "nmx": 1250,
  "nkv": 7,
  "nmr": 4,
  "ncy": 2,
  "sdtype": "float32",
  "ddtype": "float64",
  "cdtype": "float64",
  "rn": [
    29.139587139075065,
    9.42439331366262,
    4.533608239766792,
    2.3201374021525556,
    1.2818566362934598,
    0.6939960302362905,
    0.391954644372441,
    0.3919546946690675,
    0.23633061568667008,
    0.1390468926634931,
    0.08358912522481045,
    0.04758784410258739,
    0.026557638316626032,
    0.013406876622443314,
    0.007758497879750647,
    0.007758498382019297,
    0.0048432460886631435,
    0.0028400832810368537,
    0.001689714946514603,
    0.000977016545800666,
    0.0005614851405192231,
    0.00032251061782717633,
    0.00019176811479429873,
    0.00019176810080286588
  ],
  "i": [
    0,
    1,
    2,
    3,
    4,
    5,
    6,
    7,
    8,
    9,
    10,
    11,
    12,
    13,
    14,
    15,
    16,
    17,
    18,
    19,
    20,
    21,
    22,
    23
  ],
  "reset": [
    7,
    15,
    23
  ],
  "duration": [
    0.5533952713012695,
    0.5536530017852783,
    0.553410530090332,
    0.5527477264404297,
    0.5529773235321045,
    0.5539629459381104,
    0.5534865856170654,
    0.551828145980835,
    0.551835298538208,
    0.5519795417785645,
    0.5531356334686279,
    0.5535233020782471,
    0.5531728267669678,
    0.5536143779754639,
    0.5529603958129883,
    0.553272008895874,
    0.5535528659820557,
    0.5542137622833252,
    0.553480863571167,
    0.5533478260040283
  ],
  "status": 21
}