{
  "gpu": false,
  "device": "hybrid",
  "infile": "../matrix/cgne_init_4096_dble_csr.dat",
  "matfile": "../matrix/conf6_0-8x8-20/conf6_0-8x8-20.mtx",
  "k": 0.15,
  "kc": 0.15717,
  "reordering": true,
  "preconditioning": true,
  "vol": 4096,
  "dim": 49152,
  "lattice": "8x8x8x8",
  "blk_dim": 3072,
  "bs": "4x4x4x4",
  "res": 1e-06,
  "tol": 0.0003135346870762468,
  "nmx": 417,
  "nkv": 7,
  "nmr": 12,
  "ncy": 2,
  "sdtype": "float64",
  "ddtype": "float64",
  "cdtype": "float64",
  "rn": [
    31.80757118354794,
    9.154449531121324,
    3.7169964802572206,
    1.644690712101045,
    0.7576593293637064,
    0.35459468643467035,
    0.1713692065989943,
    0.17136920659899496,
    0.08776806057236368,
    0.043669981218236946,
    0.021795559764382733,
    0.010931980311172386,
    0.005067852248559142,
    0.0020898923955992832,
    0.000986403842555882,
    0.0009864038425562308,
    0.00052052228461146,
    0.00023437326775462838,
    0.00023437326775412919
  ],
  "i": [
    0,
    1,
    2,
    3,
    4,
    5,
    6,
    7,
    8,
    9,
    10,
    11,
    12,
    13,
    14,
    15,
    16,
    17,
    18
  ],
  "reset": [
    7,
    15,
    18
  ],
  "duration": [
    3.432551860809326,
    3.4284372329711914,
    3.4133245944976807,
    3.422349452972412,
    3.4155728816986084,
    3.4134891033172607,
    3.41671085357666,
    3.418407440185547,
    3.40620756149292,
    3.4083778858184814,
    3.4125258922576904,
    3.4083898067474365,
    3.4178988933563232,
    3.4117610454559326,
    3.4119889736175537,
    3.414196252822876,
    3.4072344303131104,
    3.412036180496216,
    3.4160361289978027,
    3.415074586868286
  ],
  "status": 16
}