{
  "gpu": true,
  "device": "gpu",
  "infile": "../matrix/cgne_init_4096_dble_csr.dat",
  "matfile": "../matrix/conf6_0-8x8-30/conf6.0-00l8x8-3000.mtx",
  "k": 0.05,
  "kc": 0.15649,
  "reordering": true,
  "preconditioning": true,
  "vol": 4096,
  "dim": 49152,
  "lattice": "8x8x8x8",
  "blk_dim": 6144,
  "bs": "8x4x4x4",
  "res": 1e-06,
  "tol": 0.0003135346870762468,
  "nmx": 250,
  "nkv": 7,
  "nmr": 4,
  "ncy": 10,
  "sdtype": "float64",
  "ddtype": "float64",
  "cdtype": "float64",
  "rn": [
    7.220490300967028e-14,
    1.0580019247820377e-13
  ],
  "i": [
    0,
    1
  ],
  "reset": [
    1
  ],
  "duration": [
    0.17563319206237793,
    0.17497801780700684,
    0.17499923706054688,
    0.1760118007659912,
    0.1746375560760498,
    0.17496109008789062,
    0.1773085594177246,
    0.17402195930480957,
    0.17171978950500488,
    0.17598247528076172,
    0.175323486328125,
    0.17218375205993652,
    0.17539238929748535,
    0.1712360382080078,
    0.17454314231872559,
    0.1750657558441162,
    0.1707291603088379,
    0.17470240592956543,
    0.17475199699401855,
    0.1715831756591797
  ],
  "status": 1
}