{
  "gpu": false,
  "device": "cpu",
  "infile": "../matrix/cgne_init_4096_dble_csr.dat",
  "matfile": "../matrix/conf6_0-8x8-20/conf6_0-8x8-20.mtx",
  "k": 0.15,
  "kc": 0.15717,
  "reordering": true,
  "preconditioning": true,
  "vol": 4096,
  "dim": 49152,
  "lattice": "8x8x8x8",
  "blk_dim": 6144,
  "bs": "8x4x4x4",
  "res": 1e-06,
  "tol": 0.0003135346870762468,
  "nmx": 417,
  "nkv": 7,
  "nmr": 4,
  "ncy": 6,
  "sdtype": "float64",
  "ddtype": "float64",
  "cdtype": "float64",
  "rn": [
    6.754207837568852,
    1.2288318532695375,
    0.2474023338356789,
    0.04873465504527587,
    0.010597173423363505,
    0.0022474374740452533,
    0.0004764411195802482,
    0.00047644111958001194,
    0.00010862896089578391,
    0.00010862896089600606
  ],
  "i": [
    0,
    1,
    2,
    3,
    4,
    5,
    6,
    7,
    8,
    9
  ],
  "reset": [
    7,
    9
  ],
  "duration": [
    1.5695011615753174,
    1.569237470626831,
    1.5672054290771484,
    1.5662529468536377,
    1.5687158107757568,
    1.5644478797912598,
    1.5672962665557861,
    1.565903902053833,
    1.5680875778198242,
    1.5653736591339111,
    1.567214012145996,
    1.5646395683288574,
    1.5653934478759766,
    1.565134048461914,
    1.565934419631958,
    1.5658676624298096,
    1.5669176578521729,
    1.5653071403503418,
    1.5629897117614746,
    1.5651774406433105
  ],
  "status": 8
}