{
  "gpu": true,
  "device": "gpu",
  "infile": "../matrix/cgne_init_4096_dble_csr.dat",
  "matfile": "../matrix/conf6_0-8x8-30/conf6.0-00l8x8-3000.mtx",
  "k": 0.05,
  "kc": 0.15649,
  "reordering": true,
  "preconditioning": true,
  "vol": 4096,
  "dim": 49152,
  "lattice": "8x8x8x8",
  "blk_dim": 12288,
  "bs": "8x8x4x4",
  "res": 1e-06,
  "tol": 0.0003135346870762468,
  "nmx": 1250,
  "nkv": 7,
  "nmr": 2,
  "ncy": 4,
  "sdtype": "float64",
  "ddtype": "float64",
  "cdtype": "float64",
  "rn": [
    0.00579034879323528,
    2.3175308592756414e-07,
    2.317530859475653e-07
  ],
  "i": [
    0,
    1,
    2
  ],
  "reset": [
    2
  ],
  "duration": [
    0.21010279655456543,
    0.04534149169921875,
    0.0450587272644043,
    0.04492354393005371,
    0.04501008987426758,
    0.043426513671875,
    0.04338550567626953,
    0.04435086250305176,
    0.0448453426361084,
    0.044995784759521484,
    0.04462599754333496,
    0.04630327224731445,
    0.04503130912780762,
    0.04503273963928223,
    0.04490470886230469,
    0.04523468017578125,
    0.044748544692993164,
    0.044460296630859375,
    0.04322385787963867,
    0.04353141784667969
  ],
  "status": 2
}