{
  "gpu": true,
  "device": "gpu",
  "infile": "../matrix/cgne_init_4096_dble_csr.dat",
  "matfile": "../matrix/conf6_0-8x8-30/conf6.0-00l8x8-3000.mtx",
  "k": 0.05,
  "kc": 0.15649,
  "reordering": true,
  "preconditioning": true,
  "vol": 4096,
  "dim": 49152,
  "lattice": "8x8x8x8",
  "blk_dim": 24576,
  "bs": "8x8x8x4",
  "res": 1e-06,
  "tol": 0.00031353468703945405,
  "nmx": 417,
  "nkv": 7,
  "nmr": 4,
  "ncy": 6,
  "sdtype": "float32",
  "ddtype": "float64",
  "cdtype": "float64",
  "rn": [
    7.96106961625984e-06,
    3.3139898904855196e-05
  ],
  "i": [
    0,
    1
  ],
  "reset": [
    1
  ],
  "duration": [
    0.03129172325134277,
    0.030376195907592773,
    0.029557466506958008,
    0.030354738235473633,
    0.030018329620361328,
    0.029447078704833984,
    0.029424190521240234,
    0.029343605041503906,
    0.029385089874267578,
    0.029399394989013672,
    0.02939605712890625,
    0.02945685386657715,
    0.029448747634887695,
    0.029360055923461914,
    0.0295560359954834,
    0.029392242431640625,
    0.02934575080871582,
    0.029452085494995117,
    0.02948927879333496,
    0.02945423126220703
  ],
  "status": 1
}