{
  "gpu": false,
  "device": "cpu",
  "infile": "../matrix/cgne_init_4096_dble_csr.dat",
  "matfile": "../matrix/conf6_0-8x8-20/conf6_0-8x8-20.mtx",
  "k": 0.15717,
  "kc": 0.15717,
  "reordering": true,
  "preconditioning": true,
  "vol": 4096,
  "dim": 49152,
  "lattice": "8x8x8x8",
  "blk_dim": 3072,
  "bs": "4x4x4x4",
  "res": 1e-06,
  "tol": 0.0003135346870547978,
  "nmx": 125,
  "nkv": 7,
  "nmr": 20,
  "ncy": 4,
  "sdtype": "float32",
  "ddtype": "float64",
  "cdtype": "float32",
  "rn": [
    26.188845469908568,
    11.585827340004188,
    6.267241245742083,
    3.6805719001165818,
    2.207312783243472,
    1.4175206648945549,
    0.8843839273608446,
    0.884383963855882,
    0.5569822140875473,
    0.347641629040072,
    0.21679416564791182,
    0.13962883223199535,
    0.08521566960888384,
    0.04709626202663238,
    0.026949969372240132,
    0.02694997180540232,
    0.016410610590518848,
    0.009853982280133117,
    0.005983709524379217,
    0.003816198513647862,
    0.0024442822052811917,
    0.0015646885797541913,
    0.0009984299367050797,
    0.0009984299578063849,
    0.0006536419483058203,
    0.0004031727926422726,
    0.00024519807387603357,
    0.0002451980715394011
  ],
  "i": [
    0,
    1,
    2,
    3,
    4,
    5,
    6,
    7,
    8,
    9,
    10,
    11,
    12,
    13,
    14,
    15,
    16,
    17,
    18,
    19,
    20,
    21,
    22,
    23,
    24,
    25,
    26,
    27
  ],
  "reset": [
    7,
    15,
    23,
    27
  ],
  "duration": [
    12.463676929473877,
    12.457531929016113,
    12.457640171051025,
    12.450055122375488,
    12.444993495941162,
    12.448535442352295,
    12.44546627998352,
    12.441230297088623,
    12.445021390914917,
    12.446439981460571,
    12.439074754714966,
    12.44593858718872,
    12.447568416595459,
    12.440632104873657,
    12.44150710105896,
    12.443829536437988,
    12.441035270690918,
    12.443509101867676,
    12.445444822311401,
    12.448390007019043
  ],
  "status": 24
}