{
  "gpu": true,
  "device": "gpu",
  "infile": "../matrix/fgcr_check3_4096_dble_csr.dat",
  "matfile": null,
  "k": 0.0,
  "kc": 0.0,
  "reordering": false,
  "preconditioning": true,
  "vol": 4096,
  "dim": 49152,
  "lattice": "8x8x8x8",
  "blk_dim": 6144,
  "bs": "8x4x4x4",
  "res": 1e-06,
  "tol": 0.00031353468715082124,
  "nmx": 2500,
  "nkv": 7,
  "nmr": 1,
  "ncy": 4,
  "sdtype": "float32",
  "ddtype": "float64",
  "cdtype": "float32",
  "rn": [
    63.970797312803164,
    32.52402803121623,
    18.980637184865795,
    10.22787076673069,
    5.909568957111895,
    3.2635915507635596,
    1.917571163408674,
    1.9175714021303487,
    1.335885859986626,
    0.80922342124408,
    0.4406989262148473,
    0.27360869232718366,
    0.152282378097096,
    0.08834609421892323,
    0.041861372786748195,
    0.04186137392706683,
    0.030805777287963534,
    0.01812931889871718,
    0.010006227057840213,
    0.006075564143480826,
    0.0033202552209626542,
    0.0020586547303778186,
    0.0011669882131636088,
    0.001166988238525243,
    0.000833217834608822,
    0.0005008674405121418,
    0.0002804265321386377,
    0.00028042653305556563
  ],
  "i": [
    0,
    1,
    2,
    3,
    4,
    5,
    6,
    7,
    8,
    9,
    10,
    11,
    12,
    13,
    14,
    15,
    16,
    17,
    18,
    19,
    20,
    21,
    22,
    23,
    24,
    25,
    26,
    27
  ],
  "reset": [
    7,
    15,
    23,
    27
  ],
  "duration": [
    0.9156351089477539,
    0.6980299949645996,
    0.6977901458740234,
    0.701852560043335,
    0.6946587562561035,
    0.6941530704498291,
    0.694272518157959,
    0.6943283081054688,
    0.6939470767974854,
    0.6956381797790527,
    0.6948919296264648,
    0.6946086883544922,
    0.6939654350280762,
    0.6938965320587158,
    0.6941013336181641,
    0.6938896179199219,
    0.6949522495269775,
    0.6943671703338623,
    0.6959459781646729,
    0.6905975341796875
  ],
  "status": 24
}