{
  "gpu": false,
  "infile": "../matrix/cgne_init_4096_dble_csr.dat",
  "matfile": null,
  "k": 0.0,
  "kc": 0.0,
  "reordering": false,
  "preconditioning": true,
  "vol": 4096,
  "dim": 49152,
  "lattice": "8x8x8x8",
  "blk_dim": 24576,
  "bs": "8x8x8x4",
  "res": 1e-06,
  "tol": 0.0003135346870547978,
  "nmx": 125,
  "nkv": 7,
  "nmr": 4,
  "ncy": 20,
  "sdtype": "float32",
  "ddtype": "float64",
  "cdtype": "float32",
  "rn": [
    24.855188737740722,
    9.139104517619716,
    3.9676727602460025,
    1.7572394872270687,
    0.7918225041938323,
    0.338826446430617,
    0.11580928420544741,
    0.11580957232888252,
    0.056149859099357075,
    0.025276121476900462,
    0.011982380538607276,
    0.005118493513778242,
    0.002224719755739439,
    0.0008883341704628193,
    0.00034261421664572635,
    0.00034261424358247145,
    0.00016267439122433968,
    0.00016267439153677408
  ],
  "i": [
    0,
    1,
    2,
    3,
    4,
    5,
    6,
    7,
    8,
    9,
    10,
    11,
    12,
    13,
    14,
    15,
    16,
    17
  ],
  "reset": [
    7,
    15,
    17
  ],
  "duration": 5.339169263839722,
  "status": 15
}