{
  "gpu": true,
  "infile": "../matrix/cgne_init_4096_dble_csr.dat",
  "matfile": null,
  "k": 0.0,
  "kc": 0.0,
  "reordering": false,
  "preconditioning": true,
  "vol": 4096,
  "dim": 49152,
  "lattice": "8x8x8x8",
  "blk_dim": 3072,
  "bs": "4x4x4x4",
  "res": 1e-06,
  "tol": 0.00031353468703945405,
  "nmx": 2500,
  "nkv": 7,
  "nmr": 4,
  "ncy": 1,
  "sdtype": "float32",
  "ddtype": "float64",
  "cdtype": "float32",
  "rn": [
    145.93583387428225,
    53.67074684762286,
    22.59346696043026,
    10.13162110115475,
    4.335447535984678,
    2.058789217623843,
    0.9562526395293822,
    0.9562527968347936,
    0.46838593592562444,
    0.23100404557225324,
    0.11586873512605576,
    0.05155112611039137,
    0.023730154531464463,
    0.010760143348649364,
    0.005098642857423542,
    0.00509864274496836,
    0.002486717683790412,
    0.0012154027358605888,
    0.0006178786384534409,
    0.0002794464299791769,
    0.0002794464303250856
  ],
  "i": [
    0,
    1,
    2,
    3,
    4,
    5,
    6,
    7,
    8,
    9,
    10,
    11,
    12,
    13,
    14,
    15,
    16,
    17,
    18,
    19,
    20
  ],
  "reset": [
    7,
    15,
    20
  ],
  "duration": 0.7953450679779053,
  "status": 18
}