{
  "gpu": false,
  "device": "hybrid",
  "infile": "../matrix/cgne_init_4096_dble_csr.dat",
  "matfile": "../matrix/conf6_0-8x8-20/conf6_0-8x8-20.mtx",
  "k": 0.15,
  "kc": 0.15717,
  "reordering": true,
  "preconditioning": true,
  "vol": 4096,
  "dim": 49152,
  "lattice": "8x8x8x8",
  "blk_dim": 3072,
  "bs": "4x4x4x4",
  "res": 1e-06,
  "tol": 0.0003135346870547978,
  "nmx": 417,
  "nkv": 7,
  "nmr": 12,
  "ncy": 2,
  "sdtype": "float32",
  "ddtype": "float64",
  "cdtype": "float32",
  "rn": [
    31.807571389565815,
    9.154449672849939,
    3.7169965726024716,
    1.644690774550832,
    0.7576593626330284,
    0.35459471268144405,
    0.1713692242346401,
    0.17136937742923244,
    0.08776888810738961,
    0.043670404811082614,
    0.021795774723712504,
    0.010932058060353852,
    0.005067872257252448,
    0.00208987709517528,
    0.0009863980046801266,
    0.0009863980468063302,
    0.0005205279766164123,
    0.00023437820119067237,
    0.0002343782010729935
  ],
  "i": [
    0,
    1,
    2,
    3,
    4,
    5,
    6,
    7,
    8,
    9,
    10,
    11,
    12,
    13,
    14,
    15,
    16,
    17,
    18
  ],
  "reset": [
    7,
    15,
    18
  ],
  "duration": [
    3.3913156986236572,
    3.390368938446045,
    3.385737895965576,
    3.3918094635009766,
    3.393519639968872,
    3.387664318084717,
    3.3916103839874268,
    3.390965223312378,
    3.3829967975616455,
    3.388352155685425,
    3.389883279800415,
    3.390284776687622,
    3.3882036209106445,
    3.3877880573272705,
    3.3878350257873535,
    3.3933284282684326,
    3.3865065574645996,
    3.3857312202453613,
    3.388029098510742,
    3.382236957550049
  ],
  "status": 16
}