{
  "gpu": false,
  "device": "cpu",
  "infile": "../matrix/cgne_init_4096_dble_csr.dat",
  "matfile": "../matrix/conf6_0-8x8-20/conf6_0-8x8-20.mtx",
  "k": 0.15,
  "kc": 0.15717,
  "reordering": true,
  "preconditioning": true,
  "vol": 4096,
  "dim": 49152,
  "lattice": "8x8x8x8",
  "blk_dim": 3072,
  "bs": "4x4x4x4",
  "res": 1e-06,
  "tol": 0.0003135346870547978,
  "nmx": 417,
  "nkv": 7,
  "nmr": 12,
  "ncy": 2,
  "sdtype": "float32",
  "ddtype": "float64",
  "cdtype": "float64",
  "rn": [
    31.807571058039066,
    9.154449299915498,
    3.7169964006654848,
    1.6446907062424616,
    0.7576593336191619,
    0.35459468416673673,
    0.17136920865626543,
    0.1713693227945738,
    0.08776827445432235,
    0.04367007335768198,
    0.021795684230762297,
    0.010932056882625543,
    0.005067887523293663,
    0.00208992356519762,
    0.0009864221324228813,
    0.0009864217084261098,
    0.0005205308317202121,
    0.00023437817821793963,
    0.00023437817595784553
  ],
  "i": [
    0,
    1,
    2,
    3,
    4,
    5,
    6,
    7,
    8,
    9,
    10,
    11,
    12,
    13,
    14,
    15,
    16,
    17,
    18
  ],
  "reset": [
    7,
    15,
    18
  ],
  "duration": [
    3.228945016860962,
    3.2271599769592285,
    3.2244224548339844,
    3.221022844314575,
    3.2250514030456543,
    3.225780487060547,
    3.2238082885742188,
    3.22918438911438,
    3.2247350215911865,
    3.2256317138671875,
    3.225890874862671,
    3.226590394973755,
    3.226145029067993,
    3.226839303970337,
    3.224125623703003,
    3.224254846572876,
    3.2278976440429688,
    3.226248264312744,
    3.2239866256713867,
    3.2256059646606445
  ],
  "status": 16
}