{
  "gpu": false,
  "device": "cpu",
  "infile": "../matrix/cgne_init_65536_dble_csr.dat",
  "matfile": null,
  "k": 0.0,
  "kc": 0.0,
  "reordering": false,
  "preconditioning": true,
  "vol": 65536,
  "dim": 786048,
  "lattice": "16x16x16x16",
  "blk_dim": 6141,
  "bs": "8x4x4x4",
  "res": 1e-06,
  "tol": 0.0012541387482794752,
  "nmx": 2500,
  "nkv": 7,
  "nmr": 4,
  "ncy": 1,
  "sdtype": "float32",
  "ddtype": "float64",
  "cdtype": "float64",
  "rn": [
    610.5909734948845,
    234.831967391568,
    104.57142529750105,
    47.67450561621083,
    21.631255169662698,
    10.199408989625477,
    4.782717420963594,
    4.782717354766402,
    2.3851023303170606,
    1.1798327095587757,
    0.5679107016329822,
    0.27395469875997647,
    0.130303668072614,
    0.0568942397939519,
    0.02640155770067636,
    0.026401557640586906,
    0.013056392722804847,
    0.00642592271875821,
    0.0030996604178628578,
    0.001526062518401236,
    0.0007370012590801131,
    0.0007370012603684881
  ],
  "i": [
    0,
    1,
    2,
    3,
    4,
    5,
    6,
    7,
    8,
    9,
    10,
    11,
    12,
    13,
    14,
    15,
    16,
    17,
    18,
    19,
    20,
    21
  ],
  "reset": [
    7,
    15,
    21
  ],
  "duration": [
    6.067209005355835,
    6.0464699268341064,
    6.03822922706604,
    6.0438501834869385,
    6.041686296463013,
    6.0379297733306885,
    6.033738374710083,
    6.038193464279175,
    6.038409471511841,
    6.034937858581543,
    6.045501947402954,
    6.046950817108154,
    6.053950786590576,
    6.042107582092285,
    6.04614782333374,
    6.044893264770508,
    6.046120643615723,
    6.043721675872803,
    6.042811632156372,
    6.0546557903289795
  ],
  "status": 19
}