{
  "gpu": false,
  "infile": "../matrix/cgne_init_65536_dble_csr.dat",
  "matfile": null,
  "k": 0.0,
  "kc": 0.0,
  "reordering": false,
  "preconditioning": true,
  "vol": 65536,
  "dim": 786048,
  "lattice": "16x16x16x16",
  "blk_dim": 12282,
  "bs": "8x8x4x4",
  "res": 1e-06,
  "tol": 0.0012541387482794752,
  "nmx": 2500,
  "nkv": 7,
  "nmr": 4,
  "ncy": 1,
  "sdtype": "float32",
  "ddtype": "float64",
  "cdtype": "float64",
  "rn": [
    610.6609629753301,
    234.8723466826323,
    104.60075625449048,
    47.69203093429026,
    21.640492042138398,
    10.204894164963394,
    4.7859174631148305,
    4.785917457405223,
    2.3871928528423467,
    1.1810585948604002,
    0.5684965165913209,
    0.27433280776707375,
    0.13051536070143382,
    0.05697083307009813,
    0.026444637467413896,
    0.026444636981783527,
    0.01308333092396616,
    0.006441993656228822,
    0.00310793159144907,
    0.0015320177884954958,
    0.0007405034194046766,
    0.0007405034131720955
  ],
  "i": [
    0,
    1,
    2,
    3,
    4,
    5,
    6,
    7,
    8,
    9,
    10,
    11,
    12,
    13,
    14,
    15,
    16,
    17,
    18,
    19,
    20,
    21
  ],
  "reset": [
    7,
    15,
    21
  ],
  "duration": 7.260215759277344,
  "status": 19
}