{
  "gpu": false,
  "device": "cpu",
  "infile": "../matrix/fgcr_check3_4096_dble_csr.dat",
  "matfile": null,
  "k": 0.0,
  "kc": 0.0,
  "reordering": false,
  "preconditioning": true,
  "vol": 4096,
  "dim": 49152,
  "lattice": "8x8x8x8",
  "blk_dim": 3072,
  "bs": "4x4x4x4",
  "res": 1e-06,
  "tol": 0.00031353468710831124,
  "nmx": 2500,
  "nkv": 7,
  "nmr": 4,
  "ncy": 1,
  "sdtype": "float32",
  "ddtype": "float64",
  "cdtype": "float32",
  "rn": [
    131.17100361077186,
    58.63747650646347,
    31.773517488451322,
    19.437952959356394,
    11.588950323018716,
    7.195013335305747,
    4.341367296141107,
    4.341367438809896,
    3.140997194197174,
    2.1522754613864024,
    1.2983462791983311,
    0.7787127874791714,
    0.47460626977936393,
    0.2520128649375743,
    0.15746829785875646,
    0.15746830008061477,
    0.11908585247183745,
    0.08000094188606616,
    0.04614826825241874,
    0.026577445736796143,
    0.016413683197027105,
    0.010034124765579504,
    0.00686004568390306,
    0.006860045605970398,
    0.005202715525041812,
    0.0035743427252220017,
    0.0021197109238366065,
    0.0012518860171902078,
    0.0007705701707563245,
    0.0004825786801380436,
    0.00034351181192102635,
    0.00034351180366736634,
    0.00026083973794900547,
    0.0002608397382266692
  ],
  "i": [
    0,
    1,
    2,
    3,
    4,
    5,
    6,
    7,
    8,
    9,
    10,
    11,
    12,
    13,
    14,
    15,
    16,
    17,
    18,
    19,
    20,
    21,
    22,
    23,
    24,
    25,
    26,
    27,
    28,
    29,
    30,
    31,
    32,
    33
  ],
  "reset": [
    7,
    15,
    23,
    31,
    33
  ],
  "duration": [
    1.3770475387573242,
    1.3769917488098145,
    1.3768055438995361,
    1.3777685165405273,
    1.376347303390503,
    1.3783555030822754,
    1.3770310878753662,
    1.3774774074554443,
    1.3797574043273926,
    1.375842809677124,
    1.375290870666504,
    1.376633882522583,
    1.3755898475646973,
    1.375246286392212,
    1.3770637512207031,
    1.3802390098571777,
    1.3753795623779297,
    1.3753511905670166,
    1.3759539127349854,
    1.3757572174072266
  ],
  "status": 29
}