{
  "gpu": false,
  "infile": "../matrix/cgne_init_4096_dble_csr.dat",
  "matfile": null,
  "k": 0.0,
  "kc": 0.0,
  "reordering": false,
  "preconditioning": true,
  "vol": 4096,
  "dim": 49152,
  "lattice": "8x8x8x8",
  "blk_dim": 24576,
  "bs": "8x8x8x4",
  "res": 1e-06,
  "tol": 0.0003135346870547978,
  "nmx": 2500,
  "nkv": 7,
  "nmr": 1,
  "ncy": 4,
  "sdtype": "float32",
  "ddtype": "float64",
  "cdtype": "float32",
  "rn": [
    118.55264239977595,
    46.24491956154157,
    19.202518637433577,
    8.382524921298634,
    3.8018203245877547,
    1.7708710972159525,
    0.8475197864789974,
    0.8475196126485791,
    0.4208968101385312,
    0.21388453103358307,
    0.10974217185041592,
    0.05021163195325263,
    0.02447963763104724,
    0.011940543529953112,
    0.005712271664126958,
    0.005712272139983835,
    0.0028950577322776868,
    0.0014775491414926987,
    0.0007542774723828601,
    0.0003560442545073234,
    0.00017790218945161422,
    0.00017790219013923757
  ],
  "i": [
    0,
    1,
    2,
    3,
    4,
    5,
    6,
    7,
    8,
    9,
    10,
    11,
    12,
    13,
    14,
    15,
    16,
    17,
    18,
    19,
    20,
    21
  ],
  "reset": [
    7,
    15,
    21
  ],
  "duration": [
    1.0212326049804688,
    1.0171070098876953,
    1.020111083984375,
    1.0164728164672852,
    1.0174901485443115,
    1.0179319381713867,
    1.017324686050415,
    1.0175018310546875,
    1.0187463760375977,
    1.0207359790802002,
    1.0207240581512451,
    1.0196399688720703,
    1.0204811096191406,
    1.019230604171753,
    1.0208652019500732,
    1.0197572708129883,
    1.0185792446136475,
    1.0174005031585693,
    1.0186474323272705,
    1.017798900604248
  ],
  "status": 19
}