{
  "gpu": true,
  "infile": "../matrix/cgne_init_65536_dble_csr.dat",
  "matfile": null,
  "k": 0.0,
  "kc": 0.0,
  "reordering": false,
  "preconditioning": true,
  "vol": 65536,
  "dim": 786048,
  "lattice": "16x16x16x16",
  "blk_dim": 49128,
  "bs": "8x8x8x8",
  "res": 1e-06,
  "tol": 0.0012541387482808122,
  "nmx": 500,
  "nkv": 7,
  "nmr": 4,
  "ncy": 5,
  "sdtype": "float32",
  "ddtype": "float64",
  "cdtype": "float64",
  "rn": [
    399.2421123774506,
    145.6860337952919,
    54.29972581424572,
    20.5960951768377,
    7.950040929746729,
    3.12699633866182,
    1.250598445025622,
    1.2505986196843597,
    0.512472418447596,
    0.2088273137310545,
    0.08114472289136536,
    0.03035041091737841,
    0.011155404785721381,
    0.004042741497556803,
    0.0014544227528352472,
    0.0014544221138269762,
    0.0005903922717103267,
    0.0005903922731878947
  ],
  "i": [
    0,
    1,
    2,
    3,
    4,
    5,
    6,
    7,
    8,
    9,
    10,
    11,
    12,
    13,
    14,
    15,
    16,
    17
  ],
  "reset": [
    7,
    15,
    17
  ],
  "duration": 3.9505701065063477,
  "status": 15
}