{
  "gpu": false,
  "infile": "../matrix/cgne_init_4096_dble_csr.dat",
  "matfile": "../matrix/conf6_0-8x8-20/conf6_0-8x8-20.mtx",
  "k": 0.15717,
  "kc": 0.15717,
  "reordering": true,
  "preconditioning": true,
  "vol": 4096,
  "dim": 49152,
  "lattice": "8x8x8x8",
  "blk_dim": 24576,
  "bs": "8x8x8x4",
  "res": 1e-06,
  "tol": 0.0003135346870547978,
  "nmx": 500,
  "nkv": 7,
  "nmr": 4,
  "ncy": 5,
  "sdtype": "float32",
  "ddtype": "float64",
  "cdtype": "float64",
  "rn": [
    21.416923096649356,
    10.371221538820413,
    5.816778260997469,
    3.4512966432585745,
    2.185595474181953,
    1.3734741074418522,
    0.9073792389912664,
    0.9073792644762194,
    0.6479944326023559,
    0.4331273446397818,
    0.27932654114657157,
    0.17768815940437843,
    0.1091103073704935,
    0.06652163201739905,
    0.03841017277091044,
    0.038410176089062435,
    0.02327398022212859,
    0.014246827806708325,
    0.009192074519381047,
    0.005805850831649023,
    0.003706511902520046,
    0.0024461054354187684,
    0.001676260020955369,
    0.0016762599770330216,
    0.0011937615546854879,
    0.0007866759904703979,
    0.0005079669617408641,
    0.0003255325851722188,
    0.00019280732448099904,
    0.00019280732628415806
  ],
  "i": [
    0,
    1,
    2,
    3,
    4,
    5,
    6,
    7,
    8,
    9,
    10,
    11,
    12,
    13,
    14,
    15,
    16,
    17,
    18,
    19,
    20,
    21,
    22,
    23,
    24,
    25,
    26,
    27,
    28,
    29
  ],
  "reset": [
    7,
    15,
    23,
    29
  ],
  "duration": 5.736472845077515,
  "status": 26
}