{
  "gpu": false,
  "device": "hybrid",
  "infile": "../matrix/cgne_init_4096_dble_csr.dat",
  "matfile": "../matrix/conf6_0-8x8-30/conf6.0-00l8x8-3000.mtx",
  "k": 0.05,
  "kc": 0.15649,
  "reordering": true,
  "preconditioning": true,
  "vol": 4096,
  "dim": 49152,
  "lattice": "8x8x8x8",
  "blk_dim": 3072,
  "bs": "4x4x4x4",
  "res": 1e-06,
  "tol": 0.0003135346870547978,
  "nmx": 417,
  "nkv": 7,
  "nmr": 2,
  "ncy": 12,
  "sdtype": "float32",
  "ddtype": "float64",
  "cdtype": "float32",
  "rn": [
    2.4165610280721354e-05,
    5.069199419608406e-05
  ],
  "i": [
    0,
    1
  ],
  "reset": [
    1
  ],
  "duration": [
    0.2760002613067627,
    0.2778315544128418,
    0.27550339698791504,
    0.27557373046875,
    0.2757291793823242,
    0.2766451835632324,
    0.27384233474731445,
    0.2762136459350586,
    0.27594470977783203,
    0.275799036026001,
    0.2761721611022949,
    0.27587103843688965,
    0.27544713020324707,
    0.27672863006591797,
    0.27544617652893066,
    0.2761540412902832,
    0.2768981456756592,
    0.27625131607055664,
    0.2761876583099365,
    0.27504563331604004
  ],
  "status": 1
}