{
  "gpu": true,
  "device": "gpu",
  "infile": "../matrix/cgne_init_4096_dble_csr.dat",
  "matfile": "../matrix/conf6_0-8x8-20/conf6_0-8x8-20.mtx",
  "k": 0.15717,
  "kc": 0.15717,
  "reordering": true,
  "preconditioning": true,
  "vol": 4096,
  "dim": 49152,
  "lattice": "8x8x8x8",
  "blk_dim": 12288,
  "bs": "8x8x4x4",
  "res": 1e-06,
  "tol": 0.0003135346870762468,
  "nmx": 250,
  "nkv": 7,
  "nmr": 10,
  "ncy": 4,
  "sdtype": "float64",
  "ddtype": "float64",
  "cdtype": "float64",
  "rn": [
    25.33378577802254,
    13.451798593656871,
    8.764022187525269,
    5.538682775474033,
    3.472995893875068,
    2.2782190615403093,
    1.4371555036919121,
    1.4371555036919117,
    1.0083091387239562,
    0.6800720214792173,
    0.44600204248385966,
    0.28906402279256505,
    0.19897419343492515,
    0.1355334929199073,
    0.08973086400245357,
    0.0897308640024533,
    0.06124217507918046,
    0.04451817723450238,
    0.02947259632515655,
    0.020537690226536533,
    0.01213073920154489,
    0.007494305316227841,
    0.0042302099185646085,
    0.004230209918564554,
    0.0027792872650659424,
    0.0018285094290878116,
    0.0012619700140761665,
    0.000846856794151708,
    0.0004857324236183214,
    0.00028823855439596687,
    0.00028823855439632584
  ],
  "i": [
    0,
    1,
    2,
    3,
    4,
    5,
    6,
    7,
    8,
    9,
    10,
    11,
    12,
    13,
    14,
    15,
    16,
    17,
    18,
    19,
    20,
    21,
    22,
    23,
    24,
    25,
    26,
    27,
    28,
    29,
    30
  ],
  "reset": [
    7,
    15,
    23,
    30
  ],
  "duration": [
    2.3539366722106934,
    2.1771554946899414,
    2.173646926879883,
    2.183934211730957,
    2.192368268966675,
    2.1727874279022217,
    2.179595947265625,
    2.1821651458740234,
    2.1744556427001953,
    2.181722640991211,
    2.1771299839019775,
    2.1620640754699707,
    2.176366090774536,
    2.1803767681121826,
    2.178572654724121,
    2.1833155155181885,
    2.1752192974090576,
    2.176693916320801,
    2.1792972087860107,
    2.181737184524536
  ],
  "status": 27
}