{
  "gpu": false,
  "infile": "../matrix/cgne_init_65536_dble_csr.dat",
  "matfile": null,
  "k": 0.0,
  "kc": 0.0,
  "reordering": false,
  "preconditioning": true,
  "vol": 65536,
  "dim": 786048,
  "lattice": "16x16x16x16",
  "blk_dim": 3070,
  "bs": "4x4x4x4",
  "res": 1e-06,
  "tol": 0.0012541387483049865,
  "nmx": 500,
  "nkv": 7,
  "nmr": 4,
  "ncy": 5,
  "sdtype": "float64",
  "ddtype": "float64",
  "cdtype": "float64",
  "rn": [
    398.22201020952787,
    145.0413118382232,
    55.49576149739074,
    25.29756653655717,
    17.290875804725694,
    15.814119626183322,
    15.586343095960416,
    16.276276200493836,
    15.546705868704763,
    15.52656590149828,
    15.524406578260223,
    15.524116113823556,
    15.524070167371011,
    15.524068324919625,
    15.52406708005418,
    15.553577861750828,
    15.525787141897977,
    15.52486290601903,
    15.524818457489502,
    15.524803542907911,
    15.524802096076447,
    15.524799319323865,
    15.524796094239171,
    15.526178982334086,
    15.524989743897985,
    15.524950597451161,
    15.524947936717565,
    15.524945612248755,
    15.52494303149961,
    15.524940326440923,
    15.524938831230825,
    15.524993433971996,
    15.52495613500142,
    15.524949433409137,
    15.524946329967309,
    15.52494522093224,
    15.524942158072486,
    15.524938506157321,
    15.524936306066026,
    15.524938806996305,
    15.524938582097613,
    15.524936300320178,
    15.524924002236435,
    15.524918611804598,
    15.524916151995543,
    15.524908931445184,
    15.524904200304647,
    15.52490416110093,
    15.524904145621177,
    15.524903208049347,
    15.524901505890826,
    15.524899083256825,
    15.524898596230265,
    15.524898479131378,
    15.52489838917115,
    15.524898528019333,
    15.524898527931414,
    15.52489852786201,
    15.52489692710137,
    15.524894721672037,
    15.524894401698988,
    15.524894041072892,
    15.524893085723475,
    15.524893190972671,
    15.524893189252415,
    15.52489317278323,
    15.524889884823319,
    15.524888469082569,
    15.524887935465417,
    15.524887802593582,
    15.524887729766206,
    15.524888043200686,
    15.524888043063537,
    15.524888024933905,
    15.524887109634665,
    15.524882689910758,
    15.524882132048814,
    15.52488088071849,
    15.52488060930876,
    15.52488049529963,
    15.524880493195525,
    15.524880352093266,
    15.524880296745069,
    15.52487841611968,
    15.524874722542995,
    15.524868972885645,
    15.524866433769782,
    15.524866662559589,
    15.524866656679583,
    15.52486602896682,
    15.524863717282631,
    15.524863309708556,
    15.524861977436128,
    15.524861402687796,
    15.524861267476586,
    15.524861341865275,
    15.524861341411487,
    15.524861099142571,
    15.524856475707349,
    15.524855402874115,
    15.524853413711888,
    15.524852968164112,
    15.524852828699885,
    15.52485221589434,
    15.524852215767789,
    15.52485220194673,
    15.524850910570336,
    15.524843464269168,
    15.524831269819678,
    15.524812715458639,
    15.5247933613468,
    15.524791545767323,
    15.52479131241946,
    15.524782297514266,
    15.524775709652204,
    15.52477255736955,
    15.524772024978217,
    15.524760010630485,
    15.5247564571849,
    15.524756570560374,
    15.524756517299245,
    15.524751145355532,
    15.524744732054511,
    15.524743647141975,
    15.524741929757603,
    15.524741430314965,
    15.524737764636185,
    15.524738607073703,
    15.524738601989544,
    15.524738321060825,
    15.52473830523709,
    15.52473426913458,
    15.52473350048208,
    15.524732289286245,
    15.524730240081086,
    15.524730397129426,
    15.524730391092643,
    15.524730075782994,
    15.524728528422877,
    15.524720620055126,
    15.524719298199132,
    15.524713630684582,
    15.524707785002757,
    15.524707150173764,
    15.524707130975228,
    15.524706766491342,
    15.524706702027563,
    15.524692695336727,
    15.524691251563322,
    15.524690457697965,
    15.524687708680315,
    15.524687692974073,
    15.524687682967265,
    15.524687645848621,
    15.524686796290231,
    15.524686669117068,
    15.524683354882967,
    15.52467850863402,
    15.524674027518326,
    15.524673612743552,
    15.524673590443753,
    15.524671415081219,
    15.52466799000242,
    15.524666899639794,
    15.524666892522092,
    15.524666638766602,
    15.524666353106866,
    15.524666469141446,
    15.5246664690289,
    15.524666468195,
    15.524666381853912,
    15.524662418780858,
    15.524661550772768,
    15.524661245429408,
    15.524659872310453,
    15.524659869366523,
    15.524659869342505,
    15.524659566153671,
    15.524657582393202,
    15.524657406968466,
    15.524657257590121,
    15.524656015610656,
    15.524654867865008,
    15.524654580617156,
    15.524654579823824,
    15.524654551211347,
    15.524653648940586,
    15.524653354304414,
    15.524649065263478,
    15.524647252747137,
    15.524645978576105,
    15.524646265190789,
    15.524646263251336,
    15.524646082432168,
    15.524645650969843,
    15.52464477234577,
    15.524644759579678,
    15.52464300425294,
    15.524642204437749,
    15.524642175575897,
    15.524642174475563,
    15.524642027520933,
    15.524641941281088,
    15.524641648394013,
    15.524639998661822,
    15.524639740915672,
    15.524638716669301,
    15.52463854338298,
    15.5246385413404,
    15.524638289121759,
    15.52463740028932,
    15.524637384244311,
    15.524636501894438,
    15.524635593494963,
    15.524633950009889,
    15.524633727384037,
    15.524633726408961,
    15.524633405496916,
    15.524632434615434,
    15.524632300501448,
    15.52463206957158,
    15.524631299528307,
    15.524630339431338,
    15.52463024366977,
    15.524630242903948,
    15.52463023780573,
    15.52462998048696,
    15.524629723655584,
    15.5246293199252,
    15.524629177540204,
    15.524628553659651,
    15.524628464085467,
    15.524628463459397,
    15.524628394900148,
    15.524627756998905,
    15.524625985711621,
    15.524625428701132,
    15.524622387615468,
    15.524620687849401,
    15.524620846124716,
    15.52462084541508,
    15.524620731929923,
    15.524619311367816,
    15.524614752304492,
    15.52461432424176,
    15.524614288494211,
    15.524611757108154,
    15.524611898661087,
    15.524611897294433,
    15.524611838453907,
    15.524611548681879,
    15.524607363485336,
    15.52460625448584,
    15.524606217337055,
    15.524605990356463,
    15.524605672772674,
    15.52460567274981,
    15.52460558188551,
    15.524604094271535,
    15.52460255639891,
    15.52460174694338,
    15.524601571468668,
    15.524600729879122,
    15.52460095999205,
    15.52460095940667,
    15.524600892653282,
    15.52460086054962,
    15.524600412791594,
    15.524600102576061,
    15.524598040578047,
    15.524597891365577,
    15.524597880278263,
    15.524597880243352,
    15.524597864824226,
    15.524597613447655,
    15.524597168978653,
    15.524596501870326,
    15.524595965685252,
    15.52459376351406,
    15.524593698497673,
    15.524593698460667,
    15.524593686955999,
    15.52459364229097,
    15.524593092413859,
    15.524592505493292,
    15.524591631799984,
    15.524590906206345,
    15.524590841865848,
    15.524590841498844,
    15.524590709613355,
    15.524590220812117,
    15.524590101380607,
    15.52458962845273,
    15.524589138122435,
    15.524589071713187,
    15.52458923546643,
    15.524589235452297,
    15.524589222789766,
    15.524589203878824,
    15.52458855053318,
    15.524587737041887,
    15.524575249415502,
    15.524569636172542,
    15.524569167471295,
    15.52456915936358,
    15.524568249083947,
    15.524565248309022,
    15.524564875231228,
    15.52456427385963,
    15.524563637644148,
    15.52456339249623,
    15.524563663531861,
    15.52456366342211,
    15.524563573399687,
    15.5245624570253,
    15.524561746741702,
    15.524561466258005,
