{
  "gpu": false,
  "device": "cpu",
  "infile": "../matrix/cgne_init_4096_dble_csr.dat",
  "matfile": "../matrix/conf6_0-8x8-30/conf6.0-00l8x8-3000.mtx",
  "k": 0.15649,
  "kc": 0.15649,
  "reordering": true,
  "preconditioning": true,
  "vol": 4096,
  "dim": 49152,
  "lattice": "8x8x8x8",
  "blk_dim": 12288,
  "bs": "8x8x4x4",
  "res": 1e-06,
  "tol": 0.0003135346870547978,
  "nmx": 125,
  "nkv": 7,
  "nmr": 4,
  "ncy": 20,
  "sdtype": "float32",
  "ddtype": "float64",
  "cdtype": "float32",
  "rn": [
    7.819731892017938,
    3.917035374995816,
    2.299713511889696,
    1.1470560025971033,
    0.6822270913475289,
    0.42903861204728894,
    0.2373684919429801,
    0.23736834376987814,
    0.13890025511497042,
    0.08884124569048331,
    0.046422486263805726,
    0.027413881175305913,
    0.014763693201091287,
    0.00775616539931812,
    0.0030838808691487306,
    0.003083880512722828,
    0.0016304260984886824,
    0.0010853038525340199,
    0.0006253141644906604,
    0.00036543798847430504,
    0.0002087019507609642,
    0.0002087019187553957
  ],
  "i": [
    0,
    1,
    2,
    3,
    4,
    5,
    6,
    7,
    8,
    9,
    10,
    11,
    12,
    13,
    14,
    15,
    16,
    17,
    18,
    19,
    20,
    21
  ],
  "reset": [
    7,
    15,
    21
  ],
  "duration": [
    16.108459949493408,
    16.09522843360901,
    16.092079162597656,
    16.09972643852234,
    16.0632803440094,
    16.08961319923401,
    16.08054828643799,
    16.079785585403442,
    16.052424430847168,
    16.08228373527527,
    16.093761205673218,
    16.082998037338257,
    16.076961994171143,
    16.093769311904907,
    16.084158658981323,
    16.0791494846344,
    16.094915628433228,
    16.08488631248474,
    16.08535647392273,
    16.095947265625
  ],
  "status": 19
}