{
  "gpu": false,
  "device": "cpu",
  "infile": "../matrix/fgcr_check3_4096_dble_csr.dat",
  "matfile": null,
  "k": 0.0,
  "kc": 0.0,
  "reordering": false,
  "preconditioning": true,
  "vol": 4096,
  "dim": 49152,
  "lattice": "8x8x8x8",
  "blk_dim": 24576,
  "bs": "8x8x8x4",
  "res": 1e-06,
  "tol": 0.00031353468710831124,
  "nmx": 250,
  "nkv": 7,
  "nmr": 4,
  "ncy": 10,
  "sdtype": "float32",
  "ddtype": "float64",
  "cdtype": "float32",
  "rn": [
    7.945115354196545,
    2.4199710884925847,
    0.7570951212757848,
    0.23379794883460212,
    0.07402446476265855,
    0.024856222643462707,
    0.008087560118996267,
    0.008088573312573604,
    0.0028723338904617706,
    0.0010174123988593343,
    0.00033250471107783226,
    0.00010619064347826184,
    0.00010619070071155091
  ],
  "i": [
    0,
    1,
    2,
    3,
    4,
    5,
    6,
    7,
    8,
    9,
    10,
    11,
    12
  ],
  "reset": [
    7,
    12
  ],
  "duration": [
    3.7080812454223633,
    3.7126638889312744,
    3.7110636234283447,
    3.7112083435058594,
    3.712510585784912,
    3.7124123573303223,
    3.7096107006073,
    3.7119734287261963,
    3.712385892868042,
    3.7110681533813477,
    3.7108876705169678,
    3.7189109325408936,
    3.708188056945801,
    3.712583541870117,
    3.707859516143799,
    3.702997922897339,
    3.7059826850891113,
    3.7068674564361572,
    3.7040019035339355,
    3.7054505348205566
  ],
  "status": 11
}