{
  "gpu": false,
  "device": "hybrid",
  "infile": "../matrix/cgne_init_4096_dble_csr.dat",
  "matfile": "../matrix/conf6_0-8x8-20/conf6_0-8x8-20.mtx",
  "k": 0.15,
  "kc": 0.15717,
  "reordering": true,
  "preconditioning": true,
  "vol": 4096,
  "dim": 49152,
  "lattice": "8x8x8x8",
  "blk_dim": 12288,
  "bs": "8x8x4x4",
  "res": 1e-06,
  "tol": 0.0003135346870547978,
  "nmx": 417,
  "nkv": 7,
  "nmr": 2,
  "ncy": 12,
  "sdtype": "float32",
  "ddtype": "float64",
  "cdtype": "float32",
  "rn": [
    5.753264074481761,
    1.0762098036856727,
    0.22690508146631852,
    0.04564716999227128,
    0.0098028000287786,
    0.0020944609476234674,
    0.0004655343274432291,
    0.0004698208705459525,
    0.00010361998490081399,
    0.00010361998437601404
  ],
  "i": [
    0,
    1,
    2,
    3,
    4,
    5,
    6,
    7,
    8,
    9
  ],
  "reset": [
    7,
    9
  ],
  "duration": [
    0.6945521831512451,
    0.6932623386383057,
    0.6923618316650391,
    0.6932625770568848,
    0.6922547817230225,
    0.6943094730377197,
    0.694678783416748,
    0.6941757202148438,
    0.6928665637969971,
    0.6929113864898682,
    0.6933894157409668,
    0.6919815540313721,
    0.6921148300170898,
    0.693859338760376,
    0.6930885314941406,
    0.6937096118927002,
    0.6927671432495117,
    0.6926031112670898,
    0.6922934055328369,
    0.6925103664398193
  ],
  "status": 8
}