{
  "gpu": true,
  "device": "gpu",
  "infile": "../matrix/cgne_init_4096_dble_csr.dat",
  "matfile": "../matrix/conf6_0-8x8-30/conf6.0-00l8x8-3000.mtx",
  "k": 0.15649,
  "kc": 0.15649,
  "reordering": true,
  "preconditioning": true,
  "vol": 4096,
  "dim": 49152,
  "lattice": "8x8x8x8",
  "blk_dim": 12288,
  "bs": "8x8x4x4",
  "res": 1e-06,
  "tol": 0.00031353468703945405,
  "nmx": 250,
  "nkv": 7,
  "nmr": 4,
  "ncy": 10,
  "sdtype": "float32",
  "ddtype": "float64",
  "cdtype": "float64",
  "rn": [
    11.730607799115374,
    6.483556591307891,
    4.16064314742738,
    2.881799431396774,
    2.0904152409646466,
    1.5674095065497637,
    1.0777397535084177,
    1.0777397608688533,
    0.7858606462846581,
    0.5630853493728651,
    0.3957248618629147,
    0.2823759576573665,
    0.2067206969105364,
    0.1373854533693782,
    0.09999819244337163,
    0.09999819430989482,
    0.07142285959735448,
    0.04809808197968363,
    0.034989310142940204,
    0.02423350744129426,
    0.014779668566263893,
    0.010194414785452764,
    0.007171931595378082,
    0.007171931580441057,
    0.005428927302750969,
    0.004099987005018749,
    0.002998810620385094,
    0.0022544235196356325,
    0.0015847061590546282,
    0.0011157214685771214,
    0.0007788326492907923,
    0.0007788326891246019,
    0.0005936173556286185,
    0.0004295500082374514,
    0.00031334283185019407,
    0.0003133428300777679
  ],
  "i": [
    0,
    1,
    2,
    3,
    4,
    5,
    6,
    7,
    8,
    9,
    10,
    11,
    12,
    13,
    14,
    15,
    16,
    17,
    18,
    19,
    20,
    21,
    22,
    23,
    24,
    25,
    26,
    27,
    28,
    29,
    30,
    31,
    32,
    33,
    34,
    35
  ],
  "reset": [
    7,
    15,
    23,
    31,
    35
  ],
  "duration": [
    2.9647903442382812,
    2.8190884590148926,
    2.856736898422241,
    2.8214735984802246,
    2.852571964263916,
    2.8442394733428955,
    2.8103699684143066,
    2.776522636413574,
    2.8350439071655273,
    2.8386309146881104,
    2.7796173095703125,
    2.753650426864624,
    2.839601516723633,
    2.7384033203125,
    2.821876049041748,
    2.8296315670013428,
    2.820620536804199,
    2.7739365100860596,
    2.784522771835327,
    2.7479164600372314
  ],
  "status": 31
}