{
  "gpu": true,
  "device": "gpu",
  "infile": "../matrix/fgcr_check3_4096_dble_csr.dat",
  "matfile": null,
  "k": 0.0,
  "kc": 0.0,
  "reordering": false,
  "preconditioning": true,
  "vol": 4096,
  "dim": 49152,
  "lattice": "8x8x8x8",
  "blk_dim": 3072,
  "bs": "4x4x4x4",
  "res": 1e-06,
  "tol": 0.00031353468715082124,
  "nmx": 417,
  "nkv": 7,
  "nmr": 12,
  "ncy": 2,
  "sdtype": "float32",
  "ddtype": "float64",
  "cdtype": "float64",
  "rn": [
    59.0060685396849,
    22.2311295818218,
    10.212358811774918,
    4.4429289772028655,
    2.066335939841571,
    0.9174075617482388,
    0.42346835307317315,
    0.42346860394855745,
    0.2510839711457554,
    0.11410797206868685,
    0.05035761241430028,
    0.022337315736368865,
    0.010211649655487817,
    0.004253965130416464,
    0.0015934184216875621,
    0.0015934180582306617,
    0.0009597331346072299,
    0.00042303202926849225,
    0.00019747437424477043,
    0.00019747437565992098
  ],
  "i": [
    0,
    1,
    2,
    3,
    4,
    5,
    6,
    7,
    8,
    9,
    10,
    11,
    12,
    13,
    14,
    15,
    16,
    17,
    18,
    19
  ],
  "reset": [
    7,
    15,
    19
  ],
  "duration": [
    3.625643014907837,
    3.4051716327667236,
    3.4030022621154785,
    3.396907329559326,
    3.3976211547851562,
    3.387845277786255,
    3.3702735900878906,
    3.374990940093994,
    3.3703434467315674,
    3.3618829250335693,
    3.3622896671295166,
    3.3625552654266357,
    3.3668503761291504,
    3.3641908168792725,
    3.364457607269287,
    3.3605666160583496,
    3.3625524044036865,
    3.362072229385376,
    3.3560917377471924,
    3.358464002609253
  ],
  "status": 17
}