{
  "gpu": false,
  "device": "hybrid",
  "infile": "../matrix/cgne_init_4096_dble_csr.dat",
  "matfile": "../matrix/conf6_0-8x8-30/conf6.0-00l8x8-3000.mtx",
  "k": 0.15649,
  "kc": 0.15649,
  "reordering": true,
  "preconditioning": true,
  "vol": 4096,
  "dim": 49152,
  "lattice": "8x8x8x8",
  "blk_dim": 3072,
  "bs": "4x4x4x4",
  "res": 1e-06,
  "tol": 0.0003135346870762468,
  "nmx": 250,
  "nkv": 7,
  "nmr": 10,
  "ncy": 4,
  "sdtype": "float64",
  "ddtype": "float64",
  "cdtype": "float64",
  "rn": [
    22.903054147553313,
    9.954464491333594,
    5.0858478952127015,
    3.1206149201033146,
    2.032970691266631,
    1.2524029491726427,
    0.7344502791575593,
    0.7344502791575598,
    0.47348753583112596,
    0.31898406484814895,
    0.21157255291942179,
    0.12381177605993911,
    0.06533887743263712,
    0.03494830230888682,
    0.018808771069403263,
    0.01880877106940287,
    0.011966529076502475,
    0.008055031744047701,
    0.005317020731698562,
    0.0034922023686805755,
    0.0023487247041563395,
    0.0014835504481192081,
    0.0009305866739610635,
    0.0009305866739616952,
    0.0005951938113329452,
    0.00039083107478369384,
    0.00026566638856840956,
    0.000265666388568398
  ],
  "i": [
    0,
    1,
    2,
    3,
    4,
    5,
    6,
    7,
    8,
    9,
    10,
    11,
    12,
    13,
    14,
    15,
    16,
    17,
    18,
    19,
    20,
    21,
    22,
    23,
    24,
    25,
    26,
    27
  ],
  "reset": [
    7,
    15,
    23,
    27
  ],
  "duration": [
    8.316101551055908,
    8.291229009628296,
    8.298413753509521,
    8.302045106887817,
    8.301144361495972,
    8.336185932159424,
    8.302631139755249,
    8.294888019561768,
    8.335442543029785,
    8.314266204833984,
    8.292152881622314,
    8.298990964889526,
    8.298112392425537,
    8.28968071937561,
    8.257403135299683,
    8.232606410980225,
    8.3097825050354,
    8.2586829662323,
    8.242653608322144,
    8.290666341781616
  ],
  "status": 24
}