{
  "gpu": true,
  "device": "gpu",
  "infile": "../matrix/cgne_init_65536_dble_csr.dat",
  "matfile": null,
  "k": 0.0,
  "kc": 0.0,
  "reordering": false,
  "preconditioning": true,
  "vol": 65536,
  "dim": 786432,
  "lattice": "16x16x16x16",
  "blk_dim": 3072,
  "bs": "4x4x4x4",
  "res": 1e-06,
  "tol": 0.0012541387482808122,
  "nmx": 625,
  "nkv": 7,
  "nmr": 8,
  "ncy": 2,
  "sdtype": "float32",
  "ddtype": "float64",
  "cdtype": "float64",
  "rn": [
    713.496976887959,
    470.586837283151,
    299.4459900330998,
    186.9797088348801,
    115.88280988797771,
    72.31888735696442,
    46.112815715436696,
    46.112815652139744,
    29.98042144799549,
    19.925839623077422,
    13.285515804780736,
    8.95571605401586,
    6.110608064160532,
    4.17461109342719,
    2.862359819838309,
    2.8623598325089996,
    1.9710712761648348,
    1.3786020265857495,
    0.950985846918769,
    0.6630385440076697,
    0.46409427914256446,
    0.3200983290284177,
    0.2207058770716516,
    0.22070587724033042,
    0.1538294266535938,
    0.10870491445726407,
    0.07554148903791995,
    0.05306307711066184,
    0.03733888858491399,
    0.026018204277425492,
    0.018154210443945742,
    0.018154210431269115,
    0.012785596046320031,
    0.009078188457869039,
    0.006350985215741882,
    0.0044840125597572595,
    0.0031639625957316565,
    0.0022105244391760906,
    0.0015460402265254694,
    0.0015460402230809411,
    0.001088095189902037,
    0.00108809518998311
  ],
  "i": [
    0,
    1,
    2,
    3,
    4,
    5,
    6,
    7,
    8,
    9,
    10,
    11,
    12,
    13,
    14,
    15,
    16,
    17,
    18,
    19,
    20,
    21,
    22,
    23,
    24,
    25,
    26,
    27,
    28,
    29,
    30,
    31,
    32,
    33,
    34,
    35,
    36,
    37,
    38,
    39,
    40,
    41
  ],
  "reset": [
    7,
    15,
    23,
    31,
    39,
    41
  ],
  "duration": [
    73.89031624794006,
    73.80746030807495,
    73.66770815849304,
    73.67984199523926,
    73.64148664474487,
    73.58140587806702,
    73.662282705307,
    73.7674810886383,
    73.72143173217773,
    73.74757933616638,
    73.68794918060303,
    73.71925282478333,
    73.79361033439636,
    73.72170352935791,
    73.70161700248718,
    73.7688193321228,
    73.77642226219177,
    73.79119110107422,
    73.69179511070251,
    73.63383936882019
  ],
  "status": 36
}