{
  "gpu": true,
  "device": "gpu",
  "infile": "../matrix/cgne_init_4096_dble_csr.dat",
  "matfile": "../matrix/conf6_0-8x8-20/conf6_0-8x8-20.mtx",
  "k": 0.15,
  "kc": 0.15717,
  "reordering": true,
  "preconditioning": true,
  "vol": 4096,
  "dim": 49152,
  "lattice": "8x8x8x8",
  "blk_dim": 3072,
  "bs": "4x4x4x4",
  "res": 1e-06,
  "tol": 0.00031353468703945405,
  "nmx": 417,
  "nkv": 7,
  "nmr": 6,
  "ncy": 4,
  "sdtype": "float32",
  "ddtype": "float64",
  "cdtype": "float64",
  "rn": [
    11.883143704304326,
    2.4701047762283967,
    0.6302200626204489,
    0.17776544208587167,
    0.049462180633614045,
    0.014416157649608642,
    0.004118614654568846,
    0.004118894688318773,
    0.0012739281682450283,
    0.00039320271968231184,
    0.00011521464837827266,
    0.00011521465153037656
  ],
  "i": [
    0,
    1,
    2,
    3,
    4,
    5,
    6,
    7,
    8,
    9,
    10,
    11
  ],
  "reset": [
    7,
    11
  ],
  "duration": [
    2.095024585723877,
    1.9332928657531738,
    1.9095404148101807,
    1.9283616542816162,
    1.913285493850708,
    1.9144432544708252,
    1.9139254093170166,
    1.898332118988037,
    1.9188921451568604,
    1.91105318069458,
    1.9102904796600342,
    1.9128127098083496,
    1.9073832035064697,
    1.916104793548584,
    1.917144775390625,
    1.925044298171997,
    1.9107060432434082,
    1.9113504886627197,
    1.9102506637573242,
    1.9153454303741455
  ],
  "status": 10
}