{
  "gpu": false,
  "device": "hybrid",
  "infile": "../matrix/cgne_init_4096_dble_csr.dat",
  "matfile": "../matrix/conf6_0-8x8-20/conf6_0-8x8-20.mtx",
  "k": 0.15,
  "kc": 0.15717,
  "reordering": true,
  "preconditioning": true,
  "vol": 4096,
  "dim": 49152,
  "lattice": "8x8x8x8",
  "blk_dim": 24576,
  "bs": "8x8x8x4",
  "res": 1e-06,
  "tol": 0.0003135346870547978,
  "nmx": 2500,
  "nkv": 7,
  "nmr": 0.5,
  "ncy": 0.5,
  "sdtype": "float32",
  "ddtype": "float64",
  "cdtype": "float64",
  "rn": [
    61.75347889094582,
    25.763974705909742,
    9.264582132249892,
    4.704002261562091,
    2.5138654008940833,
    1.4426662718741077,
    0.8280538446877743,
    0.8280539193229919,
    0.5223186160250045,
    0.3196648052702221,
    0.19048927540177096,
    0.11108681674446401,
    0.06415896080937585,
    0.03607499309331328,
    0.02175947711540843,
    0.02175947695589666,
    0.013743672743856567,
    0.008673433082924021,
    0.005334139917968222,
    0.0031635697529268196,
    0.001973224964421764,
    0.0011831312071098668,
    0.0007149841739932371,
    0.0007149841099938063,
    0.0004566860403864178,
    0.0002817381945794823,
    0.00028173819334137505
  ],
  "i": [
    0,
    1,
    2,
    3,
    4,
    5,
    6,
    7,
    8,
    9,
    10,
    11,
    12,
    13,
    14,
    15,
    16,
    17,
    18,
    19,
    20,
    21,
    22,
    23,
    24,
    25,
    26
  ],
  "reset": [
    7,
    15,
    23,
    26
  ],
  "duration": [
    0.43784117698669434,
    0.43690943717956543,
    0.4390449523925781,
    0.43616366386413574,
    0.43246030807495117,
    0.431995153427124,
    0.4321005344390869,
    0.431826114654541,
    0.43195128440856934,
    0.43512868881225586,
    0.4398081302642822,
    0.43237924575805664,
    0.43512749671936035,
    0.43547964096069336,
    0.43918704986572266,
    0.43356752395629883,
    0.4331488609313965,
    0.435593843460083,
    0.43213891983032227,
    0.43176889419555664
  ],
  "status": 23
}