{
  "gpu": false,
  "infile": "../matrix/cgne_init_4096_dble_csr.dat",
  "matfile": null,
  "k": 0.0,
  "kc": 0.0,
  "reordering": false,
  "preconditioning": true,
  "vol": 4096,
  "dim": 49152,
  "lattice": "8x8x8x8",
  "blk_dim": 24576,
  "bs": "8x8x8x4",
  "res": 1e-06,
  "tol": 0.0003135346870762468,
  "nmx": 1250,
  "nkv": 7,
  "nmr": 4,
  "ncy": 2,
  "sdtype": "float64",
  "ddtype": "float64",
  "cdtype": "float64",
  "rn": [
    170.3815588887321,
    100.82607480382907,
    67.81003440947748,
    47.712822234888876,
    35.01088131484544,
    26.051380809212958,
    19.686371879438887,
    19.686371879438887,
    16.595467966498884,
    13.205337581787063,
    10.361977298854349,
    7.577807020082891,
    5.499763190279789,
    3.924231620431134,
    2.94048244659896,
    2.94048244659896,
    2.579511512827959,
    2.1246042889102243,
    1.6043102534915206,
    1.2182383702076183,
    0.9389993277784514,
    0.7439742982291738,
    0.5961955264603156,
    0.5961955264603147,
    0.5120971205416849,
    0.4204567725058209,
    0.3277672296692446,
    0.25308503385600584,
    0.19531267346916883,
    0.1604981745298726,
    0.1353854853440819,
    0.13538548534408212,
    0.1187108095153124,
    0.09937633669001782,
    0.07736375840409185,
    0.060321418503043574,
    0.047746189571853226,
    0.03927038242698585,
    0.03250536488633108,
    0.032505364886330594,
    0.02784566553173788,
    0.02281235696382059,
    0.018030324000295313,
    0.014075249481494722,
    0.010975530298293075,
    0.009072487726780206,
    0.007666371355633,
    0.007666371355633449,
    0.006639644941228509,
    0.005450417623127467,
    0.004227227747990954,
    0.003301200998200859,
    0.002603157169331531,
    0.0021361698350014506,
    0.0017744337279645473,
    0.0017744337279641447,
    0.001514023050403605,
    0.0012331423374838718,
    0.0009776056572724093,
    0.0007647005069390565,
    0.0006014884233482517,
    0.0005029312212020717,
    0.0004306639730139817,
    0.0004306639730141752,
    0.00037468505595088974,
    0.00030983863328787456,
    0.00030983863328778945
  ],
  "i": [
    0,
    1,
    2,
    3,
    4,
    5,
    6,
    7,
    8,
    9,
    10,
    11,
    12,
    13,
    14,
    15,
    16,
    17,
    18,
    19,
    20,
    21,
    22,
    23,
    24,
    25,
    26,
    27,
    28,
    29,
    30,
    31,
    32,
    33,
    34,
    35,
    36,
    37,
    38,
    39,
    40,
    41,
    42,
    43,
    44,
    45,
    46,
    47,
    48,
    49,
    50,
    51,
    52,
    53,
    54,
    55,
    56,
    57,
    58,
    59,
    60,
    61,
    62,
    63,
    64,
    65,
    66
  ],
  "reset": [
    7,
    15,
    23,
    31,
    39,
    47,
    55,
    63,
    66
  ],
  "duration": [
    3.2253730297088623,
    3.1991944313049316,
    3.1320042610168457,
    3.1746695041656494,
    3.3663957118988037,
    3.022197961807251,
    3.394615888595581,
    3.1131954193115234,
    3.267470121383667,
    3.2028403282165527,
    3.10715913772583,
    3.20394229888916,
    3.2061288356781006,
    3.0372989177703857,
    3.409208297729492,
    3.044182777404785,
    3.259394645690918,
    3.2029640674591064,
    3.3239240646362305,
    3.2322487831115723
  ],
  "status": 58
}