{
  "gpu": true,
  "device": "gpu",
  "infile": "../matrix/cgne_init_4096_dble_csr.dat",
  "matfile": null,
  "k": 0.0,
  "kc": 0.0,
  "reordering": false,
  "preconditioning": true,
  "vol": 4096,
  "dim": 49152,
  "lattice": "8x8x8x8",
  "blk_dim": 3072,
  "bs": "4x4x4x4",
  "res": 1e-06,
  "tol": 0.00031353468703945405,
  "nmx": 417,
  "nkv": 7,
  "nmr": 2,
  "ncy": 12,
  "sdtype": "float32",
  "ddtype": "float64",
  "cdtype": "float32",
  "rn": [
    53.123998546257354,
    13.169302982011335,
    3.9589504140696463,
    1.2422301005963812,
    0.3945117654390749,
    0.1272578968815738,
    0.04197793660982879,
    0.041978172297892725,
    0.015599663023638586,
    0.005154630391702504,
    0.0016635420587221886,
    0.0004882895736294103,
    0.00013979016996402442,
    0.00013979007174903826
  ],
  "i": [
    0,
    1,
    2,
    3,
    4,
    5,
    6,
    7,
    8,
    9,
    10,
    11,
    12,
    13
  ],
  "reset": [
    7,
    13
  ],
  "duration": [
    2.8815724849700928,
    2.714456081390381,
    2.7270054817199707,
    2.704981565475464,
    2.699643135070801,
    2.730475902557373,
    2.7014083862304688,
    2.708087205886841,
    2.7240829467773438,
    2.6662511825561523,
    2.693791389465332,
    2.718381881713867,
    2.6754980087280273,
    2.704261064529419,
    2.7236440181732178,
    2.6694936752319336,
    2.685368537902832,
    2.7202084064483643,
    2.663637161254883,
    2.666060209274292
  ],
  "status": 12
}