{
  "gpu": true,
  "device": "gpu",
  "infile": "../matrix/cgne_init_4096_dble_csr.dat",
  "matfile": "../matrix/conf6_0-8x8-30/conf6.0-00l8x8-3000.mtx",
  "k": 0.15649,
  "kc": 0.15649,
  "reordering": true,
  "preconditioning": true,
  "vol": 4096,
  "dim": 49152,
  "lattice": "8x8x8x8",
  "blk_dim": 24576,
  "bs": "8x8x8x4",
  "res": 1e-06,
  "tol": 0.00031353468703945405,
  "nmx": 125,
  "nkv": 7,
  "nmr": 20,
  "ncy": 4,
  "sdtype": "float32",
  "ddtype": "float64",
  "cdtype": "float64",
  "rn": [
    21.021054265081865,
    12.299384911112428,
    6.293728231750073,
    2.894385482006495,
    1.636823958257976,
    0.9137778310122023,
    0.445525736100959,
    0.44552591770286276,
    0.27479239625924373,
    0.18573020574960228,
    0.10442031159653593,
    0.03925318508256226,
    0.0246611123932933,
    0.015621580801294804,
    0.007399163727000069,
    0.007399162484297512,
    0.00478890735701961,
    0.003555480094568072,
    0.0018146420101648462,
    0.0007816776972613513,
    0.0005362942287932075,
    0.00031212750224326503,
    0.0003121274515070042
  ],
  "i": [
    0,
    1,
    2,
    3,
    4,
    5,
    6,
    7,
    8,
    9,
    10,
    11,
    12,
    13,
    14,
    15,
    16,
    17,
    18,
    19,
    20,
    21,
    22
  ],
  "reset": [
    7,
    15,
    22
  ],
  "duration": [
    1.7514894008636475,
    1.6064295768737793,
    1.5942227840423584,
    1.5945990085601807,
    1.5940744876861572,
    1.594712257385254,
    1.570624589920044,
    1.577671766281128,
    1.590524435043335,
    1.5834033489227295,
    1.5747332572937012,
    1.5904316902160645,
    1.589552879333496,
    1.5846974849700928,
    1.5899782180786133,
    1.578826904296875,
    1.6095004081726074,
    1.5841615200042725,
    1.5917654037475586,
    1.5940852165222168
  ],
  "status": 20
}