{
  "gpu": false,
  "device": "cpu",
  "infile": "../matrix/cgne_init_65536_dble_csr.dat",
  "matfile": null,
  "k": 0.0,
  "kc": 0.0,
  "reordering": false,
  "preconditioning": true,
  "vol": 65536,
  "dim": 786048,
  "lattice": "16x16x16x16",
  "blk_dim": 6141,
  "bs": "8x4x4x4",
  "res": 1e-06,
  "tol": 0.0012541387482794752,
  "nmx": 2500,
  "nkv": 7,
  "nmr": 4,
  "ncy": 1,
  "sdtype": "float32",
  "ddtype": "float64",
  "cdtype": "float32",
  "rn": [
    610.5909738237223,
    234.83199084133895,
    104.57145509365975,
    47.67452316466512,
    21.631246500918305,
    10.19941056232284,
    4.78271285399403,
    4.782712961896178,
    2.3851216729439244,
    1.1798431488472263,
    0.5679052691491383,
    0.2739526278008917,
    0.13030059658096335,
    0.05688819533220069,
    0.026398401871855444,
    0.026398402055909917,
    0.013055478924621626,
    0.006425400224206625,
    0.0030994146851859405,
    0.0015259309047253153,
    0.0007369237625533753,
    0.0007369237637264949
  ],
  "i": [
    0,
    1,
    2,
    3,
    4,
    5,
    6,
    7,
    8,
    9,
    10,
    11,
    12,
    13,
    14,
    15,
    16,
    17,
    18,
    19,
    20,
    21
  ],
  "reset": [
    7,
    15,
    21
  ],
  "duration": [
    5.5263872146606445,
    5.497298717498779,
    5.491919755935669,
    5.5080156326293945,
    5.497589588165283,
    5.499912261962891,
    5.487491607666016,
    5.500910997390747,
    5.4807353019714355,
    5.514913320541382,
    5.484233140945435,
    5.506234169006348,
    5.487346887588501,
    5.48851203918457,
    5.4774651527404785,
    5.4894750118255615,
    5.4804253578186035,
    5.476855278015137,
    5.48316216468811,
    5.477933645248413
  ],
  "status": 19
}