{
  "gpu": false,
  "device": "hybrid",
  "infile": "../matrix/fgcr_check3_4096_dble_csr.dat",
  "matfile": null,
  "k": 0.0,
  "kc": 0.0,
  "reordering": false,
  "preconditioning": true,
  "vol": 4096,
  "dim": 49152,
  "lattice": "8x8x8x8",
  "blk_dim": 6144,
  "bs": "8x4x4x4",
  "res": 1e-06,
  "tol": 0.00031353468710831124,
  "nmx": 2500,
  "nkv": 7,
  "nmr": 1,
  "ncy": 4,
  "sdtype": "float32",
  "ddtype": "float64",
  "cdtype": "float32",
  "rn": [
    63.970796796039686,
    32.52402802336709,
    18.980637459537494,
    10.227870850921365,
    5.909568901137075,
    3.2635915140962126,
    1.9175712484199086,
    1.9175713669312708,
    1.3358857524521652,
    0.8092221001896751,
    0.44069905548150684,
    0.27360836273136985,
    0.15228247191487207,
    0.08834613342252513,
    0.04186140433955133,
    0.0418614074980708,
    0.03080578020358195,
    0.018129315567577103,
    0.01000623644462888,
    0.006075557651213798,
    0.0033202594523856726,
    0.0020586563152922032,
    0.0011669898675245051,
    0.001166989877214739,
    0.0008332189671326763,
    0.0005008674614472485,
    0.00028042699703324136,
    0.0002804269966118403
  ],
  "i": [
    0,
    1,
    2,
    3,
    4,
    5,
    6,
    7,
    8,
    9,
    10,
    11,
    12,
    13,
    14,
    15,
    16,
    17,
    18,
    19,
    20,
    21,
    22,
    23,
    24,
    25,
    26,
    27
  ],
  "reset": [
    7,
    15,
    23,
    27
  ],
  "duration": [
    3.130694627761841,
    3.1296730041503906,
    3.1278367042541504,
    3.128584623336792,
    3.1261258125305176,
    3.1243183612823486,
    3.1244845390319824,
    3.1246910095214844,
    3.1243152618408203,
    3.1160809993743896,
    3.1164445877075195,
    3.1160521507263184,
    3.1154632568359375,
    3.1170430183410645,
    3.115570306777954,
    3.116323232650757,
    3.1157939434051514,
    3.1161043643951416,
    3.1175124645233154,
    3.1175732612609863
  ],
  "status": 24
}