{
  "gpu": true,
  "device": "gpu",
  "infile": "../matrix/cgne_init_4096_dble_csr.dat",
  "matfile": "../matrix/conf6_0-8x8-30/conf6.0-00l8x8-3000.mtx",
  "k": 0.05,
  "kc": 0.15649,
  "reordering": true,
  "preconditioning": true,
  "vol": 4096,
  "dim": 49152,
  "lattice": "8x8x8x8",
  "blk_dim": 12288,
  "bs": "8x8x4x4",
  "res": 1e-06,
  "tol": 0.00031353468703945405,
  "nmx": 417,
  "nkv": 7,
  "nmr": 2,
  "ncy": 12,
  "sdtype": "float32",
  "ddtype": "float64",
  "cdtype": "float32",
  "rn": [
    3.3518661740016685e-05,
    5.0503434551683293e-05
  ],
  "i": [
    0,
    1
  ],
  "reset": [
    1
  ],
  "duration": [
    0.06322741508483887,
    0.06200861930847168,
    0.06055927276611328,
    0.06056547164916992,
    0.0610661506652832,
    0.060729026794433594,
    0.06165671348571777,
    0.06271862983703613,
    0.06238150596618652,
    0.060776710510253906,
    0.060129404067993164,
    0.060407400131225586,
    0.0605473518371582,
    0.0618748664855957,
    0.0630044937133789,
    0.06293606758117676,
    0.060760498046875,
    0.06110835075378418,
    0.0631105899810791,
    0.06050586700439453
  ],
  "status": 1
}