{
  "gpu": false,
  "device": "cpu",
  "infile": "../matrix/fgcr_check3_4096_dble_csr.dat",
  "matfile": null,
  "k": 0.0,
  "kc": 0.0,
  "reordering": false,
  "preconditioning": true,
  "vol": 4096,
  "dim": 49152,
  "lattice": "8x8x8x8",
  "blk_dim": 3072,
  "bs": "4x4x4x4",
  "res": 1e-06,
  "tol": 0.0003135346870762468,
  "nmx": 1250,
  "nkv": 7,
  "nmr": 4,
  "ncy": 2,
  "sdtype": "float64",
  "ddtype": "float64",
  "cdtype": "float64",
  "rn": [
    61.500985646445145,
    21.23128403064082,
    9.562621626578062,
    3.949622508226992,
    1.7744973025477426,
    0.7625729019811766,
    0.33755501310095437,
    0.3375550131009541,
    0.18994884839458576,
    0.08149238438876938,
    0.034266812533421065,
    0.014622742785100689,
    0.006426757006169837,
    0.0025756019726007402,
    0.0009613321167422627,
    0.0009613321167430678,
    0.0005481734782165295,
    0.00023583099789474383,
    0.0002358309978952002
  ],
  "i": [
    0,
    1,
    2,
    3,
    4,
    5,
    6,
    7,
    8,
    9,
    10,
    11,
    12,
    13,
    14,
    15,
    16,
    17,
    18
  ],
  "reset": [
    7,
    15,
    18
  ],
  "duration": [
    2.0539464950561523,
    1.9097354412078857,
    1.8045132160186768,
    1.9292807579040527,
    1.840311050415039,
    1.8865187168121338,
    1.853454351425171,
    1.8864481449127197,
    1.7196788787841797,
    1.9432098865509033,
    1.9757449626922607,
    1.8162274360656738,
    1.9620170593261719,
    1.9374470710754395,
    1.5985097885131836,
    1.8249108791351318,
    1.8567545413970947,
    2.0395076274871826,
    1.851238489151001,
    1.857874870300293
  ],
  "status": 16
}