{
  "gpu": false,
  "device": "hybrid",
  "infile": "../matrix/cgne_init_4096_dble_csr.dat",
  "matfile": null,
  "k": 0.0,
  "kc": 0.0,
  "reordering": false,
  "preconditioning": true,
  "vol": 4096,
  "dim": 49152,
  "lattice": "8x8x8x8",
  "blk_dim": 3072,
  "bs": "4x4x4x4",
  "res": 1e-06,
  "tol": 0.0003135346870547978,
  "nmx": 417,
  "nkv": 7,
  "nmr": 4,
  "ncy": 6,
  "sdtype": "float32",
  "ddtype": "float64",
  "cdtype": "float32",
  "rn": [
    81.84756673127265,
    32.611122183346154,
    15.334563935678181,
    6.76157355036514,
    3.0980358015902856,
    1.46466011172774,
    0.715284382793069,
    0.7152842841883038,
    0.4151746064315567,
    0.19950100625423117,
    0.08811865048950805,
    0.03757014310799491,
    0.017030142747287456,
    0.007381039813522319,
    0.003273245178619919,
    0.003273245148451085,
    0.0016645887764628782,
    0.0006967184471061889,
    0.00029383492587910215,
    0.0002938349256381805
  ],
  "i": [
    0,
    1,
    2,
    3,
    4,
    5,
    6,
    7,
    8,
    9,
    10,
    11,
    12,
    13,
    14,
    15,
    16,
    17,
    18,
    19
  ],
  "reset": [
    7,
    15,
    19
  ],
  "duration": [
    4.68369460105896,
    4.678132057189941,
    4.676202297210693,
    4.670002698898315,
    4.6636998653411865,
    4.677309513092041,
    4.674360036849976,
    4.676530599594116,
    4.678056240081787,
    4.67621374130249,
    4.675026893615723,
    4.67430567741394,
    4.666069507598877,
    4.682356595993042,
    4.679600954055786,
    4.681950807571411,
    4.677481412887573,
    4.677013158798218,
    4.672537565231323,
    4.6673009395599365
  ],
  "status": 17
}