{
  "gpu": false,
  "device": "cpu",
  "infile": "../matrix/fgcr_check3_4096_dble_csr.dat",
  "matfile": null,
  "k": 0.0,
  "kc": 0.0,
  "reordering": false,
  "preconditioning": true,
  "vol": 4096,
  "dim": 49152,
  "lattice": "8x8x8x8",
  "blk_dim": 24576,
  "bs": "8x8x8x4",
  "res": 1e-06,
  "tol": 0.00031353468710831124,
  "nmx": 2500,
  "nkv": 7,
  "nmr": 4,
  "ncy": 1,
  "sdtype": "float32",
  "ddtype": "float64",
  "cdtype": "float32",
  "rn": [
    131.17210779224047,
    58.6382005568728,
    31.77471388222462,
    19.43916871153217,
    11.587921833107721,
    7.192973819855865,
    4.340278637962407,
    4.340278773850853,
    3.1400320188763224,
    2.1507047934228325,
    1.2965787291709623,
    0.7770548446306622,
    0.4735834094995506,
    0.25133519405464333,
    0.15698801899611853,
    0.1569880203692252,
    0.11868720814007257,
    0.07969511010969635,
    0.045960856831803024,
    0.026452096515936063,
    0.016324805940095943,
    0.009970543299191597,
    0.00681217092012201,
    0.006812170932567915,
    0.005164693917140155,
    0.0035459022175848504,
    0.002100763675273891,
    0.0012400722121205408,
    0.0007635478051687834,
    0.0004778617700890916,
    0.0003398750111994266,
    0.0003398750105044774,
    0.00025792279986652127,
    0.00025792279957497085
  ],
  "i": [
    0,
    1,
    2,
    3,
    4,
    5,
    6,
    7,
    8,
    9,
    10,
    11,
    12,
    13,
    14,
    15,
    16,
    17,
    18,
    19,
    20,
    21,
    22,
    23,
    24,
    25,
    26,
    27,
    28,
    29,
    30,
    31,
    32,
    33
  ],
  "reset": [
    7,
    15,
    23,
    31,
    33
  ],
  "duration": [
    1.154930591583252,
    1.1560628414154053,
    1.1550943851470947,
    1.1546692848205566,
    1.1549010276794434,
    1.1555449962615967,
    1.1548984050750732,
    1.1553294658660889,
    1.1549770832061768,
    1.155597448348999,
    1.155052661895752,
    1.1546602249145508,
    1.155031442642212,
    1.155210018157959,
    1.1549253463745117,
    1.1556541919708252,
    1.1554152965545654,
    1.1550002098083496,
    1.154724359512329,
    1.155085802078247
  ],
  "status": 29
}