{
  "gpu": true,
  "device": "gpu",
  "infile": "../matrix/cgne_init_4096_dble_csr.dat",
  "matfile": "../matrix/conf6_0-8x8-20/conf6_0-8x8-20.mtx",
  "k": 0.15,
  "kc": 0.15717,
  "reordering": true,
  "preconditioning": true,
  "vol": 4096,
  "dim": 49152,
  "lattice": "8x8x8x8",
  "blk_dim": 3072,
  "bs": "4x4x4x4",
  "res": 1e-06,
  "tol": 0.0003135346870762468,
  "nmx": 1250,
  "nkv": 7,
  "nmr": 2,
  "ncy": 4,
  "sdtype": "float64",
  "ddtype": "float64",
  "cdtype": "float64",
  "rn": [
    24.608497376700036,
    7.790977244020658,
    3.531198830302809,
    1.755245119548901,
    0.9003144915393952,
    0.46698361300985836,
    0.24165150349793488,
    0.2416515034979348,
    0.13890256137000248,
    0.07792358885711592,
    0.04274312649251596,
    0.022695449797684914,
    0.011414481527313185,
    0.005559816847693594,
    0.0029440783595840393,
    0.002944078359583927,
    0.0017123706611168342,
    0.000927589221301245,
    0.0005147916558184353,
    0.0002771495923020577,
    0.0002771495923019124
  ],
  "i": [
    0,
    1,
    2,
    3,
    4,
    5,
    6,
    7,
    8,
    9,
    10,
    11,
    12,
    13,
    14,
    15,
    16,
    17,
    18,
    19,
    20
  ],
  "reset": [
    7,
    15,
    20
  ],
  "duration": [
    1.5509779453277588,
    1.366713285446167,
    1.356797695159912,
    1.3648748397827148,
    1.3816993236541748,
    1.3509635925292969,
    1.3704016208648682,
    1.3626079559326172,
    1.3760526180267334,
    1.3658745288848877,
    1.3537676334381104,
    1.3595654964447021,
    1.3692927360534668,
    1.3653202056884766,
    1.3530981540679932,
    1.3601489067077637,
    1.3633794784545898,
    1.3528220653533936,
    1.3642969131469727,
    1.3725557327270508
  ],
  "status": 18
}