{
  "gpu": true,
  "device": "gpu",
  "infile": "../matrix/cgne_init_4096_dble_csr.dat",
  "matfile": null,
  "k": 0.0,
  "kc": 0.0,
  "reordering": false,
  "preconditioning": true,
  "vol": 4096,
  "dim": 49152,
  "lattice": "8x8x8x8",
  "blk_dim": 12288,
  "bs": "8x8x4x4",
  "res": 1e-06,
  "tol": 0.0003135346870762468,
  "nmx": 417,
  "nkv": 7,
  "nmr": 2,
  "ncy": 12,
  "sdtype": "float64",
  "ddtype": "float64",
  "cdtype": "float64",
  "rn": [
    53.48903256539495,
    13.400877627972358,
    4.141584900073962,
    1.3611706602254428,
    0.44832447995365093,
    0.1511904226672019,
    0.05195058762703308,
    0.051950587627033,
    0.020334906663970753,
    0.007161932763669462,
    0.0024755235564183787,
    0.0008271908733928924,
    0.0002725230811574449,
    0.00027252308115778264
  ],
  "i": [
    0,
    1,
    2,
    3,
    4,
    5,
    6,
    7,
    8,
    9,
    10,
    11,
    12,
    13
  ],
  "reset": [
    7,
    13
  ],
  "duration": [
    0.9192736148834229,
    0.7425785064697266,
    0.7544467449188232,
    0.7587592601776123,
    0.7554337978363037,
    0.7608532905578613,
    0.7520146369934082,
    0.7567873001098633,
    0.7566416263580322,
    0.7568790912628174,
    0.7581114768981934,
    0.7577884197235107,
    0.7497084140777588,
    0.7628469467163086,
    0.7611587047576904,
    0.7526087760925293,
    0.7565822601318359,
    0.7462491989135742,
    0.7615575790405273,
    0.7625551223754883
  ],
  "status": 12
}