{
  "gpu": false,
  "infile": "../matrix/cgne_init_4096_dble_csr.dat",
  "matfile": "../matrix/conf6_0-8x8-20/conf6_0-8x8-20.mtx",
  "k": 0.15717,
  "kc": 0.15717,
  "reordering": true,
  "preconditioning": true,
  "vol": 4096,
  "dim": 49152,
  "lattice": "8x8x8x8",
  "blk_dim": 3072,
  "bs": "4x4x4x4",
  "res": 1e-06,
  "tol": 0.0003135346870547978,
  "nmx": 500,
  "nkv": 7,
  "nmr": 4,
  "ncy": 5,
  "sdtype": "float32",
  "ddtype": "float64",
  "cdtype": "float64",
  "rn": [
    25.374641775861516,
    12.176140020069107,
    6.707645849665825,
    4.009358471343961,
    2.450131944466901,
    1.542377360941222,
    0.9746793390214364,
    0.974679270384084,
    0.6636496992341785,
    0.432796025843391,
    0.26941507234864137,
    0.16917358595311505,
    0.10608410053669506,
    0.06243168182563011,
    0.0336491124501942,
    0.03364911159666576,
    0.019610855423224764,
    0.012106287357018585,
    0.007337715396239199,
    0.004402958088638189,
    0.002724010414896684,
    0.0018007006591132387,
    0.0011692853858121283,
    0.0011692854293652276,
    0.0008180083860087662,
    0.0005360913487441682,
    0.00033590511862109423,
    0.00020342652340078798,
    0.0002034265181682945
  ],
  "i": [
    0,
    1,
    2,
    3,
    4,
    5,
    6,
    7,
    8,
    9,
    10,
    11,
    12,
    13,
    14,
    15,
    16,
    17,
    18,
    19,
    20,
    21,
    22,
    23,
    24,
    25,
    26,
    27,
    28
  ],
  "reset": [
    7,
    15,
    23,
    28
  ],
  "duration": 4.543265104293823,
  "status": 25
}