{
  "gpu": true,
  "device": "gpu",
  "infile": "../matrix/cgne_init_4096_dble_csr.dat",
  "matfile": "../matrix/conf6_0-8x8-30/conf6.0-00l8x8-3000.mtx",
  "k": 0.15649,
  "kc": 0.15649,
  "reordering": true,
  "preconditioning": true,
  "vol": 4096,
  "dim": 49152,
  "lattice": "8x8x8x8",
  "blk_dim": 24576,
  "bs": "8x8x8x4",
  "res": 1e-06,
  "tol": 0.00031353468703945405,
  "nmx": 417,
  "nkv": 7,
  "nmr": 4,
  "ncy": 6,
  "sdtype": "float32",
  "ddtype": "float64",
  "cdtype": "float64",
  "rn": [
    16.48807664250643,
    8.124183753624719,
    4.5310045982961,
    2.745414624255546,
    1.7571457415434426,
    1.1082529746462209,
    0.7374159605624162,
    0.7374157759095136,
    0.5024856116278767,
    0.34941064910794406,
    0.22995702189660094,
    0.1451901524258674,
    0.09106780692265072,
    0.053971547715965476,
    0.03458181759384681,
    0.034581816770015435,
    0.02434472547242546,
    0.01756526772241773,
    0.011883756747699313,
    0.007652619761236939,
    0.005321788271587008,
    0.0036120467217224984,
    0.002225209333110007,
    0.0022252092552138888,
    0.001270949670685241,
    0.000848717613388722,
    0.0006206605871182366,
    0.0004524977794779523,
    0.00029047857421388406,
    0.00029047857390068836
  ],
  "i": [
    0,
    1,
    2,
    3,
    4,
    5,
    6,
    7,
    8,
    9,
    10,
    11,
    12,
    13,
    14,
    15,
    16,
    17,
    18,
    19,
    20,
    21,
    22,
    23,
    24,
    25,
    26,
    27,
    28,
    29
  ],
  "reset": [
    7,
    15,
    23,
    29
  ],
  "duration": [
    0.9471204280853271,
    0.7722518444061279,
    0.769068717956543,
    0.776592493057251,
    0.7698078155517578,
    0.7682075500488281,
    0.7769412994384766,
    0.7661545276641846,
    0.764563798904419,
    0.7656049728393555,
    0.7620446681976318,
    0.7685275077819824,
    0.7776269912719727,
    0.7763168811798096,
    0.7739853858947754,
    0.7628662586212158,
    0.766998291015625,
    0.7724223136901855,
    0.7660820484161377,
    0.7641746997833252
  ],
  "status": 26
}