{
  "gpu": false,
  "device": "hybrid",
  "infile": "../matrix/cgne_init_4096_dble_csr.dat",
  "matfile": "../matrix/conf6_0-8x8-20/conf6_0-8x8-20.mtx",
  "k": 0.15,
  "kc": 0.15717,
  "reordering": true,
  "preconditioning": true,
  "vol": 4096,
  "dim": 49152,
  "lattice": "8x8x8x8",
  "blk_dim": 3072,
  "bs": "4x4x4x4",
  "res": 1e-06,
  "tol": 0.0003135346870547978,
  "nmx": 125,
  "nkv": 7,
  "nmr": 4,
  "ncy": 20,
  "sdtype": "float32",
  "ddtype": "float64",
  "cdtype": "float64",
  "rn": [
    0.2514643584407328,
    0.003106965161545509,
    4.622866026396529e-05,
    8.188754826400899e-05
  ],
  "i": [
    0,
    1,
    2,
    3
  ],
  "reset": [
    3
  ],
  "duration": [
    2.1902995109558105,
    2.1928019523620605,
    2.1854584217071533,
    2.1769847869873047,
    2.1763365268707275,
    2.1766915321350098,
    2.181689500808716,
    2.17410945892334,
    2.177546977996826,
    2.1788949966430664,
    2.1808624267578125,
    2.183259963989258,
    2.177985906600952,
    2.177088975906372,
    2.177044153213501,
    2.178152561187744,
    2.177699089050293,
    2.1762046813964844,
    2.1781866550445557,
    2.1779661178588867
  ],
  "status": 3
}