{
  "gpu": true,
  "device": "gpu",
  "infile": "../matrix/cgne_init_65536_dble_csr.dat",
  "matfile": null,
  "k": 0.0,
  "kc": 0.0,
  "reordering": false,
  "preconditioning": true,
  "vol": 65536,
  "dim": 786048,
  "lattice": "16x16x16x16",
  "blk_dim": 6141,
  "bs": "8x4x4x4",
  "res": 1e-06,
  "tol": 0.0012541387483049871,
  "nmx": 625,
  "nkv": 7,
  "nmr": 8,
  "ncy": 2,
  "sdtype": "float64",
  "ddtype": "float64",
  "cdtype": "float64",
  "rn": [
    714.0828202457604,
    471.4086225603884,
    300.314649869244,
    187.70034061125787,
    116.44754430575244,
    72.78666838398026,
    46.53206555653126,
    46.53206555653125,
    30.399994628671372,
    20.336686679365855,
    13.667868535068731,
    9.320171957609642,
    6.4294000948713865,
    4.45026175472281,
    3.1002138024626107,
    3.100213802462611,
    2.1660398852227796,
    1.5388449191427638,
    1.0770328730452872,
    0.7649741795959426,
    0.5426961823244573,
    0.3795256508268899,
    0.26555325752060327,
    0.265553257520603,
    0.18798581985459656,
    0.1346912417848162,
    0.09503105502311829,
    0.06794011111519731,
    0.04860360626453738,
    0.034277828005999655,
    0.02432045792007922,
    0.024320457920079624,
    0.01733246604379894,
    0.012476960623251866,
    0.008861655474161937,
    0.006365464817642722,
    0.0045597278407962785,
    0.003231955218945884,
    0.00230159923821095,
    0.0023015992382107906,
    0.0016407546850057716,
    0.0011877629051756774,
    0.0011877629051756469
  ],
  "i": [
    0,
    1,
    2,
    3,
    4,
    5,
    6,
    7,
    8,
    9,
    10,
    11,
    12,
    13,
    14,
    15,
    16,
    17,
    18,
    19,
    20,
    21,
    22,
    23,
    24,
    25,
    26,
    27,
    28,
    29,
    30,
    31,
    32,
    33,
    34,
    35,
    36,
    37,
    38,
    39,
    40,
    41,
    42
  ],
  "reset": [
    7,
    15,
    23,
    31,
    39,
    42
  ],
  "duration": [
    37.48095440864563,
    37.24865365028381,
    37.26718211174011,
    37.267595052719116,
    37.278867959976196,
    37.271713972091675,
    37.220623254776,
    37.244903564453125,
    37.240800857543945,
    37.23212170600891,
    37.24494218826294,
    37.24635076522827,
    37.2172372341156,
    37.22070813179016,
    37.25194191932678,
    37.235766649246216,
    37.26778173446655,
    37.2472403049469,
    37.19951820373535,
    37.25836181640625
  ],
  "status": 37
}