{
  "gpu": true,
  "infile": "../matrix/cgne_init_4096_dble_csr.dat",
  "matfile": "../matrix/conf6_0-8x8-20/conf6_0-8x8-20.mtx",
  "k": 0.15717,
  "kc": 0.15717,
  "reordering": true,
  "preconditioning": true,
  "vol": 4096,
  "dim": 49152,
  "lattice": "8x8x8x8",
  "blk_dim": 12288,
  "bs": "8x8x4x4",
  "res": 1e-06,
  "tol": 0.0003135346870762468,
  "nmx": 500,
  "nkv": 7,
  "nmr": 4,
  "ncy": 5,
  "sdtype": "float64",
  "ddtype": "float64",
  "cdtype": "float64",
  "rn": [
    21.739582742273214,
    10.6815374228653,
    5.892273639777028,
    3.464631647392916,
    2.1344008994346804,
    1.3540933041905625,
    0.8742337212458902,
    0.8742337212458904,
    0.5877532882901003,
    0.38028192996032223,
    0.23950058124950188,
    0.15411409089313385,
    0.09423984166314157,
    0.05615135600277086,
    0.030663008655423315,
    0.030663008655423464,
    0.018517839446808897,
    0.011192085466907808,
    0.006763792616939929,
    0.004157632736005598,
    0.0025963608925797183,
    0.0016885302724259513,
    0.0011310718618114286,
    0.0011310718618113757,
    0.0007976916380104257,
    0.0005322283548213946,
    0.0003311086293440994,
    0.00019479186765332716,
    0.0001947918676533444
  ],
  "i": [
    0,
    1,
    2,
    3,
    4,
    5,
    6,
    7,
    8,
    9,
    10,
    11,
    12,
    13,
    14,
    15,
    16,
    17,
    18,
    19,
    20,
    21,
    22,
    23,
    24,
    25,
    26,
    27,
    28
  ],
  "reset": [
    7,
    15,
    23,
    28
  ],
  "duration": 2.026094913482666,
  "status": 25
}