{
  "gpu": false,
  "device": "hybrid",
  "infile": "../matrix/cgne_init_4096_dble_csr.dat",
  "matfile": null,
  "k": 0.0,
  "kc": 0.0,
  "reordering": false,
  "preconditioning": true,
  "vol": 4096,
  "dim": 49152,
  "lattice": "8x8x8x8",
  "blk_dim": 12288,
  "bs": "8x8x4x4",
  "res": 1e-06,
  "tol": 0.0003135346870547978,
  "nmx": 250,
  "nkv": 7,
  "nmr": 10,
  "ncy": 4,
  "sdtype": "float32",
  "ddtype": "float64",
  "cdtype": "float32",
  "rn": [
    55.757662046754376,
    36.92275671733397,
    24.590449096686108,
    15.295359693160925,
    10.234244215941395,
    6.595519007392837,
    4.348091815067685,
    4.348092102614965,
    2.9922116372599263,
    1.8876164598026088,
    1.252227847126148,
    0.7922701789100108,
    0.525559913944921,
    0.33566421441976213,
    0.21968411307358662,
    0.21968410778183392,
    0.1495311526516905,
    0.08992750741721255,
    0.05621143943381066,
    0.03545764742768627,
    0.02324411080625532,
    0.01481174197661204,
    0.009852857600330755,
    0.009852857264625434,
    0.006808986144011025,
    0.004385061523398765,
    0.0028740071108161306,
    0.0018424463205338841,
    0.0012319076399925227,
    0.0007968514946094391,
    0.0005321233268961511,
    0.0005321233419735856,
    0.0003642196403754817,
    0.00022983032691872553,
    0.0002298303268849508
  ],
  "i": [
    0,
    1,
    2,
    3,
    4,
    5,
    6,
    7,
    8,
    9,
    10,
    11,
    12,
    13,
    14,
    15,
    16,
    17,
    18,
    19,
    20,
    21,
    22,
    23,
    24,
    25,
    26,
    27,
    28,
    29,
    30,
    31,
    32,
    33,
    34
  ],
  "reset": [
    7,
    15,
    23,
    31,
    34
  ],
  "duration": [
    4.157002925872803,
    4.160749673843384,
    4.16036319732666,
    4.158425569534302,
    4.159926652908325,
    4.153810262680054,
    4.153802156448364,
    4.151520729064941,
    4.152761936187744,
    4.153376340866089,
    4.151345252990723,
    4.15272855758667,
    4.153116226196289,
    4.15391731262207,
    4.154747486114502,
    4.153954029083252,
    4.150103807449341,
    4.151365280151367,
    4.151453495025635,
    4.155005931854248
  ],
  "status": 30
}