{
  "gpu": false,
  "device": "hybrid",
  "infile": "../matrix/cgne_init_65536_dble_csr.dat",
  "matfile": null,
  "k": 0.0,
  "kc": 0.0,
  "reordering": false,
  "preconditioning": true,
  "vol": 65536,
  "dim": 786432,
  "lattice": "16x16x16x16",
  "blk_dim": 196608,
  "bs": "16x16x8x8",
  "res": 1e-06,
  "tol": 0.0012541387482794752,
  "nmx": 625,
  "nkv": 7,
  "nmr": 8,
  "ncy": 2,
  "sdtype": "float32",
  "ddtype": "float64",
  "cdtype": "float32",
  "rn": [
    714.6605983538237,
    472.18418486564707,
    301.1316908775347,
    188.35881663034016,
    116.96320863607794,
    73.22218216561019,
    47.01338044860684,
    47.01338063307482,
    31.06027519826183,
    21.222029951853813,
    14.77245824286118,
    10.615148953390422,
    7.783694089878713,
    5.776622377024289,
    4.332187242350296,
    4.332187259688765,
    3.2475923375793725,
    2.488016318276314,
    1.8748611882810242,
    1.446591235802715,
    1.0740804434861095,
    0.7872869627372532,
    0.5878310204300048,
    0.5878310185395097,
    0.4319553892264424,
    0.3279268639711349,
    0.2461346577057635,
    0.1892365043774927,
    0.14313157025724207,
    0.10641577298563773,
    0.08035452249687028,
    0.08035452315968401,
    0.059835156529894754,
    0.04580511395718383,
    0.034480917798960585,
    0.02660347492882865,
    0.02009127686936443,
    0.01492797964678785,
    0.011277257292295572,
    0.011277257375110343,
    0.008372721935518584,
    0.0064030184590228535,
    0.004820247001001352,
    0.003719427896351698,
    0.0028153693615712385,
    0.002098937460471393,
    0.0015893552154251957,
    0.0015893552306249946,
    0.001186230965417776,
    0.0011862309640809517
  ],
  "i": [
    0,
    1,
    2,
    3,
    4,
    5,
    6,
    7,
    8,
    9,
    10,
    11,
    12,
    13,
    14,
    15,
    16,
    17,
    18,
    19,
    20,
    21,
    22,
    23,
    24,
    25,
    26,
    27,
    28,
    29,
    30,
    31,
    32,
    33,
    34,
    35,
    36,
    37,
    38,
    39,
    40,
    41,
    42,
    43,
    44,
    45,
    46,
    47,
    48,
    49
  ],
  "reset": [
    7,
    15,
    23,
    31,
    39,
    47,
    49
  ],
  "duration": [
    15.21045994758606,
    15.18926191329956,
    15.204530000686646,
    15.223083972930908,
    15.230322360992432,
    15.185309648513794,
    15.232083559036255,
    15.223335981369019,
    15.18440318107605,
    15.217747926712036,
    15.197847127914429,
    15.220651149749756,
    15.2776198387146,
    15.219960689544678,
    15.222719430923462,
    15.222761154174805,
    15.215917825698853,
    15.221123218536377,
    15.261069774627686,
    15.235188961029053
  ],
  "status": 43
}