{
  "gpu": false,
  "device": "hybrid",
  "infile": "../matrix/cgne_init_4096_dble_csr.dat",
  "matfile": "../matrix/conf6_0-8x8-30/conf6.0-00l8x8-3000.mtx",
  "k": 0.15649,
  "kc": 0.15649,
  "reordering": true,
  "preconditioning": true,
  "vol": 4096,
  "dim": 49152,
  "lattice": "8x8x8x8",
  "blk_dim": 12288,
  "bs": "8x8x4x4",
  "res": 1e-06,
  "tol": 0.0003135346870547978,
  "nmx": 250,
  "nkv": 7,
  "nmr": 10,
  "ncy": 4,
  "sdtype": "float32",
  "ddtype": "float64",
  "cdtype": "float64",
  "rn": [
    20.107830190013562,
    10.067689437997933,
    6.260595707373951,
    3.990291607141426,
    2.8089136388656453,
    1.8177242703792444,
    1.1740625234041906,
    1.1740627604908969,
    0.7656001796619472,
    0.5098399491030031,
    0.32848739802655186,
    0.21332326738146073,
    0.1312820479619243,
    0.0884474529559996,
    0.058738364613767476,
    0.05873836189757501,
    0.04170064321607138,
    0.02933096467201023,
    0.020189628817541914,
    0.013811114273494391,
    0.009120143499273875,
    0.00564393890500295,
    0.0033974222495727737,
    0.0033974222010163062,
    0.002311247992031617,
    0.0015115635917678904,
    0.0010291932240246542,
    0.0006659736348956073,
    0.0004354657268341651,
    0.00027082386265717996,
    0.0002708238536488824
  ],
  "i": [
    0,
    1,
    2,
    3,
    4,
    5,
    6,
    7,
    8,
    9,
    10,
    11,
    12,
    13,
    14,
    15,
    16,
    17,
    18,
    19,
    20,
    21,
    22,
    23,
    24,
    25,
    26,
    27,
    28,
    29,
    30
  ],
  "reset": [
    7,
    15,
    23,
    30
  ],
  "duration": [
    2.824192523956299,
    2.822429656982422,
    2.820050001144409,
    2.822293758392334,
    2.8157858848571777,
    2.818938732147217,
    2.8166372776031494,
    2.8155734539031982,
    2.8107521533966064,
    2.809119462966919,
    2.8093655109405518,
    2.8109240531921387,
    2.810603618621826,
    2.7975428104400635,
    2.8006224632263184,
    2.798985719680786,
    2.7974159717559814,
    2.795393705368042,
    2.8015129566192627,
    2.804912567138672
  ],
  "status": 27
}