{
  "gpu": true,
  "device": "gpu",
  "infile": "../matrix/cgne_init_4096_dble_csr.dat",
  "matfile": null,
  "k": 0.0,
  "kc": 0.0,
  "reordering": false,
  "preconditioning": true,
  "vol": 4096,
  "dim": 49152,
  "lattice": "8x8x8x8",
  "blk_dim": 24576,
  "bs": "8x8x8x4",
  "res": 1e-06,
  "tol": 0.00031353468703945405,
  "nmx": 417,
  "nkv": 7,
  "nmr": 4,
  "ncy": 6,
  "sdtype": "float32",
  "ddtype": "float64",
  "cdtype": "float32",
  "rn": [
    82.20462866610603,
    32.93043820251577,
    15.942666364082337,
    7.573385478695692,
    3.7134797479370967,
    1.8687111861693633,
    0.9554444815595146,
    0.9554442613564906,
    0.5841182663609328,
    0.30598226530187866,
    0.15266777080272423,
    0.07592847121776317,
    0.03656397826452772,
    0.01616693625797323,
    0.006880108765962293,
    0.006880108237765724,
    0.00397969458142294,
    0.001917638383166714,
    0.0009084379422017198,
    0.0004592923589412422,
    0.0002343883726385481,
    0.0002343883753407683
  ],
  "i": [
    0,
    1,
    2,
    3,
    4,
    5,
    6,
    7,
    8,
    9,
    10,
    11,
    12,
    13,
    14,
    15,
    16,
    17,
    18,
    19,
    20,
    21
  ],
  "reset": [
    7,
    15,
    21
  ],
  "duration": [
    0.7259800434112549,
    0.5650479793548584,
    0.5570142269134521,
    0.5558562278747559,
    0.5453047752380371,
    0.5569932460784912,
    0.563330888748169,
    0.5588417053222656,
    0.559032678604126,
    0.5540082454681396,
    0.5548558235168457,
    0.5542571544647217,
    0.5581738948822021,
    0.5631217956542969,
    0.5587203502655029,
    0.5608062744140625,
    0.5553724765777588,
    0.5481441020965576,
    0.5573611259460449,
    0.5526964664459229
  ],
  "status": 19
}