{
  "gpu": false,
  "device": "hybrid",
  "infile": "../matrix/cgne_init_4096_dble_csr.dat",
  "matfile": "../matrix/conf6_0-8x8-30/conf6.0-00l8x8-3000.mtx",
  "k": 0.05,
  "kc": 0.15649,
  "reordering": true,
  "preconditioning": true,
  "vol": 4096,
  "dim": 49152,
  "lattice": "8x8x8x8",
  "blk_dim": 6144,
  "bs": "8x4x4x4",
  "res": 1e-06,
  "tol": 0.0003135346870547978,
  "nmx": 417,
  "nkv": 7,
  "nmr": 2,
  "ncy": 12,
  "sdtype": "float32",
  "ddtype": "float64",
  "cdtype": "float32",
  "rn": [
    2.4165610280721378e-05,
    5.078279693955306e-05
  ],
  "i": [
    0,
    1
  ],
  "reset": [
    1
  ],
  "duration": [
    0.1603105068206787,
    0.1606764793395996,
    0.16073894500732422,
    0.15978169441223145,
    0.15947675704956055,
    0.16062140464782715,
    0.16071677207946777,
    0.16046786308288574,
    0.16137218475341797,
    0.16060686111450195,
    0.15923619270324707,
    0.1593763828277588,
    0.1597886085510254,
    0.1610262393951416,
    0.15951228141784668,
    0.1592104434967041,
    0.1598663330078125,
    0.16039609909057617,
    0.1603543758392334,
    0.16028285026550293
  ],
  "status": 1
}