{
  "gpu": false,
  "device": "hybrid",
  "infile": "../matrix/cgne_init_4096_dble_csr.dat",
  "matfile": "../matrix/conf6_0-8x8-20/conf6_0-8x8-20.mtx",
  "k": 0.15,
  "kc": 0.15717,
  "reordering": true,
  "preconditioning": true,
  "vol": 4096,
  "dim": 49152,
  "lattice": "8x8x8x8",
  "blk_dim": 12288,
  "bs": "8x8x4x4",
  "res": 1e-06,
  "tol": 0.0003135346870762468,
  "nmx": 417,
  "nkv": 7,
  "nmr": 4,
  "ncy": 6,
  "sdtype": "float64",
  "ddtype": "float64",
  "cdtype": "float64",
  "rn": [
    6.096453097041816,
    1.0853486474619674,
    0.22145182328958946,
    0.042887184930911135,
    0.009110636958903193,
    0.0019020108617157847,
    0.00039744470132169435,
    0.00039744470132126126,
    9.081510109625045e-05,
    9.081510109664351e-05
  ],
  "i": [
    0,
    1,
    2,
    3,
    4,
    5,
    6,
    7,
    8,
    9
  ],
  "reset": [
    7,
    9
  ],
  "duration": [
    0.6220669746398926,
    0.8012716770172119,
    0.8330948352813721,
    0.943415641784668,
    0.9418201446533203,
    0.805534839630127,
    0.8731513023376465,
    0.7826149463653564,
    0.8158836364746094,
    0.8621006011962891,
    0.858022928237915,
    0.8473494052886963,
    0.7403550148010254,
    0.8514411449432373,
    0.814157247543335,
    0.8872017860412598,
    0.7898135185241699,
    0.885744571685791,
    0.8290629386901855,
    0.7797441482543945
  ],
  "status": 8
}