{
  "gpu": false,
  "device": "hybrid",
  "infile": "../matrix/cgne_init_4096_dble_csr.dat",
  "matfile": "../matrix/conf6_0-8x8-20/conf6_0-8x8-20.mtx",
  "k": 0.15,
  "kc": 0.15717,
  "reordering": true,
  "preconditioning": true,
  "vol": 4096,
  "dim": 49152,
  "lattice": "8x8x8x8",
  "blk_dim": 3072,
  "bs": "4x4x4x4",
  "res": 1e-06,
  "tol": 0.0003135346870762468,
  "nmx": 417,
  "nkv": 7,
  "nmr": 4,
  "ncy": 6,
  "sdtype": "float64",
  "ddtype": "float64",
  "cdtype": "float64",
  "rn": [
    7.452039766894915,
    1.3764145925289035,
    0.28229699014247694,
    0.05813253284890852,
    0.013174339631002509,
    0.0029395994763038043,
    0.0006612869688432245,
    0.0006612869688437865,
    0.00015547915026329238,
    0.00015547915026391587
  ],
  "i": [
    0,
    1,
    2,
    3,
    4,
    5,
    6,
    7,
    8,
    9
  ],
  "reset": [
    7,
    9
  ],
  "duration": [
    1.930556297302246,
    1.9340882301330566,
    1.9284558296203613,
    1.930713415145874,
    1.9286048412322998,
    1.9126625061035156,
    1.910562515258789,
    1.9154176712036133,
    1.9276580810546875,
    1.9284896850585938,
    1.9248809814453125,
    1.9216606616973877,
    1.92238450050354,
    1.9195225238800049,
    1.9232292175292969,
    1.9193356037139893,
    1.916809320449829,
    1.9182860851287842,
    1.9185388088226318,
    1.9116308689117432
  ],
  "status": 8
}