{
  "gpu": true,
  "device": "gpu",
  "infile": "../matrix/cgne_init_4096_dble_csr.dat",
  "matfile": "../matrix/conf6_0-8x8-20/conf6_0-8x8-20.mtx",
  "k": 0.15717,
  "kc": 0.15717,
  "reordering": true,
  "preconditioning": true,
  "vol": 4096,
  "dim": 49152,
  "lattice": "8x8x8x8",
  "blk_dim": 3072,
  "bs": "4x4x4x4",
  "res": 1e-06,
  "tol": 0.0003135346870762468,
  "nmx": 250,
  "nkv": 7,
  "nmr": 10,
  "ncy": 4,
  "sdtype": "float64",
  "ddtype": "float64",
  "cdtype": "float64",
  "rn": [
    26.850471224844192,
    12.089471837511889,
    6.550510318771241,
    3.908476290642224,
    2.3273176462751053,
    1.5114697541338855,
    0.9600359648573565,
    0.960035964857356,
    0.62132976740783,
    0.3931414280240238,
    0.2444070786600899,
    0.15830927852084897,
    0.09803269120984706,
    0.05507318420874614,
    0.031182413740239657,
    0.031182413740239726,
    0.019170737906160265,
    0.011571251985312342,
    0.00700304345243265,
    0.00446761364730424,
    0.0028751226012334002,
    0.0019056212102488222,
    0.0012347285374907063,
    0.0012347285374903416,
    0.0008314199738023221,
    0.0005270711758709854,
    0.00031940373852355216,
    0.00020212561203856067,
    0.00020212561203858124
  ],
  "i": [
    0,
    1,
    2,
    3,
    4,
    5,
    6,
    7,
    8,
    9,
    10,
    11,
    12,
    13,
    14,
    15,
    16,
    17,
    18,
    19,
    20,
    21,
    22,
    23,
    24,
    25,
    26,
    27,
    28
  ],
  "reset": [
    7,
    15,
    23,
    28
  ],
  "duration": [
    7.989253520965576,
    7.86189079284668,
    7.86101508140564,
    7.854570150375366,
    7.847872018814087,
    7.834575414657593,
    7.8294456005096436,
    7.783799886703491,
    7.803855895996094,
    7.792424201965332,
    7.772493839263916,
    7.802446126937866,
    7.778387784957886,
    7.808139085769653,
    7.799785375595093,
    7.800525426864624,
    7.795398712158203,
    7.792376756668091,
    7.7811338901519775,
    7.792500019073486
  ],
  "status": 25
}