{
  "gpu": false,
  "device": "hybrid",
  "infile": "../matrix/cgne_init_4096_dble_csr.dat",
  "matfile": "../matrix/conf6_0-8x8-20/conf6_0-8x8-20.mtx",
  "k": 0.15,
  "kc": 0.15717,
  "reordering": true,
  "preconditioning": true,
  "vol": 4096,
  "dim": 49152,
  "lattice": "8x8x8x8",
  "blk_dim": 24576,
  "bs": "8x8x8x4",
  "res": 1e-06,
  "tol": 0.0003135346870547978,
  "nmx": 125,
  "nkv": 7,
  "nmr": 20,
  "ncy": 4,
  "sdtype": "float32",
  "ddtype": "float64",
  "cdtype": "float32",
  "rn": [
    1.397595677728514,
    0.03446373196553018,
    0.0006824736390614988,
    6.552263891617875e-05,
    9.212515224127421e-05
  ],
  "i": [
    0,
    1,
    2,
    3,
    4
  ],
  "reset": [
    4
  ],
  "duration": [
    0.40825843811035156,
    0.40796804428100586,
    0.40900373458862305,
    0.4095606803894043,
    0.40466833114624023,
    0.40245842933654785,
    0.4049704074859619,
    0.4060797691345215,
    0.4040064811706543,
    0.4046778678894043,
    0.40405869483947754,
    0.4028902053833008,
    0.40579986572265625,
    0.4034535884857178,
    0.40399980545043945,
    0.40313720703125,
    0.40604329109191895,
    0.4072887897491455,
    0.40520811080932617,
    0.40442991256713867
  ],
  "status": 4
}