{
  "gpu": false,
  "device": "cpu",
  "infile": "../matrix/cgne_init_65536_dble_csr.dat",
  "matfile": null,
  "k": 0.0,
  "kc": 0.0,
  "reordering": false,
  "preconditioning": true,
  "vol": 65536,
  "dim": 786048,
  "lattice": "16x16x16x16",
  "blk_dim": 98256,
  "bs": "16x8x8x8",
  "res": 1e-06,
  "tol": 0.0012541387482794752,
  "nmx": 2500,
  "nkv": 7,
  "nmr": 4,
  "ncy": 1,
  "sdtype": "float32",
  "ddtype": "float64",
  "cdtype": "float64",
  "rn": [
    610.7032225826723,
    234.89911787161614,
    104.62081690285696,
    47.70500501938232,
    21.647570600353326,
    10.2089196617745,
    4.7883123835803705,
    4.788312319325608,
    2.3887440238216544,
    1.182039292557202,
    0.5689799606105005,
    0.274650218758193,
    0.13069650104152952,
    0.057050460016125966,
    0.026496634200212883,
    0.026496634220661154,
    0.013116843287713294,
    0.006463236710773951,
    0.0031196546963132748,
    0.0015407717675313673,
    0.0007460417593726475,
    0.0007460417636695538
  ],
  "i": [
    0,
    1,
    2,
    3,
    4,
    5,
    6,
    7,
    8,
    9,
    10,
    11,
    12,
    13,
    14,
    15,
    16,
    17,
    18,
    19,
    20,
    21
  ],
  "reset": [
    7,
    15,
    21
  ],
  "duration": [
    6.755663871765137,
    6.778247117996216,
    6.751822233200073,
    6.763406038284302,
    6.730411767959595,
    6.760424852371216,
    6.754474639892578,
    6.760209798812866,
    6.746925354003906,
    6.749924182891846,
    6.736293315887451,
    6.754878044128418,
    6.752237558364868,
    6.768380403518677,
    6.758907318115234,
    6.766098260879517,
    6.744117259979248,
    6.759030818939209,
    6.7637903690338135,
    6.737803220748901
  ],
  "status": 19
}