{
  "gpu": false,
  "infile": "../matrix/cgne_init_4096_dble_csr.dat",
  "matfile": null,
  "k": 0.0,
  "kc": 0.0,
  "reordering": false,
  "preconditioning": true,
  "vol": 4096,
  "dim": 49152,
  "lattice": "8x8x8x8",
  "blk_dim": 12288,
  "bs": "8x8x4x4",
  "res": 1e-06,
  "tol": 0.0003135346870762468,
  "nmx": 250,
  "nkv": 7,
  "nmr": 4,
  "ncy": 10,
  "sdtype": "float64",
  "ddtype": "float64",
  "cdtype": "float64",
  "rn": [
    52.06058329627968,
    15.411723896947292,
    5.184677651270157,
    1.8598374152412758,
    0.6883816578053443,
    0.2596510485672266,
    0.09214783999866509,
    0.0921478399986652,
    0.031802630363539745,
    0.010524107596204159,
    0.003607177956367484,
    0.0012468364849732446,
    0.0004538133107446211,
    0.00013765464126000603,
    0.0001376546412595178
  ],
  "i": [
    0,
    1,
    2,
    3,
    4,
    5,
    6,
    7,
    8,
    9,
    10,
    11,
    12,
    13,
    14
  ],
  "reset": [
    7,
    14
  ],
  "duration": [
    3.1635897159576416,
    3.441316604614258,
    3.5145328044891357,
    3.270632266998291,
    3.3969578742980957,
    3.4804847240448,
    3.587512254714966,
    3.418163299560547,
    3.4005889892578125,
    3.0911664962768555,
    3.3267979621887207,
    3.3203747272491455,
    3.299528121948242,
    3.5597083568573,
    3.6262969970703125,
    3.291964530944824,
    3.3088538646698,
    3.357283592224121,
    3.4286704063415527,
    3.490030527114868
  ],
  "status": 13
}