{
  "gpu": true,
  "infile": "../matrix/cgne_init_65536_dble_csr.dat",
  "matfile": null,
  "k": 0.0,
  "kc": 0.0,
  "reordering": false,
  "preconditioning": true,
  "vol": 65536,
  "dim": 786048,
  "lattice": "16x16x16x16",
  "blk_dim": 393024,
  "bs": "16x16x16x8",
  "res": 1e-06,
  "tol": 0.0012541387482808122,
  "nmx": 1250,
  "nkv": 7,
  "nmr": 4,
  "ncy": 2,
  "sdtype": "float32",
  "ddtype": "float64",
  "cdtype": "float64",
  "rn": [
    723.2311665189312,
    405.1069575957902,
    206.35773749911078,
    99.45862141592062,
    47.535647178061026,
    22.584578752994453,
    10.828595156199048,
    10.828595340269311,
    6.486884538312932,
    2.760846693682523,
    1.295081368066437,
    0.5993196246321246,
    0.2915356417805042,
    0.1419425345783004,
    0.06616219486176976,
    0.06616219830540726,
    0.038868052091342926,
    0.01772529097538526,
    0.007473688501574085,
    0.00360272487860686,
    0.0018784933834244423,
    0.0009694203986077806,
    0.0009694204058841493
  ],
  "i": [
    0,
    1,
    2,
    3,
    4,
    5,
    6,
    7,
    8,
    9,
    10,
    11,
    12,
    13,
    14,
    15,
    16,
    17,
    18,
    19,
    20,
    21,
    22
  ],
  "reset": [
    7,
    15,
    22
  ],
  "duration": 1.8121578693389893,
  "status": 20
}