{
  "gpu": true,
  "device": "gpu",
  "infile": "../matrix/cgne_init_65536_dble_csr.dat",
  "matfile": null,
  "k": 0.0,
  "kc": 0.0,
  "reordering": false,
  "preconditioning": true,
  "vol": 65536,
  "dim": 786048,
  "lattice": "16x16x16x16",
  "blk_dim": 6141,
  "bs": "8x4x4x4",
  "res": 1e-06,
  "tol": 0.0012541387482808122,
  "nmx": 313,
  "nkv": 7,
  "nmr": 4,
  "ncy": 8,
  "sdtype": "float32",
  "ddtype": "float64",
  "cdtype": "float32",
  "rn": [
    224.2229083345576,
    47.293068924142275,
    8.9780777444844,
    1.989657923433059,
    0.37909304352805506,
    0.08035898934126166,
    0.01576146142268671,
    0.015764957337132367,
    0.003358905912438382,
    0.0006813770131843423,
    0.0006813770173534992
  ],
  "i": [
    0,
    1,
    2,
    3,
    4,
    5,
    6,
    7,
    8,
    9,
    10
  ],
  "reset": [
    7,
    10
  ],
  "duration": [
    19.572006464004517,
    19.314305067062378,
    19.322951555252075,
    19.303271055221558,
    19.287894248962402,
    19.315218925476074,
    19.30509376525879,
    19.272102117538452,
    19.291252374649048,
    19.318259716033936,
    19.305926084518433,
    19.260740995407104,
    19.261801719665527,
    19.259678602218628,
    19.248655319213867,
    19.278656005859375,
    19.240899801254272,
    19.254549026489258,
    19.248444080352783,
    19.238924264907837
  ],
  "status": 9
}