{
  "gpu": true,
  "infile": "../matrix/cgne_init_4096_dble_csr.dat",
  "matfile": "../matrix/conf6_0-8x8-20/conf6_0-8x8-20.mtx",
  "k": 0.15717,
  "kc": 0.15717,
  "reordering": true,
  "preconditioning": true,
  "vol": 4096,
  "dim": 49152,
  "lattice": "8x8x8x8",
  "blk_dim": 3072,
  "bs": "4x4x4x4",
  "res": 1e-06,
  "tol": 0.0003135346870762468,
  "nmx": 250,
  "nkv": 7,
  "nmr": 4,
  "ncy": 10,
  "sdtype": "float64",
  "ddtype": "float64",
  "cdtype": "float64",
  "rn": [
    17.474660879323903,
    10.207429102137388,
    6.892311476423166,
    4.631547755777752,
    3.0810694853436518,
    2.03217001953932,
    1.517417320405115,
    1.5174173204051156,
    1.2371314766828003,
    1.0106982040908083,
    0.7808156533190295,
    0.5366191596442738,
    0.37335608638808193,
    0.24147467392552632,
    0.16871608596490284,
    0.16871608596490295,
    0.12612276628045313,
    0.09415710372503132,
    0.0693808057155141,
    0.05559965680762684,
    0.043906549339443546,
    0.034757233909729596,
    0.025169224889937884,
    0.025169224889937954,
    0.01808136317900057,
    0.014433233707817367,
    0.010478788847902107,
    0.007443493315416821,
    0.0045380421737326385,
    0.002765737738930563,
    0.0018976046643884247,
    0.0018976046643882532,
    0.0013875630545642757,
    0.0010470493715780006,
    0.000825302800597258,
    0.0006731654695119997,
    0.0005199878623823004,
    0.0004135033650472747,
    0.00028521224493662336,
    0.00028521224493603057
  ],
  "i": [
    0,
    1,
    2,
    3,
    4,
    5,
    6,
    7,
    8,
    9,
    10,
    11,
    12,
    13,
    14,
    15,
    16,
    17,
    18,
    19,
    20,
    21,
    22,
    23,
    24,
    25,
    26,
    27,
    28,
    29,
    30,
    31,
    32,
    33,
    34,
    35,
    36,
    37,
    38,
    39
  ],
  "reset": [
    7,
    15,
    23,
    31,
    39
  ],
  "duration": 12.585382223129272,
  "status": 35
}