{
  "gpu": false,
  "device": "hybrid",
  "infile": "../matrix/cgne_init_4096_dble_csr.dat",
  "matfile": "../matrix/conf6_0-8x8-30/conf6.0-00l8x8-3000.mtx",
  "k": 0.15649,
  "kc": 0.15649,
  "reordering": true,
  "preconditioning": true,
  "vol": 4096,
  "dim": 49152,
  "lattice": "8x8x8x8",
  "blk_dim": 12288,
  "bs": "8x8x4x4",
  "res": 1e-06,
  "tol": 0.0003135346870547978,
  "nmx": 125,
  "nkv": 7,
  "nmr": 4,
  "ncy": 20,
  "sdtype": "float32",
  "ddtype": "float64",
  "cdtype": "float32",
  "rn": [
    7.819732055312216,
    3.9170355947392217,
    2.2997136066453177,
    1.1470560046603087,
    0.6822271304414957,
    0.42903864124420243,
    0.2373684929053298,
    0.23736863725015883,
    0.13890040666619202,
    0.08884133666030423,
    0.04642243770949576,
    0.027413867106622313,
    0.01476368793930731,
    0.007756160494902865,
    0.003083880691810902,
    0.003083880897735875,
    0.0016304156533037835,
    0.00108529230485673,
    0.0006253138264268534,
    0.00036543796673307665,
    0.00020870015330759758,
    0.00020870015349070515
  ],
  "i": [
    0,
    1,
    2,
    3,
    4,
    5,
    6,
    7,
    8,
    9,
    10,
    11,
    12,
    13,
    14,
    15,
    16,
    17,
    18,
    19,
    20,
    21
  ],
  "reset": [
    7,
    15,
    21
  ],
  "duration": [
    4.067672252655029,
    4.0519700050354,
    4.055184841156006,
    4.0612146854400635,
    4.06409478187561,
    4.064763307571411,
    4.061150550842285,
    4.062167167663574,
    4.060672283172607,
    4.052119731903076,
    4.063789367675781,
    4.056946516036987,
    4.059540748596191,
    4.063687324523926,
    4.06580376625061,
    4.064074516296387,
    4.063006639480591,
    4.067655801773071,
    4.057330369949341,
    4.065617799758911
  ],
  "status": 19
}