{
  "gpu": false,
  "device": "cpu",
  "infile": "../matrix/cgne_init_4096_dble_csr.dat",
  "matfile": "../matrix/conf6_0-8x8-20/conf6_0-8x8-20.mtx",
  "k": 0.15717,
  "kc": 0.15717,
  "reordering": true,
  "preconditioning": true,
  "vol": 4096,
  "dim": 49152,
  "lattice": "8x8x8x8",
  "blk_dim": 24576,
  "bs": "8x8x8x4",
  "res": 1e-06,
  "tol": 0.0003135346870762468,
  "nmx": 417,
  "nkv": 7,
  "nmr": 4,
  "ncy": 6,
  "sdtype": "float64",
  "ddtype": "float64",
  "cdtype": "float64",
  "rn": [
    19.4252285003402,
    9.85062040314593,
    5.689369454338333,
    3.339902066179025,
    2.0574850671018368,
    1.3193437967773713,
    0.8543313583532571,
    0.8543313583532565,
    0.5550560754751995,
    0.3657974794066383,
    0.2347390603950316,
    0.15268705200911892,
    0.09821721143614552,
    0.05757213832068724,
    0.03529132673127655,
    0.03529132673127635,
    0.02230239882054338,
    0.014224270009686185,
    0.008635074132628274,
    0.005500288102689253,
    0.003442334042147298,
    0.0022168970818917206,
    0.0014902215273604673,
    0.0014902215273594778,
    0.0010547529643106358,
    0.0006823742692060712,
    0.00042601066479885203,
    0.00026536126937642853,
    0.00026536126937644447
  ],
  "i": [
    0,
    1,
    2,
    3,
    4,
    5,
    6,
    7,
    8,
    9,
    10,
    11,
    12,
    13,
    14,
    15,
    16,
    17,
    18,
    19,
    20,
    21,
    22,
    23,
    24,
    25,
    26,
    27,
    28
  ],
  "reset": [
    7,
    15,
    23,
    28
  ],
  "duration": [
    8.241621971130371,
    8.328802585601807,
    8.529804944992065,
    8.639627933502197,
    8.160760164260864,
    8.5066659450531,
    8.515683650970459,
    8.401729345321655,
    8.365476369857788,
    8.48930549621582,
    8.412477493286133,
    8.508923292160034,
    8.199325561523438,
    8.084322929382324,
    8.741299867630005,
    8.188066959381104,
    8.209394931793213,
    8.047471284866333,
    8.051119327545166,
    8.391273975372314
  ],
  "status": 25
}