{
  "gpu": false,
  "device": "cpu",
  "infile": "../matrix/fgcr_check3_4096_dble_csr.dat",
  "matfile": null,
  "k": 0.0,
  "kc": 0.0,
  "reordering": false,
  "preconditioning": true,
  "vol": 4096,
  "dim": 49152,
  "lattice": "8x8x8x8",
  "blk_dim": 24576,
  "bs": "8x8x8x4",
  "res": 1e-06,
  "tol": 0.00031353468710831124,
  "nmx": 1250,
  "nkv": 7,
  "nmr": 2,
  "ncy": 4,
  "sdtype": "float32",
  "ddtype": "float64",
  "cdtype": "float64",
  "rn": [
    43.38786111653842,
    13.52752554477517,
    5.538735323106642,
    2.19413031863409,
    0.8381976498320979,
    0.33532011372206744,
    0.13152689732128783,
    0.13152691918243717,
    0.05700255384678281,
    0.027552291672708114,
    0.009882872913519152,
    0.004061815890855851,
    0.0017125369102689236,
    0.0005598801449017682,
    0.00020770492492691226,
    0.00020770489076941641
  ],
  "i": [
    0,
    1,
    2,
    3,
    4,
    5,
    6,
    7,
    8,
    9,
    10,
    11,
    12,
    13,
    14,
    15
  ],
  "reset": [
    7,
    15
  ],
  "duration": [
    1.6550676822662354,
    1.6596250534057617,
    1.6562037467956543,
    1.6552481651306152,
    1.654465675354004,
    1.6549959182739258,
    1.653414249420166,
    1.653799295425415,
    1.6569442749023438,
    1.653233528137207,
    1.653987169265747,
    1.6520566940307617,
    1.6539967060089111,
    1.6525020599365234,
    1.6534767150878906,
    1.6559104919433594,
    1.6537165641784668,
    1.6520614624023438,
    1.6520802974700928,
    1.6523582935333252
  ],
  "status": 14
}