{
  "gpu": false,
  "device": "hybrid",
  "infile": "../matrix/cgne_init_4096_dble_csr.dat",
  "matfile": "../matrix/conf6_0-8x8-20/conf6_0-8x8-20.mtx",
  "k": 0.15,
  "kc": 0.15717,
  "reordering": true,
  "preconditioning": true,
  "vol": 4096,
  "dim": 49152,
  "lattice": "8x8x8x8",
  "blk_dim": 12288,
  "bs": "8x8x4x4",
  "res": 1e-06,
  "tol": 0.0003135346870547978,
  "nmx": 417,
  "nkv": 7,
  "nmr": 4,
  "ncy": 6,
  "sdtype": "float32",
  "ddtype": "float64",
  "cdtype": "float64",
  "rn": [
    6.096453096083176,
    1.0853486600203832,
    0.2214518256890094,
    0.0428871830529674,
    0.00911064272359132,
    0.001902057467974198,
    0.00039766287645929524,
    0.0004004996792373973,
    9.08402650563445e-05,
    9.084026470117651e-05
  ],
  "i": [
    0,
    1,
    2,
    3,
    4,
    5,
    6,
    7,
    8,
    9
  ],
  "reset": [
    7,
    9
  ],
  "duration": [
    0.5914621353149414,
    0.5890288352966309,
    0.588425874710083,
    0.5886249542236328,
    0.5886015892028809,
    0.5891942977905273,
    0.5869407653808594,
    0.589144229888916,
    0.5897603034973145,
    0.5897274017333984,
    0.5904695987701416,
    0.59157395362854,
    0.5896563529968262,
    0.589604377746582,
    0.5883121490478516,
    0.588909387588501,
    0.5894322395324707,
    0.5895376205444336,
    0.5910286903381348,
    0.588977575302124
  ],
  "status": 8
}