{
  "gpu": true,
  "device": "gpu",
  "infile": "../matrix/cgne_init_4096_dble_csr.dat",
  "matfile": "../matrix/conf6_0-8x8-20/conf6_0-8x8-20.mtx",
  "k": 0.15,
  "kc": 0.15717,
  "reordering": true,
  "preconditioning": true,
  "vol": 4096,
  "dim": 49152,
  "lattice": "8x8x8x8",
  "blk_dim": 12288,
  "bs": "8x8x4x4",
  "res": 1e-06,
  "tol": 0.00031353468703945405,
  "nmx": 250,
  "nkv": 7,
  "nmr": 4,
  "ncy": 10,
  "sdtype": "float32",
  "ddtype": "float64",
  "cdtype": "float64",
  "rn": [
    1.9786423611640183,
    0.17918567009623113,
    0.017508489028906858,
    0.0016297669300450242,
    0.00014987497244181857,
    0.0001594476373023837
  ],
  "i": [
    0,
    1,
    2,
    3,
    4,
    5
  ],
  "reset": [
    5
  ],
  "duration": [
    0.6058096885681152,
    0.448561429977417,
    0.44765639305114746,
    0.45154762268066406,
    0.45183587074279785,
    0.45142054557800293,
    0.4512162208557129,
    0.44379377365112305,
    0.44669055938720703,
    0.44815731048583984,
    0.4521009922027588,
    0.45124268531799316,
    0.4515209197998047,
    0.45239710807800293,
    0.4516892433166504,
    0.4515550136566162,
    0.4495711326599121,
    0.44437503814697266,
    0.4420042037963867,
    0.45085930824279785
  ],
  "status": 5
}