{
  "gpu": true,
  "infile": "../matrix/cgne_init_4096_dble_csr.dat",
  "matfile": null,
  "k": 0.0,
  "kc": 0.0,
  "reordering": false,
  "preconditioning": true,
  "vol": 4096,
  "dim": 49152,
  "lattice": "8x8x8x8",
  "blk_dim": 6144,
  "bs": "8x4x4x4",
  "res": 1e-06,
  "tol": 0.0003135346870762468,
  "nmx": 2500,
  "nkv": 7,
  "nmr": 4,
  "ncy": 1,
  "sdtype": "float64",
  "ddtype": "float64",
  "cdtype": "float64",
  "rn": [
    145.96482998315668,
    53.684023877744615,
    22.60374091848118,
    10.138979492583461,
    4.339473371160458,
    2.0611027727145173,
    0.9576316299595493,
    0.9576316299595493,
    0.4691802174436152,
    0.23143494583115057,
    0.11622407194966457,
    0.05172188704087103,
    0.02379181111878097,
    0.010773287328781904,
    0.00511286568961561,
    0.005112865689615348,
    0.002491693398921877,
    0.0012203957624199355,
    0.0006209745572477523,
    0.0002821969334678946,
    0.0002821969334679295
  ],
  "i": [
    0,
    1,
    2,
    3,
    4,
    5,
    6,
    7,
    8,
    9,
    10,
    11,
    12,
    13,
    14,
    15,
    16,
    17,
    18,
    19,
    20
  ],
  "reset": [
    7,
    15,
    20
  ],
  "duration": 0.502896785736084,
  "status": 18
}