{
  "gpu": true,
  "device": "gpu",
  "infile": "../matrix/cgne_init_4096_dble_csr.dat",
  "matfile": null,
  "k": 0.0,
  "kc": 0.0,
  "reordering": false,
  "preconditioning": true,
  "vol": 4096,
  "dim": 49152,
  "lattice": "8x8x8x8",
  "blk_dim": 12288,
  "bs": "8x8x4x4",
  "res": 1e-06,
  "tol": 0.00031353468703945405,
  "nmx": 417,
  "nkv": 7,
  "nmr": 4,
  "ncy": 6,
  "sdtype": "float32",
  "ddtype": "float64",
  "cdtype": "float32",
  "rn": [
    82.19899143038229,
    32.91315366323356,
    15.85140602941445,
    7.363546894497273,
    3.4825712137145026,
    1.7065488629082237,
    0.8560680047087815,
    0.8560681862071967,
    0.5172764734918757,
    0.25812839785202385,
    0.126471192704873,
    0.06391696818889148,
    0.03150756796131564,
    0.014086842389952978,
    0.006308674436579479,
    0.006308674148368657,
    0.0036574760218684135,
    0.0016763707594217806,
    0.0007818655965437475,
    0.0003905567332306514,
    0.00018815265934714256,
    0.00018815265947723836
  ],
  "i": [
    0,
    1,
    2,
    3,
    4,
    5,
    6,
    7,
    8,
    9,
    10,
    11,
    12,
    13,
    14,
    15,
    16,
    17,
    18,
    19,
    20,
    21
  ],
  "reset": [
    7,
    15,
    21
  ],
  "duration": [
    1.1810863018035889,
    1.016669511795044,
    1.0191328525543213,
    1.0146360397338867,
    1.0158936977386475,
    1.013589859008789,
    1.0226635932922363,
    1.0264716148376465,
    1.0236718654632568,
    1.0166664123535156,
    1.0265552997589111,
    1.0242903232574463,
    1.0208892822265625,
    1.0126688480377197,
    1.0243196487426758,
    1.0196504592895508,
    1.0130202770233154,
    1.0156302452087402,
    1.022430181503296,
    1.0120973587036133
  ],
  "status": 19
}