{
  "gpu": true,
  "device": "gpu",
  "infile": "../matrix/cgne_init_4096_dble_csr.dat",
  "matfile": "../matrix/conf6_0-8x8-30/conf6.0-00l8x8-3000.mtx",
  "k": 0.05,
  "kc": 0.15649,
  "reordering": true,
  "preconditioning": true,
  "vol": 4096,
  "dim": 49152,
  "lattice": "8x8x8x8",
  "blk_dim": 6144,
  "bs": "8x4x4x4",
  "res": 1e-06,
  "tol": 0.00031353468703945405,
  "nmx": 125,
  "nkv": 7,
  "nmr": 4,
  "ncy": 20,
  "sdtype": "float32",
  "ddtype": "float64",
  "cdtype": "float64",
  "rn": [
    7.961069616008208e-06,
    3.370530115398867e-05
  ],
  "i": [
    0,
    1
  ],
  "reset": [
    1
  ],
  "duration": [
    0.23017263412475586,
    0.22795486450195312,
    0.22589826583862305,
    0.2257709503173828,
    0.2270064353942871,
    0.2258434295654297,
    0.2253565788269043,
    0.22496771812438965,
    0.2254500389099121,
    0.22590017318725586,
    0.2254641056060791,
    0.2251598834991455,
    0.22507119178771973,
    0.22495675086975098,
    0.22435331344604492,
    0.22552084922790527,
    0.22609734535217285,
    0.22607660293579102,
    0.2254500389099121,
    0.2274341583251953
  ],
  "status": 1
}