{
  "gpu": true,
  "device": "gpu",
  "infile": "../matrix/cgne_init_4096_dble_csr.dat",
  "matfile": null,
  "k": 0.0,
  "kc": 0.0,
  "reordering": false,
  "preconditioning": true,
  "vol": 4096,
  "dim": 49152,
  "lattice": "8x8x8x8",
  "blk_dim": 3072,
  "bs": "4x4x4x4",
  "res": 1e-06,
  "tol": 0.00031353468703945405,
  "nmx": 1250,
  "nkv": 7,
  "nmr": 2,
  "ncy": 4,
  "sdtype": "float32",
  "ddtype": "float64",
  "cdtype": "float64",
  "rn": [
    141.8311453402929,
    76.70375564555842,
    44.23437889600066,
    26.888933874911075,
    16.899370726736116,
    10.800970757656605,
    6.930194083056873,
    6.930194015254028,
    4.836702951720592,
    3.2657782151108874,
    2.1892528266941493,
    1.4089566969167726,
    0.8959152474885753,
    0.5524169600155701,
    0.3465618347953845,
    0.3465618399604934,
    0.24637242739220086,
    0.17280304444932923,
    0.11706917146681065,
    0.07758330596517708,
    0.05142300422844202,
    0.03418444066480705,
    0.022953954453554436,
    0.022953954368348402,
    0.01609365179123038,
    0.011084734761098386,
    0.007432923027482295,
    0.004919011972208209,
    0.003282081033863143,
    0.002212255968604426,
    0.0015301527278844638,
    0.001530152748017635,
    0.0010943185944261996,
    0.0007622871951046338,
    0.0005124005059469266,
    0.00033819467347307445,
    0.0002265089588906288,
    0.00022650895911327718
  ],
  "i": [
    0,
    1,
    2,
    3,
    4,
    5,
    6,
    7,
    8,
    9,
    10,
    11,
    12,
    13,
    14,
    15,
    16,
    17,
    18,
    19,
    20,
    21,
    22,
    23,
    24,
    25,
    26,
    27,
    28,
    29,
    30,
    31,
    32,
    33,
    34,
    35,
    36,
    37
  ],
  "reset": [
    7,
    15,
    23,
    31,
    37
  ],
  "duration": [
    2.6887667179107666,
    2.519164562225342,
    2.497987747192383,
    2.532863140106201,
    2.509528875350952,
    2.4859530925750732,
    2.5043606758117676,
    2.5149636268615723,
    2.5168845653533936,
    2.530494451522827,
    2.514899730682373,
    2.5224103927612305,
    2.498396635055542,
    2.5088164806365967,
    2.4996397495269775,
    2.472696304321289,
    2.49833345413208,
    2.5055670738220215,
    2.505730152130127,
    2.5185859203338623
  ],
  "status": 33
}