{
  "gpu": false,
  "device": "cpu",
  "infile": "../matrix/cgne_init_4096_dble_csr.dat",
  "matfile": "../matrix/conf6_0-8x8-30/conf6.0-00l8x8-3000.mtx",
  "k": 0.05,
  "kc": 0.15649,
  "reordering": true,
  "preconditioning": true,
  "vol": 4096,
  "dim": 49152,
  "lattice": "8x8x8x8",
  "blk_dim": 6144,
  "bs": "8x4x4x4",
  "res": 1e-06,
  "tol": 0.0003135346870762468,
  "nmx": 417,
  "nkv": 7,
  "nmr": 2,
  "ncy": 12,
  "sdtype": "float64",
  "ddtype": "float64",
  "cdtype": "float64",
  "rn": [
    3.679203103631866e-12,
    3.6807485353271266e-12
  ],
  "i": [
    0,
    1
  ],
  "reset": [
    1
  ],
  "duration": [
    0.22064948081970215,
    0.22040700912475586,
    0.21890926361083984,
    0.2189319133758545,
    0.2224884033203125,
    0.21865606307983398,
    0.222442626953125,
    0.21849608421325684,
    0.22489380836486816,
    0.21903729438781738,
    0.2184743881225586,
    0.22169756889343262,
    0.21807408332824707,
    0.21990728378295898,
    0.21848177909851074,
    0.218491792678833,
    0.21828794479370117,
    0.2183079719543457,
    0.22128677368164062,
    0.2191932201385498
  ],
  "status": 1
}