{
  "gpu": false,
  "device": "hybrid",
  "infile": "../matrix/cgne_init_4096_dble_csr.dat",
  "matfile": "../matrix/conf6_0-8x8-20/conf6_0-8x8-20.mtx",
  "k": 0.15,
  "kc": 0.15717,
  "reordering": true,
  "preconditioning": true,
  "vol": 4096,
  "dim": 49152,
  "lattice": "8x8x8x8",
  "blk_dim": 12288,
  "bs": "8x8x4x4",
  "res": 1e-06,
  "tol": 0.0003135346870762468,
  "nmx": 1250,
  "nkv": 7,
  "nmr": 2,
  "ncy": 4,
  "sdtype": "float64",
  "ddtype": "float64",
  "cdtype": "float64",
  "rn": [
    24.807526491989666,
    8.426818804052148,
    4.108433738469254,
    2.1382065105338475,
    1.191781303888896,
    0.6530251382256264,
    0.3708844043577574,
    0.37088440435775794,
    0.22533284695779854,
    0.13405390349116894,
    0.08113372985010123,
    0.04647074289776132,
    0.02622533025127227,
    0.013395368702507914,
    0.007736145627950885,
    0.007736145627950761,
    0.0048572293654119405,
    0.0028749107942327608,
    0.0017217927828545021,
    0.0010068906727946478,
    0.0005890595480874112,
    0.0003366925657138627,
    0.00020213409119356084,
    0.00020213409119365042
  ],
  "i": [
    0,
    1,
    2,
    3,
    4,
    5,
    6,
    7,
    8,
    9,
    10,
    11,
    12,
    13,
    14,
    15,
    16,
    17,
    18,
    19,
    20,
    21,
    22,
    23
  ],
  "reset": [
    7,
    15,
    23
  ],
  "duration": [
    0.7774884700775146,
    0.9521341323852539,
    0.9053280353546143,
    1.0616424083709717,
    0.919985294342041,
    1.0116806030273438,
    0.9360735416412354,
    0.9227654933929443,
    0.9465141296386719,
    0.8128597736358643,
    0.8864412307739258,
    0.9692897796630859,
    0.9512033462524414,
    1.1450598239898682,
    1.1149282455444336,
    1.0961458683013916,
    0.9161336421966553,
    0.994239091873169,
    0.99674391746521,
    1.0865724086761475
  ],
  "status": 21
}