{
  "gpu": false,
  "infile": "../matrix/cgne_init_4096_dble_csr.dat",
  "matfile": null,
  "k": 0.0,
  "kc": 0.0,
  "reordering": false,
  "preconditioning": true,
  "vol": 4096,
  "dim": 49152,
  "lattice": "8x8x8x8",
  "blk_dim": 6144,
  "bs": "8x4x4x4",
  "res": 1e-06,
  "tol": 0.0003135346870547978,
  "nmx": 1250,
  "nkv": 7,
  "nmr": 2,
  "ncy": 4,
  "sdtype": "float32",
  "ddtype": "float64",
  "cdtype": "float32",
  "rn": [
    141.94600611017498,
    76.85902091183667,
    44.38763148468556,
    27.033758248325636,
    17.01613738169324,
    10.879041522702808,
    7.007025159251059,
    7.007025285104447,
    4.927546564739034,
    3.3470179043415205,
    2.259814233398932,
    1.4573897968296152,
    0.9288769516045472,
    0.5758607135025463,
    0.36569362875759004,
    0.36569361357186486,
    0.26505938516749256,
    0.18715182951144713,
    0.1271430696878218,
    0.08537007192250738,
    0.05775025529533459,
    0.03931809091291979,
    0.027217729908945613,
    0.02721772967679059,
    0.019841419301804743,
    0.014146288242183332,
    0.009785961068248798,
    0.006622787689822443,
    0.00451681332122625,
    0.003161598374540887,
    0.002248934007306764,
    0.0022489340406529877,
    0.0016439229532462434,
    0.001174105225145816,
    0.0008124969974499179,
    0.0005570402643205548,
    0.00038834059460310914,
    0.00027615141462895414,
    0.000276151413455017
  ],
  "i": [
    0,
    1,
    2,
    3,
    4,
    5,
    6,
    7,
    8,
    9,
    10,
    11,
    12,
    13,
    14,
    15,
    16,
    17,
    18,
    19,
    20,
    21,
    22,
    23,
    24,
    25,
    26,
    27,
    28,
    29,
    30,
    31,
    32,
    33,
    34,
    35,
    36,
    37,
    38
  ],
  "reset": [
    7,
    15,
    23,
    31,
    38
  ],
  "duration": [
    2.1780691146850586,
    2.180826425552368,
    2.1779229640960693,
    2.179863691329956,
    2.1771790981292725,
    2.178898811340332,
    2.179924249649048,
    2.1802525520324707,
    2.1806764602661133,
    2.178061008453369,
    2.1761176586151123,
    2.1785058975219727,
    2.176466941833496,
    2.1801881790161133,
    2.180880308151245,
    2.177999496459961,
    2.1801345348358154,
    2.1784119606018066,
    2.179239511489868,
    2.1800830364227295
  ],
  "status": 34
}