{
  "gpu": false,
  "device": "hybrid",
  "infile": "../matrix/cgne_init_4096_dble_csr.dat",
  "matfile": "../matrix/conf6_0-8x8-20/conf6_0-8x8-20.mtx",
  "k": 0.15717,
  "kc": 0.15717,
  "reordering": true,
  "preconditioning": true,
  "vol": 4096,
  "dim": 49152,
  "lattice": "8x8x8x8",
  "blk_dim": 3072,
  "bs": "4x4x4x4",
  "res": 1e-06,
  "tol": 0.0003135346870762468,
  "nmx": 417,
  "nkv": 7,
  "nmr": 2,
  "ncy": 12,
  "sdtype": "float64",
  "ddtype": "float64",
  "cdtype": "float64",
  "rn": [
    19.44487633195452,
    10.514334045446544,
    6.482565649844159,
    4.047918588042907,
    2.599874284153503,
    1.676531514004218,
    1.179225974961194,
    1.1792259749611942,
    0.7750085310391079,
    0.49751128597529964,
    0.33214297202451476,
    0.22337848735196497,
    0.140959723819062,
    0.09343735721294338,
    0.061522428948582134,
    0.061522428948582744,
    0.04080845233455369,
    0.027321604199029684,
    0.017538720813687462,
    0.011788321743226679,
    0.007892997190426621,
    0.005513421955807463,
    0.003736285673337632,
    0.003736285673337957,
    0.0026719256180078375,
    0.0019092491883598527,
    0.0013160963133564295,
    0.0009079825946513491,
    0.0006378388119831929,
    0.00042189395862921904,
    0.00027234752204125277,
    0.00027234752203990803
  ],
  "i": [
    0,
    1,
    2,
    3,
    4,
    5,
    6,
    7,
    8,
    9,
    10,
    11,
    12,
    13,
    14,
    15,
    16,
    17,
    18,
    19,
    20,
    21,
    22,
    23,
    24,
    25,
    26,
    27,
    28,
    29,
    30,
    31
  ],
  "reset": [
    7,
    15,
    23,
    31
  ],
  "duration": [
    7.65080189704895,
    7.636395692825317,
    7.636026859283447,
    7.633715867996216,
    7.637730360031128,
    7.637807607650757,
    7.641058921813965,
    7.634954452514648,
    7.625561714172363,
    7.62087082862854,
    7.6125874519348145,
    7.612868547439575,
    7.613509654998779,
    7.61487889289856,
    7.613389492034912,
    7.610569953918457,
    7.60867977142334,
    7.61513090133667,
    7.611500024795532,
    7.610262870788574
  ],
  "status": 28
}