{
  "gpu": false,
  "device": "hybrid",
  "infile": "../matrix/cgne_init_4096_dble_csr.dat",
  "matfile": "../matrix/conf6_0-8x8-20/conf6_0-8x8-20.mtx",
  "k": 0.15,
  "kc": 0.15717,
  "reordering": true,
  "preconditioning": true,
  "vol": 4096,
  "dim": 49152,
  "lattice": "8x8x8x8",
  "blk_dim": 24576,
  "bs": "8x8x8x4",
  "res": 1e-06,
  "tol": 0.0003135346870547978,
  "nmx": 125,
  "nkv": 7,
  "nmr": 20,
  "ncy": 4,
  "sdtype": "float32",
  "ddtype": "float64",
  "cdtype": "float64",
  "rn": [
    1.3975956273081922,
    0.034463693426079224,
    0.0006798557052648589,
    2.670259295197356e-05,
    6.997639851464841e-05
  ],
  "i": [
    0,
    1,
    2,
    3,
    4
  ],
  "reset": [
    4
  ],
  "duration": [
    0.41205883026123047,
    0.41120433807373047,
    0.4128105640411377,
    0.41032886505126953,
    0.4089012145996094,
    0.4079301357269287,
    0.40692949295043945,
    0.4073004722595215,
    0.40657734870910645,
    0.4057297706604004,
    0.4095430374145508,
    0.4060995578765869,
    0.4049546718597412,
    0.40819478034973145,
    0.40515780448913574,
    0.40804266929626465,
    0.4045531749725342,
    0.4059412479400635,
    0.40482211112976074,
    0.4052002429962158
  ],
  "status": 4
}