{
  "gpu": true,
  "device": "gpu",
  "infile": "../matrix/cgne_init_4096_dble_csr.dat",
  "matfile": null,
  "k": 0.0,
  "kc": 0.0,
  "reordering": false,
  "preconditioning": true,
  "vol": 4096,
  "dim": 49152,
  "lattice": "8x8x8x8",
  "blk_dim": 24576,
  "bs": "8x8x8x4",
  "res": 1e-06,
  "tol": 0.00031353468703945405,
  "nmx": 125,
  "nkv": 7,
  "nmr": 4,
  "ncy": 20,
  "sdtype": "float32",
  "ddtype": "float64",
  "cdtype": "float32",
  "rn": [
    24.855185963053245,
    9.139103845069775,
    3.9676693638026013,
    1.7572378742003503,
    0.7918212078243945,
    0.3388257679141964,
    0.11580922982199883,
    0.11580909354344837,
    0.05614913233224565,
    0.025276246557717215,
    0.011982219349551878,
    0.0051184634627341715,
    0.00222467782140705,
    0.0008883237367792499,
    0.0003426124380594171,
    0.0003426123850920285,
    0.00016267468703021142,
    0.0001626746852694465
  ],
  "i": [
    0,
    1,
    2,
    3,
    4,
    5,
    6,
    7,
    8,
    9,
    10,
    11,
    12,
    13,
    14,
    15,
    16,
    17
  ],
  "reset": [
    7,
    15,
    17
  ],
  "duration": [
    1.5814242362976074,
    1.4157958030700684,
    1.4297499656677246,
    1.4184026718139648,
    1.4197514057159424,
    1.4259891510009766,
    1.4270827770233154,
    1.4231853485107422,
    1.4151942729949951,
    1.4103760719299316,
    1.4138774871826172,
    1.414994478225708,
    1.4038360118865967,
    1.410130500793457,
    1.4217827320098877,
    1.4177055358886719,
    1.4046311378479004,
    1.423299789428711,
    1.4080419540405273,
    1.4248387813568115
  ],
  "status": 15
}