{
  "gpu": true,
  "device": "gpu",
  "infile": "../matrix/cgne_init_65536_dble_csr.dat",
  "matfile": null,
  "k": 0.0,
  "kc": 0.0,
  "reordering": false,
  "preconditioning": true,
  "vol": 65536,
  "dim": 786048,
  "lattice": "16x16x16x16",
  "blk_dim": 98256,
  "bs": "16x8x8x8",
  "res": 1e-06,
  "tol": 0.0012541387482808122,
  "nmx": 625,
  "nkv": 7,
  "nmr": 8,
  "ncy": 2,
  "sdtype": "float32",
  "ddtype": "float64",
  "cdtype": "float32",
  "rn": [
    714.6442215309595,
    472.16006285833765,
    301.10907500532596,
    188.3401768798853,
    116.9495548871213,
    73.21457492074146,
    47.004527820046306,
    47.00452812101733,
    31.036394527891225,
    21.151816546020594,
    14.636109390862613,
    10.417195793609116,
    7.550436799920704,
    5.5270442941672435,
    4.0884264650421605,
    4.088426477736321,
    3.021588451186538,
    2.2824029057222144,
    1.6955092566511316,
    1.2885606395737528,
    0.9524854341541155,
    0.6909143892634171,
    0.510090009925805,
    0.510090001015812,
    0.37449465369257745,
    0.2824082402344399,
    0.21013058196637976,
    0.16002174249397302,
    0.11977085812261096,
    0.08827504212281514,
    0.0659005539266944,
    0.06590055402471745,
    0.048562705552396446,
    0.03674449495706833,
    0.027451865901468704,
    0.020882000312490368,
    0.0156983785211747,
    0.011584670997778742,
    0.008641766492192523,
    0.008641766609277537,
    0.006393940968628711,
    0.004844686123737173,
    0.003615328789120106,
    0.0027562926476015215,
    0.0020710296414534466,
    0.0015307874378628608,
    0.0011457628595867822,
    0.0011457628789668032
  ],
  "i": [
    0,
    1,
    2,
    3,
    4,
    5,
    6,
    7,
    8,
    9,
    10,
    11,
    12,
    13,
    14,
    15,
    16,
    17,
    18,
    19,
    20,
    21,
    22,
    23,
    24,
    25,
    26,
    27,
    28,
    29,
    30,
    31,
    32,
    33,
    34,
    35,
    36,
    37,
    38,
    39,
    40,
    41,
    42,
    43,
    44,
    45,
    46,
    47
  ],
  "reset": [
    7,
    15,
    23,
    31,
    39,
    47
  ],
  "duration": [
    3.3716115951538086,
    3.186882495880127,
    3.184009552001953,
    3.185335636138916,
    3.188063621520996,
    3.1862919330596924,
    3.186699867248535,
    3.1695451736450195,
    3.185654878616333,
    3.175408363342285,
    3.174417018890381,
    3.180964469909668,
    3.1680991649627686,
    3.1844050884246826,
    3.1893088817596436,
    3.1752536296844482,
    3.1808316707611084,
    3.1735217571258545,
    3.183946371078491,
    3.18418288230896
  ],
  "status": 42
}