{
  "gpu": false,
  "device": "hybrid",
  "infile": "../matrix/cgne_init_4096_dble_csr.dat",
  "matfile": "../matrix/conf6_0-8x8-20/conf6_0-8x8-20.mtx",
  "k": 0.15717,
  "kc": 0.15717,
  "reordering": true,
  "preconditioning": true,
  "vol": 4096,
  "dim": 49152,
  "lattice": "8x8x8x8",
  "blk_dim": 3072,
  "bs": "4x4x4x4",
  "res": 1e-06,
  "tol": 0.0003135346870547978,
  "nmx": 250,
  "nkv": 7,
  "nmr": 10,
  "ncy": 4,
  "sdtype": "float32",
  "ddtype": "float64",
  "cdtype": "float32",
  "rn": [
    26.850471288006542,
    12.089471925797655,
    6.550510429766842,
    3.9084763142993486,
    2.3273176472209305,
    1.5114697538319783,
    0.9600359596635125,
    0.9600360600411454,
    0.621329138410939,
    0.3931407549194816,
    0.2444065820496322,
    0.15830904322083753,
    0.09803254417669616,
    0.055073219163571864,
    0.031182437177775583,
    0.03118243940720094,
    0.019170751968175154,
    0.011571256039062382,
    0.007003036778533404,
    0.004467599760239342,
    0.0028751099987074456,
    0.0019056107151374947,
    0.0012347229772152507,
    0.0012347229413863926,
    0.0008314169848907039,
    0.0005270687613974408,
    0.0003194020874199338,
    0.00020212451659904122,
    0.00020212451490452527
  ],
  "i": [
    0,
    1,
    2,
    3,
    4,
    5,
    6,
    7,
    8,
    9,
    10,
    11,
    12,
    13,
    14,
    15,
    16,
    17,
    18,
    19,
    20,
    21,
    22,
    23,
    24,
    25,
    26,
    27,
    28
  ],
  "reset": [
    7,
    15,
    23,
    28
  ],
  "duration": [
    8.462318420410156,
    8.441999912261963,
    8.446785688400269,
    8.445473432540894,
    8.442641019821167,
    8.44122862815857,
    8.441916704177856,
    8.44231367111206,
    8.448188781738281,
    8.442087650299072,
    8.43554139137268,
    8.441142559051514,
    8.438005924224854,
    8.43987226486206,
    8.445991516113281,
    8.4409761428833,
    8.443990230560303,
    8.450648546218872,
    8.446920156478882,
    8.44655156135559
  ],
  "status": 25
}