{
  "gpu": false,
  "device": "cpu",
  "infile": "../matrix/cgne_init_4096_dble_csr.dat",
  "matfile": "../matrix/conf6_0-8x8-30/conf6.0-00l8x8-3000.mtx",
  "k": 0.15649,
  "kc": 0.15649,
  "reordering": true,
  "preconditioning": true,
  "vol": 4096,
  "dim": 49152,
  "lattice": "8x8x8x8",
  "blk_dim": 3072,
  "bs": "4x4x4x4",
  "res": 1e-06,
  "tol": 0.0003135346870762468,
  "nmx": 125,
  "nkv": 7,
  "nmr": 4,
  "ncy": 20,
  "sdtype": "float64",
  "ddtype": "float64",
  "cdtype": "float64",
  "rn": [
    8.108815710963778,
    3.8666360206524835,
    2.207518217380891,
    1.0609363358445743,
    0.6133686552929193,
    0.33322152980607983,
    0.16042068698736572,
    0.16042068698736492,
    0.08735612734946735,
    0.04732844333821426,
    0.025858284428054462,
    0.014712774857992111,
    0.00846699562200073,
    0.004679094041499204,
    0.0021593697203791977,
    0.0021593697203792766,
    0.0010608283759744928,
    0.0006589915522975843,
    0.00038187333060150626,
    0.00023006312426822632,
    0.00023006312426893924
  ],
  "i": [
    0,
    1,
    2,
    3,
    4,
    5,
    6,
    7,
    8,
    9,
    10,
    11,
    12,
    13,
    14,
    15,
    16,
    17,
    18,
    19,
    20
  ],
  "reset": [
    7,
    15,
    20
  ],
  "duration": [
    10.025832414627075,
    10.021567106246948,
    10.013420581817627,
    10.010854005813599,
    10.014527082443237,
    10.01163363456726,
    10.004597902297974,
    10.00792407989502,
    9.978189706802368,
    9.956920385360718,
    9.94806957244873,
    9.949867010116577,
    9.956918239593506,
    9.941431760787964,
    9.948206186294556,
    9.954237222671509,
    9.953640937805176,
    9.948593378067017,
    9.95224905014038,
    9.955390453338623
  ],
  "status": 18
}