{
  "gpu": true,
  "infile": "../matrix/cgne_init_4096_dble_csr.dat",
  "matfile": "../matrix/conf6_0-8x8-20/conf6_0-8x8-20.mtx",
  "k": 0.15717,
  "kc": 0.15717,
  "reordering": true,
  "preconditioning": true,
  "vol": 4096,
  "dim": 49152,
  "lattice": "8x8x8x8",
  "blk_dim": 6144,
  "bs": "8x4x4x4",
  "res": 1e-06,
  "tol": 0.00031353468703945405,
  "nmx": 500,
  "nkv": 7,
  "nmr": 4,
  "ncy": 5,
  "sdtype": "float32",
  "ddtype": "float64",
  "cdtype": "float32",
  "rn": [
    24.00246694933379,
    11.81079106355945,
    6.574940165860774,
    3.925349305844801,
    2.3987249186901183,
    1.5151732683841617,
    0.9546066754188381,
    0.9546068214123875,
    0.6464958023054376,
    0.4110501742106914,
    0.25679148582618916,
    0.16462168481329478,
    0.10243280905023638,
    0.05940650566284918,
    0.03217318376723366,
    0.03217318544833803,
    0.019522841121826045,
    0.01182079767619205,
    0.0071338816437546675,
    0.004278867552303954,
    0.002693376502293542,
    0.0017784218998761641,
    0.0011749369806802875,
    0.0011749371173081628,
    0.000831498621880957,
    0.0005456953242478574,
    0.0003405060964145856,
    0.00020477206454610358,
    0.00020477206629037617
  ],
  "i": [
    0,
    1,
    2,
    3,
    4,
    5,
    6,
    7,
    8,
    9,
    10,
    11,
    12,
    13,
    14,
    15,
    16,
    17,
    18,
    19,
    20,
    21,
    22,
    23,
    24,
    25,
    26,
    27,
    28
  ],
  "reset": [
    7,
    15,
    23,
    28
  ],
  "duration": 3.3440918922424316,
  "status": 25
}