{
  "gpu": false,
  "device": "hybrid",
  "infile": "../matrix/cgne_init_4096_dble_csr.dat",
  "matfile": "../matrix/conf6_0-8x8-30/conf6.0-00l8x8-3000.mtx",
  "k": 0.15649,
  "kc": 0.15649,
  "reordering": true,
  "preconditioning": true,
  "vol": 4096,
  "dim": 49152,
  "lattice": "8x8x8x8",
  "blk_dim": 3072,
  "bs": "4x4x4x4",
  "res": 1e-06,
  "tol": 0.0003135346870547978,
  "nmx": 250,
  "nkv": 7,
  "nmr": 10,
  "ncy": 4,
  "sdtype": "float32",
  "ddtype": "float64",
  "cdtype": "float32",
  "rn": [
    22.903053984700637,
    9.954464115871303,
    5.0858473739747465,
    3.1206143963525053,
    2.0329702997485852,
    1.252402701895802,
    0.7344501075356703,
    0.7344501010642018,
    0.4734876075680533,
    0.3189838221135013,
    0.21157241582831554,
    0.12381182830579489,
    0.06533894729648965,
    0.03494834323155543,
    0.018808754606527225,
    0.018808753151100994,
    0.011966523077188148,
    0.008055011074148535,
    0.005317008819859458,
    0.003492191995895068,
    0.002348709117132849,
    0.0014835410971107158,
    0.0009305848355261617,
    0.000930584859294411,
    0.0005951941020353416,
    0.00039083068893891215,
    0.00026566664806997124,
    0.00026566664995428377
  ],
  "i": [
    0,
    1,
    2,
    3,
    4,
    5,
    6,
    7,
    8,
    9,
    10,
    11,
    12,
    13,
    14,
    15,
    16,
    17,
    18,
    19,
    20,
    21,
    22,
    23,
    24,
    25,
    26,
    27
  ],
  "reset": [
    7,
    15,
    23,
    27
  ],
  "duration": [
    8.1984121799469,
    8.197193145751953,
    8.19011926651001,
    8.183883428573608,
    8.182044744491577,
    8.185467004776001,
    8.185045957565308,
    8.194974184036255,
    8.187137126922607,
    8.195354700088501,
    8.201671838760376,
    8.19397521018982,
    8.194150924682617,
    8.181194543838501,
    8.167008638381958,
    8.181368112564087,
    8.185490846633911,
    8.189467668533325,
    8.183870077133179,
    8.188427925109863
  ],
  "status": 24
}