{
  "gpu": true,
  "infile": "../matrix/cgne_init_4096_dble_csr.dat",
  "matfile": "../matrix/conf6_0-8x8-20/conf6_0-8x8-20.mtx",
  "k": 0.15717,
  "kc": 0.15717,
  "reordering": true,
  "preconditioning": true,
  "vol": 4096,
  "dim": 49152,
  "lattice": "8x8x8x8",
  "blk_dim": 12288,
  "bs": "8x8x4x4",
  "res": 1e-06,
  "tol": 0.00031353468703945405,
  "nmx": 125,
  "nkv": 7,
  "nmr": 4,
  "ncy": 20,
  "sdtype": "float32",
  "ddtype": "float64",
  "cdtype": "float32",
  "rn": [
    11.666201683010922,
    6.4587559745692396,
    4.223888441192871,
    2.9540349690133163,
    2.4784086092332944,
    1.8214272120936248,
    1.4162746819057457,
    1.416274790846254,
    1.169732466292344,
    0.9136016194689892,
    0.690977285341706,
    0.49577550925123853,
    0.37278204549391025,
    0.22936111820510416,
    0.10530178964868073,
    0.10530178422315987,
    0.06687407503896182,
    0.04902538494616322,
    0.03640439181952083,
    0.027400257821886632,
    0.02388693689215852,
    0.01807160983001619,
    0.013136983169987121,
    0.013136983202287652,
    0.010431588731669002,
    0.008708444462917223,
    0.006657070322098386,
    0.004902216677540066,
    0.003885331052156358,
    0.0026921027336529527,
    0.0015578960154944447,
    0.0015578959311265265,
    0.001016913380368314,
    0.0007866663195265117,
    0.0005940524714338912,
    0.00043632892887146357,
    0.0003655452957014166,
    0.0002913331508789447,
    0.00029133314730472404
  ],
  "i": [
    0,
    1,
    2,
    3,
    4,
    5,
    6,
    7,
    8,
    9,
    10,
    11,
    12,
    13,
    14,
    15,
    16,
    17,
    18,
    19,
    20,
    21,
    22,
    23,
    24,
    25,
    26,
    27,
    28,
    29,
    30,
    31,
    32,
    33,
    34,
    35,
    36,
    37,
    38
  ],
  "reset": [
    7,
    15,
    23,
    31,
    38
  ],
  "duration": 7.166152715682983,
  "status": 34
}