{
  "gpu": true,
  "device": "gpu",
  "infile": "../matrix/cgne_init_4096_dble_csr.dat",
  "matfile": "../matrix/conf6_0-8x8-20/conf6_0-8x8-20.mtx",
  "k": 0.15,
  "kc": 0.15717,
  "reordering": true,
  "preconditioning": true,
  "vol": 4096,
  "dim": 49152,
  "lattice": "8x8x8x8",
  "blk_dim": 3072,
  "bs": "4x4x4x4",
  "res": 1e-06,
  "tol": 0.00031353468703945405,
  "nmx": 417,
  "nkv": 7,
  "nmr": 2,
  "ncy": 12,
  "sdtype": "float32",
  "ddtype": "float64",
  "cdtype": "float32",
  "rn": [
    5.041797325508737,
    0.8129438536710267,
    0.14573644519146775,
    0.025890931920705976,
    0.004593336048155299,
    0.000797519649427234,
    0.00015540074821434542,
    0.0001662013035954459
  ],
  "i": [
    0,
    1,
    2,
    3,
    4,
    5,
    6,
    7
  ],
  "reset": [
    7
  ],
  "duration": [
    1.75124192237854,
    1.5922510623931885,
    1.5777957439422607,
    1.5981926918029785,
    1.5901412963867188,
    1.58852219581604,
    1.5732409954071045,
    1.5740997791290283,
    1.5959031581878662,
    1.5703399181365967,
    1.578641653060913,
    1.5923538208007812,
    1.579742670059204,
    1.5969200134277344,
    1.5689148902893066,
    1.5666234493255615,
    1.5912754535675049,
    1.5676043033599854,
    1.5864653587341309,
    1.5905942916870117
  ],
  "status": 7
}