{
  "gpu": false,
  "device": "cpu",
  "infile": "../matrix/cgne_init_65536_dble_csr.dat",
  "matfile": null,
  "k": 0.0,
  "kc": 0.0,
  "reordering": false,
  "preconditioning": true,
  "vol": 65536,
  "dim": 786432,
  "lattice": "16x16x16x16",
  "blk_dim": 3072,
  "bs": "4x4x4x4",
  "res": 1e-06,
  "tol": 0.0012541387482794752,
  "nmx": 1250,
  "nkv": 7,
  "nmr": 2,
  "ncy": 4,
  "sdtype": "float32",
  "ddtype": "float64",
  "cdtype": "float32",
  "rn": [
    565.1568879650429,
    271.87059658829725,
    119.76520666132903,
    52.17759307138684,
    22.962318186226856,
    10.201002233286246,
    4.576827552955069,
    4.576827441517745,
    2.5214720617951674,
    1.0418110700615504,
    0.4447447219763896,
    0.1952057030050663,
    0.09044811896476079,
    0.04230412250915755,
    0.01908512288417234,
    0.019085123189160894,
    0.010262132560500226,
    0.004802161254334114,
    0.0020382320461430964,
    0.0009348508286977065,
    0.00093485082770577
  ],
  "i": [
    0,
    1,
    2,
    3,
    4,
    5,
    6,
    7,
    8,
    9,
    10,
    11,
    12,
    13,
    14,
    15,
    16,
    17,
    18,
    19,
    20
  ],
  "reset": [
    7,
    15,
    20
  ],
  "duration": [
    14.315610885620117,
    14.294438600540161,
    14.330374240875244,
    14.360305070877075,
    14.360346794128418,
    14.307878255844116,
    14.346276998519897,
    14.39612340927124,
    14.315844774246216,
    14.28854250907898,
    14.328721761703491,
    14.322949886322021,
    14.352133512496948,
    14.313518762588501,
    14.36781620979309,
    14.35459852218628,
    14.330819845199585,
    14.299304485321045,
    14.345049858093262,
    14.357831954956055
  ],
  "status": 18
}