{
  "gpu": false,
  "device": "cpu",
  "infile": "../matrix/cgne_init_4096_dble_csr.dat",
  "matfile": "../matrix/conf6_0-8x8-30/conf6.0-00l8x8-3000.mtx",
  "k": 0.15649,
  "kc": 0.15649,
  "reordering": true,
  "preconditioning": true,
  "vol": 4096,
  "dim": 49152,
  "lattice": "8x8x8x8",
  "blk_dim": 6144,
  "bs": "8x4x4x4",
  "res": 1e-06,
  "tol": 0.0003135346870762468,
  "nmx": 250,
  "nkv": 7,
  "nmr": 10,
  "ncy": 4,
  "sdtype": "float64",
  "ddtype": "float64",
  "cdtype": "float64",
  "rn": [
    23.565073557792953,
    10.85023456570065,
    5.921618696455709,
    3.6736184262661893,
    2.2753140846598834,
    1.369342251719995,
    0.7583280586108088,
    0.7583280586108088,
    0.492070491897987,
    0.3302573775535958,
    0.19929740971848003,
    0.11291749400095344,
    0.06630635870826702,
    0.03711785179277942,
    0.02308849326297441,
    0.023088493262974612,
    0.014947661177627592,
    0.009332834477517014,
    0.005728535346995504,
    0.003629467797448406,
    0.002269453080873489,
    0.0015513058822419902,
    0.0009779852818715977,
    0.0009779852818721793,
    0.0006389355578975554,
    0.0004371756434815061,
    0.00027910716435461814,
    0.0002791071643547235
  ],
  "i": [
    0,
    1,
    2,
    3,
    4,
    5,
    6,
    7,
    8,
    9,
    10,
    11,
    12,
    13,
    14,
    15,
    16,
    17,
    18,
    19,
    20,
    21,
    22,
    23,
    24,
    25,
    26,
    27
  ],
  "reset": [
    7,
    15,
    23,
    27
  ],
  "duration": [
    6.962933778762817,
    6.966745138168335,
    6.967684507369995,
    6.96776556968689,
    6.9662744998931885,
    6.971312522888184,
    6.961899995803833,
    6.961548805236816,
    6.960869312286377,
    6.961147308349609,
    6.961398124694824,
    6.965352296829224,
    6.961198568344116,
    6.957046747207642,
    6.948801755905151,
    6.94024920463562,
    6.950264930725098,
    6.945144891738892,
    6.947815656661987,
    6.954334020614624
  ],
  "status": 24
}