{
  "gpu": true,
  "device": "gpu",
  "infile": "../matrix/cgne_init_4096_dble_csr.dat",
  "matfile": "../matrix/conf6_0-8x8-30/conf6.0-00l8x8-3000.mtx",
  "k": 0.05,
  "kc": 0.15649,
  "reordering": true,
  "preconditioning": true,
  "vol": 4096,
  "dim": 49152,
  "lattice": "8x8x8x8",
  "blk_dim": 12288,
  "bs": "8x8x4x4",
  "res": 1e-06,
  "tol": 0.00031353468703945405,
  "nmx": 2500,
  "nkv": 7,
  "nmr": 1,
  "ncy": 4,
  "sdtype": "float32",
  "ddtype": "float64",
  "cdtype": "float64",
  "rn": [
    0.7100012783020891,
    0.0035139553164358155,
    1.9335576133761643e-05,
    3.8173310794954444e-05
  ],
  "i": [
    0,
    1,
    2,
    3
  ],
  "reset": [
    3
  ],
  "duration": [
    0.2081611156463623,
    0.04482722282409668,
    0.04313206672668457,
    0.04236125946044922,
    0.04208064079284668,
    0.042073726654052734,
    0.04213356971740723,
    0.0423130989074707,
    0.042447805404663086,
    0.042563676834106445,
    0.04456758499145508,
    0.04275989532470703,
    0.042619943618774414,
    0.04253053665161133,
    0.04257345199584961,
    0.04215264320373535,
    0.04236173629760742,
    0.04200148582458496,
    0.04240012168884277,
    0.042523860931396484
  ],
  "status": 3
}