{
  "gpu": false,
  "device": "cpu",
  "infile": "../matrix/cgne_init_65536_dble_csr.dat",
  "matfile": null,
  "k": 0.0,
  "kc": 0.0,
  "reordering": false,
  "preconditioning": true,
  "vol": 65536,
  "dim": 786048,
  "lattice": "16x16x16x16",
  "blk_dim": 196512,
  "bs": "16x16x8x8",
  "res": 1e-06,
  "tol": 0.0012541387482794752,
  "nmx": 210,
  "nkv": 7,
  "nmr": 12,
  "ncy": 4,
  "sdtype": "float32",
  "ddtype": "float64",
  "cdtype": "float64",
  "rn": [
    60.183540019688266,
    4.584736695611553,
    0.393878376630173,
    0.03740263288541249,
    0.0038868023514097034,
    0.0003984576187399962,
    0.00048436550143521995
  ],
  "i": [
    0,
    1,
    2,
    3,
    4,
    5,
    6
  ],
  "reset": [
    6
  ],
  "duration": [
    13.51694369316101,
    13.507763385772705,
    13.502023935317993,
    13.44211721420288,
    13.453224420547485,
    13.431381702423096,
    13.462981224060059,
    13.435487270355225,
    13.45974349975586,
    13.44914197921753,
    13.430716514587402,
    13.486119270324707,
    13.451109886169434,
    13.454660654067993,
    13.452338457107544,
    13.443707704544067,
    13.452771663665771,
    13.427702903747559,
    13.4423348903656,
    13.426669836044312
  ],
  "status": 6
}