{
  "gpu": false,
  "device": "cpu",
  "infile": "../matrix/cgne_init_4096_dble_csr.dat",
  "matfile": "../matrix/conf6_0-8x8-20/conf6_0-8x8-20.mtx",
  "k": 0.15,
  "kc": 0.15717,
  "reordering": true,
  "preconditioning": true,
  "vol": 4096,
  "dim": 49152,
  "lattice": "8x8x8x8",
  "blk_dim": 6144,
  "bs": "8x4x4x4",
  "res": 1e-06,
  "tol": 0.0003135346870547978,
  "nmx": 125,
  "nkv": 7,
  "nmr": 20,
  "ncy": 4,
  "sdtype": "float32",
  "ddtype": "float64",
  "cdtype": "float64",
  "rn": [
    8.654037499872071,
    1.281517166640266,
    0.22337484018741094,
    0.04046984660188636,
    0.007661870894644355,
    0.0014611575504007701,
    0.0002774973604422051,
    0.0002911699752550221
  ],
  "i": [
    0,
    1,
    2,
    3,
    4,
    5,
    6,
    7
  ],
  "reset": [
    7
  ],
  "duration": [
    3.822549819946289,
    3.8252100944519043,
    3.8201236724853516,
    3.822014570236206,
    3.8176753520965576,
    3.8218390941619873,
    3.8181450366973877,
    3.8207783699035645,
    3.8166329860687256,
    3.821096897125244,
    3.8190159797668457,
    3.821025848388672,
    3.816807985305786,
    3.819974422454834,
    3.8182919025421143,
    3.8209879398345947,
    3.819021224975586,
    3.8205087184906006,
    3.821411371231079,
    3.81777024269104
  ],
  "status": 7
}