{
  "gpu": false,
  "device": "cpu",
  "infile": "../matrix/cgne_init_4096_dble_csr.dat",
  "matfile": "../matrix/conf6_0-8x8-20/conf6_0-8x8-20.mtx",
  "k": 0.15,
  "kc": 0.15717,
  "reordering": true,
  "preconditioning": true,
  "vol": 4096,
  "dim": 49152,
  "lattice": "8x8x8x8",
  "blk_dim": 24576,
  "bs": "8x8x8x4",
  "res": 1e-06,
  "tol": 0.0003135346870547978,
  "nmx": 250,
  "nkv": 7,
  "nmr": 10,
  "ncy": 4,
  "sdtype": "float32",
  "ddtype": "float64",
  "cdtype": "float64",
  "rn": [
    3.1707825678287764,
    0.3050279136777465,
    0.03476615295657764,
    0.0035310003634732774,
    0.0003532322893811764,
    3.7831075257650485e-05,
    8.174828767797356e-05
  ],
  "i": [
    0,
    1,
    2,
    3,
    4,
    5,
    6
  ],
  "reset": [
    6
  ],
  "duration": [
    2.5462987422943115,
    2.5473835468292236,
    2.5528204441070557,
    2.5471513271331787,
    2.5520782470703125,
    2.5461370944976807,
    2.55029034614563,
    2.5436694622039795,
    2.5520386695861816,
    2.5446507930755615,
    2.552445650100708,
    2.5446786880493164,
    2.5497162342071533,
    2.5460848808288574,
    2.5463147163391113,
    2.5450143814086914,
    2.5445563793182373,
    2.547534227371216,
    2.545736312866211,
    2.5428714752197266
  ],
  "status": 6
}