{
  "gpu": true,
  "device": "gpu",
  "infile": "../matrix/cgne_init_4096_dble_csr.dat",
  "matfile": "../matrix/conf6_0-8x8-30/conf6.0-00l8x8-3000.mtx",
  "k": 0.05,
  "kc": 0.15649,
  "reordering": true,
  "preconditioning": true,
  "vol": 4096,
  "dim": 49152,
  "lattice": "8x8x8x8",
  "blk_dim": 6144,
  "bs": "8x4x4x4",
  "res": 1e-06,
  "tol": 0.0003135346870762468,
  "nmx": 417,
  "nkv": 7,
  "nmr": 6,
  "ncy": 4,
  "sdtype": "float64",
  "ddtype": "float64",
  "cdtype": "float64",
  "rn": [
    3.1408009922918744e-05,
    3.1408009922523776e-05
  ],
  "i": [
    0,
    1
  ],
  "reset": [
    1
  ],
  "duration": [
    0.09961485862731934,
    0.10053682327270508,
    0.10153436660766602,
    0.10028529167175293,
    0.10088992118835449,
    0.10121011734008789,
    0.09937763214111328,
    0.10035204887390137,
    0.10343003273010254,
    0.10111546516418457,
    0.10115933418273926,
    0.09994029998779297,
    0.0992591381072998,
    0.10223865509033203,
    0.1012725830078125,
    0.1013498306274414,
    0.10128641128540039,
    0.10159921646118164,
    0.10193347930908203,
    0.1013650894165039
  ],
  "status": 1
}