{
  "gpu": false,
  "device": "hybrid",
  "infile": "../matrix/cgne_init_4096_dble_csr.dat",
  "matfile": "../matrix/conf6_0-8x8-30/conf6.0-00l8x8-3000.mtx",
  "k": 0.05,
  "kc": 0.15649,
  "reordering": true,
  "preconditioning": true,
  "vol": 4096,
  "dim": 49152,
  "lattice": "8x8x8x8",
  "blk_dim": 12288,
  "bs": "8x8x4x4",
  "res": 1e-06,
  "tol": 0.0003135346870547978,
  "nmx": 250,
  "nkv": 7,
  "nmr": 10,
  "ncy": 4,
  "sdtype": "float32",
  "ddtype": "float64",
  "cdtype": "float64",
  "rn": [
    2.4165616638170975e-05,
    3.8228184885321985e-05
  ],
  "i": [
    0,
    1
  ],
  "reset": [
    1
  ],
  "duration": [
    0.1125483512878418,
    0.11213207244873047,
    0.11215734481811523,
    0.11123132705688477,
    0.1114799976348877,
    0.11188721656799316,
    0.11137199401855469,
    0.11202073097229004,
    0.11215448379516602,
    0.11141657829284668,
    0.11209750175476074,
    0.11157512664794922,
    0.11170053482055664,
    0.11159467697143555,
    0.11138725280761719,
    0.1122734546661377,
    0.11170363426208496,
    0.11127495765686035,
    0.1116786003112793,
    0.11195898056030273
  ],
  "status": 1
}