{
  "gpu": false,
  "device": "hybrid",
  "infile": "../matrix/cgne_init_4096_dble_csr.dat",
  "matfile": "../matrix/conf6_0-8x8-20/conf6_0-8x8-20.mtx",
  "k": 0.15,
  "kc": 0.15717,
  "reordering": true,
  "preconditioning": true,
  "vol": 4096,
  "dim": 49152,
  "lattice": "8x8x8x8",
  "blk_dim": 24576,
  "bs": "8x8x8x4",
  "res": 1e-06,
  "tol": 0.0003135346870547978,
  "nmx": 2500,
  "nkv": 7,
  "nmr": 0.5,
  "ncy": 0.5,
  "sdtype": "float32",
  "ddtype": "float64",
  "cdtype": "float32",
  "rn": [
    61.75347899305618,
    25.763975124936493,
    9.264582199698555,
    4.704002374817736,
    2.513865456758417,
    1.4426663600824345,
    0.8280539158396689,
    0.8280540327312654,
    0.5223180226102051,
    0.3196643435935386,
    0.19048901868960605,
    0.11108664370316565,
    0.0641588342702003,
    0.036074985109183846,
    0.0217594366396103,
    0.021759437186568243,
    0.01374364575730955,
    0.008673423740702376,
    0.005334132192165542,
    0.0031635649494145325,
    0.0019732243511009894,
    0.0011831295261325481,
    0.0007149825480543025,
    0.0007149825257297836,
    0.0004566848272785801,
    0.0002817371452059371,
    0.0002817371442971246
  ],
  "i": [
    0,
    1,
    2,
    3,
    4,
    5,
    6,
    7,
    8,
    9,
    10,
    11,
    12,
    13,
    14,
    15,
    16,
    17,
    18,
    19,
    20,
    21,
    22,
    23,
    24,
    25,
    26
  ],
  "reset": [
    7,
    15,
    23,
    26
  ],
  "duration": [
    0.4108583927154541,
    0.41583847999572754,
    0.41083645820617676,
    0.4096100330352783,
    0.4069199562072754,
    0.4075915813446045,
    0.40665411949157715,
    0.40595197677612305,
    0.4062929153442383,
    0.40609216690063477,
    0.40824365615844727,
    0.4123866558074951,
    0.4112849235534668,
    0.41565442085266113,
    0.4054698944091797,
    0.4067728519439697,
    0.4058706760406494,
    0.40947866439819336,
    0.40641307830810547,
    0.4059109687805176
  ],
  "status": 23
}