{
  "gpu": false,
  "device": "hybrid",
  "infile": "../matrix/cgne_init_4096_dble_csr.dat",
  "matfile": "../matrix/conf6_0-8x8-30/conf6.0-00l8x8-3000.mtx",
  "k": 0.05,
  "kc": 0.15649,
  "reordering": true,
  "preconditioning": true,
  "vol": 4096,
  "dim": 49152,
  "lattice": "8x8x8x8",
  "blk_dim": 3072,
  "bs": "4x4x4x4",
  "res": 1e-06,
  "tol": 0.0003135346870762468,
  "nmx": 1250,
  "nkv": 7,
  "nmr": 4,
  "ncy": 2,
  "sdtype": "float64",
  "ddtype": "float64",
  "cdtype": "float64",
  "rn": [
    0.3533033156214205,
    9.885286186060093e-05,
    9.885286186058368e-05
  ],
  "i": [
    0,
    1,
    2
  ],
  "reset": [
    2
  ],
  "duration": [
    0.19344067573547363,
    0.23810243606567383,
    0.23716044425964355,
    0.24387693405151367,
    0.25510716438293457,
    0.22991228103637695,
    0.2499077320098877,
    0.24431395530700684,
    0.2944457530975342,
    0.20059800148010254,
    0.2614274024963379,
    0.2185072898864746,
    0.2310781478881836,
    0.2311258316040039,
    0.22524046897888184,
    0.2505917549133301,
    0.2330312728881836,
    0.24999380111694336,
    0.3213465213775635,
    0.3197927474975586
  ],
  "status": 2
}