{
  "gpu": false,
  "infile": "../matrix/cgne_init_4096_dble_csr.dat",
  "matfile": null,
  "k": 0.0,
  "kc": 0.0,
  "reordering": false,
  "preconditioning": true,
  "vol": 4096,
  "dim": 49152,
  "lattice": "8x8x8x8",
  "blk_dim": 3072,
  "bs": "4x4x4x4",
  "res": 1e-06,
  "tol": 0.0003135346870762468,
  "nmx": 2500,
  "nkv": 7,
  "nmr": 1,
  "ncy": 4,
  "sdtype": "float64",
  "ddtype": "float64",
  "cdtype": "float64",
  "rn": [
    118.49416673515765,
    46.19235917625559,
    19.16940336159962,
    8.354847963080852,
    3.779926464168444,
    1.755094333247411,
    0.8374708173804194,
    0.8374708173804201,
    0.41451321989298845,
    0.2097258975712979,
    0.10702184859147644,
    0.04872619147931461,
    0.023562285072160936,
    0.011406894361612826,
    0.005435792576619889,
    0.005435792576619709,
    0.0027297610174406898,
    0.0013803004207986259,
    0.0006936829098792084,
    0.00032336140230086773,
    0.00015931433968963802,
    0.00015931433969011325
  ],
  "i": [
    0,
    1,
    2,
    3,
    4,
    5,
    6,
    7,
    8,
    9,
    10,
    11,
    12,
    13,
    14,
    15,
    16,
    17,
    18,
    19,
    20,
    21
  ],
  "reset": [
    7,
    15,
    21
  ],
  "duration": [
    1.8499276638031006,
    1.6265809535980225,
    1.4328422546386719,
    1.6807427406311035,
    1.711881399154663,
    1.488434076309204,
    1.5505256652832031,
    1.6736366748809814,
    1.6194195747375488,
    1.818819522857666,
    1.5660536289215088,
    1.4367616176605225,
    1.5817737579345703,
    1.815356969833374,
    1.5159962177276611,
    1.6738712787628174,
    1.5405547618865967,
    1.4056241512298584,
    1.7100651264190674,
    1.700312614440918
  ],
  "status": 19
}