{
  "gpu": true,
  "device": "gpu",
  "infile": "../matrix/cgne_init_4096_dble_csr.dat",
  "matfile": "../matrix/conf6_0-8x8-20/conf6_0-8x8-20.mtx",
  "k": 0.15717,
  "kc": 0.15717,
  "reordering": true,
  "preconditioning": true,
  "vol": 4096,
  "dim": 49152,
  "lattice": "8x8x8x8",
  "blk_dim": 6144,
  "bs": "8x4x4x4",
  "res": 1e-06,
  "tol": 0.0003135346870762468,
  "nmx": 417,
  "nkv": 7,
  "nmr": 6,
  "ncy": 4,
  "sdtype": "float64",
  "ddtype": "float64",
  "cdtype": "float64",
  "rn": [
    26.85702832122159,
    12.745924201197274,
    7.0316629567642694,
    4.189090695566904,
    2.533967240539163,
    1.617597613239419,
    1.0300150768919265,
    1.030015076891926,
    0.6729924588456888,
    0.4176680054673522,
    0.25632785423776705,
    0.16344985983205224,
    0.10141677389894231,
    0.05652042725332838,
    0.03237035410361881,
    0.03237035410361882,
    0.019423265810352884,
    0.01150699370558537,
    0.006977079438585504,
    0.004334874502390164,
    0.002764283877507782,
    0.0018159899598900106,
    0.0011516888682088777,
    0.0011516888682087036,
    0.0007601838839945734,
    0.0004748699354462368,
    0.00029392836885035195,
    0.00029392836884980025
  ],
  "i": [
    0,
    1,
    2,
    3,
    4,
    5,
    6,
    7,
    8,
    9,
    10,
    11,
    12,
    13,
    14,
    15,
    16,
    17,
    18,
    19,
    20,
    21,
    22,
    23,
    24,
    25,
    26,
    27
  ],
  "reset": [
    7,
    15,
    23,
    27
  ],
  "duration": [
    2.5444657802581787,
    2.3734683990478516,
    2.366283416748047,
    2.3700578212738037,
    2.359842538833618,
    2.3750405311584473,
    2.3800547122955322,
    2.363645315170288,
    2.3745548725128174,
    2.370089054107666,
    2.362454652786255,
    2.362103223800659,
    2.371058464050293,
    2.3675436973571777,
    2.380976915359497,
    2.3747873306274414,
    2.3741812705993652,
    2.3586859703063965,
    2.3761825561523438,
    2.359379768371582
  ],
  "status": 24
}