{
  "gpu": false,
  "device": "hybrid",
  "infile": "../matrix/cgne_init_4096_dble_csr.dat",
  "matfile": "../matrix/conf6_0-8x8-30/conf6.0-00l8x8-3000.mtx",
  "k": 0.05,
  "kc": 0.15649,
  "reordering": true,
  "preconditioning": true,
  "vol": 4096,
  "dim": 49152,
  "lattice": "8x8x8x8",
  "blk_dim": 24576,
  "bs": "8x8x8x4",
  "res": 1e-06,
  "tol": 0.0003135346870762468,
  "nmx": 125,
  "nkv": 7,
  "nmr": 20,
  "ncy": 4,
  "sdtype": "float64",
  "ddtype": "float64",
  "cdtype": "float64",
  "rn": [
    1.1269147358979492e-10,
    1.1269142409152431e-10
  ],
  "i": [
    0,
    1
  ],
  "reset": [
    1
  ],
  "duration": [
    0.11495375633239746,
    0.11707711219787598,
    0.14463281631469727,
    0.1218271255493164,
    0.16632390022277832,
    0.11507582664489746,
    0.17107772827148438,
    0.1718611717224121,
    0.11500787734985352,
    0.15192723274230957,
    0.11461663246154785,
    0.15467119216918945,
    0.1151583194732666,
    0.16706323623657227,
    0.14635705947875977,
    0.16396594047546387,
    0.14736247062683105,
    0.13218021392822266,
    0.11521720886230469,
    0.14530324935913086
  ],
  "status": 1
}