{
  "gpu": false,
  "device": "cpu",
  "infile": "../matrix/cgne_init_4096_dble_csr.dat",
  "matfile": "../matrix/conf6_0-8x8-30/conf6.0-00l8x8-3000.mtx",
  "k": 0.15649,
  "kc": 0.15649,
  "reordering": true,
  "preconditioning": true,
  "vol": 4096,
  "dim": 49152,
  "lattice": "8x8x8x8",
  "blk_dim": 3072,
  "bs": "4x4x4x4",
  "res": 1e-06,
  "tol": 0.0003135346870547978,
  "nmx": 417,
  "nkv": 7,
  "nmr": 2,
  "ncy": 12,
  "sdtype": "float32",
  "ddtype": "float64",
  "cdtype": "float32",
  "rn": [
    16.384047960011372,
    8.81168381082058,
    5.6782566303086615,
    3.499731397931641,
    2.18757925635567,
    1.3245423357362944,
    0.8317682356825574,
    0.8317683863060731,
    0.5775524964422879,
    0.38202301707969377,
    0.2593242443279699,
    0.1767250469858142,
    0.11584551985450062,
    0.07642410068977476,
    0.05089897011633973,
    0.05089896979273817,
    0.03505138096337374,
    0.024052551542451832,
    0.016029076572405168,
    0.009975018646737435,
    0.0065891603521633195,
    0.0041984317341528365,
    0.002442736595677194,
    0.0024427366607843843,
    0.001533702729366384,
    0.001064219479758831,
    0.0007655360416839406,
    0.0005337055514620156,
    0.00037257257598695333,
    0.00025050898767802935,
    0.0002505089871374422
  ],
  "i": [
    0,
    1,
    2,
    3,
    4,
    5,
    6,
    7,
    8,
    9,
    10,
    11,
    12,
    13,
    14,
    15,
    16,
    17,
    18,
    19,
    20,
    21,
    22,
    23,
    24,
    25,
    26,
    27,
    28,
    29,
    30
  ],
  "reset": [
    7,
    15,
    23,
    30
  ],
  "duration": [
    5.725741624832153,
    5.7239885330200195,
    5.738794803619385,
    5.727498531341553,
    5.727024793624878,
    5.721463680267334,
    5.725627660751343,
    5.737892389297485,
    5.735328912734985,
    5.733400106430054,
    5.720439672470093,
    5.7141571044921875,
    5.702670574188232,
    5.700620889663696,
    5.701629161834717,
    5.703948020935059,
    5.695563316345215,
    5.707439422607422,
    5.726454257965088,
    5.722162485122681
  ],
  "status": 27
}