{
  "gpu": false,
  "device": "cpu",
  "infile": "../matrix/cgne_init_4096_dble_csr.dat",
  "matfile": "../matrix/conf6_0-8x8-20/conf6_0-8x8-20.mtx",
  "k": 0.15,
  "kc": 0.15717,
  "reordering": true,
  "preconditioning": true,
  "vol": 4096,
  "dim": 49152,
  "lattice": "8x8x8x8",
  "blk_dim": 6144,
  "bs": "8x4x4x4",
  "res": 1e-06,
  "tol": 0.0003135346870547978,
  "nmx": 1250,
  "nkv": 7,
  "nmr": 2,
  "ncy": 4,
  "sdtype": "float32",
  "ddtype": "float64",
  "cdtype": "float32",
  "rn": [
    24.554790635068063,
    7.888351741401796,
    3.6547975023711246,
    1.8495844021777892,
    0.9771145029553747,
    0.5189170328808953,
    0.275878934554776,
    0.2758791017540096,
    0.1598802154457118,
    0.0918010330634711,
    0.05137317732112594,
    0.027971062065085945,
    0.014549388666561709,
    0.007183656801119683,
    0.0038707601822258694,
    0.00387076020334307,
    0.0023015030394297983,
    0.0012767802945435646,
    0.0007266576933696935,
    0.0003937428936601769,
    0.00022401222064989063,
    0.0002240122239828447
  ],
  "i": [
    0,
    1,
    2,
    3,
    4,
    5,
    6,
    7,
    8,
    9,
    10,
    11,
    12,
    13,
    14,
    15,
    16,
    17,
    18,
    19,
    20,
    21
  ],
  "reset": [
    7,
    15,
    21
  ],
  "duration": [
    1.6788344383239746,
    1.6760551929473877,
    1.6726915836334229,
    1.680056095123291,
    1.6757254600524902,
    1.677628993988037,
    1.6822288036346436,
    1.6793160438537598,
    1.6767685413360596,
    1.6831085681915283,
    1.677347183227539,
    1.6758832931518555,
    1.6825919151306152,
    1.6766417026519775,
    1.676544427871704,
    1.6807525157928467,
    1.6841764450073242,
    1.6787922382354736,
    1.677656650543213,
    1.680710792541504
  ],
  "status": 19
}