{
  "gpu": false,
  "infile": "../matrix/cgne_init_4096_dble_csr.dat",
  "matfile": null,
  "k": 0.0,
  "kc": 0.0,
  "reordering": false,
  "preconditioning": true,
  "vol": 4096,
  "dim": 49152,
  "lattice": "8x8x8x8",
  "blk_dim": 24576,
  "bs": "8x8x8x4",
  "res": 1e-06,
  "tol": 0.0003135346870762468,
  "nmx": 417,
  "nkv": 7,
  "nmr": 12,
  "ncy": 2,
  "sdtype": "float64",
  "ddtype": "float64",
  "cdtype": "float64",
  "rn": [
    57.629034849333124,
    17.153168758086387,
    6.503356748780654,
    2.476592900324509,
    0.9419612753581631,
    0.36124543263637826,
    0.1394648780192557,
    0.13946487801925597,
    0.05774910673753207,
    0.023679005097864594,
    0.00898917906452694,
    0.003627247511077868,
    0.001470384678370682,
    0.0005807696951354293,
    0.0002383381514507406,
    0.00023833815145025318
  ],
  "i": [
    0,
    1,
    2,
    3,
    4,
    5,
    6,
    7,
    8,
    9,
    10,
    11,
    12,
    13,
    14,
    15
  ],
  "reset": [
    7,
    15
  ],
  "duration": [
    1.2662959098815918,
    1.2088053226470947,
    1.3052494525909424,
    1.2212774753570557,
    1.365267038345337,
    1.5970096588134766,
    1.280060052871704,
    1.3988087177276611,
    1.1863341331481934,
    1.3947372436523438,
    1.38291597366333,
    1.3307459354400635,
    1.2058632373809814,
    1.26542329788208,
    1.45335054397583,
    1.4102168083190918,
    1.3581078052520752,
    1.1426177024841309,
    1.2778370380401611,
    1.3190834522247314
  ],
  "status": 14
}