{
  "gpu": true,
  "device": "gpu",
  "infile": "../matrix/cgne_init_4096_dble_csr.dat",
  "matfile": "../matrix/conf6_0-8x8-20/conf6_0-8x8-20.mtx",
  "k": 0.15,
  "kc": 0.15717,
  "reordering": true,
  "preconditioning": true,
  "vol": 4096,
  "dim": 49152,
  "lattice": "8x8x8x8",
  "blk_dim": 12288,
  "bs": "8x8x4x4",
  "res": 1e-06,
  "tol": 0.00031353468703945405,
  "nmx": 1250,
  "nkv": 7,
  "nmr": 2,
  "ncy": 4,
  "sdtype": "float32",
  "ddtype": "float64",
  "cdtype": "float32",
  "rn": [
    24.807526521162064,
    8.426818730002324,
    4.108433625027771,
    2.138206443740554,
    1.1917812793033489,
    0.6530251307352072,
    0.3708843943917071,
    0.3708843949432724,
    0.22533277880479444,
    0.13405366061620821,
    0.08113367314659138,
    0.04647073119273681,
    0.026225333337681636,
    0.013395316799126204,
    0.007736163910308931,
    0.007736163214721973,
    0.004857242221494244,
    0.0028749177380048624,
    0.0017217972684221061,
    0.0010068946668849545,
    0.000589061481795777,
    0.00033669382449025477,
    0.0002021347734977874,
    0.00020213478685833996
  ],
  "i": [
    0,
    1,
    2,
    3,
    4,
    5,
    6,
    7,
    8,
    9,
    10,
    11,
    12,
    13,
    14,
    15,
    16,
    17,
    18,
    19,
    20,
    21,
    22,
    23
  ],
  "reset": [
    7,
    15,
    23
  ],
  "duration": [
    0.6190192699432373,
    0.4537851810455322,
    0.4467651844024658,
    0.45456862449645996,
    0.4590327739715576,
    0.4580686092376709,
    0.4551377296447754,
    0.45249176025390625,
    0.44944334030151367,
    0.4478733539581299,
    0.45826172828674316,
    0.4535949230194092,
    0.45619869232177734,
    0.4545314311981201,
    0.4549884796142578,
    0.45366692543029785,
    0.4589507579803467,
    0.4586052894592285,
    0.45844364166259766,
    0.45938777923583984
  ],
  "status": 21
}