{
  "gpu": false,
  "device": "cpu",
  "infile": "../matrix/cgne_init_4096_dble_csr.dat",
  "matfile": "../matrix/conf6_0-8x8-20/conf6_0-8x8-20.mtx",
  "k": 0.15717,
  "kc": 0.15717,
  "reordering": true,
  "preconditioning": true,
  "vol": 4096,
  "dim": 49152,
  "lattice": "8x8x8x8",
  "blk_dim": 6144,
  "bs": "8x4x4x4",
  "res": 1e-06,
  "tol": 0.0003135346870762468,
  "nmx": 417,
  "nkv": 7,
  "nmr": 6,
  "ncy": 4,
  "sdtype": "float64",
  "ddtype": "float64",
  "cdtype": "float64",
  "rn": [
    26.85702832122159,
    12.745924201197273,
    7.0316629567642694,
    4.189090695566904,
    2.533967240539163,
    1.6175976132394192,
    1.0300150768919263,
    1.030015076891926,
    0.6729924588456884,
    0.4176680054673517,
    0.2563278542377666,
    0.16344985983205176,
    0.10141677389894199,
    0.056520427253328204,
    0.032370354103618694,
    0.03237035410361822,
    0.019423265810352388,
    0.011506993705584513,
    0.006977079438584668,
    0.004334874502389583,
    0.0027642838775073747,
    0.0018159899598897003,
    0.0011516888682087153,
    0.0011516888682081398,
    0.0007601838839945177,
    0.000474869935446287,
    0.00029392836885086245,
    0.0002939283688507771
  ],
  "i": [
    0,
    1,
    2,
    3,
    4,
    5,
    6,
    7,
    8,
    9,
    10,
    11,
    12,
    13,
    14,
    15,
    16,
    17,
    18,
    19,
    20,
    21,
    22,
    23,
    24,
    25,
    26,
    27
  ],
  "reset": [
    7,
    15,
    23,
    27
  ],
  "duration": [
    4.599275350570679,
    4.597568511962891,
    4.597697496414185,
    4.597510576248169,
    4.60117769241333,
    4.599182844161987,
    4.59836483001709,
    4.598492860794067,
    4.596391439437866,
    4.59507417678833,
    4.595358610153198,
    4.593674182891846,
    4.595463037490845,
    4.5937347412109375,
    4.593294858932495,
    4.593012809753418,
    4.594278573989868,
    4.5908966064453125,
    4.593719244003296,
    4.592676877975464
  ],
  "status": 24
}