{
  "gpu": false,
  "device": "hybrid",
  "infile": "../matrix/cgne_init_4096_dble_csr.dat",
  "matfile": null,
  "k": 0.0,
  "kc": 0.0,
  "reordering": false,
  "preconditioning": true,
  "vol": 4096,
  "dim": 49152,
  "lattice": "8x8x8x8",
  "blk_dim": 6144,
  "bs": "8x4x4x4",
  "res": 1e-06,
  "tol": 0.0003135346870547978,
  "nmx": 417,
  "nkv": 7,
  "nmr": 12,
  "ncy": 2,
  "sdtype": "float32",
  "ddtype": "float64",
  "cdtype": "float64",
  "rn": [
    57.57940974718554,
    17.055350832249804,
    6.4006763454506155,
    2.381485891593912,
    0.8904145359165883,
    0.3366262041737735,
    0.1275806839599888,
    0.12758049346586262,
    0.05156942506416402,
    0.020548428631957456,
    0.007575061986956405,
    0.002970680297543452,
    0.0011596447403350776,
    0.0004502968574289852,
    0.00018190267108173283,
    0.00018190273576462342
  ],
  "i": [
    0,
    1,
    2,
    3,
    4,
    5,
    6,
    7,
    8,
    9,
    10,
    11,
    12,
    13,
    14,
    15
  ],
  "reset": [
    7,
    15
  ],
  "duration": [
    1.9070770740509033,
    1.9087696075439453,
    1.9073991775512695,
    1.908278226852417,
    1.9073927402496338,
    1.907458782196045,
    1.9090042114257812,
    1.908874273300171,
    1.906864881515503,
    1.9067986011505127,
    1.9066193103790283,
    1.9080779552459717,
    1.908113956451416,
    1.908198595046997,
    1.90608549118042,
    1.906181812286377,
    1.9052212238311768,
    1.905726671218872,
    1.903545618057251,
    1.9011971950531006
  ],
  "status": 14
}