{
  "gpu": true,
  "device": "gpu",
  "infile": "../matrix/cgne_init_4096_dble_csr.dat",
  "matfile": "../matrix/conf6_0-8x8-20/conf6_0-8x8-20.mtx",
  "k": 0.15,
  "kc": 0.15717,
  "reordering": true,
  "preconditioning": true,
  "vol": 4096,
  "dim": 49152,
  "lattice": "8x8x8x8",
  "blk_dim": 3072,
  "bs": "4x4x4x4",
  "res": 1e-06,
  "tol": 0.0003135346870762468,
  "nmx": 417,
  "nkv": 7,
  "nmr": 2,
  "ncy": 12,
  "sdtype": "float64",
  "ddtype": "float64",
  "cdtype": "float64",
  "rn": [
    5.04179722089001,
    0.8129438505026662,
    0.14573644337637331,
    0.025890930113622476,
    0.004593336283128783,
    0.0007975168089671054,
    0.00015539373232451183,
    0.00015539373232403023
  ],
  "i": [
    0,
    1,
    2,
    3,
    4,
    5,
    6,
    7
  ],
  "reset": [
    7
  ],
  "duration": [
    1.7678804397583008,
    1.5704550743103027,
    1.575800895690918,
    1.596599817276001,
    1.5784680843353271,
    1.5838007926940918,
    1.5772037506103516,
    1.5938689708709717,
    1.567453145980835,
    1.5753421783447266,
    1.5886149406433105,
    1.56541109085083,
    1.579646110534668,
    1.584385633468628,
    1.564579963684082,
    1.578735113143921,
    1.578948736190796,
    1.571549892425537,
    1.5794615745544434,
    1.57122802734375
  ],
  "status": 7
}