{
  "gpu": false,
  "infile": "../matrix/cgne_init_4096_dble_csr.dat",
  "matfile": null,
  "k": 0.0,
  "kc": 0.0,
  "reordering": false,
  "preconditioning": true,
  "vol": 4096,
  "dim": 49152,
  "lattice": "8x8x8x8",
  "blk_dim": 6144,
  "bs": "8x4x4x4",
  "res": 1e-06,
  "tol": 0.0003135346870547978,
  "nmx": 250,
  "nkv": 7,
  "nmr": 4,
  "ncy": 10,
  "sdtype": "float32",
  "ddtype": "float64",
  "cdtype": "float32",
  "rn": [
    51.85620324699622,
    15.199608346602195,
    4.932528434419405,
    1.7113764710481159,
    0.6235788686807463,
    0.22282979114848658,
    0.07464695597587388,
    0.07464702032234653,
    0.02566039917037482,
    0.009181619545188827,
    0.0029841990175216294,
    0.0009510777442070793,
    0.00034320012717237126,
    0.00011514138305023,
    0.00011514130066268949
  ],
  "i": [
    0,
    1,
    2,
    3,
    4,
    5,
    6,
    7,
    8,
    9,
    10,
    11,
    12,
    13,
    14
  ],
  "reset": [
    7,
    14
  ],
  "duration": 2.1761817932128906,
  "status": 13
}