{
  "gpu": false,
  "device": "hybrid",
  "infile": "../matrix/cgne_init_4096_dble_csr.dat",
  "matfile": "../matrix/conf6_0-8x8-30/conf6.0-00l8x8-3000.mtx",
  "k": 0.05,
  "kc": 0.15649,
  "reordering": true,
  "preconditioning": true,
  "vol": 4096,
  "dim": 49152,
  "lattice": "8x8x8x8",
  "blk_dim": 12288,
  "bs": "8x8x4x4",
  "res": 1e-06,
  "tol": 0.0003135346870547978,
  "nmx": 1250,
  "nkv": 7,
  "nmr": 2,
  "ncy": 4,
  "sdtype": "float32",
  "ddtype": "float64",
  "cdtype": "float32",
  "rn": [
    0.0057903870554532845,
    2.2546629082259437e-05,
    5.100523792608605e-05
  ],
  "i": [
    0,
    1,
    2
  ],
  "reset": [
    2
  ],
  "duration": [
    0.0676729679107666,
    0.06732416152954102,
    0.06710433959960938,
    0.06946325302124023,
    0.06717896461486816,
    0.06723427772521973,
    0.06749534606933594,
    0.06732535362243652,
    0.06693291664123535,
    0.06705069541931152,
    0.06724095344543457,
    0.06705570220947266,
    0.06728291511535645,
    0.06737470626831055,
    0.06776785850524902,
    0.06721234321594238,
    0.0672764778137207,
    0.06729793548583984,
    0.0677652359008789,
    0.06754374504089355
  ],
  "status": 2
}