{
  "gpu": true,
  "device": "gpu",
  "infile": "../matrix/cgne_init_4096_dble_csr.dat",
  "matfile": "../matrix/conf6_0-8x8-20/conf6_0-8x8-20.mtx",
  "k": 0.15,
  "kc": 0.15717,
  "reordering": true,
  "preconditioning": true,
  "vol": 4096,
  "dim": 49152,
  "lattice": "8x8x8x8",
  "blk_dim": 12288,
  "bs": "8x8x4x4",
  "res": 1e-06,
  "tol": 0.0003135346870762468,
  "nmx": 125,
  "nkv": 7,
  "nmr": 4,
  "ncy": 20,
  "sdtype": "float64",
  "ddtype": "float64",
  "cdtype": "float64",
  "rn": [
    0.1816764164019464,
    0.0017665904785632016,
    1.8814779218568552e-05,
    1.881477921864332e-05
  ],
  "i": [
    0,
    1,
    2,
    3
  ],
  "reset": [
    3
  ],
  "duration": [
    0.6990008354187012,
    0.5405502319335938,
    0.5350217819213867,
    0.5362932682037354,
    0.5355880260467529,
    0.5445008277893066,
    0.5384151935577393,
    0.5313570499420166,
    0.534970760345459,
    0.5316455364227295,
    0.5360348224639893,
    0.5447063446044922,
    0.5474903583526611,
    0.5394916534423828,
    0.5372135639190674,
    0.5403010845184326,
    0.5344808101654053,
    0.539093017578125,
    0.5364735126495361,
    0.5311896800994873
  ],
  "status": 3
}