{
  "gpu": false,
  "device": "cpu",
  "infile": "../matrix/cgne_init_4096_dble_csr.dat",
  "matfile": "../matrix/conf6_0-8x8-20/conf6_0-8x8-20.mtx",
  "k": 0.15,
  "kc": 0.15717,
  "reordering": true,
  "preconditioning": true,
  "vol": 4096,
  "dim": 49152,
  "lattice": "8x8x8x8",
  "blk_dim": 6144,
  "bs": "8x4x4x4",
  "res": 1e-06,
  "tol": 0.0003135346870547978,
  "nmx": 125,
  "nkv": 7,
  "nmr": 4,
  "ncy": 20,
  "sdtype": "float32",
  "ddtype": "float64",
  "cdtype": "float64",
  "rn": [
    0.21381326694028974,
    0.002230375201653053,
    2.5691859327706285e-05,
    8.198205369602652e-05
  ],
  "i": [
    0,
    1,
    2,
    3
  ],
  "reset": [
    3
  ],
  "duration": [
    1.710547685623169,
    1.7114686965942383,
    1.7138173580169678,
    1.7131867408752441,
    1.7114720344543457,
    1.7128453254699707,
    1.7149596214294434,
    1.7134108543395996,
    1.7110846042633057,
    1.7132630348205566,
    1.7141892910003662,
    1.710970401763916,
    1.714390516281128,
    1.711024522781372,
    1.711320161819458,
    1.7117202281951904,
    1.7108604907989502,
    1.7100133895874023,
    1.712634563446045,
    1.7118051052093506
  ],
  "status": 3
}