{
  "gpu": false,
  "device": "cpu",
  "infile": "../matrix/cgne_init_4096_dble_csr.dat",
  "matfile": "../matrix/conf6_0-8x8-20/conf6_0-8x8-20.mtx",
  "k": 0.15,
  "kc": 0.15717,
  "reordering": true,
  "preconditioning": true,
  "vol": 4096,
  "dim": 49152,
  "lattice": "8x8x8x8",
  "blk_dim": 24576,
  "bs": "8x8x8x4",
  "res": 1e-06,
  "tol": 0.0003135346870547978,
  "nmx": 417,
  "nkv": 7,
  "nmr": 4,
  "ncy": 6,
  "sdtype": "float32",
  "ddtype": "float64",
  "cdtype": "float64",
  "rn": [
    6.361751745331616,
    1.25721403223584,
    0.2748823792054343,
    0.06163084047179588,
    0.01470334817656206,
    0.00349159587886074,
    0.0008642333689644066,
    0.0008664601716048917,
    0.00022109838309274161,
    0.00022109838267020203
  ],
  "i": [
    0,
    1,
    2,
    3,
    4,
    5,
    6,
    7,
    8,
    9
  ],
  "reset": [
    7,
    9
  ],
  "duration": [
    2.100921869277954,
    2.097602128982544,
    2.1001336574554443,
    2.10038423538208,
    2.097273111343384,
    2.092613458633423,
    2.092555284500122,
    2.0922372341156006,
    2.0993380546569824,
    2.0955662727355957,
    2.0964207649230957,
    2.0964322090148926,
    2.095858573913574,
    2.09854793548584,
    2.096327543258667,
    2.093306064605713,
    2.0970051288604736,
    2.0968074798583984,
    2.0950467586517334,
    2.1003501415252686
  ],
  "status": 8
}