{
  "gpu": false,
  "device": "hybrid",
  "infile": "../matrix/cgne_init_65536_dble_csr.dat",
  "matfile": null,
  "k": 0.0,
  "kc": 0.0,
  "reordering": false,
  "preconditioning": true,
  "vol": 65536,
  "dim": 786432,
  "lattice": "16x16x16x16",
  "blk_dim": 196608,
  "bs": "16x16x8x8",
  "res": 1e-06,
  "tol": 0.0012541387482794752,
  "nmx": 1250,
  "nkv": 7,
  "nmr": 2,
  "ncy": 4,
  "sdtype": "float32",
  "ddtype": "float64",
  "cdtype": "float32",
  "rn": [
    565.7990336246393,
    272.52711281611386,
    120.22320933567912,
    52.482740685803535,
    23.14508619929086,
    10.30050108576165,
    4.632462956604341,
    4.632462954187522,
    2.5633977890895894,
    1.0593449353869615,
    0.4541912581140707,
    0.1993824956111818,
    0.09279603189866098,
    0.04368263716232742,
    0.01997174234273542,
    0.019971745332364368,
    0.010999645183966128,
    0.0050208186855420075,
    0.002098675421481186,
    0.0009491837756120886,
    0.0009491837612965209
  ],
  "i": [
    0,
    1,
    2,
    3,
    4,
    5,
    6,
    7,
    8,
    9,
    10,
    11,
    12,
    13,
    14,
    15,
    16,
    17,
    18,
    19,
    20
  ],
  "reset": [
    7,
    15,
    20
  ],
  "duration": [
    10.372025966644287,
    10.386065006256104,
    10.355198383331299,
    10.3419349193573,
    10.353192329406738,
    10.364574670791626,
    10.40211033821106,
    10.348751068115234,
    10.35318899154663,
    10.356899738311768,
    10.3701810836792,
    10.355146169662476,
    10.358265399932861,
    10.38257908821106,
    10.415357828140259,
    10.394537925720215,
    10.408778667449951,
    10.391692161560059,
    10.394587278366089,
    10.371937990188599
  ],
  "status": 18
}