{
  "gpu": false,
  "device": "hybrid",
  "infile": "../matrix/cgne_init_4096_dble_csr.dat",
  "matfile": "../matrix/conf6_0-8x8-20/conf6_0-8x8-20.mtx",
  "k": 0.15,
  "kc": 0.15717,
  "reordering": true,
  "preconditioning": true,
  "vol": 4096,
  "dim": 49152,
  "lattice": "8x8x8x8",
  "blk_dim": 3072,
  "bs": "4x4x4x4",
  "res": 1e-06,
  "tol": 0.0003135346870547978,
  "nmx": 417,
  "nkv": 7,
  "nmr": 2,
  "ncy": 12,
  "sdtype": "float32",
  "ddtype": "float64",
  "cdtype": "float32",
  "rn": [
    5.041797262193458,
    0.8129439234018034,
    0.14573653634304604,
    0.025891191326433083,
    0.00459462051483271,
    0.0008048606460994177,
    0.00018934625490622957,
    0.0001759590325617557
  ],
  "i": [
    0,
    1,
    2,
    3,
    4,
    5,
    6,
    7
  ],
  "reset": [
    7
  ],
  "duration": [
    1.8712503910064697,
    1.8671684265136719,
    1.8661913871765137,
    1.8660931587219238,
    1.8690922260284424,
    1.8704197406768799,
    1.8691933155059814,
    1.867586612701416,
    1.8686630725860596,
    1.8673417568206787,
    1.865532398223877,
    1.8684728145599365,
    1.86669921875,
    1.8664844036102295,
    1.8657598495483398,
    1.8674628734588623,
    1.8660237789154053,
    1.8683507442474365,
    1.868523120880127,
    1.8686726093292236
  ],
  "status": 7
}