{
  "gpu": false,
  "device": "cpu",
  "infile": "../matrix/cgne_init_4096_dble_csr.dat",
  "matfile": "../matrix/conf6_0-8x8-30/conf6.0-00l8x8-3000.mtx",
  "k": 0.15649,
  "kc": 0.15649,
  "reordering": true,
  "preconditioning": true,
  "vol": 4096,
  "dim": 49152,
  "lattice": "8x8x8x8",
  "blk_dim": 24576,
  "bs": "8x8x8x4",
  "res": 1e-06,
  "tol": 0.0003135346870547978,
  "nmx": 250,
  "nkv": 7,
  "nmr": 10,
  "ncy": 4,
  "sdtype": "float32",
  "ddtype": "float64",
  "cdtype": "float64",
  "rn": [
    14.550887591987859,
    7.215763082098108,
    4.083572368783661,
    2.480258860097303,
    1.5529519950843569,
    1.0268253101533031,
    0.6297071175405877,
    0.6297074264322453,
    0.39982445119132287,
    0.2627658262557267,
    0.15669220653955357,
    0.09866809198939845,
    0.05901936494165307,
    0.03633088778170673,
    0.02075117767353096,
    0.020751177026717506,
    0.013876894196914609,
    0.009490551190055943,
    0.005862630385051491,
    0.004191430452440977,
    0.0025690693613883275,
    0.0015351880806787463,
    0.0009015856126884991,
    0.0009015855858844666,
    0.000613693130875527,
    0.0004127023422820164,
    0.0002781966306110154,
    0.0002781966333705098
  ],
  "i": [
    0,
    1,
    2,
    3,
    4,
    5,
    6,
    7,
    8,
    9,
    10,
    11,
    12,
    13,
    14,
    15,
    16,
    17,
    18,
    19,
    20,
    21,
    22,
    23,
    24,
    25,
    26,
    27
  ],
  "reset": [
    7,
    15,
    23,
    27
  ],
  "duration": [
    10.19980001449585,
    10.20107650756836,
    10.208777666091919,
    10.212343692779541,
    10.213975429534912,
    10.19917607307434,
    10.204189777374268,
    10.214683294296265,
    10.217549800872803,
    10.217106103897095,
    10.19596529006958,
    10.209174156188965,
    10.197386980056763,
    10.199168920516968,
    10.18593716621399,
    10.196322917938232,
    10.197640180587769,
    10.176536798477173,
    10.17907452583313,
    10.176553010940552
  ],
  "status": 24
}