{
  "gpu": true,
  "infile": "../matrix/cgne_init_65536_dble_csr.dat",
  "matfile": null,
  "k": 0.0,
  "kc": 0.0,
  "reordering": false,
  "preconditioning": true,
  "vol": 65536,
  "dim": 786048,
  "lattice": "16x16x16x16",
  "blk_dim": 3070,
  "bs": "4x4x4x4",
  "res": 1e-06,
  "tol": 0.0012541387482808122,
  "nmx": 250,
  "nkv": 7,
  "nmr": 4,
  "ncy": 10,
  "sdtype": "float32",
  "ddtype": "float64",
  "cdtype": "float64",
  "rn": [
    154.8557190080177,
    30.62243064900461,
    16.24899960522042,
    15.56712813615932,
    15.546532402623459,
    15.546021961723014,
    15.546007675144244,
    16.237469497889613,
    15.526894299251811,
    15.524140401746262,
    15.524095729366543,
    15.524091658085249,
    15.524088513279315,
    15.524083067697147,
    15.523973240519034,
    15.553697439426188,
    15.524920897955854,
    15.524824555110452,
    15.524818224328332,
    15.524816625902815,
    15.524815867488382,
    15.524799960330085,
    15.52423235000333,
    15.526781659311172,
    15.524986744253551,
    15.524962755098926,
    15.524960329878112,
    15.524955401869972,
    15.52494271766319,
    15.524291168743462,
    15.50790081097726,
    15.533776020480685,
    15.525180272435298,
    15.52497809108983,
    15.524974554122789,
    15.524973844060675,
    15.524969410545484,
    15.524923930122661,
    15.522925633822373,
    15.526856270576811,
    15.525033346242534,
    15.52498133366383,
    15.524980122338839,
    15.52497996538853,
    15.524973020541786,
    15.52452175244102,
    15.50691316138101,
    15.538903233189636,
    15.525317526941087,
    15.524979562541409,
    15.524977152498252,
    15.524976571266125,
    15.524964026053736,
    15.52393978095569,
    15.490545156643146,
    15.550054882049336,
    15.52554300182783,
    15.524989285522611,
    15.52497793632282,
    15.524977583237128,
    15.524970118378615,
    15.524614775387057,
    15.508782660202327,
    15.539563226980421,
    15.525316887653819,
    15.524983543213613,
    15.524976311992937,
    15.52497586908782,
    15.524958139889355,
    15.524080180436219,
    15.487015919047721,
    15.553175813665558,
    15.52553694345421,
    15.52498322821357,
    15.52497291102168,
    15.524972688380512,
    15.524970911890893,
    15.524792057450151,
    15.516456470690265,
    15.53223481086618,
    15.525142927892286,
    15.524975046669722,
    15.524973889198996,
    15.524973344119347,
    15.524941120340754,
    15.52402285256292,
    15.522510185983108,
    15.525061471989634,
    15.52498077182704,
    15.524978239962696,
    15.524978016035714,
    15.524912096801856,
    15.52070188334713,
    15.431155798585555,
    15.34785445300172,
    15.528451321711852,
    15.525066881255958,
    15.524979434615986,
    15.524977217405041,
    15.524977173583217,
    15.524961946079756,
    15.523855314101999,
    15.49419368762576,
    15.544318339750392,
    15.525521680659072,
    15.524985891904542,
    15.52497757949023,
    15.524977291986534,
    15.524975127486774,
    15.524693513472284,
    15.513665447046163,
    15.533988760151345,
    15.525204742278515,
    15.524981276246239,
    15.524978470773677,
    15.524978365002822,
    15.52496021911346,
    15.524123880153558,
    15.503543938593209,
    15.53698178281821,
    15.525255171950263,
    15.524981926074764,
    15.524976887954454,
    15.524976922859748,
    15.52497315899273,
    15.524391490935086,
    15.507362705447589,
    15.534846865188381,
    15.525235055614129,
    15.52498454862662,
    15.524978179092875,
    15.524978007565947,
    15.52497705337232,
    15.524932292209266,
    15.522967708223772,
    15.526836546131554,
    15.525018467186005,
    15.524979647260933,
    15.524978829499618,
    15.524978562314297,
    15.52493497483571,
    15.522198902859621,
    15.486632087398489,
    15.536050148589213,
    15.525238991051856,
    15.524981385315137,
    15.524976575531063,
    15.524976492522574,
    15.524976020472405,
    15.52490705379969,
    15.522713369222945,
    15.52633343762261,
    15.52500571104458,
    15.524978684763242,
    15.524978526266286,
    15.524978342523024,
    15.524956821714163,
    15.523912938925381,
    15.514721774944073,
    15.526865466035375,
    15.525028113530908,
    15.524978931318138,
    15.524977788243698,
    15.524977500159007,
    15.524977483706607,
    15.524975889653211,
    15.524936262858343,
    15.52499949980756,
    15.524979395173698,
    15.524978869219312,
    15.52497847567985,
    15.524949093451733,
    15.5233416906157,
    15.472387970060538,
    15.406283470298073,
    15.527571577878367,
    15.525039238673381,
    15.524980318332284,
    15.52497859671431,
    15.5249781234705,
    15.524927270547202,
    15.52217619103007,
    15.451066687702863,
    15.568371512139553,
    15.526031225878041,
    15.524996382886032,
    15.5249757387394,
    15.524975372762494,
    15.524973741876666,
    15.524932445456152,
    15.52305549388508,
    15.526763111696772,
    15.52502040661441,
    15.524979376716642,
    15.524978953306315,
    15.524978453339795,
    15.524944880967633,
    15.523148863310158,
    15.479198725347802,
    15.546179385055956,
    15.525477148234302,
    15.524985166757995,
    15.524978009350445,
    15.524977904883425,
    15.524977284714236,
    15.52495179339181,
    15.523714629927815,
    15.525712378361934,
    15.524992581030565,
    15.524979284025012,
    15.524979127927978,
    15.524969734850956,
    15.524414907249906,
    15.498532426380208,
    15.417041806288696,
    15.531584455829236,
    15.525137992906366,
    15.52498809690331,
    15.524978570046493,
    15.524977566859638,
    15.524977228609314,
    15.524961743939807,
    15.52316167981577,
    15.526563160348198,
    15.524999012765514,
    15.524978224165965,
    15.524978091962257,
    15.524977977356919,
    15.524902831798894,
    15.522695013420636,
    15.520708002727822,
    15.525050687070811,
    15.524980374464272,
    15.524979133784202,
    15.524978803243451,
    15.524977013471291,
    15.52478468851733,
    15.51684901935853,
    15.489259459849581,
    15.527398527683134,
    15.525032412273037,
    15.524980495305337,
    15.524979195342942,
    15.524979187147924,
    15.524952422480913,
    15.523069590537846,
    15.47230926333903,
    15.55658043335223,
    15.52573715442012,
    15.524993049183307,
    15.524979682920806,
    15.524979321833632,
    15.52497913546953,
    15.524953922292395,
    15.523291888511162,
    15.526545195192384,
    15.525020252764886,
    15.524978669826561,
    15.524978479569617,
    15.524978386402923,
    15.524951205674686,
    15.523262581783083,
    15.488848538214391,
    15.53940608537568,
    15.525348603918259,
    15.524984237868553,
    15.524978688769886,
    15.524978546975639,
    15.524977594323424,
    15.524903975308119,
    15.521323531176169,
    15.528460299705229,
    15.525073329368293,
    15.524980174800271,
    15.524978464098785,
    15.524978347026979,
    15.524974811044482,
    15.524508327115493,
    15.508003833433392,
    15.538758997609968,
    15.525378551738386,
    15.52498637763007,
    15.524978962261313,
    15.524978296963795,
    15.524976901312758,
    15.52497803882788
  ],