{
  "gpu": false,
  "device": "cpu",
  "infile": "../matrix/cgne_init_4096_dble_csr.dat",
  "matfile": "../matrix/conf6_0-8x8-20/conf6_0-8x8-20.mtx",
  "k": 0.15,
  "kc": 0.15717,
  "reordering": true,
  "preconditioning": true,
  "vol": 4096,
  "dim": 49152,
  "lattice": "8x8x8x8",
  "blk_dim": 3072,
  "bs": "4x4x4x4",
  "res": 1e-06,
  "tol": 0.0003135346870547978,
  "nmx": 1250,
  "nkv": 7,
  "nmr": 4,
  "ncy": 2,
  "sdtype": "float32",
  "ddtype": "float64",
  "cdtype": "float64",
  "rn": [
    37.480463722192134,
    12.044223567373656,
    5.873057456556954,
    3.071746350267815,
    1.7018796787467327,
    0.9290964115086463,
    0.5201706982715459,
    0.5201706498538421,
    0.3180762730548452,
    0.18944376960610423,
    0.11494682770826277,
    0.06493388760586409,
    0.03724178703080612,
    0.018608003837536066,
    0.010767775286081308,
    0.010767776081459825,
    0.0068633414431450625,
    0.0040210312920462045,
    0.0024328977718921143,
    0.0014094459871746754,
    0.0008539389800620131,
    0.00048169719702437387,
    0.00028655064115425816,
    0.00028655062246840354
  ],
  "i": [
    0,
    1,
    2,
    3,
    4,
    5,
    6,
    7,
    8,
    9,
    10,
    11,
    12,
    13,
    14,
    15,
    16,
    17,
    18,
    19,
    20,
    21,
    22,
    23
  ],
  "reset": [
    7,
    15,
    23
  ],
  "duration": [
    1.9028916358947754,
    1.9001903533935547,
    1.9001333713531494,
    1.9014661312103271,
    1.8991682529449463,
    1.9023165702819824,
    1.8984711170196533,
    1.8943986892700195,
    1.9005215167999268,
    1.8971171379089355,
    1.8958771228790283,
    1.9033195972442627,
    1.8960981369018555,
    1.8939242362976074,
    1.9007019996643066,
    1.892073154449463,
    1.8977646827697754,
    1.8978712558746338,
    1.894303560256958,
    1.8996491432189941
  ],
  "status": 21
}