{
  "gpu": true,
  "device": "gpu",
  "infile": "../matrix/cgne_init_4096_dble_csr.dat",
  "matfile": null,
  "k": 0.0,
  "kc": 0.0,
  "reordering": false,
  "preconditioning": true,
  "vol": 4096,
  "dim": 49152,
  "lattice": "8x8x8x8",
  "blk_dim": 3072,
  "bs": "4x4x4x4",
  "res": 1e-06,
  "tol": 0.0003135346870762468,
  "nmx": 125,
  "nkv": 7,
  "nmr": 4,
  "ncy": 20,
  "sdtype": "float64",
  "ddtype": "float64",
  "cdtype": "float64",
  "rn": [
    23.82144516654197,
    6.827570294449201,
    2.3737660798658697,
    0.9730731808069129,
    0.3353119290308165,
    0.09520963638977999,
    0.025676110958291806,
    0.02567611095829292,
    0.006513964776859616,
    0.002061233426602389,
    0.0006498134397557008,
    0.0001866415206772324,
    0.0001866415206774367
  ],
  "i": [
    0,
    1,
    2,
    3,
    4,
    5,
    6,
    7,
    8,
    9,
    10,
    11,
    12
  ],
  "reset": [
    7,
    12
  ],
  "duration": [
    7.536069869995117,
    7.378292083740234,
    7.3711771965026855,
    7.36172342300415,
    7.3428661823272705,
    7.3520283699035645,
    7.3436644077301025,
    7.332502603530884,
    7.3506178855896,
    7.337507963180542,
    7.344542980194092,
    7.356037855148315,
    7.3343024253845215,
    7.341601371765137,
    7.3364903926849365,
    7.331302881240845,
    7.3253493309021,
    7.331910848617554,
    7.324552059173584,
    7.334282159805298
  ],
  "status": 11
}