{
  "gpu": false,
  "device": "hybrid",
  "infile": "../matrix/cgne_init_4096_dble_csr.dat",
  "matfile": "../matrix/conf6_0-8x8-30/conf6.0-00l8x8-3000.mtx",
  "k": 0.05,
  "kc": 0.15649,
  "reordering": true,
  "preconditioning": true,
  "vol": 4096,
  "dim": 49152,
  "lattice": "8x8x8x8",
  "blk_dim": 3072,
  "bs": "4x4x4x4",
  "res": 1e-06,
  "tol": 0.0003135346870547978,
  "nmx": 125,
  "nkv": 7,
  "nmr": 4,
  "ncy": 20,
  "sdtype": "float32",
  "ddtype": "float64",
  "cdtype": "float32",
  "rn": [
    2.4165610280721344e-05,
    5.0638279716396094e-05
  ],
  "i": [
    0,
    1
  ],
  "reset": [
    1
  ],
  "duration": [
    0.5267007350921631,
    0.5250275135040283,
    0.5253696441650391,
    0.5234334468841553,
    0.5233721733093262,
    0.5241348743438721,
    0.5222132205963135,
    0.5242574214935303,
    0.5235579013824463,
    0.5243797302246094,
    0.5272958278656006,
    0.5230159759521484,
    0.5236372947692871,
    0.5226082801818848,
    0.5214812755584717,
    0.5221810340881348,
    0.5227723121643066,
    0.5225534439086914,
    0.5222082138061523,
    0.5237753391265869
  ],
  "status": 1
}