{
  "gpu": false,
  "device": "hybrid",
  "infile": "../matrix/cgne_init_4096_dble_csr.dat",
  "matfile": "../matrix/conf6_0-8x8-30/conf6.0-00l8x8-3000.mtx",
  "k": 0.05,
  "kc": 0.15649,
  "reordering": true,
  "preconditioning": true,
  "vol": 4096,
  "dim": 49152,
  "lattice": "8x8x8x8",
  "blk_dim": 12288,
  "bs": "8x8x4x4",
  "res": 1e-06,
  "tol": 0.0003135346870547978,
  "nmx": 2500,
  "nkv": 7,
  "nmr": 1,
  "ncy": 4,
  "sdtype": "float32",
  "ddtype": "float64",
  "cdtype": "float64",
  "rn": [
    0.7100012623484601,
    0.003513967151551061,
    2.1339788040963268e-05,
    3.9089915104651714e-05
  ],
  "i": [
    0,
    1,
    2,
    3
  ],
  "reset": [
    3
  ],
  "duration": [
    0.07095003128051758,
    0.07094955444335938,
    0.07093381881713867,
    0.07035303115844727,
    0.07029366493225098,
    0.07072138786315918,
    0.07065320014953613,
    0.07036042213439941,
    0.07033467292785645,
    0.07040905952453613,
    0.07027721405029297,
    0.0704503059387207,
    0.07036495208740234,
    0.07030630111694336,
    0.07037568092346191,
    0.07052421569824219,
    0.07065987586975098,
    0.07081723213195801,
    0.07016324996948242,
    0.07075762748718262
  ],
  "status": 3
}