{
  "gpu": false,
  "infile": "../matrix/cgne_init_4096_dble_csr.dat",
  "matfile": "../matrix/conf6_0-8x8-20/conf6_0-8x8-20.mtx",
  "k": 0.15,
  "kc": 0.15717,
  "reordering": true,
  "preconditioning": true,
  "vol": 4096,
  "dim": 49152,
  "lattice": "8x8x8x8",
  "blk_dim": 6144,
  "bs": "8x4x4x4",
  "res": 1e-06,
  "tol": 0.0003135346870547978,
  "nmx": 1250,
  "nkv": 7,
  "nmr": 4,
  "ncy": 2,
  "sdtype": "float32",
  "ddtype": "float64",
  "cdtype": "float32",
  "rn": [
    34.74753783150434,
    11.088645448186957,
    5.283943257494096,
    2.7548247133822614,
    1.5171137164095934,
    0.8253517597648028,
    0.46257668983611683,
    0.4625767464293033,
    0.2797532150156535,
    0.16582205537865166,
    0.09910587050300668,
    0.055807371853640056,
    0.031394602153031824,
    0.015540780910517978,
    0.008847806666535297,
    0.008847807167235523,
    0.005443030027816285,
    0.0031787612725151498,
    0.0019051433956488667,
    0.0010950229761954157,
    0.0006403091414351415,
    0.00035806771836554804,
    0.000208034712890495,
    0.00020803467581669106
  ],
  "i": [
    0,
    1,
    2,
    3,
    4,
    5,
    6,
    7,
    8,
    9,
    10,
    11,
    12,
    13,
    14,
    15,
    16,
    17,
    18,
    19,
    20,
    21,
    22,
    23
  ],
  "reset": [
    7,
    15,
    23
  ],
  "duration": 1.7434418201446533,
  "status": 21
}