{
  "gpu": false,
  "device": "hybrid",
  "infile": "../matrix/cgne_init_4096_dble_csr.dat",
  "matfile": "../matrix/conf6_0-8x8-20/conf6_0-8x8-20.mtx",
  "k": 0.15,
  "kc": 0.15717,
  "reordering": true,
  "preconditioning": true,
  "vol": 4096,
  "dim": 49152,
  "lattice": "8x8x8x8",
  "blk_dim": 12288,
  "bs": "8x8x4x4",
  "res": 1e-06,
  "tol": 0.0003135346870762468,
  "nmx": 125,
  "nkv": 7,
  "nmr": 20,
  "ncy": 4,
  "sdtype": "float64",
  "ddtype": "float64",
  "cdtype": "float64",
  "rn": [
    2.4206396873988845,
    0.12108500343789233,
    0.0062460279107534366,
    0.0003255437860758742,
    1.436218574634912e-05,
    1.4362185745528525e-05
  ],
  "i": [
    0,
    1,
    2,
    3,
    4,
    5
  ],
  "reset": [
    5
  ],
  "duration": [
    0.9385824203491211,
    0.9385690689086914,
    0.9366414546966553,
    0.9375190734863281,
    0.9371998310089111,
    0.9386210441589355,
    0.9385225772857666,
    0.9380121231079102,
    0.9377119541168213,
    0.9368314743041992,
    0.9404449462890625,
    0.9374368190765381,
    0.9385504722595215,
    0.9376389980316162,
    0.9341442584991455,
    0.9396593570709229,
    0.9407765865325928,
    0.9373452663421631,
    0.9385576248168945,
    0.9353663921356201
  ],
  "status": 5
}