{
  "gpu": false,
  "device": "hybrid",
  "infile": "../matrix/cgne_init_4096_dble_csr.dat",
  "matfile": "../matrix/conf6_0-8x8-30/conf6.0-00l8x8-3000.mtx",
  "k": 0.05,
  "kc": 0.15649,
  "reordering": true,
  "preconditioning": true,
  "vol": 4096,
  "dim": 49152,
  "lattice": "8x8x8x8",
  "blk_dim": 6144,
  "bs": "8x4x4x4",
  "res": 1e-06,
  "tol": 0.0003135346870762468,
  "nmx": 1250,
  "nkv": 7,
  "nmr": 4,
  "ncy": 2,
  "sdtype": "float64",
  "ddtype": "float64",
  "cdtype": "float64",
  "rn": [
    0.25070277499509175,
    3.50733314197402e-05,
    3.50733314197847e-05
  ],
  "i": [
    0,
    1,
    2
  ],
  "reset": [
    2
  ],
  "duration": [
    0.1058499813079834,
    0.10525822639465332,
    0.10526084899902344,
    0.1727888584136963,
    0.20604610443115234,
    0.1508502960205078,
    0.14325404167175293,
    0.20730352401733398,
    0.20697450637817383,
    0.20583200454711914,
    0.19759654998779297,
    0.1277303695678711,
    0.1321277618408203,
    0.12436819076538086,
    0.12964677810668945,
    0.20612144470214844,
    0.2056748867034912,
    0.20522761344909668,
    0.15202975273132324,
    0.14576244354248047
  ],
  "status": 2
}