{
  "gpu": false,
  "infile": "../matrix/cgne_init_4096_dble_csr.dat",
  "matfile": null,
  "k": 0.0,
  "kc": 0.0,
  "reordering": false,
  "preconditioning": true,
  "vol": 4096,
  "dim": 49152,
  "lattice": "8x8x8x8",
  "blk_dim": 24576,
  "bs": "8x8x8x4",
  "res": 1e-06,
  "tol": 0.0003135346870547978,
  "nmx": 417,
  "nkv": 7,
  "nmr": 12,
  "ncy": 2,
  "sdtype": "float32",
  "ddtype": "float64",
  "cdtype": "float32",
  "rn": [
    57.629034830870665,
    17.153168211229225,
    6.503356229187419,
    2.476592406155678,
    0.9419608981224916,
    0.3612452704274275,
    0.13946472594949094,
    0.13946482822935485,
    0.05774886626191093,
    0.02367883059730919,
    0.00898907580766216,
    0.0036271987794785692,
    0.0014703716839945928,
    0.0005807633094314471,
    0.00023833564508127892,
    0.00023833558192911097
  ],
  "i": [
    0,
    1,
    2,
    3,
    4,
    5,
    6,
    7,
    8,
    9,
    10,
    11,
    12,
    13,
    14,
    15
  ],
  "reset": [
    7,
    15
  ],
  "duration": [
    0.9005155563354492,
    0.8999528884887695,
    0.904573917388916,
    0.9098222255706787,
    0.9074099063873291,
    0.9030153751373291,
    0.904477596282959,
    0.9038362503051758,
    0.9072091579437256,
    0.902193546295166,
    0.9042384624481201,
    0.8998515605926514,
    0.8980817794799805,
    0.9108316898345947,
    0.9007492065429688,
    0.9036836624145508,
    0.8997478485107422,
    0.9006340503692627,
    0.8974554538726807,
    0.9001412391662598
  ],
  "status": 14
}