{
  "gpu": true,
  "device": "gpu",
  "infile": "../matrix/cgne_init_4096_dble_csr.dat",
  "matfile": "../matrix/conf6_0-8x8-20/conf6_0-8x8-20.mtx",
  "k": 0.15717,
  "kc": 0.15717,
  "reordering": true,
  "preconditioning": true,
  "vol": 4096,
  "dim": 49152,
  "lattice": "8x8x8x8",
  "blk_dim": 3072,
  "bs": "4x4x4x4",
  "res": 1e-06,
  "tol": 0.00031353468703945405,
  "nmx": 417,
  "nkv": 7,
  "nmr": 2,
  "ncy": 12,
  "sdtype": "float32",
  "ddtype": "float64",
  "cdtype": "float32",
  "rn": [
    19.444876136184412,
    10.514334045973184,
    6.482565736452416,
    4.047918599164641,
    2.599874261774132,
    1.6765314374515712,
    1.179225908067646,
    1.1792258848711814,
    0.7750082620120224,
    0.4975110627809284,
    0.33214281767430526,
    0.22337843169974697,
    0.1409597120375356,
    0.09343736612426655,
    0.06152242988207321,
    0.06152242858878831,
    0.04080845178140765,
    0.02732160965592852,
    0.017538723769413157,
    0.011788328065535899,
    0.007893000152586241,
    0.005513425104634917,
    0.0037362861749175333,
    0.003736286226345507,
    0.002671926221560331,
    0.0019092486273532994,
    0.0013160955103709725,
    0.0009079818158681726,
    0.000637838205576589,
    0.00042189384418807655,
    0.00027234737619024853,
    0.00027234738407365844
  ],
  "i": [
    0,
    1,
    2,
    3,
    4,
    5,
    6,
    7,
    8,
    9,
    10,
    11,
    12,
    13,
    14,
    15,
    16,
    17,
    18,
    19,
    20,
    21,
    22,
    23,
    24,
    25,
    26,
    27,
    28,
    29,
    30,
    31
  ],
  "reset": [
    7,
    15,
    23,
    31
  ],
  "duration": [
    6.392061471939087,
    6.238065242767334,
    6.224007606506348,
    6.221323251724243,
    6.213459253311157,
    6.23108434677124,
    6.234068155288696,
    6.2269885540008545,
    6.221827745437622,
    6.24083399772644,
    6.249941110610962,
    6.2308189868927,
    6.22511625289917,
    6.223337650299072,
    6.241055965423584,
    6.228989601135254,
    6.240225315093994,
    6.2451324462890625,
    6.242140054702759,
    6.232148170471191
  ],
  "status": 28
}