{
  "gpu": true,
  "device": "gpu",
  "infile": "../matrix/cgne_init_4096_dble_csr.dat",
  "matfile": "../matrix/conf6_0-8x8-30/conf6.0-00l8x8-3000.mtx",
  "k": 0.15649,
  "kc": 0.15649,
  "reordering": true,
  "preconditioning": true,
  "vol": 4096,
  "dim": 49152,
  "lattice": "8x8x8x8",
  "blk_dim": 24576,
  "bs": "8x8x8x4",
  "res": 1e-06,
  "tol": 0.00031353468703945405,
  "nmx": 125,
  "nkv": 7,
  "nmr": 4,
  "ncy": 20,
  "sdtype": "float32",
  "ddtype": "float64",
  "cdtype": "float32",
  "rn": [
    7.598255232821249,
    3.8180717422035837,
    2.093131470571847,
    1.1070620626930192,
    0.6463390882221233,
    0.3223630143764348,
    0.17146138234217967,
    0.1714612810610776,
    0.09692030913895143,
    0.05509387649443366,
    0.025418362949742476,
    0.013038737465523875,
    0.00725592679100631,
    0.003827032246040391,
    0.0019747847089068103,
    0.001974784238535901,
    0.001103819037374297,
    0.0006234251812029826,
    0.0003535669293451572,
    0.00019914338835450644,
    0.00019914339744121285
  ],
  "i": [
    0,
    1,
    2,
    3,
    4,
    5,
    6,
    7,
    8,
    9,
    10,
    11,
    12,
    13,
    14,
    15,
    16,
    17,
    18,
    19,
    20
  ],
  "reset": [
    7,
    15,
    20
  ],
  "duration": [
    1.9129281044006348,
    1.7506487369537354,
    1.7392139434814453,
    1.7310583591461182,
    1.7399322986602783,
    1.7201259136199951,
    1.735884666442871,
    1.727863073348999,
    1.7336220741271973,
    1.7389047145843506,
    1.717712163925171,
    1.7376763820648193,
    1.7186429500579834,
    1.7102758884429932,
    1.7221143245697021,
    1.7209970951080322,
    1.7465128898620605,
    1.7338359355926514,
    1.7253291606903076,
    1.7267780303955078
  ],
  "status": 18
}