{
  "gpu": true,
  "device": "gpu",
  "infile": "../matrix/cgne_init_4096_dble_csr.dat",
  "matfile": "../matrix/conf6_0-8x8-30/conf6.0-00l8x8-3000.mtx",
  "k": 0.15649,
  "kc": 0.15649,
  "reordering": true,
  "preconditioning": true,
  "vol": 4096,
  "dim": 49152,
  "lattice": "8x8x8x8",
  "blk_dim": 3072,
  "bs": "4x4x4x4",
  "res": 1e-06,
  "tol": 0.00031353468703945405,
  "nmx": 417,
  "nkv": 7,
  "nmr": 4,
  "ncy": 6,
  "sdtype": "float32",
  "ddtype": "float64",
  "cdtype": "float64",
  "rn": [
    19.111908593927247,
    9.096532775811285,
    4.92299350569262,
    3.0288368155799956,
    1.8722789388248224,
    1.1492939676439997,
    0.7297272711793773,
    0.7297273176285851,
    0.4697990968023862,
    0.31879377055956687,
    0.21449214371049666,
    0.12440411401370137,
    0.07098051509676577,
    0.04106264313669194,
    0.024565583721987545,
    0.024565581414232023,
    0.015800538633120642,
    0.010865952085586408,
    0.006712761563288621,
    0.0042975025158032394,
    0.002838780206355402,
    0.001845797592390195,
    0.0010436571606954595,
    0.0010436572503905773,
    0.0006344766126020375,
    0.00042171637715100377,
    0.0002900571177289684,
    0.00029005711573659016
  ],
  "i": [
    0,
    1,
    2,
    3,
    4,
    5,
    6,
    7,
    8,
    9,
    10,
    11,
    12,
    13,
    14,
    15,
    16,
    17,
    18,
    19,
    20,
    21,
    22,
    23,
    24,
    25,
    26,
    27
  ],
  "reset": [
    7,
    15,
    23,
    27
  ],
  "duration": [
    5.0718395709991455,
    4.916173219680786,
    4.887087821960449,
    4.902035474777222,
    4.908398389816284,
    4.894572019577026,
    4.873650074005127,
    4.880692720413208,
    4.88269829750061,
    4.8927576541900635,
    4.883321046829224,
    4.866199970245361,
    4.875873565673828,
    4.881940603256226,
    4.879345417022705,
    4.8741700649261475,
    4.890899658203125,
    4.882680416107178,
    4.880980968475342,
    4.8892834186553955
  ],
  "status": 24
}