{
  "gpu": true,
  "infile": "../matrix/cgne_init_4096_dble_csr.dat",
  "matfile": "../matrix/conf6_0-8x8-20/conf6_0-8x8-20.mtx",
  "k": 0.15,
  "kc": 0.15717,
  "reordering": true,
  "preconditioning": true,
  "vol": 4096,
  "dim": 49152,
  "lattice": "8x8x8x8",
  "blk_dim": 24576,
  "bs": "8x8x8x4",
  "res": 1e-06,
  "tol": 0.0003135346870762468,
  "nmx": 1250,
  "nkv": 7,
  "nmr": 4,
  "ncy": 2,
  "sdtype": "float64",
  "ddtype": "float64",
  "cdtype": "float64",
  "rn": [
    27.61616248996081,
    9.410788109049742,
    4.7086650060387845,
    2.494924249972763,
    1.4349750418617047,
    0.8206563323609212,
    0.4794581933860015,
    0.47945819338600154,
    0.30243262190634784,
    0.18237630309824143,
    0.11394190842821773,
    0.06750159587452435,
    0.03962338227078702,
    0.020839675913978114,
    0.012127175582813085,
    0.012127175582812602,
    0.00801180376828466,
    0.004938950248733325,
    0.003071277826964072,
    0.0018519927109778584,
    0.0011430252424241675,
    0.0006621820839673811,
    0.0004106133181686335,
    0.00041061331816881415,
    0.0002638810907617542,
    0.000263881090761887
  ],
  "i": [
    0,
    1,
    2,
    3,
    4,
    5,
    6,
    7,
    8,
    9,
    10,
    11,
    12,
    13,
    14,
    15,
    16,
    17,
    18,
    19,
    20,
    21,
    22,
    23,
    24,
    25
  ],
  "reset": [
    7,
    15,
    23,
    25
  ],
  "duration": 1.1152207851409912,
  "status": 22
}