{
  "gpu": false,
  "infile": "../matrix/cgne_init_4096_dble_csr.dat",
  "matfile": null,
  "k": 0.0,
  "kc": 0.0,
  "reordering": false,
  "preconditioning": true,
  "vol": 4096,
  "dim": 49152,
  "lattice": "8x8x8x8",
  "blk_dim": 3072,
  "bs": "4x4x4x4",
  "res": 1e-06,
  "tol": 0.0003135346870547978,
  "nmx": 417,
  "nkv": 7,
  "nmr": 2,
  "ncy": 12,
  "sdtype": "float32",
  "ddtype": "float64",
  "cdtype": "float32",
  "rn": [
    53.123997629082325,
    13.169301121989303,
    3.9589488194673694,
    1.2422290163818708,
    0.394511218955233,
    0.1272579041286564,
    0.04197833759872556,
    0.04197828377211509,
    0.015599705001387059,
    0.005154702329681356,
    0.0016635698480158662,
    0.0004883027975346716,
    0.00013979599139582913,
    0.0001397959699462264
  ],
  "i": [
    0,
    1,
    2,
    3,
    4,
    5,
    6,
    7,
    8,
    9,
    10,
    11,
    12,
    13
  ],
  "reset": [
    7,
    13
  ],
  "duration": [
    2.1042895317077637,
    2.1085565090179443,
    2.106846570968628,
    2.104661464691162,
    2.1098344326019287,
    2.1035890579223633,
    2.1016557216644287,
    2.1085503101348877,
    2.1077613830566406,
    2.104485273361206,
    2.10231876373291,
    2.1029086112976074,
    2.105074644088745,
    2.106851100921631,
    2.1043777465820312,
    2.103975772857666,
    2.1027119159698486,
    2.1036176681518555,
    2.1030356884002686,
    2.1029748916625977
  ],
  "status": 12
}