{
  "gpu": false,
  "device": "cpu",
  "infile": "../matrix/fgcr_check3_4096_dble_csr.dat",
  "matfile": null,
  "k": 0.0,
  "kc": 0.0,
  "reordering": false,
  "preconditioning": true,
  "vol": 4096,
  "dim": 49152,
  "lattice": "8x8x8x8",
  "blk_dim": 24576,
  "bs": "8x8x8x4",
  "res": 1e-06,
  "tol": 0.0003135346870762468,
  "nmx": 417,
  "nkv": 7,
  "nmr": 4,
  "ncy": 6,
  "sdtype": "float64",
  "ddtype": "float64",
  "cdtype": "float64",
  "rn": [
    15.45290068992835,
    4.982026405599093,
    1.4957195080329535,
    0.46933371474315844,
    0.14117232973343755,
    0.04239410002368646,
    0.012544833092824562,
    0.012544833092824519,
    0.004125118792829848,
    0.0013562824888193779,
    0.0004409976384094995,
    0.00013435972974702086,
    0.0001343597297469866
  ],
  "i": [
    0,
    1,
    2,
    3,
    4,
    5,
    6,
    7,
    8,
    9,
    10,
    11,
    12
  ],
  "reset": [
    7,
    12
  ],
  "duration": [
    3.9941346645355225,
    3.716794729232788,
    3.4477152824401855,
    3.4728572368621826,
    3.8374991416931152,
    3.570396900177002,
    3.7053792476654053,
    3.7466225624084473,
    3.6283302307128906,
    3.471816062927246,
    3.368335485458374,
    3.2680985927581787,
    3.3963875770568848,
    3.39310622215271,
    3.846735954284668,
    3.587867021560669,
    3.9527440071105957,
    3.6544792652130127,
    3.8586935997009277,
    3.6811280250549316
  ],
  "status": 11
}