{
  "gpu": true,
  "device": "gpu",
  "infile": "../matrix/cgne_init_4096_dble_csr.dat",
  "matfile": "../matrix/conf6_0-8x8-30/conf6.0-00l8x8-3000.mtx",
  "k": 0.05,
  "kc": 0.15649,
  "reordering": true,
  "preconditioning": true,
  "vol": 4096,
  "dim": 49152,
  "lattice": "8x8x8x8",
  "blk_dim": 24576,
  "bs": "8x8x8x4",
  "res": 1e-06,
  "tol": 0.00031353468703945405,
  "nmx": 1250,
  "nkv": 7,
  "nmr": 4,
  "ncy": 2,
  "sdtype": "float32",
  "ddtype": "float64",
  "cdtype": "float32",
  "rn": [
    0.04180229881088099,
    1.6752042815558036e-05,
    5.0775985403082795e-05
  ],
  "i": [
    0,
    1,
    2
  ],
  "reset": [
    2
  ],
  "duration": [
    0.18684959411621094,
    0.02291274070739746,
    0.02243828773498535,
    0.022380590438842773,
    0.022260189056396484,
    0.022264719009399414,
    0.022427082061767578,
    0.02236008644104004,
    0.022451162338256836,
    0.02216935157775879,
    0.022276878356933594,
    0.022225141525268555,
    0.021581649780273438,
    0.02152395248413086,
    0.021448612213134766,
    0.02158379554748535,
    0.021752595901489258,
    0.022212982177734375,
    0.022130727767944336,
    0.02224254608154297
  ],
  "status": 2
}