{
  "gpu": false,
  "device": "cpu",
  "infile": "../matrix/cgne_init_4096_dble_csr.dat",
  "matfile": "../matrix/conf6_0-8x8-20/conf6_0-8x8-20.mtx",
  "k": 0.15,
  "kc": 0.15717,
  "reordering": true,
  "preconditioning": true,
  "vol": 4096,
  "dim": 49152,
  "lattice": "8x8x8x8",
  "blk_dim": 3072,
  "bs": "4x4x4x4",
  "res": 1e-06,
  "tol": 0.0003135346870547978,
  "nmx": 417,
  "nkv": 7,
  "nmr": 6,
  "ncy": 4,
  "sdtype": "float32",
  "ddtype": "float64",
  "cdtype": "float64",
  "rn": [
    11.883143711468332,
    2.4701047288765716,
    0.6302200331905277,
    0.17776543153921026,
    0.049462176593021066,
    0.014416155704596156,
    0.004118615833928699,
    0.004119288546267621,
    0.0012740416711017673,
    0.00039322492810592904,
    0.00011523260987072983,
    0.00011523261556179161
  ],
  "i": [
    0,
    1,
    2,
    3,
    4,
    5,
    6,
    7,
    8,
    9,
    10,
    11
  ],
  "reset": [
    7,
    11
  ],
  "duration": [
    2.0627355575561523,
    2.0626161098480225,
    2.06081485748291,
    2.0610909461975098,
    2.0605554580688477,
    2.0607542991638184,
    2.0608294010162354,
    2.05784010887146,
    2.059910535812378,
    2.0608577728271484,
    2.0565805435180664,
    2.0610697269439697,
    2.0590062141418457,
    2.0583677291870117,
    2.0617177486419678,
    2.058654546737671,
    2.062037706375122,
    2.06085205078125,
    2.0573322772979736,
    2.0594589710235596
  ],
  "status": 10
}