{
  "gpu": false,
  "device": "hybrid",
  "infile": "../matrix/fgcr_check3_4096_dble_csr.dat",
  "matfile": null,
  "k": 0.0,
  "kc": 0.0,
  "reordering": false,
  "preconditioning": true,
  "vol": 4096,
  "dim": 49152,
  "lattice": "8x8x8x8",
  "blk_dim": 24576,
  "bs": "8x8x8x4",
  "res": 1e-06,
  "tol": 0.00031353468710831124,
  "nmx": 2500,
  "nkv": 7,
  "nmr": 4,
  "ncy": 1,
  "sdtype": "float32",
  "ddtype": "float64",
  "cdtype": "float64",
  "rn": [
    131.1721081468562,
    58.63820040585778,
    31.77471358422762,
    19.439168704643603,
    11.587921840053289,
    7.192973900344159,
    4.3402787648980565,
    4.3402787489515955,
    3.1400275940410696,
    2.1507055824045644,
    1.296578937415443,
    0.7770529725815873,
    0.4735824418584145,
    0.25133559731840327,
    0.15698798024783106,
    0.1569879831282123,
    0.11868695016263485,
    0.07969503012491198,
    0.04596094616128615,
    0.026452039652884413,
    0.016324747848672726,
    0.009970552793733394,
    0.0068121667258098295,
    0.006812166898268175,
    0.005164676842868646,
    0.003545905987712004,
    0.002100765403774916,
    0.0012400701181079989,
    0.0007635476626588722,
    0.0004778616548935603,
    0.00033987485033620856,
    0.00033987485189656516,
    0.00025792213388748714,
    0.0002579221339860056
  ],
  "i": [
    0,
    1,
    2,
    3,
    4,
    5,
    6,
    7,
    8,
    9,
    10,
    11,
    12,
    13,
    14,
    15,
    16,
    17,
    18,
    19,
    20,
    21,
    22,
    23,
    24,
    25,
    26,
    27,
    28,
    29,
    30,
    31,
    32,
    33
  ],
  "reset": [
    7,
    15,
    23,
    31,
    33
  ],
  "duration": [
    1.0750508308410645,
    1.0751171112060547,
    1.0748472213745117,
    1.0730512142181396,
    1.0745429992675781,
    1.0739188194274902,
    1.073768138885498,
    1.0733637809753418,
    1.0735352039337158,
    1.0739948749542236,
    1.0741190910339355,
    1.0739169120788574,
    1.0775058269500732,
    1.0733213424682617,
    1.072770595550537,
    1.0728449821472168,
    1.0733797550201416,
    1.072709560394287,
    1.0739483833312988,
    1.0725038051605225
  ],
  "status": 29
}