{
  "gpu": false,
  "device": "hybrid",
  "infile": "../matrix/fgcr_check3_4096_dble_csr.dat",
  "matfile": null,
  "k": 0.0,
  "kc": 0.0,
  "reordering": false,
  "preconditioning": true,
  "vol": 4096,
  "dim": 49152,
  "lattice": "8x8x8x8",
  "blk_dim": 12288,
  "bs": "8x8x4x4",
  "res": 1e-06,
  "tol": 0.0003135346870762468,
  "nmx": 2500,
  "nkv": 7,
  "nmr": 1,
  "ncy": 4,
  "sdtype": "float64",
  "ddtype": "float64",
  "cdtype": "float64",
  "rn": [
    63.97057636512279,
    32.55146806923593,
    19.02028428575137,
    10.228754281191051,
    5.910521149207957,
    3.2513156212103125,
    1.9137444639407473,
    1.913744463940747,
    1.3363556590306138,
    0.8099926606705362,
    0.441398681049958,
    0.2739050912359265,
    0.15274022787247854,
    0.08885854281706829,
    0.04254704577570495,
    0.04254704577570554,
    0.03153007002158589,
    0.018389152019594183,
    0.010109459891190681,
    0.006166923796642741,
    0.0033828612661951037,
    0.0020774425418383776,
    0.001179935369782734,
    0.0011799353697818818,
    0.0008484464149814963,
    0.0005047208489963352,
    0.00028231109196357856,
    0.0002823110919637361
  ],
  "i": [
    0,
    1,
    2,
    3,
    4,
    5,
    6,
    7,
    8,
    9,
    10,
    11,
    12,
    13,
    14,
    15,
    16,
    17,
    18,
    19,
    20,
    21,
    22,
    23,
    24,
    25,
    26,
    27
  ],
  "reset": [
    7,
    15,
    23,
    27
  ],
  "duration": [
    3.2067198753356934,
    3.420131206512451,
    3.308651924133301,
    3.3258190155029297,
    3.4723286628723145,
    3.3420515060424805,
    3.400056838989258,
    3.3064301013946533,
    3.2748749256134033,
    2.918705940246582,
    3.5718369483947754,
    3.407430648803711,
    3.316406011581421,
    3.5043041706085205,
    3.3362367153167725,
    3.2348833084106445,
    3.6432530879974365,
    3.307647705078125,
    3.5425283908843994,
    3.6481292247772217
  ],
  "status": 24
}