{
  "gpu": false,
  "infile": "../matrix/cgne_init_65536_dble_csr.dat",
  "matfile": null,
  "k": 0.0,
  "kc": 0.0,
  "reordering": false,
  "preconditioning": true,
  "vol": 65536,
  "dim": 786048,
  "lattice": "16x16x16x16",
  "blk_dim": 12282,
  "bs": "8x8x4x4",
  "res": 1e-06,
  "tol": 0.0012541387482794752,
  "nmx": 1250,
  "nkv": 7,
  "nmr": 4,
  "ncy": 2,
  "sdtype": "float32",
  "ddtype": "float64",
  "cdtype": "float64",
  "rn": [
    723.1552676046728,
    405.02668394312775,
    206.3076405465513,
    99.43424891052352,
    47.52212588725293,
    22.577056776620815,
    10.828719162562946,
    10.828719330462524,
    6.486152080105412,
    2.7664782244580284,
    1.3012188792485584,
    0.6036984549836786,
    0.2951886253448923,
    0.1446850684536852,
    0.0678550676701358,
    0.06785506883454988,
    0.040218539987037435,
    0.019090979395209907,
    0.008268031854140373,
    0.004076322053954741,
    0.002108752438563016,
    0.0010897540977675365,
    0.0010897541137248558
  ],
  "i": [
    0,
    1,
    2,
    3,
    4,
    5,
    6,
    7,
    8,
    9,
    10,
    11,
    12,
    13,
    14,
    15,
    16,
    17,
    18,
    19,
    20,
    21,
    22
  ],
  "reset": [
    7,
    15,
    22
  ],
  "duration": 13.965903520584106,
  "status": 20
}