{
  "gpu": true,
  "device": "gpu",
  "infile": "../matrix/cgne_init_4096_dble_csr.dat",
  "matfile": "../matrix/conf6_0-8x8-20/conf6_0-8x8-20.mtx",
  "k": 0.15717,
  "kc": 0.15717,
  "reordering": true,
  "preconditioning": true,
  "vol": 4096,
  "dim": 49152,
  "lattice": "8x8x8x8",
  "blk_dim": 12288,
  "bs": "8x8x4x4",
  "res": 1e-06,
  "tol": 0.00031353468703945405,
  "nmx": 250,
  "nkv": 7,
  "nmr": 10,
  "ncy": 4,
  "sdtype": "float32",
  "ddtype": "float64",
  "cdtype": "float32",
  "rn": [
    25.333785946473434,
    13.45179856103314,
    8.764022186497565,
    5.538682826025675,
    3.4729959488629243,
    2.2782191803659146,
    1.437155662950868,
    1.4371556555099367,
    1.008309393628356,
    0.6800718947059644,
    0.4460018050103976,
    0.2890636455836412,
    0.19897396885039814,
    0.13553332956204744,
    0.08973073966375333,
    0.0897307379043658,
    0.061242140369755164,
    0.044518180241707735,
    0.029472591429379375,
    0.020537687829492276,
    0.012130731131854334,
    0.0074942997969674454,
    0.004230207222822843,
    0.004230207112019761,
    0.002779285532447819,
    0.0018285068406031881,
    0.0012619684306016316,
    0.0008468560379222588,
    0.00048573220804181615,
    0.0002882383223731558,
    0.0002882383080005215
  ],
  "i": [
    0,
    1,
    2,
    3,
    4,
    5,
    6,
    7,
    8,
    9,
    10,
    11,
    12,
    13,
    14,
    15,
    16,
    17,
    18,
    19,
    20,
    21,
    22,
    23,
    24,
    25,
    26,
    27,
    28,
    29,
    30
  ],
  "reset": [
    7,
    15,
    23,
    30
  ],
  "duration": [
    2.3489127159118652,
    2.1818525791168213,
    2.1855924129486084,
    2.185385227203369,
    2.181190013885498,
    2.165085792541504,
    2.178595781326294,
    2.183259963989258,
    2.1819026470184326,
    2.1830191612243652,
    2.1724131107330322,
    2.1849002838134766,
    2.180643320083618,
    2.1756322383880615,
    2.1875221729278564,
    2.178619623184204,
    2.186943769454956,
    2.193387269973755,
    2.178575277328491,
    2.1945786476135254
  ],
  "status": 27
}