{
  "gpu": false,
  "device": "hybrid",
  "infile": "../matrix/cgne_init_4096_dble_csr.dat",
  "matfile": null,
  "k": 0.0,
  "kc": 0.0,
  "reordering": false,
  "preconditioning": true,
  "vol": 4096,
  "dim": 49152,
  "lattice": "8x8x8x8",
  "blk_dim": 12288,
  "bs": "8x8x4x4",
  "res": 1e-06,
  "tol": 0.0003135346870547978,
  "nmx": 417,
  "nkv": 7,
  "nmr": 4,
  "ncy": 6,
  "sdtype": "float32",
  "ddtype": "float64",
  "cdtype": "float64",
  "rn": [
    82.198990899896,
    32.91316164047773,
    15.851412478284281,
    7.363553086210532,
    3.482577223417629,
    1.7065532898535185,
    0.8560711910098151,
    0.8560712948328422,
    0.51727871261384,
    0.2581295892646889,
    0.12647142939390368,
    0.06391711419594584,
    0.031507644578211196,
    0.014086915005577202,
    0.006308712327055562,
    0.006308711099004162,
    0.003657511869287887,
    0.0016763931291229163,
    0.0007818781988304005,
    0.0003905641612439119,
    0.00018815592016839313,
    0.00018815592448348384
  ],
  "i": [
    0,
    1,
    2,
    3,
    4,
    5,
    6,
    7,
    8,
    9,
    10,
    11,
    12,
    13,
    14,
    15,
    16,
    17,
    18,
    19,
    20,
    21
  ],
  "reset": [
    7,
    15,
    21
  ],
  "duration": [
    2.499744176864624,
    2.5015039443969727,
    2.501030206680298,
    2.5008275508880615,
    2.5009286403656006,
    2.5015196800231934,
    2.501983165740967,
    2.5011820793151855,
    2.5014586448669434,
    2.501906156539917,
    2.502592086791992,
    2.5012893676757812,
    2.502166986465454,
    2.50246524810791,
    2.502497911453247,
    2.5010828971862793,
    2.503138542175293,
    2.502403497695923,
    2.502152681350708,
    2.5021135807037354
  ],
  "status": 19
}