{
  "gpu": false,
  "infile": "../matrix/cgne_init_4096_dble_csr.dat",
  "matfile": null,
  "k": 0.0,
  "kc": 0.0,
  "reordering": false,
  "preconditioning": true,
  "vol": 4096,
  "dim": 49152,
  "lattice": "8x8x8x8",
  "blk_dim": 3072,
  "bs": "4x4x4x4",
  "res": 1e-06,
  "tol": 0.0003135346870547978,
  "nmx": 500,
  "nkv": 7,
  "nmr": 4,
  "ncy": 5,
  "sdtype": "float32",
  "ddtype": "float64",
  "cdtype": "float32",
  "rn": [
    99.86242900556027,
    48.104263823527205,
    25.635168564339853,
    13.42445581820072,
    7.19008689796948,
    3.8732546444475493,
    2.0762810907459888,
    2.076281282503169,
    1.1807266763194655,
    0.6542105617970623,
    0.36731129121780287,
    0.1960109555212973,
    0.10693717214083942,
    0.05663568389923802,
    0.030055879977841638,
    0.030055880709010333,
    0.017300812026263504,
    0.009523661513797396,
    0.005258084284554312,
    0.002794130277870894,
    0.001487157438567838,
    0.0007860553716564578,
    0.00043470173371769924,
    0.0004347017989481762,
    0.00025028804429769104,
    0.0002502880445231515
  ],
  "i": [
    0,
    1,
    2,
    3,
    4,
    5,
    6,
    7,
    8,
    9,
    10,
    11,
    12,
    13,
    14,
    15,
    16,
    17,
    18,
    19,
    20,
    21,
    22,
    23,
    24,
    25
  ],
  "reset": [
    7,
    15,
    23,
    25
  ],
  "duration": 2.437934160232544,
  "status": 22
}