{
  "gpu": false,
  "device": "hybrid",
  "infile": "../matrix/cgne_init_65536_dble_csr.dat",
  "matfile": null,
  "k": 0.0,
  "kc": 0.0,
  "reordering": false,
  "preconditioning": true,
  "vol": 65536,
  "dim": 786432,
  "lattice": "16x16x16x16",
  "blk_dim": 6144,
  "bs": "8x4x4x4",
  "res": 1e-06,
  "tol": 0.0012541387482794752,
  "nmx": 210,
  "nkv": 7,
  "nmr": 12,
  "ncy": 4,
  "sdtype": "float32",
  "ddtype": "float64",
  "cdtype": "float32",
  "rn": [
    59.998425677008385,
    4.49720326068786,
    0.35430963214792244,
    0.028605692003561015,
    0.0032677396395056134,
    0.0022580956025309903,
    0.002248339474840277,
    0.002234854824478795,
    0.00010736430508724118,
    0.00010736430494224729
  ],
  "i": [
    0,
    1,
    2,
    3,
    4,
    5,
    6,
    7,
    8,
    9
  ],
  "reset": [
    7,
    9
  ],
  "duration": [
    28.654639720916748,
    28.52447271347046,
    28.527385473251343,
    28.54235076904297,
    28.517353296279907,
    28.555962562561035,
    28.45219111442566,
    28.42545437812805,
    28.453789472579956,
    28.42898964881897,
    28.425339460372925,
    28.444994926452637,
    28.42783808708191,
    28.41775608062744,
    28.410571336746216,
    28.45422387123108,
    28.411497831344604,
    28.428274393081665,
    28.43902349472046,
    28.420734405517578
  ],
  "status": 8
}