{
  "gpu": true,
  "device": "gpu",
  "infile": "../matrix/cgne_init_4096_dble_csr.dat",
  "matfile": "../matrix/conf6_0-8x8-30/conf6.0-00l8x8-3000.mtx",
  "k": 0.05,
  "kc": 0.15649,
  "reordering": true,
  "preconditioning": true,
  "vol": 4096,
  "dim": 49152,
  "lattice": "8x8x8x8",
  "blk_dim": 24576,
  "bs": "8x8x8x4",
  "res": 1e-06,
  "tol": 0.00031353468703945405,
  "nmx": 250,
  "nkv": 7,
  "nmr": 10,
  "ncy": 4,
  "sdtype": "float32",
  "ddtype": "float64",
  "cdtype": "float64",
  "rn": [
    7.961069615101441e-06,
    3.76883431292048e-05
  ],
  "i": [
    0,
    1
  ],
  "reset": [
    1
  ],
  "duration": [
    0.04230761528015137,
    0.04351019859313965,
    0.041666507720947266,
    0.04166221618652344,
    0.04229402542114258,
    0.04271864891052246,
    0.04288816452026367,
    0.04177117347717285,
    0.04158639907836914,
    0.04228496551513672,
    0.043005943298339844,
    0.04187369346618652,
    0.04188823699951172,
    0.04145979881286621,
    0.04143047332763672,
    0.041443824768066406,
    0.04125690460205078,
    0.041593313217163086,
    0.041779279708862305,
    0.04138994216918945
  ],
  "status": 1
}