{
  "gpu": true,
  "device": "gpu",
  "infile": "../matrix/cgne_init_4096_dble_csr.dat",
  "matfile": "../matrix/conf6_0-8x8-20/conf6_0-8x8-20.mtx",
  "k": 0.15717,
  "kc": 0.15717,
  "reordering": true,
  "preconditioning": true,
  "vol": 4096,
  "dim": 49152,
  "lattice": "8x8x8x8",
  "blk_dim": 12288,
  "bs": "8x8x4x4",
  "res": 1e-06,
  "tol": 0.00031353468703945405,
  "nmx": 417,
  "nkv": 7,
  "nmr": 2,
  "ncy": 12,
  "sdtype": "float32",
  "ddtype": "float64",
  "cdtype": "float32",
  "rn": [
    19.031504506090016,
    10.102765748450281,
    6.139715992201328,
    3.6748136142392602,
    2.2872086754315726,
    1.4509065585427607,
    0.9240392951348784,
    0.9240390453461399,
    0.5931941820066189,
    0.39677126091543186,
    0.262259984880285,
    0.17536242256644433,
    0.11297846240751679,
    0.06997281189929298,
    0.04293797707275844,
    0.04293797242409414,
    0.027227423268219402,
    0.017033172663143085,
    0.010122674140744598,
    0.0067308342552987385,
    0.0043656017738020365,
    0.0030823722054765723,
    0.002045676743540822,
    0.0020456769759077237,
    0.001410197055091604,
    0.0009644665452150775,
    0.0006541193263051718,
    0.0004682297326139336,
    0.00030995170442905907,
    0.0003099517156327315
  ],
  "i": [
    0,
    1,
    2,
    3,
    4,
    5,
    6,
    7,
    8,
    9,
    10,
    11,
    12,
    13,
    14,
    15,
    16,
    17,
    18,
    19,
    20,
    21,
    22,
    23,
    24,
    25,
    26,
    27,
    28,
    29
  ],
  "reset": [
    7,
    15,
    23,
    29
  ],
  "duration": [
    1.774911642074585,
    1.6085505485534668,
    1.6197006702423096,
    1.6168129444122314,
    1.6131441593170166,
    1.6212742328643799,
    1.610154390335083,
    1.6147780418395996,
    1.621227502822876,
    1.611386775970459,
    1.617142677307129,
    1.6067085266113281,
    1.6183199882507324,
    1.6197943687438965,
    1.601257562637329,
    1.6228325366973877,
    1.6096036434173584,
    1.6162970066070557,
    1.6096930503845215,
    1.615527629852295
  ],
  "status": 26
}