{
  "gpu": false,
  "infile": "../matrix/cgne_init_65536_dble_csr.dat",
  "matfile": null,
  "k": 0.0,
  "kc": 0.0,
  "reordering": false,
  "preconditioning": false,
  "vol": 65536,
  "dim": 786048,
  "lattice": "16x16x16x16",
  "blk_dim": 24564,
  "bs": "8x8x8x4",
  "res": 1e-06,
  "tol": 0.0012541387483049865,
  "nmx": 10000,
  "nkv": 7,
  "nmr": 0,
  "ncy": 0,
  "sdtype": "float64",
  "ddtype": "float64",
  "cdtype": "float64",
  "rn": [
    1164.709030441909,
    495.8934941006371,
    442.953408728252,
    243.79104679354327,
    210.46941051452538,
    130.89574641229765,
    110.11037086635221,
    110.11037086635221,
    96.05325630129583,
    68.82072209246259,
    55.68925981465157,
    37.79876877712583,
    31.471625626774014,
    20.32997508079551,
    17.133548690005114,
    17.133548690005114,
    14.965923573143101,
    10.709381547174665,
    8.364724038568903,
    6.2183233615231766,
    4.911459670634826,
    3.571998978462069,
    2.9933814345487413,
    2.9933814345487413,
    2.5814790012721716,
    1.922194252917582,
    1.4839861807436958,
    1.126939724656403,
    0.8719734666820366,
    0.6376940311594984,
    0.5375700113940938,
    0.5375700113940934,
    0.46361297965560705,
    0.34518175805235835,
    0.2634790655909106,
    0.20190464686765067,
    0.15580864934511487,
    0.11687501820444862,
    0.09807264423900293,
    0.09807264423900257,
    0.08403998853109304,
    0.06350504939094245,
    0.04862659103226777,
    0.03744562448345763,
    0.0285972118998581,
    0.021400220058551734,
    0.018044872745104187,
    0.018044872745104107,
    0.01549152237513157,
    0.011675060878408196,
    0.008865433288444762,
    0.0068371788121314985,
    0.005243487588155805,
    0.003969358474326609,
    0.003339037907563838,
    0.003339037907563522,
    0.0028564326207981324,
    0.0021693781625994777,
    0.0016567492343551042,
    0.0012792434568662462,
    0.0009731436619630995,
    0.0009731436619635856
  ],
  "i": [
    0,
    1,
    2,
    3,
    4,
    5,
    6,
    7,
    8,
    9,
    10,
    11,
    12,
    13,
    14,
    15,
    16,
    17,
    18,
    19,
    20,
    21,
    22,
    23,
    24,
    25,
    26,
    27,
    28,
    29,
    30,
    31,
    32,
    33,
    34,
    35,
    36,
    37,
    38,
    39,
    40,
    41,
    42,
    43,
    44,
    45,
    46,
    47,
    48,
    49,
    50,
    51,
    52,
    53,
    54,
    55,
    56,
    57,
    58,
    59,
    60,
    61
  ],
  "reset": [
    7,
    15,
    23,
    31,
    39,
    47,
    55,
    61
  ],
  "duration": [
    12.41127347946167,
    11.930744409561157,
    11.848095178604126,
    12.462743759155273,
    12.127264022827148,
    12.24727749824524,
    12.098005294799805,
    11.92365574836731,
    12.323158979415894,
    12.091540336608887,
    12.366686582565308,
    11.904049396514893,
    11.83303451538086,
    12.330611944198608,
    11.913683652877808,
    12.46661639213562,
    12.211339473724365,
    11.920307636260986,
    12.052870512008667,
    12.209505558013916
  ],
  "status": 54
}