{
  "gpu": false,
  "device": "cpu",
  "infile": "../matrix/fgcr_check3_4096_dble_csr.dat",
  "matfile": null,
  "k": 0.0,
  "kc": 0.0,
  "reordering": false,
  "preconditioning": true,
  "vol": 4096,
  "dim": 49152,
  "lattice": "8x8x8x8",
  "blk_dim": 6144,
  "bs": "8x4x4x4",
  "res": 1e-06,
  "tol": 0.00031353468710831124,
  "nmx": 125,
  "nkv": 7,
  "nmr": 20,
  "ncy": 4,
  "sdtype": "float32",
  "ddtype": "float64",
  "cdtype": "float64",
  "rn": [
    25.528533054566626,
    5.167152876462711,
    1.434267596467462,
    0.36543977790776505,
    0.0917063469488869,
    0.02391840963200604,
    0.005834691700083717,
    0.0058349560323203336,
    0.0016970211936490204,
    0.0005606762336305707,
    0.00012452882693765225,
    0.00012452882248047476
  ],
  "i": [
    0,
    1,
    2,
    3,
    4,
    5,
    6,
    7,
    8,
    9,
    10,
    11
  ],
  "reset": [
    7,
    11
  ],
  "duration": [
    2.9599196910858154,
    2.958174228668213,
    2.9573922157287598,
    2.9590601921081543,
    2.956829786300659,
    2.956470489501953,
    2.9560327529907227,
    2.9567463397979736,
    2.9546244144439697,
    2.954923152923584,
    2.9562861919403076,
    2.956207752227783,
    2.9548871517181396,
    2.955820083618164,
    2.954465866088867,
    2.954801321029663,
    2.95407772064209,
    2.954179286956787,
    2.9547996520996094,
    2.9539854526519775
  ],
  "status": 10
}