{
  "gpu": false,
  "device": "cpu",
  "infile": "../matrix/cgne_init_4096_dble_csr.dat",
  "matfile": "../matrix/conf6_0-8x8-20/conf6_0-8x8-20.mtx",
  "k": 0.15,
  "kc": 0.15717,
  "reordering": true,
  "preconditioning": true,
  "vol": 4096,
  "dim": 49152,
  "lattice": "8x8x8x8",
  "blk_dim": 3072,
  "bs": "4x4x4x4",
  "res": 1e-06,
  "tol": 0.0003135346870547978,
  "nmx": 2500,
  "nkv": 7,
  "nmr": 1,
  "ncy": 4,
  "sdtype": "float32",
  "ddtype": "float64",
  "cdtype": "float64",
  "rn": [
    47.46099157294865,
    20.3177044217114,
    11.607103076666636,
    7.2099865853894105,
    4.7390242588015665,
    3.202905980580643,
    2.217484125161214,
    2.2174842021851613,
    1.6327023031269847,
    1.1912032918723545,
    0.8560446763753976,
    0.6074182907299492,
    0.42370614283135094,
    0.2886355868261962,
    0.20031184957080134,
    0.20031184353284534,
    0.15047002873799167,
    0.11304750016560405,
    0.08229953951243664,
    0.05972173313121537,
    0.04260434713243157,
    0.030825789383406094,
    0.02247726735564518,
    0.022477267346833717,
    0.01675960400980627,
    0.012527967939849513,
    0.00919743399151604,
    0.006824518678637089,
    0.005008944924213371,
    0.0036680953601689373,
    0.0027097980027393914,
    0.0027097980342060493,
    0.0020238972222294876,
    0.001490149794190266,
    0.0011004834241879645,
    0.0008163246274761032,
    0.0006071492400613916,
    0.0004579270151407499,
    0.0003412188972763354,
    0.0003412188942770388,
    0.0002550500094045191,
    0.0002550500097099539
  ],
  "i": [
    0,
    1,
    2,
    3,
    4,
    5,
    6,
    7,
    8,
    9,
    10,
    11,
    12,
    13,
    14,
    15,
    16,
    17,
    18,
    19,
    20,
    21,
    22,
    23,
    24,
    25,
    26,
    27,
    28,
    29,
    30,
    31,
    32,
    33,
    34,
    35,
    36,
    37,
    38,
    39,
    40,
    41
  ],
  "reset": [
    7,
    15,
    23,
    31,
    39,
    41
  ],
  "duration": [
    2.02571177482605,
    2.022707462310791,
    2.024799346923828,
    2.0171546936035156,
    2.0239264965057373,
    2.01594877243042,
    2.0166831016540527,
    2.0148427486419678,
    2.0138282775878906,
    2.0091419219970703,
    2.0114123821258545,
    2.021085262298584,
    2.0112521648406982,
    2.01261830329895,
    2.008852958679199,
    2.0137391090393066,
    2.009521722793579,
    2.0142228603363037,
    2.0144314765930176,
    2.012122631072998
  ],
  "status": 36
}