{
  "gpu": true,
  "infile": "../matrix/cgne_init_65536_dble_csr.dat",
  "matfile": null,
  "k": 0.0,
  "kc": 0.0,
  "reordering": false,
  "preconditioning": true,
  "vol": 65536,
  "dim": 786048,
  "lattice": "16x16x16x16",
  "blk_dim": 24564,
  "bs": "8x8x8x4",
  "res": 1e-06,
  "tol": 0.0012541387482808122,
  "nmx": 1250,
  "nkv": 7,
  "nmr": 4,
  "ncy": 2,
  "sdtype": "float32",
  "ddtype": "float64",
  "cdtype": "float32",
  "rn": [
    723.192401078327,
    405.0749407853606,
    206.33356248707588,
    99.45027348751314,
    47.52956931600121,
    22.57975529729658,
    10.831015491028252,
    10.83101526345164,
    6.490629453395896,
    2.767701643971704,
    1.3015547234868925,
    0.603726775126363,
    0.2949622722625823,
    0.14445022317627185,
    0.06773097005183011,
    0.06773096867990402,
    0.04016816570030376,
    0.019030056558571633,
    0.008226889501159991,
    0.004060238819653814,
    0.0021234265001866693,
    0.0011036926378857322,
    0.0011036926631013229
  ],
  "i": [
    0,
    1,
    2,
    3,
    4,
    5,
    6,
    7,
    8,
    9,
    10,
    11,
    12,
    13,
    14,
    15,
    16,
    17,
    18,
    19,
    20,
    21,
    22
  ],
  "reset": [
    7,
    15,
    22
  ],
  "duration": 4.1633522510528564,
  "status": 20
}