{
  "gpu": true,
  "device": "gpu",
  "infile": "../matrix/cgne_init_4096_dble_csr.dat",
  "matfile": "../matrix/conf6_0-8x8-20/conf6_0-8x8-20.mtx",
  "k": 0.15717,
  "kc": 0.15717,
  "reordering": true,
  "preconditioning": true,
  "vol": 4096,
  "dim": 49152,
  "lattice": "8x8x8x8",
  "blk_dim": 12288,
  "bs": "8x8x4x4",
  "res": 1e-06,
  "tol": 0.00031353468703945405,
  "nmx": 417,
  "nkv": 7,
  "nmr": 4,
  "ncy": 6,
  "sdtype": "float32",
  "ddtype": "float64",
  "cdtype": "float64",
  "rn": [
    19.77266772475316,
    10.03522828869069,
    5.88371091763403,
    3.3567614296491954,
    2.020440442464711,
    1.23104241361227,
    0.761243729563226,
    0.7612437297080822,
    0.47106059561977576,
    0.3041572073391421,
    0.19367957001272895,
    0.12426112534161507,
    0.07580607630266775,
    0.044372900899333385,
    0.026446704512636213,
    0.026446706249509244,
    0.016072412373793615,
    0.009629378845602086,
    0.005445558882362117,
    0.003488828988571745,
    0.0022131488575724673,
    0.0014944375965446775,
    0.0009637307247595988,
    0.0009637306973753489,
    0.0006301276142196807,
    0.0004196683846677252,
    0.00027959303009844556,
    0.0002795930309225246
  ],
  "i": [
    0,
    1,
    2,
    3,
    4,
    5,
    6,
    7,
    8,
    9,
    10,
    11,
    12,
    13,
    14,
    15,
    16,
    17,
    18,
    19,
    20,
    21,
    22,
    23,
    24,
    25,
    26,
    27
  ],
  "reset": [
    7,
    15,
    23,
    27
  ],
  "duration": [
    1.456355333328247,
    1.2879297733306885,
    1.2989215850830078,
    1.301347017288208,
    1.2937180995941162,
    1.2930707931518555,
    1.2853055000305176,
    1.286874771118164,
    1.2923309803009033,
    1.289180040359497,
    1.2931084632873535,
    1.3038079738616943,
    1.2967872619628906,
    1.2828350067138672,
    1.3000881671905518,
    1.2959444522857666,
    1.2918295860290527,
    1.301257848739624,
    1.3018124103546143,
    1.297426462173462
  ],
  "status": 24
}