{
  "gpu": true,
  "device": "gpu",
  "infile": "../matrix/cgne_init_4096_dble_csr.dat",
  "matfile": null,
  "k": 0.0,
  "kc": 0.0,
  "reordering": false,
  "preconditioning": true,
  "vol": 4096,
  "dim": 49152,
  "lattice": "8x8x8x8",
  "blk_dim": 24576,
  "bs": "8x8x8x4",
  "res": 1e-06,
  "tol": 0.00031353468703945405,
  "nmx": 2500,
  "nkv": 7,
  "nmr": 4,
  "ncy": 1,
  "sdtype": "float32",
  "ddtype": "float64",
  "cdtype": "float32",
  "rn": [
    145.98874899614148,
    53.70000760503642,
    22.616366742971145,
    10.145084024061138,
    4.345405599267288,
    2.0647544981125363,
    0.9598436740445292,
    0.9598437394347181,
    0.47066333426185764,
    0.2321237328768162,
    0.11679664486902926,
    0.052021735480121005,
    0.02391325578154052,
    0.010783178165876608,
    0.005120635318136642,
    0.005120636081247617,
    0.002491526798957793,
    0.001221790783638138,
    0.0006215128444840443,
    0.00028343425078546905,
    0.0002834342474270015
  ],
  "i": [
    0,
    1,
    2,
    3,
    4,
    5,
    6,
    7,
    8,
    9,
    10,
    11,
    12,
    13,
    14,
    15,
    16,
    17,
    18,
    19,
    20
  ],
  "reset": [
    7,
    15,
    20
  ],
  "duration": [
    0.2725982666015625,
    0.10644149780273438,
    0.10797905921936035,
    0.1061851978302002,
    0.10556435585021973,
    0.10579872131347656,
    0.10564088821411133,
    0.105224609375,
    0.1058187484741211,
    0.10513782501220703,
    0.10625767707824707,
    0.10834240913391113,
    0.1057901382446289,
    0.10644054412841797,
    0.10628437995910645,
    0.10585427284240723,
    0.1077113151550293,
    0.11002945899963379,
    0.10934686660766602,
    0.1060640811920166
  ],
  "status": 18
}