{
  "gpu": false,
  "device": "hybrid",
  "infile": "../matrix/cgne_init_65536_dble_csr.dat",
  "matfile": null,
  "k": 0.0,
  "kc": 0.0,
  "reordering": false,
  "preconditioning": true,
  "vol": 65536,
  "dim": 786432,
  "lattice": "16x16x16x16",
  "blk_dim": 196608,
  "bs": "16x16x8x8",
  "res": 1e-06,
  "tol": 0.0012541387482794752,
  "nmx": 210,
  "nkv": 7,
  "nmr": 12,
  "ncy": 4,
  "sdtype": "float32",
  "ddtype": "float64",
  "cdtype": "float64",
  "rn": [
    60.18354020931836,
    4.584736691549242,
    0.39387843847809106,
    0.037402634839527694,
    0.003886805215829671,
    0.00039844265460544476,
    0.00045669720703963093
  ],
  "i": [
    0,
    1,
    2,
    3,
    4,
    5,
    6
  ],
  "reset": [
    6
  ],
  "duration": [
    4.086700439453125,
    4.078841209411621,
    4.083005905151367,
    4.078148126602173,
    4.084166526794434,
    4.080495834350586,
    4.084485769271851,
    4.083355903625488,
    4.086676597595215,
    4.079749822616577,
    4.086193561553955,
    4.080931901931763,
    4.089167356491089,
    4.082110643386841,
    4.08695125579834,
    4.0817694664001465,
    4.087915420532227,
    4.083069801330566,
    4.086676359176636,
    4.082930326461792
  ],
  "status": 6
}