{
  "gpu": false,
  "device": "hybrid",
  "infile": "../matrix/cgne_init_4096_dble_csr.dat",
  "matfile": null,
  "k": 0.0,
  "kc": 0.0,
  "reordering": false,
  "preconditioning": true,
  "vol": 4096,
  "dim": 49152,
  "lattice": "8x8x8x8",
  "blk_dim": 24576,
  "bs": "8x8x8x4",
  "res": 1e-06,
  "tol": 0.0003135346870762468,
  "nmx": 2500,
  "nkv": 7,
  "nmr": 0.5,
  "ncy": 0.5,
  "sdtype": "float64",
  "ddtype": "float64",
  "cdtype": "float64",
  "rn": [
    117.79640728550233,
    51.957304387561614,
    14.126769863350868,
    6.659063321676188,
    3.6577268616542598,
    1.7754159386505095,
    0.7428150593676726,
    0.7428150593676732,
    0.4835473127053068,
    0.3399479526537407,
    0.15801589593566315,
    0.07496222018633586,
    0.035768085128654335,
    0.01687045557522838,
    0.008674116236027584,
    0.008674116236027242,
    0.004075519318635453,
    0.0018362440860862303,
    0.0013283908611644326,
    0.0007769736888631604,
    0.00031509721859411424,
    0.00015366810131107314,
    0.0001536681013110272
  ],
  "i": [
    0,
    1,
    2,
    3,
    4,
    5,
    6,
    7,
    8,
    9,
    10,
    11,
    12,
    13,
    14,
    15,
    16,
    17,
    18,
    19,
    20,
    21,
    22
  ],
  "reset": [
    7,
    15,
    22
  ],
  "duration": [
    0.8409314155578613,
    0.7665436267852783,
    0.9330399036407471,
    0.962609052658081,
    0.9357767105102539,
    0.873908519744873,
    0.8558375835418701,
    0.864337682723999,
    0.6969425678253174,
    0.8022787570953369,
    0.7526538372039795,
    0.7664177417755127,
    0.9874699115753174,
    0.9601104259490967,
    0.7042536735534668,
    0.8512160778045654,
    0.7866578102111816,
    0.7837953567504883,
    0.7135355472564697,
    0.7344098091125488
  ],
  "status": 20
}