{
  "gpu": true,
  "device": "gpu",
  "infile": "../matrix/cgne_init_4096_dble_csr.dat",
  "matfile": "../matrix/conf6_0-8x8-30/conf6.0-00l8x8-3000.mtx",
  "k": 0.05,
  "kc": 0.15649,
  "reordering": true,
  "preconditioning": true,
  "vol": 4096,
  "dim": 49152,
  "lattice": "8x8x8x8",
  "blk_dim": 24576,
  "bs": "8x8x8x4",
  "res": 1e-06,
  "tol": 0.00031353468703945405,
  "nmx": 2500,
  "nkv": 7,
  "nmr": 4,
  "ncy": 1,
  "sdtype": "float32",
  "ddtype": "float64",
  "cdtype": "float32",
  "rn": [
    11.311735435545247,
    0.0412626444924244,
    0.0002676337551805098,
    0.00027002588983049896
  ],
  "i": [
    0,
    1,
    2,
    3
  ],
  "reset": [
    3
  ],
  "duration": [
    0.25314998626708984,
    0.018991947174072266,
    0.018198490142822266,
    0.018276691436767578,
    0.018355369567871094,
    0.01828455924987793,
    0.018315553665161133,
    0.01816415786743164,
    0.018568992614746094,
    0.018144845962524414,
    0.0182647705078125,
    0.018242835998535156,
    0.018213987350463867,
    0.01833963394165039,
    0.018375635147094727,
    0.018352508544921875,
    0.018322229385375977,
    0.018283367156982422,
    0.01822662353515625,
    0.018019676208496094
  ],
  "status": 3
}