{
  "gpu": false,
  "device": "cpu",
  "infile": "../matrix/cgne_init_4096_dble_csr.dat",
  "matfile": "../matrix/conf6_0-8x8-20/conf6_0-8x8-20.mtx",
  "k": 0.15,
  "kc": 0.15717,
  "reordering": true,
  "preconditioning": true,
  "vol": 4096,
  "dim": 49152,
  "lattice": "8x8x8x8",
  "blk_dim": 6144,
  "bs": "8x4x4x4",
  "res": 1e-06,
  "tol": 0.0003135346870762468,
  "nmx": 417,
  "nkv": 7,
  "nmr": 12,
  "ncy": 2,
  "sdtype": "float64",
  "ddtype": "float64",
  "cdtype": "float64",
  "rn": [
    27.47714790353873,
    8.06466660522451,
    2.969851642487682,
    1.1794377119476205,
    0.5012366346568525,
    0.21525471683888836,
    0.08975744768361875,
    0.0897574476836193,
    0.04054861012227982,
    0.018946423975860445,
    0.00858912195256768,
    0.0037697760162370406,
    0.0016356022299204517,
    0.0007176961307583982,
    0.00031826727900899685,
    0.000318267279009253,
    0.0001366623942572389,
    0.00013666239425752164
  ],
  "i": [
    0,
    1,
    2,
    3,
    4,
    5,
    6,
    7,
    8,
    9,
    10,
    11,
    12,
    13,
    14,
    15,
    16,
    17
  ],
  "reset": [
    7,
    15,
    17
  ],
  "duration": [
    2.80849289894104,
    2.8049733638763428,
    2.807168483734131,
    2.8052096366882324,
    2.8048934936523438,
    2.8040730953216553,
    2.804792881011963,
    2.8052852153778076,
    2.8079276084899902,
    2.8034555912017822,
    2.8050596714019775,
    2.8035545349121094,
    2.803453207015991,
    2.8026318550109863,
    2.8036506175994873,
    2.8030099868774414,
    2.804347038269043,
    2.8033530712127686,
    2.8031628131866455,
    2.8029751777648926
  ],
  "status": 15
}