{
  "gpu": false,
  "device": "hybrid",
  "infile": "../matrix/cgne_init_4096_dble_csr.dat",
  "matfile": "../matrix/conf6_0-8x8-30/conf6.0-00l8x8-3000.mtx",
  "k": 0.15649,
  "kc": 0.15649,
  "reordering": true,
  "preconditioning": true,
  "vol": 4096,
  "dim": 49152,
  "lattice": "8x8x8x8",
  "blk_dim": 12288,
  "bs": "8x8x4x4",
  "res": 1e-06,
  "tol": 0.0003135346870547978,
  "nmx": 417,
  "nkv": 7,
  "nmr": 6,
  "ncy": 4,
  "sdtype": "float32",
  "ddtype": "float64",
  "cdtype": "float32",
  "rn": [
    18.687060298909696,
    9.028371246698793,
    5.069229704070334,
    3.1238202298005406,
    1.8469860917376424,
    1.1054092238847153,
    0.6866844088440945,
    0.6866843812959232,
    0.4448641439604331,
    0.3137281680511983,
    0.20888416380108155,
    0.1206442418618692,
    0.06829271568247222,
    0.04197394645269976,
    0.026912160635466757,
    0.026912160309245543,
    0.017278739808896645,
    0.012181685032821708,
    0.007915816017890485,
    0.005262497798971718,
    0.003430078619177631,
    0.002254321766669662,
    0.001284011691468716,
    0.0012840116424000358,
    0.0007539754445259322,
    0.00044568064556147445,
    0.00032056121186676916,
    0.00022303938284021137,
    0.00022303937829026423
  ],
  "i": [
    0,
    1,
    2,
    3,
    4,
    5,
    6,
    7,
    8,
    9,
    10,
    11,
    12,
    13,
    14,
    15,
    16,
    17,
    18,
    19,
    20,
    21,
    22,
    23,
    24,
    25,
    26,
    27,
    28
  ],
  "reset": [
    7,
    15,
    23,
    28
  ],
  "duration": [
    1.689732551574707,
    1.687748908996582,
    1.686140775680542,
    1.68475341796875,
    1.6928794384002686,
    1.6924147605895996,
    1.6847314834594727,
    1.6849007606506348,
    1.6861598491668701,
    1.6863646507263184,
    1.6887245178222656,
    1.6810486316680908,
    1.6835267543792725,
    1.689746618270874,
    1.6805412769317627,
    1.680816411972046,
    1.6819629669189453,
    1.6818315982818604,
    1.6806228160858154,
    1.6824750900268555
  ],
  "status": 25
}