{
  "gpu": true,
  "device": "gpu",
  "infile": "../matrix/cgne_init_4096_dble_csr.dat",
  "matfile": null,
  "k": 0.0,
  "kc": 0.0,
  "reordering": false,
  "preconditioning": true,
  "vol": 4096,
  "dim": 49152,
  "lattice": "8x8x8x8",
  "blk_dim": 12288,
  "bs": "8x8x4x4",
  "res": 1e-06,
  "tol": 0.0003135346870762468,
  "nmx": 250,
  "nkv": 7,
  "nmr": 4,
  "ncy": 10,
  "sdtype": "float64",
  "ddtype": "float64",
  "cdtype": "float64",
  "rn": [
    52.060583296279695,
    15.411723896947297,
    5.184677651270156,
    1.8598374152412727,
    0.6883816578053427,
    0.25965104856722604,
    0.09214783999866542,
    0.09214783999866513,
    0.03180263036354091,
    0.010524107596204075,
    0.0036071779563674653,
    0.001246836484973259,
    0.0004538133107446126,
    0.00013765464125998217,
    0.00013765464126004584
  ],
  "i": [
    0,
    1,
    2,
    3,
    4,
    5,
    6,
    7,
    8,
    9,
    10,
    11,
    12,
    13,
    14
  ],
  "reset": [
    7,
    14
  ],
  "duration": [
    1.3374779224395752,
    1.1674435138702393,
    1.1628379821777344,
    1.1627109050750732,
    1.1667819023132324,
    1.1545696258544922,
    1.1673204898834229,
    1.1607234477996826,
    1.1651043891906738,
    1.1691298484802246,
    1.1696133613586426,
    1.173149824142456,
    1.1712546348571777,
    1.1603138446807861,
    1.1727404594421387,
    1.1708316802978516,
    1.168196201324463,
    1.162468433380127,
    1.1643080711364746,
    1.161531686782837
  ],
  "status": 13
}