{
  "gpu": false,
  "device": "cpu",
  "infile": "../matrix/cgne_init_4096_dble_csr.dat",
  "matfile": "../matrix/conf6_0-8x8-20/conf6_0-8x8-20.mtx",
  "k": 0.15,
  "kc": 0.15717,
  "reordering": true,
  "preconditioning": true,
  "vol": 4096,
  "dim": 49152,
  "lattice": "8x8x8x8",
  "blk_dim": 3072,
  "bs": "4x4x4x4",
  "res": 1e-06,
  "tol": 0.0003135346870762468,
  "nmx": 250,
  "nkv": 7,
  "nmr": 10,
  "ncy": 4,
  "sdtype": "float64",
  "ddtype": "float64",
  "cdtype": "float64",
  "rn": [
    10.61903502872876,
    1.9943954115648428,
    0.4593033976364657,
    0.11649230547514271,
    0.029030188964349134,
    0.007771621085984154,
    0.001978348569126393,
    0.0019783485691259525,
    0.0005457036143538656,
    0.00014915013271375594,
    0.00014915013271393353
  ],
  "i": [
    0,
    1,
    2,
    3,
    4,
    5,
    6,
    7,
    8,
    9,
    10
  ],
  "reset": [
    7,
    10
  ],
  "duration": [
    2.5187454223632812,
    2.517987012863159,
    2.5169191360473633,
    2.5186514854431152,
    2.516564130783081,
    2.517090082168579,
    2.5173282623291016,
    2.515557050704956,
    2.518038749694824,
    2.5147063732147217,
    2.5154571533203125,
    2.516896963119507,
    2.518637180328369,
    2.5144331455230713,
    2.51741099357605,
    2.5161798000335693,
    2.5161945819854736,
    2.5149378776550293,
    2.5150840282440186,
    2.5145163536071777
  ],
  "status": 9
}