{
  "gpu": true,
  "device": "gpu",
  "infile": "../matrix/fgcr_check3_4096_dble_csr.dat",
  "matfile": null,
  "k": 0.0,
  "kc": 0.0,
  "reordering": false,
  "preconditioning": true,
  "vol": 4096,
  "dim": 49152,
  "lattice": "8x8x8x8",
  "blk_dim": 24576,
  "bs": "8x8x8x4",
  "res": 1e-06,
  "tol": 0.00031353468715082124,
  "nmx": 417,
  "nkv": 7,
  "nmr": 12,
  "ncy": 2,
  "sdtype": "float32",
  "ddtype": "float64",
  "cdtype": "float32",
  "rn": [
    59.00620379206573,
    22.23124763346777,
    10.212342548864942,
    4.442942607263292,
    2.066366693009579,
    0.9173996234593237,
    0.4234582766066349,
    0.42345858170653683,
    0.25107330117531773,
    0.11409748863765651,
    0.05035267007831457,
    0.02233586300969449,
    0.010210814753584247,
    0.004253586104689492,
    0.0015933499391737563,
    0.0015933496212717686,
    0.0009597337729905544,
    0.0004230368068885093,
    0.00019748496610824117,
    0.00019748496452949373
  ],
  "i": [
    0,
    1,
    2,
    3,
    4,
    5,
    6,
    7,
    8,
    9,
    10,
    11,
    12,
    13,
    14,
    15,
    16,
    17,
    18,
    19
  ],
  "reset": [
    7,
    15,
    19
  ],
  "duration": [
    0.6893150806427002,
    0.47176337242126465,
    0.4714522361755371,
    0.47128987312316895,
    0.4710824489593506,
    0.4708702564239502,
    0.4725301265716553,
    0.4693009853363037,
    0.46915102005004883,
    0.4695873260498047,
    0.4698817729949951,
    0.469836950302124,
    0.4697561264038086,
    0.4696342945098877,
    0.4693753719329834,
    0.4702143669128418,
    0.46963047981262207,
    0.4700438976287842,
    0.4699740409851074,
    0.46979188919067383
  ],
  "status": 17
}