{
  "gpu": false,
  "device": "hybrid",
  "infile": "../matrix/cgne_init_4096_dble_csr.dat",
  "matfile": "../matrix/conf6_0-8x8-30/conf6.0-00l8x8-3000.mtx",
  "k": 0.05,
  "kc": 0.15649,
  "reordering": true,
  "preconditioning": true,
  "vol": 4096,
  "dim": 49152,
  "lattice": "8x8x8x8",
  "blk_dim": 3072,
  "bs": "4x4x4x4",
  "res": 1e-06,
  "tol": 0.0003135346870547978,
  "nmx": 250,
  "nkv": 7,
  "nmr": 10,
  "ncy": 4,
  "sdtype": "float32",
  "ddtype": "float64",
  "cdtype": "float64",
  "rn": [
    0.00010311805478163798,
    0.00010913902131453294
  ],
  "i": [
    0,
    1
  ],
  "reset": [
    1
  ],
  "duration": [
    0.3518712520599365,
    0.35080814361572266,
    0.3508114814758301,
    0.35109496116638184,
    0.35154008865356445,
    0.3520987033843994,
    0.3512723445892334,
    0.3509562015533447,
    0.352888822555542,
    0.35091519355773926,
    0.3516354560852051,
    0.3516509532928467,
    0.35244250297546387,
    0.3520042896270752,
    0.3507657051086426,
    0.3525810241699219,
    0.3508763313293457,
    0.3515641689300537,
    0.35121989250183105,
    0.351499080657959
  ],
  "status": 1
}