{
  "gpu": false,
  "device": "cpu",
  "infile": "../matrix/cgne_init_4096_dble_csr.dat",
  "matfile": "../matrix/conf6_0-8x8-30/conf6.0-00l8x8-3000.mtx",
  "k": 0.15649,
  "kc": 0.15649,
  "reordering": true,
  "preconditioning": true,
  "vol": 4096,
  "dim": 49152,
  "lattice": "8x8x8x8",
  "blk_dim": 3072,
  "bs": "4x4x4x4",
  "res": 1e-06,
  "tol": 0.0003135346870547978,
  "nmx": 417,
  "nkv": 7,
  "nmr": 6,
  "ncy": 4,
  "sdtype": "float32",
  "ddtype": "float64",
  "cdtype": "float32",
  "rn": [
    24.331939935846986,
    10.3225594483149,
    5.108180079730244,
    2.938843127364253,
    2.112716186157386,
    1.3963811022747028,
    0.8168422437373638,
    0.8168422404546506,
    0.5643625752188944,
    0.43819476044116173,
    0.3002013182654681,
    0.16916744782712165,
    0.09791699805531487,
    0.06315759290228028,
    0.04147467295188239,
    0.04147467346548571,
    0.02879275279023975,
    0.020323157696698752,
    0.013832409758284947,
    0.00897403656547496,
    0.006333032730732154,
    0.0045542070240829,
    0.0027470892379138304,
    0.0027470893030399003,
    0.0016897742258372853,
    0.0012123840313302968,
    0.0008813820049691733,
    0.0005637860709694191,
    0.00035223545199880807,
    0.0002488392014392007,
    0.00024883920112272676
  ],
  "i": [
    0,
    1,
    2,
    3,
    4,
    5,
    6,
    7,
    8,
    9,
    10,
    11,
    12,
    13,
    14,
    15,
    16,
    17,
    18,
    19,
    20,
    21,
    22,
    23,
    24,
    25,
    26,
    27,
    28,
    29,
    30
  ],
  "reset": [
    7,
    15,
    23,
    30
  ],
  "duration": [
    5.300942897796631,
    5.287879467010498,
    5.292384147644043,
    5.291428804397583,
    5.28534722328186,
    5.2955193519592285,
    5.285274028778076,
    5.291917324066162,
    5.288819074630737,
    5.289165735244751,
    5.28732705116272,
    5.29065728187561,
    5.293007850646973,
    5.293420076370239,
    5.292615175247192,
    5.284709930419922,
    5.287097930908203,
    5.285420894622803,
    5.290116786956787,
    5.288916110992432
  ],
  "status": 27
}