{
  "gpu": true,
  "device": "gpu",
  "infile": "../matrix/cgne_init_4096_dble_csr.dat",
  "matfile": null,
  "k": 0.0,
  "kc": 0.0,
  "reordering": false,
  "preconditioning": true,
  "vol": 4096,
  "dim": 49152,
  "lattice": "8x8x8x8",
  "blk_dim": 3072,
  "bs": "4x4x4x4",
  "res": 1e-06,
  "tol": 0.00031353468703945405,
  "nmx": 1250,
  "nkv": 7,
  "nmr": 4,
  "ncy": 2,
  "sdtype": "float32",
  "ddtype": "float64",
  "cdtype": "float64",
  "rn": [
    170.21241992603302,
    100.56857538697807,
    67.55204950908356,
    47.40706614734194,
    34.593433043391464,
    25.476119713953448,
    18.923156650210835,
    18.92315685234267,
    15.558074456225482,
    12.15580667048508,
    9.392056815188818,
    6.839584313582751,
    4.900154612164014,
    3.42452398582914,
    2.4859853040734503,
    2.4859853303513826,
    2.082213451009494,
    1.6834163664399038,
    1.2539174105010356,
    0.9328641308214246,
    0.7051488408882636,
    0.5422979893272146,
    0.41949307626302906,
    0.4194930762712592,
    0.34779220889014234,
    0.2808190742838927,
    0.21544086231691523,
    0.16073208009451587,
    0.11950585931942367,
    0.09372630114188565,
    0.07485762884945622,
    0.07485762860922134,
    0.06222357478662116,
    0.0493464953926683,
    0.036664715978289596,
    0.027769321188601686,
    0.021701008843517076,
    0.01740385515633011,
    0.014187793260950004,
    0.014187793329107853,
    0.01201750551874903,
    0.009655493699961888,
    0.007503023164597719,
    0.005598050317177166,
    0.004171080839100738,
    0.0033686432170289575,
    0.0028335749864482566,
    0.002833574970776493,
    0.0024495998498451094,
    0.0019854672977556525,
    0.0014994843185138955,
    0.0011605380551471603,
    0.0009217703788464794,
    0.0007378218733682945,
    0.0005881381785743851,
    0.00058813818434792,
    0.0004856629162894074,
    0.000389372293747222,
    0.00031098259088079976,
    0.0003109825908752551
  ],
  "i": [
    0,
    1,
    2,
    3,
    4,
    5,
    6,
    7,
    8,
    9,
    10,
    11,
    12,
    13,
    14,
    15,
    16,
    17,
    18,
    19,
    20,
    21,
    22,
    23,
    24,
    25,
    26,
    27,
    28,
    29,
    30,
    31,
    32,
    33,
    34,
    35,
    36,
    37,
    38,
    39,
    40,
    41,
    42,
    43,
    44,
    45,
    46,
    47,
    48,
    49,
    50,
    51,
    52,
    53,
    54,
    55,
    56,
    57,
    58,
    59
  ],
  "reset": [
    7,
    15,
    23,
    31,
    39,
    47,
    55,
    59
  ],
  "duration": [
    3.7260639667510986,
    3.549445390701294,
    3.5564982891082764,
    3.55964732170105,
    3.5463037490844727,
    3.5441389083862305,
    3.5397183895111084,
    3.5413734912872314,
    3.543069839477539,
    3.5450844764709473,
    3.5328874588012695,
    3.5462629795074463,
    3.5399162769317627,
    3.5333364009857178,
    3.5279698371887207,
    3.5327765941619873,
    3.5240910053253174,
    3.537867546081543,
    3.530484437942505,
    3.5227243900299072
  ],
  "status": 52
}