{
  "gpu": false,
  "device": "cpu",
  "infile": "../matrix/cgne_init_4096_dble_csr.dat",
  "matfile": "../matrix/conf6_0-8x8-20/conf6_0-8x8-20.mtx",
  "k": 0.15,
  "kc": 0.15717,
  "reordering": true,
  "preconditioning": true,
  "vol": 4096,
  "dim": 49152,
  "lattice": "8x8x8x8",
  "blk_dim": 3072,
  "bs": "4x4x4x4",
  "res": 1e-06,
  "tol": 0.0003135346870547978,
  "nmx": 125,
  "nkv": 7,
  "nmr": 20,
  "ncy": 4,
  "sdtype": "float32",
  "ddtype": "float64",
  "cdtype": "float64",
  "rn": [
    10.372489071611572,
    1.903408342492257,
    0.4349238330607848,
    0.10745241948822101,
    0.026551949729890462,
    0.006917847207406089,
    0.0017197667926003438,
    0.0017225974788151297,
    0.00046301201683296195,
    0.0001239144575422672,
    0.00012391445826121595
  ],
  "i": [
    0,
    1,
    2,
    3,
    4,
    5,
    6,
    7,
    8,
    9,
    10
  ],
  "reset": [
    7,
    10
  ],
  "duration": [
    4.954308986663818,
    4.950135946273804,
    4.941511869430542,
    4.949925184249878,
    4.952621221542358,
    4.938075542449951,
    4.945287704467773,
    4.951413869857788,
    4.949122905731201,
    4.940155267715454,
    4.949518918991089,
    4.938209295272827,
    4.942814588546753,
    4.949745178222656,
    4.94539213180542,
    4.941471576690674,
    4.94848108291626,
    4.941927433013916,
    4.9434123039245605,
    4.95195198059082
  ],
  "status": 9
}