{
  "gpu": false,
  "device": "hybrid",
  "infile": "../matrix/cgne_init_4096_dble_csr.dat",
  "matfile": null,
  "k": 0.0,
  "kc": 0.0,
  "reordering": false,
  "preconditioning": true,
  "vol": 4096,
  "dim": 49152,
  "lattice": "8x8x8x8",
  "blk_dim": 6144,
  "bs": "8x4x4x4",
  "res": 1e-06,
  "tol": 0.0003135346870547978,
  "nmx": 2500,
  "nkv": 7,
  "nmr": 1,
  "ncy": 4,
  "sdtype": "float32",
  "ddtype": "float64",
  "cdtype": "float64",
  "rn": [
    118.52903334872101,
    46.22225415258368,
    19.189605718997132,
    8.372061251568189,
    3.793803846317564,
    1.7654977783935122,
    0.8441011360343813,
    0.8441010734940259,
    0.41873507284083183,
    0.2123685651834911,
    0.10870829839281264,
    0.04960839753949948,
    0.024099804676925147,
    0.011718922298584945,
    0.005585125859851769,
    0.005585125872234124,
    0.0028113670648372115,
    0.0014230872603339254,
    0.0007163554250766343,
    0.0003339274103705992,
    0.00016401041580081015,
    0.00016401041572751903
  ],
  "i": [
    0,
    1,
    2,
    3,
    4,
    5,
    6,
    7,
    8,
    9,
    10,
    11,
    12,
    13,
    14,
    15,
    16,
    17,
    18,
    19,
    20,
    21
  ],
  "reset": [
    7,
    15,
    21
  ],
  "duration": [
    1.46504545211792,
    1.4676158428192139,
    1.4681897163391113,
    1.4673173427581787,
    1.4687275886535645,
    1.4687423706054688,
    1.470182180404663,
    1.4691801071166992,
    1.468076467514038,
    1.4682433605194092,
    1.4686739444732666,
    1.4657402038574219,
    1.466902732849121,
    1.466745138168335,
    1.4664175510406494,
    1.467987298965454,
    1.4657409191131592,
    1.4652118682861328,
    1.4659132957458496,
    1.4641759395599365
  ],
  "status": 19
}