{
  "gpu": false,
  "device": "hybrid",
  "infile": "../matrix/cgne_init_4096_dble_csr.dat",
  "matfile": "../matrix/conf6_0-8x8-30/conf6.0-00l8x8-3000.mtx",
  "k": 0.15649,
  "kc": 0.15649,
  "reordering": true,
  "preconditioning": true,
  "vol": 4096,
  "dim": 49152,
  "lattice": "8x8x8x8",
  "blk_dim": 6144,
  "bs": "8x4x4x4",
  "res": 1e-06,
  "tol": 0.0003135346870547978,
  "nmx": 250,
  "nkv": 7,
  "nmr": 4,
  "ncy": 10,
  "sdtype": "float32",
  "ddtype": "float64",
  "cdtype": "float64",
  "rn": [
    12.345613466377877,
    6.400005801527242,
    3.9549202888188804,
    2.6972047910136836,
    1.957756106668205,
    1.391965267725566,
    0.9497009291880674,
    0.9497008830047663,
    0.670996025827838,
    0.49053499659683913,
    0.3523474785488225,
    0.2479607565148193,
    0.1659370341790664,
    0.11272833344629281,
    0.07245422999723569,
    0.0724542337114068,
    0.05141365423309963,
    0.03691010292161002,
    0.02671401840173244,
    0.021175209895727905,
    0.015324549497008861,
    0.010586926957571961,
    0.007392843084806583,
    0.007392843109663279,
    0.005376244424575945,
    0.004077917454980917,
    0.0031041415871068453,
    0.002266393223495824,
    0.0016545671096524362,
    0.0011739307898993036,
    0.0007557197369139827,
    0.0007557197332312792,
    0.0005822665577532582,
    0.00039758980882558545,
    0.00028766190919528447,
    0.0002876619087675048
  ],
  "i": [
    0,
    1,
    2,
    3,
    4,
    5,
    6,
    7,
    8,
    9,
    10,
    11,
    12,
    13,
    14,
    15,
    16,
    17,
    18,
    19,
    20,
    21,
    22,
    23,
    24,
    25,
    26,
    27,
    28,
    29,
    30,
    31,
    32,
    33,
    34,
    35
  ],
  "reset": [
    7,
    15,
    23,
    31,
    35
  ],
  "duration": [
    6.346796989440918,
    6.354950428009033,
    6.3585731983184814,
    6.360570907592773,
    6.3679680824279785,
    6.362808465957642,
    6.35801362991333,
    6.367889404296875,
    6.3608598709106445,
    6.357924699783325,
    6.344330072402954,
    6.35927939414978,
    6.347178220748901,
    6.3408074378967285,
    6.3473803997039795,
    6.347366094589233,
    6.356260776519775,
    6.361630916595459,
    6.361811399459839,
    6.357114791870117
  ],
  "status": 31
}