{
  "gpu": true,
  "device": "gpu",
  "infile": "../matrix/cgne_init_4096_dble_csr.dat",
  "matfile": "../matrix/conf6_0-8x8-20/conf6_0-8x8-20.mtx",
  "k": 0.15,
  "kc": 0.15717,
  "reordering": true,
  "preconditioning": true,
  "vol": 4096,
  "dim": 49152,
  "lattice": "8x8x8x8",
  "blk_dim": 3072,
  "bs": "4x4x4x4",
  "res": 1e-06,
  "tol": 0.00031353468703945405,
  "nmx": 1250,
  "nkv": 7,
  "nmr": 2,
  "ncy": 4,
  "sdtype": "float32",
  "ddtype": "float64",
  "cdtype": "float32",
  "rn": [
    24.60849760736037,
    7.79097736264906,
    3.5311989144906426,
    1.75524520946292,
    0.9003145389836771,
    0.46698365065020475,
    0.24165153141996448,
    0.24165162005524174,
    0.13890261010802268,
    0.07792361616208775,
    0.04274317283700007,
    0.02269547481730073,
    0.011414492341584419,
    0.005559828759193453,
    0.0029440893396711584,
    0.0029440889170851002,
    0.001712378241800088,
    0.0009275950114575142,
    0.0005147941544631951,
    0.0002771509008396592,
    0.0002771509097653463
  ],
  "i": [
    0,
    1,
    2,
    3,
    4,
    5,
    6,
    7,
    8,
    9,
    10,
    11,
    12,
    13,
    14,
    15,
    16,
    17,
    18,
    19,
    20
  ],
  "reset": [
    7,
    15,
    20
  ],
  "duration": [
    1.5110058784484863,
    1.348745584487915,
    1.3507134914398193,
    1.3420226573944092,
    1.3574023246765137,
    1.343820333480835,
    1.3481121063232422,
    1.3555052280426025,
    1.3569259643554688,
    1.3510897159576416,
    1.343735933303833,
    1.3543787002563477,
    1.347100019454956,
    1.3542675971984863,
    1.3545639514923096,
    1.3527085781097412,
    1.351149320602417,
    1.356748104095459,
    1.3514254093170166,
    1.3572516441345215
  ],
  "status": 18
}