{
  "gpu": false,
  "device": "hybrid",
  "infile": "../matrix/cgne_init_65536_dble_csr.dat",
  "matfile": null,
  "k": 0.0,
  "kc": 0.0,
  "reordering": false,
  "preconditioning": true,
  "vol": 65536,
  "dim": 786432,
  "lattice": "16x16x16x16",
  "blk_dim": 49152,
  "bs": "8x8x8x8",
  "res": 1e-06,
  "tol": 0.0012541387483049865,
  "nmx": 2500,
  "nkv": 7,
  "nmr": 4,
  "ncy": 1,
  "sdtype": "float64",
  "ddtype": "float64",
  "cdtype": "float64",
  "rn": [
    610.6900769439762,
    234.89368651844518,
    104.61699177836068,
    47.702951594777105,
    21.646419601879803,
    10.208335984894788,
    4.787975267914048,
    4.787975267914047,
    2.3884930302541654,
    1.1819007699188966,
    0.5689031398414814,
    0.2746051960134909,
    0.13066830350434314,
    0.05703573420489506,
    0.026485996474376966,
    0.026485996474376813,
    0.01311007328874111,
    0.006458610782553468,
    0.0031170398818984734,
    0.0015387437939261227,
    0.0007446270203690043,
    0.000744627020369947
  ],
  "i": [
    0,
    1,
    2,
    3,
    4,
    5,
    6,
    7,
    8,
    9,
    10,
    11,
    12,
    13,
    14,
    15,
    16,
    17,
    18,
    19,
    20,
    21
  ],
  "reset": [
    7,
    15,
    21
  ],
  "duration": [
    5.238459348678589,
    5.1831700801849365,
    5.217642545700073,
    5.232253789901733,
    5.206160306930542,
    5.240167617797852,
    5.197109222412109,
    5.246315956115723,
    5.142159938812256,
    5.261888027191162,
    5.269590139389038,
    5.290044069290161,
    5.249972343444824,
    5.26247763633728,
    5.25260591506958,
    5.302712917327881,
    5.176871061325073,
    5.2633490562438965,
    5.246281623840332,
    5.331099033355713
  ],
  "status": 19
}