{
  "gpu": true,
  "device": "gpu",
  "infile": "../matrix/cgne_init_4096_dble_csr.dat",
  "matfile": "../matrix/conf6_0-8x8-20/conf6_0-8x8-20.mtx",
  "k": 0.15,
  "kc": 0.15717,
  "reordering": true,
  "preconditioning": true,
  "vol": 4096,
  "dim": 49152,
  "lattice": "8x8x8x8",
  "blk_dim": 24576,
  "bs": "8x8x8x4",
  "res": 1e-06,
  "tol": 0.00031353468703945405,
  "nmx": 417,
  "nkv": 7,
  "nmr": 4,
  "ncy": 6,
  "sdtype": "float32",
  "ddtype": "float64",
  "cdtype": "float32",
  "rn": [
    6.361751731795886,
    1.2572140334261395,
    0.2748823880679221,
    0.06163085723038031,
    0.014703511962091517,
    0.0034923150346135865,
    0.0008671869411815632,
    0.0008668288595589978,
    0.00022105655932675564,
    0.00022105655780255276
  ],
  "i": [
    0,
    1,
    2,
    3,
    4,
    5,
    6,
    7,
    8,
    9
  ],
  "reset": [
    7,
    9
  ],
  "duration": [
    0.39905476570129395,
    0.24015545845031738,
    0.23093128204345703,
    0.23000001907348633,
    0.22909331321716309,
    0.23256611824035645,
    0.23736095428466797,
    0.23509526252746582,
    0.23977971076965332,
    0.23565030097961426,
    0.2352278232574463,
    0.23987579345703125,
    0.23531079292297363,
    0.23719048500061035,
    0.23245692253112793,
    0.23203253746032715,
    0.22908878326416016,
    0.2342066764831543,
    0.23384809494018555,
    0.23563051223754883
  ],
  "status": 8
}