{
  "gpu": true,
  "infile": "../matrix/cgne_init_4096_dble_csr.dat",
  "matfile": "../matrix/conf6_0-8x8-20/conf6_0-8x8-20.mtx",
  "k": 0.15717,
  "kc": 0.15717,
  "reordering": true,
  "preconditioning": true,
  "vol": 4096,
  "dim": 49152,
  "lattice": "8x8x8x8",
  "blk_dim": 3072,
  "bs": "4x4x4x4",
  "res": 1e-06,
  "tol": 0.0003135346870762468,
  "nmx": 500,
  "nkv": 7,
  "nmr": 4,
  "ncy": 5,
  "sdtype": "float64",
  "ddtype": "float64",
  "cdtype": "float64",
  "rn": [
    25.374641536909134,
    12.176140018192472,
    6.707645795364562,
    4.009358370618218,
    2.4501318291071557,
    1.5423772659807728,
    0.9746792491532208,
    0.9746792491532207,
    0.6636495626224889,
    0.4327959894749398,
    0.2694149913856339,
    0.16917347328163215,
    0.10608405124487427,
    0.06243161902961497,
    0.03364906768392908,
    0.03364906768392903,
    0.019610820615692557,
    0.0121062676662815,
    0.007337698154335616,
    0.004402947148382041,
    0.0027240033214754734,
    0.0018006951161117677,
    0.001169281744978727,
    0.0011692817449786127,
    0.0008180062241450261,
    0.0005360899775057886,
    0.00033590413924076794,
    0.00020342597497328036,
    0.00020342597497348698
  ],
  "i": [
    0,
    1,
    2,
    3,
    4,
    5,
    6,
    7,
    8,
    9,
    10,
    11,
    12,
    13,
    14,
    15,
    16,
    17,
    18,
    19,
    20,
    21,
    22,
    23,
    24,
    25,
    26,
    27,
    28
  ],
  "reset": [
    7,
    15,
    23,
    28
  ],
  "duration": 5.080545425415039,
  "status": 25
}