{
  "gpu": true,
  "infile": "../matrix/cgne_init_65536_dble_csr.dat",
  "matfile": null,
  "k": 0.0,
  "kc": 0.0,
  "reordering": false,
  "preconditioning": true,
  "vol": 65536,
  "dim": 786048,
  "lattice": "16x16x16x16",
  "blk_dim": 98256,
  "bs": "16x8x8x8",
  "res": 1e-06,
  "tol": 0.0012541387482808122,
  "nmx": 2500,
  "nkv": 7,
  "nmr": 4,
  "ncy": 1,
  "sdtype": "float32",
  "ddtype": "float64",
  "cdtype": "float64",
  "rn": [
    610.7032241250463,
    234.89911896462075,
    104.62081489174805,
    47.7050050508005,
    21.647569647757535,
    10.208919797171115,
    4.788312537205563,
    4.788312571708905,
    2.388743057589991,
    1.182038847773196,
    0.5689793733781313,
    0.27464998517265443,
    0.13069642849804275,
    0.0570503913660519,
    0.02649656949958498,
    0.02649656892774139,
    0.013116818778324801,
    0.006463225484272833,
    0.003119650275971191,
    0.0015407699255946033,
    0.0007460406965534433,
    0.0007460406909808759
  ],
  "i": [
    0,
    1,
    2,
    3,
    4,
    5,
    6,
    7,
    8,
    9,
    10,
    11,
    12,
    13,
    14,
    15,
    16,
    17,
    18,
    19,
    20,
    21
  ],
  "reset": [
    7,
    15,
    21
  ],
  "duration": 1.7808241844177246,
  "status": 19
}