{
  "gpu": false,
  "device": "hybrid",
  "infile": "../matrix/fgcr_check3_4096_dble_csr.dat",
  "matfile": null,
  "k": 0.0,
  "kc": 0.0,
  "reordering": false,
  "preconditioning": true,
  "vol": 4096,
  "dim": 49152,
  "lattice": "8x8x8x8",
  "blk_dim": 3072,
  "bs": "4x4x4x4",
  "res": 1e-06,
  "tol": 0.00031353468710831124,
  "nmx": 417,
  "nkv": 7,
  "nmr": 6,
  "ncy": 4,
  "sdtype": "float32",
  "ddtype": "float64",
  "cdtype": "float64",
  "rn": [
    24.595989472545792,
    4.8307426418168005,
    1.3050313275344354,
    0.3212186909359831,
    0.07868297176591957,
    0.019957661549597473,
    0.004689995571231266,
    0.004690202876936772,
    0.0013254499638954093,
    0.0004246354018217524,
    9.130663375006745e-05,
    9.130662979828321e-05
  ],
  "i": [
    0,
    1,
    2,
    3,
    4,
    5,
    6,
    7,
    8,
    9,
    10,
    11
  ],
  "reset": [
    7,
    11
  ],
  "duration": [
    3.1635959148406982,
    3.153186798095703,
    3.1580288410186768,
    3.1485042572021484,
    3.1487369537353516,
    3.1486823558807373,
    3.140495538711548,
    3.13468074798584,
    3.135103702545166,
    3.1358773708343506,
    3.135021686553955,
    3.1335337162017822,
    3.1351475715637207,
    3.133737564086914,
    3.134397506713867,
    3.134469509124756,
    3.1344823837280273,
    3.1350605487823486,
    3.1326398849487305,
    3.134216070175171
  ],
  "status": 10
}