{
  "gpu": true,
  "device": "gpu",
  "infile": "../matrix/cgne_init_4096_dble_csr.dat",
  "matfile": null,
  "k": 0.0,
  "kc": 0.0,
  "reordering": false,
  "preconditioning": true,
  "vol": 4096,
  "dim": 49152,
  "lattice": "8x8x8x8",
  "blk_dim": 12288,
  "bs": "8x8x4x4",
  "res": 1e-06,
  "tol": 0.00031353468703945405,
  "nmx": 1250,
  "nkv": 7,
  "nmr": 2,
  "ncy": 4,
  "sdtype": "float32",
  "ddtype": "float64",
  "cdtype": "float64",
  "rn": [
    142.05034453644234,
    77.00099119257453,
    44.58512089151212,
    27.24463960191392,
    17.229438028345037,
    11.115278140011553,
    7.255356992384322,
    7.2553569845029715,
    5.191667022977667,
    3.5747085477061677,
    2.435511909291992,
    1.5722448537746279,
    1.0030841780492594,
    0.6246775175052577,
    0.39974370204202575,
    0.3997437068296822,
    0.29214150828723695,
    0.20899818433130782,
    0.14306164697037405,
    0.09585185411066201,
    0.06461322639374534,
    0.04390797650250474,
    0.03039586016642341,
    0.030395859930116443,
    0.022177307479660166,
    0.01580987871102431,
    0.010933419426411418,
    0.007435360303700457,
    0.005111277335818539,
    0.0036101535848725,
    0.0025863858668507813,
    0.0025863858404615472,
    0.0019005806774735226,
    0.0013675414440752522,
    0.0009500436441398741,
    0.00065103938806058,
    0.0004524676565812541,
    0.0003211892329466238,
    0.0002308412161199588,
    0.00023084121706092527
  ],
  "i": [
    0,
    1,
    2,
    3,
    4,
    5,
    6,
    7,
    8,
    9,
    10,
    11,
    12,
    13,
    14,
    15,
    16,
    17,
    18,
    19,
    20,
    21,
    22,
    23,
    24,
    25,
    26,
    27,
    28,
    29,
    30,
    31,
    32,
    33,
    34,
    35,
    36,
    37,
    38,
    39
  ],
  "reset": [
    7,
    15,
    23,
    31,
    39
  ],
  "duration": [
    0.93320631980896,
    0.7693288326263428,
    0.771087646484375,
    0.7783825397491455,
    0.7619242668151855,
    0.7682654857635498,
    0.7823312282562256,
    0.7769420146942139,
    0.7685625553131104,
    0.7750535011291504,
    0.763800859451294,
    0.7685258388519287,
    0.771510124206543,
    0.7699830532073975,
    0.7783663272857666,
    0.7710633277893066,
    0.7743484973907471,
    0.7710049152374268,
    0.7723586559295654,
    0.7682180404663086
  ],
  "status": 35
}