{
  "gpu": true,
  "device": "gpu",
  "infile": "../matrix/cgne_init_65536_dble_csr.dat",
  "matfile": null,
  "k": 0.0,
  "kc": 0.0,
  "reordering": false,
  "preconditioning": true,
  "vol": 65536,
  "dim": 786048,
  "lattice": "16x16x16x16",
  "blk_dim": 49128,
  "bs": "8x8x8x8",
  "res": 1e-06,
  "tol": 0.0012541387482808122,
  "nmx": 313,
  "nkv": 7,
  "nmr": 4,
  "ncy": 8,
  "sdtype": "float32",
  "ddtype": "float64",
  "cdtype": "float32",
  "rn": [
    224.87254242661209,
    47.55617081365418,
    9.087777758588613,
    2.032861027074849,
    0.380932385246697,
    0.08087398790113158,
    0.01555849743442799,
    0.015560506572397746,
    0.003381488002688578,
    0.000628260633658882,
    0.0006282606376318358
  ],
  "i": [
    0,
    1,
    2,
    3,
    4,
    5,
    6,
    7,
    8,
    9,
    10
  ],
  "reset": [
    7,
    10
  ],
  "duration": [
    2.6808321475982666,
    2.5251851081848145,
    2.5336484909057617,
    2.52494215965271,
    2.5209758281707764,
    2.5204415321350098,
    2.531726360321045,
    2.5181849002838135,
    2.5242199897766113,
    2.539355993270874,
    2.519742012023926,
    2.5358994007110596,
    2.5193259716033936,
    2.517204999923706,
    2.514859914779663,
    2.523912191390991,
    2.5162136554718018,
    2.5084760189056396,
    2.5003271102905273,
    2.50920033454895
  ],
  "status": 9
}