{
  "gpu": false,
  "device": "hybrid",
  "infile": "../matrix/cgne_init_4096_dble_csr.dat",
  "matfile": "../matrix/conf6_0-8x8-30/conf6.0-00l8x8-3000.mtx",
  "k": 0.15649,
  "kc": 0.15649,
  "reordering": true,
  "preconditioning": true,
  "vol": 4096,
  "dim": 49152,
  "lattice": "8x8x8x8",
  "blk_dim": 3072,
  "bs": "4x4x4x4",
  "res": 1e-06,
  "tol": 0.0003135346870547978,
  "nmx": 125,
  "nkv": 7,
  "nmr": 20,
  "ncy": 4,
  "sdtype": "float32",
  "ddtype": "float64",
  "cdtype": "float64",
  "rn": [
    21.90730300424399,
    9.39243261552635,
    4.824658808544881,
    3.0007350719736103,
    1.9125999389569355,
    1.1920055080956724,
    0.6891874452092692,
    0.6891876212964423,
    0.43479686258058986,
    0.29654626403429407,
    0.19740586935481572,
    0.11242175064452303,
    0.05940181810777336,
    0.03128769418392988,
    0.0171962420973375,
    0.01719624022170514,
    0.011112264184825993,
    0.007129276172048401,
    0.004632373666090194,
    0.0030534515561139283,
    0.002104233306110125,
    0.001334260166510559,
    0.0008572075077381798,
    0.0008572075307811779,
    0.0005599037128811169,
    0.0003865384410039708,
    0.00025830892510284216,
    0.00025830892420600085
  ],
  "i": [
    0,
    1,
    2,
    3,
    4,
    5,
    6,
    7,
    8,
    9,
    10,
    11,
    12,
    13,
    14,
    15,
    16,
    17,
    18,
    19,
    20,
    21,
    22,
    23,
    24,
    25,
    26,
    27
  ],
  "reset": [
    7,
    15,
    23,
    27
  ],
  "duration": [
    15.169397115707397,
    15.182654857635498,
    15.181085109710693,
    15.169520378112793,
    15.161829233169556,
    15.163400173187256,
    15.164060592651367,
    15.155353784561157,
    15.166900396347046,
    15.161625146865845,
    15.158906698226929,
    15.164352416992188,
    15.159608125686646,
    15.157483339309692,
    15.156251907348633,
    15.159470319747925,
    15.144726037979126,
    15.14155125617981,
    15.135714530944824,
    15.140522718429565
  ],
  "status": 24
}