{
  "gpu": true,
  "infile": "../matrix/cgne_init_65536_dble_csr.dat",
  "matfile": null,
  "k": 0.0,
  "kc": 0.0,
  "reordering": false,
  "preconditioning": true,
  "vol": 65536,
  "dim": 786048,
  "lattice": "16x16x16x16",
  "blk_dim": 6141,
  "bs": "8x4x4x4",
  "res": 1e-06,
  "tol": 0.0012541387482808122,
  "nmx": 1250,
  "nkv": 7,
  "nmr": 4,
  "ncy": 2,
  "sdtype": "float32",
  "ddtype": "float64",
  "cdtype": "float32",
  "rn": [
    723.0171457027545,
    404.8912566656291,
    206.2261496694675,
    99.37675108480936,
    47.486380676023245,
    22.556128859695075,
    10.81474468033179,
    10.814744671715973,
    6.473998315328494,
    2.762664488421634,
    1.3005512283015803,
    0.6036256276488396,
    0.2952539330098643,
    0.1447380753811223,
    0.06774045317294052,
    0.06774045287637906,
    0.03989379252667611,
    0.019117517110477586,
    0.00836080523739024,
    0.00408744848259886,
    0.002094361172403334,
    0.0010753120209331518,
    0.0010753120151440212
  ],
  "i": [
    0,
    1,
    2,
    3,
    4,
    5,
    6,
    7,
    8,
    9,
    10,
    11,
    12,
    13,
    14,
    15,
    16,
    17,
    18,
    19,
    20,
    21,
    22
  ],
  "reset": [
    7,
    15,
    22
  ],
  "duration": 12.207507610321045,
  "status": 20
}