{
  "gpu": false,
  "device": "cpu",
  "infile": "../matrix/cgne_init_65536_dble_csr.dat",
  "matfile": null,
  "k": 0.0,
  "kc": 0.0,
  "reordering": false,
  "preconditioning": true,
  "vol": 65536,
  "dim": 786048,
  "lattice": "16x16x16x16",
  "blk_dim": 98256,
  "bs": "16x8x8x8",
  "res": 1e-06,
  "tol": 0.0012541387482794752,
  "nmx": 313,
  "nkv": 7,
  "nmr": 4,
  "ncy": 8,
  "sdtype": "float32",
  "ddtype": "float64",
  "cdtype": "float64",
  "rn": [
    224.92711165723145,
    47.57584506958691,
    9.093753336167355,
    2.030372566539679,
    0.3763915287666369,
    0.07793104234398862,
    0.014613328449605115,
    0.014616698368694447,
    0.0031223648636440797,
    0.000601991928937063,
    0.0006019919331315473
  ],
  "i": [
    0,
    1,
    2,
    3,
    4,
    5,
    6,
    7,
    8,
    9,
    10
  ],
  "reset": [
    7,
    10
  ],
  "duration": [
    22.175317525863647,
    22.22754454612732,
    22.14312171936035,
    22.145639896392822,
    22.116597890853882,
    22.145382165908813,
    22.210936784744263,
    22.173733472824097,
    22.181612730026245,
    22.147632598876953,
    22.160826683044434,
    22.195727109909058,
    22.133262872695923,
    22.124706506729126,
    22.1228084564209,
    22.13875675201416,
    22.205633640289307,
    22.15683078765869,
    22.159549951553345,
    22.151785373687744
  ],
  "status": 9
}