{
  "gpu": false,
  "device": "cpu",
  "infile": "../matrix/fgcr_check3_4096_dble_csr.dat",
  "matfile": null,
  "k": 0.0,
  "kc": 0.0,
  "reordering": false,
  "preconditioning": true,
  "vol": 4096,
  "dim": 49152,
  "lattice": "8x8x8x8",
  "blk_dim": 6144,
  "bs": "8x4x4x4",
  "res": 1e-06,
  "tol": 0.0003135346870762468,
  "nmx": 1250,
  "nkv": 7,
  "nmr": 2,
  "ncy": 4,
  "sdtype": "float64",
  "ddtype": "float64",
  "cdtype": "float64",
  "rn": [
    43.37708563916443,
    13.497435540333951,
    5.526988903507902,
    2.190165417175574,
    0.8361658878723024,
    0.3340575041960872,
    0.13084306155468756,
    0.13084306155468708,
    0.056694910226193655,
    0.027398943419513197,
    0.00979520974409568,
    0.0040078963482715925,
    0.0016881203647834944,
    0.0005518085633587748,
    0.0002045284642606044,
    0.000204528464260846
  ],
  "i": [
    0,
    1,
    2,
    3,
    4,
    5,
    6,
    7,
    8,
    9,
    10,
    11,
    12,
    13,
    14,
    15
  ],
  "reset": [
    7,
    15
  ],
  "duration": [
    2.127311944961548,
    1.6456093788146973,
    1.9334900379180908,
    1.798262596130371,
    2.2275822162628174,
    2.1215720176696777,
    1.9040467739105225,
    2.069180488586426,
    2.1776123046875,
    2.017139434814453,
    1.639695405960083,
    2.1097776889801025,
    1.8293941020965576,
    2.023862361907959,
    2.0370497703552246,
    2.2106566429138184,
    2.165132999420166,
    2.2546064853668213,
    2.1045985221862793,
    2.1463587284088135
  ],
  "status": 14
}