{
  "gpu": true,
  "device": "gpu",
  "infile": "../matrix/cgne_init_4096_dble_csr.dat",
  "matfile": "../matrix/conf6_0-8x8-30/conf6.0-00l8x8-3000.mtx",
  "k": 0.15649,
  "kc": 0.15649,
  "reordering": true,
  "preconditioning": true,
  "vol": 4096,
  "dim": 49152,
  "lattice": "8x8x8x8",
  "blk_dim": 24576,
  "bs": "8x8x8x4",
  "res": 1e-06,
  "tol": 0.0003135346870762468,
  "nmx": 417,
  "nkv": 7,
  "nmr": 4,
  "ncy": 6,
  "sdtype": "float64",
  "ddtype": "float64",
  "cdtype": "float64",
  "rn": [
    16.488076649395275,
    8.124183707287168,
    4.531004582251191,
    2.7454146267255495,
    1.7571457289025445,
    1.108252957318431,
    0.7374159537185734,
    0.7374159537185743,
    0.5024857764785869,
    0.34941074844343234,
    0.22995708231651407,
    0.14519022100598952,
    0.09106784765635341,
    0.05397156092890742,
    0.03458182672587599,
    0.03458182672587554,
    0.024344734922250862,
    0.017565274984477217,
    0.011883762748102102,
    0.007652622357277728,
    0.005321790386833029,
    0.0036120484519121844,
    0.002225209466250472,
    0.002225209466250191,
    0.001270949670870881,
    0.0008487177694765156,
    0.0006206607626500514,
    0.0004524978541961132,
    0.0002904786469823224,
    0.00029047864698255097
  ],
  "i": [
    0,
    1,
    2,
    3,
    4,
    5,
    6,
    7,
    8,
    9,
    10,
    11,
    12,
    13,
    14,
    15,
    16,
    17,
    18,
    19,
    20,
    21,
    22,
    23,
    24,
    25,
    26,
    27,
    28,
    29
  ],
  "reset": [
    7,
    15,
    23,
    29
  ],
  "duration": [
    0.9475915431976318,
    0.7765610218048096,
    0.7791018486022949,
    0.7675855159759521,
    0.7757174968719482,
    0.7751774787902832,
    0.7707376480102539,
    0.7796080112457275,
    0.7605969905853271,
    0.7709393501281738,
    0.7682192325592041,
    0.769585371017456,
    0.7673707008361816,
    0.7631783485412598,
    0.7769937515258789,
    0.7803249359130859,
    0.771080732345581,
    0.7725367546081543,
    0.7742354869842529,
    0.7696654796600342
  ],
  "status": 26
}