{
  "gpu": false,
  "infile": "../matrix/cgne_init_4096_dble_csr.dat",
  "matfile": null,
  "k": 0.0,
  "kc": 0.0,
  "reordering": false,
  "preconditioning": true,
  "vol": 4096,
  "dim": 49152,
  "lattice": "8x8x8x8",
  "blk_dim": 12288,
  "bs": "8x8x4x4",
  "res": 1e-06,
  "tol": 0.0003135346870547978,
  "nmx": 417,
  "nkv": 7,
  "nmr": 2,
  "ncy": 12,
  "sdtype": "float32",
  "ddtype": "float64",
  "cdtype": "float64",
  "rn": [
    53.48903262723322,
    13.400876077713528,
    4.141583354638452,
    1.3611696033071023,
    0.44832390832441404,
    0.15119038992088835,
    0.05195095606013328,
    0.05195109576695913,
    0.020334945992530128,
    0.007162089857885297,
    0.0024756049439003825,
    0.000827210987766003,
    0.0002725303365663758,
    0.00027253036310660207
  ],
  "i": [
    0,
    1,
    2,
    3,
    4,
    5,
    6,
    7,
    8,
    9,
    10,
    11,
    12,
    13
  ],
  "reset": [
    7,
    13
  ],
  "duration": [
    2.263559579849243,
    2.26370906829834,
    2.2677178382873535,
    2.2664294242858887,
    2.2675821781158447,
    2.2684381008148193,
    2.2659521102905273,
    2.2637887001037598,
    2.2637312412261963,
    2.2605228424072266,
    2.2633397579193115,
    2.2692649364471436,
    2.265686511993408,
    2.2617454528808594,
    2.2659366130828857,
    2.265439748764038,
    2.273841142654419,
    2.272167682647705,
    2.2671425342559814,
    2.2687137126922607
  ],
  "status": 12
}