{
  "gpu": true,
  "device": "gpu",
  "infile": "../matrix/cgne_init_4096_dble_csr.dat",
  "matfile": null,
  "k": 0.0,
  "kc": 0.0,
  "reordering": false,
  "preconditioning": true,
  "vol": 4096,
  "dim": 49152,
  "lattice": "8x8x8x8",
  "blk_dim": 3072,
  "bs": "4x4x4x4",
  "res": 1e-06,
  "tol": 0.00031353468703945405,
  "nmx": 250,
  "nkv": 7,
  "nmr": 4,
  "ncy": 10,
  "sdtype": "float32",
  "ddtype": "float64",
  "cdtype": "float64",
  "rn": [
    51.555224122174124,
    14.86996543564226,
    4.595847834298994,
    1.5228620569765499,
    0.5311334361381477,
    0.1901551768990636,
    0.06468458284553495,
    0.06468447164681469,
    0.02265474681706615,
    0.008379926456394834,
    0.0028759636980863926,
    0.0008785864693758085,
    0.0002859887129471115,
    0.0002859887420629743
  ],
  "i": [
    0,
    1,
    2,
    3,
    4,
    5,
    6,
    7,
    8,
    9,
    10,
    11,
    12,
    13
  ],
  "reset": [
    7,
    13
  ],
  "duration": [
    4.157331943511963,
    3.9936444759368896,
    3.992464542388916,
    3.9905855655670166,
    3.997302532196045,
    3.9930660724639893,
    3.9755859375,
    3.9707651138305664,
    3.9747915267944336,
    3.9782276153564453,
    3.9620895385742188,
    3.9675216674804688,
    3.972442865371704,
    3.963074207305908,
    3.9606733322143555,
    3.9696874618530273,
    3.9664647579193115,
    3.9715068340301514,
    3.9597251415252686,
    3.966904878616333
  ],
  "status": 12
}