{
  "gpu": true,
  "device": "gpu",
  "infile": "../matrix/cgne_init_65536_dble_csr.dat",
  "matfile": null,
  "k": 0.0,
  "kc": 0.0,
  "reordering": false,
  "preconditioning": true,
  "vol": 65536,
  "dim": 786048,
  "lattice": "16x16x16x16",
  "blk_dim": 12282,
  "bs": "8x8x4x4",
  "res": 1e-06,
  "tol": 0.0012541387482808122,
  "nmx": 313,
  "nkv": 7,
  "nmr": 4,
  "ncy": 8,
  "sdtype": "float32",
  "ddtype": "float64",
  "cdtype": "float32",
  "rn": [
    224.63586576592124,
    47.46859429888757,
    9.068370335896747,
    2.0237711447877347,
    0.38487380562429585,
    0.08245371245035876,
    0.01596756183125756,
    0.01596936935049358,
    0.003403260858512709,
    0.0006583443613606023,
    0.0006583443590729225
  ],
  "i": [
    0,
    1,
    2,
    3,
    4,
    5,
    6,
    7,
    8,
    9,
    10
  ],
  "reset": [
    7,
    10
  ],
  "duration": [
    9.846179485321045,
    9.672250032424927,
    9.667781114578247,
    9.65992522239685,
    9.658217668533325,
    9.646553993225098,
    9.633893251419067,
    9.64359164237976,
    9.639001607894897,
    9.64769434928894,
    9.656858444213867,
    9.659825325012207,
    9.64930009841919,
    9.617612361907959,
    9.660715579986572,
    9.613764762878418,
    9.63681674003601,
    9.63034725189209,
    9.62540054321289,
    9.643483877182007
  ],
  "status": 9
}