{
  "gpu": false,
  "infile": "../matrix/cgne_init_4096_dble_csr.dat",
  "matfile": null,
  "k": 0.0,
  "kc": 0.0,
  "reordering": false,
  "preconditioning": true,
  "vol": 4096,
  "dim": 49152,
  "lattice": "8x8x8x8",
  "blk_dim": 24576,
  "bs": "8x8x8x4",
  "res": 1e-06,
  "tol": 0.0003135346870547978,
  "nmx": 125,
  "nkv": 7,
  "nmr": 4,
  "ncy": 20,
  "sdtype": "float32",
  "ddtype": "float64",
  "cdtype": "float64",
  "rn": [
    24.855186961026607,
    9.139104205052902,
    3.967669477944088,
    1.7572379772955893,
    0.7918212725948474,
    0.3388258058866742,
    0.11580925840808083,
    0.11580914499874137,
    0.056149310546551395,
    0.025276249886839533,
    0.011982267847507368,
    0.005118465072489092,
    0.0022246746188112816,
    0.000888331487272037,
    0.0003426215237956313,
    0.00034262154362282453,
    0.000162682596806105,
    0.00016268259768769655
  ],
  "i": [
    0,
    1,
    2,
    3,
    4,
    5,
    6,
    7,
    8,
    9,
    10,
    11,
    12,
    13,
    14,
    15,
    16,
    17
  ],
  "reset": [
    7,
    15,
    17
  ],
  "duration": 5.7563323974609375,
  "status": 15
}