{
  "gpu": false,
  "device": "hybrid",
  "infile": "../matrix/cgne_init_4096_dble_csr.dat",
  "matfile": null,
  "k": 0.0,
  "kc": 0.0,
  "reordering": false,
  "preconditioning": true,
  "vol": 4096,
  "dim": 49152,
  "lattice": "8x8x8x8",
  "blk_dim": 24576,
  "bs": "8x8x8x4",
  "res": 1e-06,
  "tol": 0.0003135346870547978,
  "nmx": 2500,
  "nkv": 7,
  "nmr": 1,
  "ncy": 4,
  "sdtype": "float32",
  "ddtype": "float64",
  "cdtype": "float32",
  "rn": [
    118.55264963443778,
    46.24492063146544,
    19.202518285747175,
    8.382524885774702,
    3.801820455571024,
    1.7708711681185714,
    0.847519781089547,
    0.8475197705450416,
    0.4208968645503634,
    0.21388459633880863,
    0.10974223240242521,
    0.050211685969840464,
    0.024479670089477722,
    0.011940570905779123,
    0.0057122676313318506,
    0.005712267992440482,
    0.0028950545001663356,
    0.0014775469222870115,
    0.000754275663619602,
    0.00035604330509784364,
    0.0001779014535044423,
    0.0001779014573447156
  ],
  "i": [
    0,
    1,
    2,
    3,
    4,
    5,
    6,
    7,
    8,
    9,
    10,
    11,
    12,
    13,
    14,
    15,
    16,
    17,
    18,
    19,
    20,
    21
  ],
  "reset": [
    7,
    15,
    21
  ],
  "duration": [
    1.069624900817871,
    1.075317621231079,
    1.0695445537567139,
    1.0690851211547852,
    1.0717003345489502,
    1.0713956356048584,
    1.0745224952697754,
    1.0700459480285645,
    1.0732660293579102,
    1.0754809379577637,
    1.0703203678131104,
    1.0754914283752441,
    1.0699234008789062,
    1.0684492588043213,
    1.0735864639282227,
    1.0757887363433838,
    1.0804834365844727,
    1.0694284439086914,
    1.0653696060180664,
    1.081115961074829
  ],
  "status": 19
}