{
  "gpu": true,
  "device": "gpu",
  "infile": "../matrix/fgcr_check3_4096_dble_csr.dat",
  "matfile": null,
  "k": 0.0,
  "kc": 0.0,
  "reordering": false,
  "preconditioning": true,
  "vol": 4096,
  "dim": 49152,
  "lattice": "8x8x8x8",
  "blk_dim": 3072,
  "bs": "4x4x4x4",
  "res": 1e-06,
  "tol": 0.0003135346870762468,
  "nmx": 125,
  "nkv": 7,
  "nmr": 20,
  "ncy": 4,
  "sdtype": "float64",
  "ddtype": "float64",
  "cdtype": "float64",
  "rn": [
    25.52852841245301,
    5.167150757568293,
    1.4342693353331186,
    0.3654407992820063,
    0.09170680478859018,
    0.023918514618698223,
    0.005834633454885854,
    0.005834633454885208,
    0.0016968558352314586,
    0.0005606284547637373,
    0.00012452162331995405,
    0.0001245216233201865
  ],
  "i": [
    0,
    1,
    2,
    3,
    4,
    5,
    6,
    7,
    8,
    9,
    10,
    11
  ],
  "reset": [
    7,
    11
  ],
  "duration": [
    6.746722221374512,
    6.501754999160767,
    6.496514558792114,
    6.47929573059082,
    6.434759140014648,
    6.4280126094818115,
    6.4220967292785645,
    6.425389051437378,
    6.4226508140563965,
    6.41931414604187,
    6.426039934158325,
    6.423178195953369,
    6.4233551025390625,
    6.4240734577178955,
    6.426795959472656,
    6.422543048858643,
    6.426088333129883,
    6.418468713760376,
    6.422675609588623,
    6.420298099517822
  ],
  "status": 10
}