{
  "gpu": false,
  "device": "hybrid",
  "infile": "../matrix/cgne_init_65536_dble_csr.dat",
  "matfile": null,
  "k": 0.0,
  "kc": 0.0,
  "reordering": false,
  "preconditioning": true,
  "vol": 65536,
  "dim": 786432,
  "lattice": "16x16x16x16",
  "blk_dim": 49152,
  "bs": "8x8x8x8",
  "res": 1e-06,
  "tol": 0.0012541387483049865,
  "nmx": 210,
  "nkv": 7,
  "nmr": 12,
  "ncy": 4,
  "sdtype": "float64",
  "ddtype": "float64",
  "cdtype": "float64",
  "rn": [
    60.165531429280406,
    4.575014798558855,
    0.3814917652532771,
    0.03400467545326902,
    0.0032545986985700356,
    0.00032647735068054237,
    0.0003264773506800371
  ],
  "i": [
    0,
    1,
    2,
    3,
    4,
    5,
    6
  ],
  "reset": [
    6
  ],
  "duration": [
    6.190134525299072,
    6.172910213470459,
    6.172372102737427,
    6.226087331771851,
    6.169457197189331,
    6.17751145362854,
    6.169278144836426,
    6.178977727890015,
    6.1727964878082275,
    6.180155992507935,
    6.1848859786987305,
    6.188541889190674,
    6.217766761779785,
    6.1773316860198975,
    6.176356315612793,
    6.178314208984375,
    6.1914544105529785,
    6.203073263168335,
    6.219327688217163,
    6.180081605911255
  ],
  "status": 6
}