{
  "gpu": true,
  "infile": "../matrix/cgne_init_4096_dble_csr.dat",
  "matfile": null,
  "k": 0.0,
  "kc": 0.0,
  "reordering": false,
  "preconditioning": true,
  "vol": 4096,
  "dim": 49152,
  "lattice": "8x8x8x8",
  "blk_dim": 6144,
  "bs": "8x4x4x4",
  "res": 1e-06,
  "tol": 0.0003135346870762468,
  "nmx": 250,
  "nkv": 7,
  "nmr": 4,
  "ncy": 10,
  "sdtype": "float64",
  "ddtype": "float64",
  "cdtype": "float64",
  "rn": [
    51.85620052885227,
    15.199606635118371,
    4.932527812164334,
    1.7113763596664096,
    0.6235789951582988,
    0.22282992046875263,
    0.07464702558304985,
    0.07464702558305007,
    0.02566049052492085,
    0.009181668409958465,
    0.002984178542309043,
    0.0009510957645882887,
    0.0003432107260154057,
    0.00011514335603301576,
    0.00011514335603337943
  ],
  "i": [
    0,
    1,
    2,
    3,
    4,
    5,
    6,
    7,
    8,
    9,
    10,
    11,
    12,
    13,
    14
  ],
  "reset": [
    7,
    14
  ],
  "duration": 2.4099559783935547,
  "status": 13
}