{
  "gpu": false,
  "device": "hybrid",
  "infile": "../matrix/cgne_init_4096_dble_csr.dat",
  "matfile": "../matrix/conf6_0-8x8-30/conf6.0-00l8x8-3000.mtx",
  "k": 0.15649,
  "kc": 0.15649,
  "reordering": true,
  "preconditioning": true,
  "vol": 4096,
  "dim": 49152,
  "lattice": "8x8x8x8",
  "blk_dim": 24576,
  "bs": "8x8x8x4",
  "res": 1e-06,
  "tol": 0.0003135346870762468,
  "nmx": 250,
  "nkv": 7,
  "nmr": 10,
  "ncy": 4,
  "sdtype": "float64",
  "ddtype": "float64",
  "cdtype": "float64",
  "rn": [
    14.550887780006592,
    7.215763203455848,
    4.083572441707305,
    2.4802589376751145,
    1.5529520367502696,
    1.0268253219948857,
    0.6297071056245749,
    0.6297071056245743,
    0.3998249048991477,
    0.2627663101517946,
    0.1566925423894188,
    0.0986683058332911,
    0.059019460906594816,
    0.0363309325805854,
    0.020751178069735424,
    0.02075117806973636,
    0.01387689677584292,
    0.009490549648396218,
    0.00586262722208955,
    0.004191426735613739,
    0.0025690658637329516,
    0.0015351851167939123,
    0.0009015849015743841,
    0.0009015849015745558,
    0.00061369273866063,
    0.00041270217252290154,
    0.0002781966003641471,
    0.00027819660036331926
  ],
  "i": [
    0,
    1,
    2,
    3,
    4,
    5,
    6,
    7,
    8,
    9,
    10,
    11,
    12,
    13,
    14,
    15,
    16,
    17,
    18,
    19,
    20,
    21,
    22,
    23,
    24,
    25,
    26,
    27
  ],
  "reset": [
    7,
    15,
    23,
    27
  ],
  "duration": [
    1.8256847858428955,
    2.0105228424072266,
    2.299309492111206,
    2.087411403656006,
    1.952049732208252,
    2.20215106010437,
    2.2387564182281494,
    2.0052878856658936,
    2.0703771114349365,
    2.122887372970581,
    2.1007065773010254,
    2.027174711227417,
    2.0686428546905518,
    2.2049429416656494,
    2.1808969974517822,
    2.2187671661376953,
    2.053335189819336,
    1.9615306854248047,
    1.8352906703948975,
    2.089609146118164
  ],
  "status": 24
}