{
  "gpu": false,
  "device": "hybrid",
  "infile": "../matrix/cgne_init_4096_dble_csr.dat",
  "matfile": "../matrix/conf6_0-8x8-30/conf6.0-00l8x8-3000.mtx",
  "k": 0.15649,
  "kc": 0.15649,
  "reordering": true,
  "preconditioning": true,
  "vol": 4096,
  "dim": 49152,
  "lattice": "8x8x8x8",
  "blk_dim": 6144,
  "bs": "8x4x4x4",
  "res": 1e-06,
  "tol": 0.0003135346870547978,
  "nmx": 417,
  "nkv": 7,
  "nmr": 6,
  "ncy": 4,
  "sdtype": "float32",
  "ddtype": "float64",
  "cdtype": "float64",
  "rn": [
    23.116542640216355,
    10.152611389437405,
    5.129550560590951,
    3.0749317930484974,
    2.1002850757216107,
    1.2913692274855786,
    0.794661540247668,
    0.7946616381335115,
    0.5426386953164903,
    0.39446263320063035,
    0.24668119990849524,
    0.1520754111110991,
    0.09453917260714685,
    0.0578999116370791,
    0.034926921637258766,
    0.03492692278108011,
    0.024458785100305587,
    0.017926898466091763,
    0.012279738136629194,
    0.008475611611160686,
    0.005738900290986817,
    0.003921881743478643,
    0.0023551363182802636,
    0.002355136230484019,
    0.0014453718792669145,
    0.0009190738758979726,
    0.0006224603523826315,
    0.0004608301957617839,
    0.00033249086048363927,
    0.00023213050830428323,
    0.0002321305046249095
  ],
  "i": [
    0,
    1,
    2,
    3,
    4,
    5,
    6,
    7,
    8,
    9,
    10,
    11,
    12,
    13,
    14,
    15,
    16,
    17,
    18,
    19,
    20,
    21,
    22,
    23,
    24,
    25,
    26,
    27,
    28,
    29,
    30
  ],
  "reset": [
    7,
    15,
    23,
    30
  ],
  "duration": [
    3.444389820098877,
    3.4479196071624756,
    3.451849937438965,
    3.4438579082489014,
    3.4546968936920166,
    3.451918601989746,
    3.443997383117676,
    3.4445035457611084,
    3.4481282234191895,
    3.4431116580963135,
    3.445382595062256,
    3.446335792541504,
    3.4468657970428467,
    3.453299045562744,
    3.445298671722412,
    3.4451425075531006,
    3.448040008544922,
    3.4457590579986572,
    3.4516611099243164,
    3.4459547996520996
  ],
  "status": 27
}