{
  "gpu": false,
  "device": "cpu",
  "infile": "../matrix/cgne_init_4096_dble_csr.dat",
  "matfile": "../matrix/conf6_0-8x8-20/conf6_0-8x8-20.mtx",
  "k": 0.15717,
  "kc": 0.15717,
  "reordering": true,
  "preconditioning": true,
  "vol": 4096,
  "dim": 49152,
  "lattice": "8x8x8x8",
  "blk_dim": 12288,
  "bs": "8x8x4x4",
  "res": 1e-06,
  "tol": 0.0003135346870762468,
  "nmx": 417,
  "nkv": 7,
  "nmr": 12,
  "ncy": 2,
  "sdtype": "float64",
  "ddtype": "float64",
  "cdtype": "float64",
  "rn": [
    35.85179308268439,
    19.47246550319841,
    11.485749374844074,
    7.7067779772246245,
    5.105407632293365,
    3.560735964561662,
    2.4694226461545568,
    2.4694226461545576,
    1.740416082036768,
    1.2103268884616494,
    0.8604208041129696,
    0.6003551290431186,
    0.3982660257420214,
    0.2680195800713043,
    0.16676610667190866,
    0.16676610667190753,
    0.10888871543281714,
    0.06944230352190793,
    0.04286227568822655,
    0.026820035486620073,
    0.01862655436235031,
    0.012475747999917231,
    0.00891777265702158,
    0.008917772657020945,
    0.0065175361816954104,
    0.004478875188112981,
    0.002997315885059507,
    0.0019936171909353505,
    0.0012579056090189535,
    0.0008363491265952884,
    0.000544553621632264,
    0.0005445536216312212,
    0.0003768698067309558,
    0.00026200738780758626,
    0.000262007387807869
  ],
  "i": [
    0,
    1,
    2,
    3,
    4,
    5,
    6,
    7,
    8,
    9,
    10,
    11,
    12,
    13,
    14,
    15,
    16,
    17,
    18,
    19,
    20,
    21,
    22,
    23,
    24,
    25,
    26,
    27,
    28,
    29,
    30,
    31,
    32,
    33,
    34
  ],
  "reset": [
    7,
    15,
    23,
    31,
    34
  ],
  "duration": [
    9.678776979446411,
    9.278680801391602,
    9.054093599319458,
    9.718011140823364,
    9.44575309753418,
    9.20178771018982,
    9.005720376968384,
    9.399227142333984,
    9.18821907043457,
    9.142930030822754,
    9.314648151397705,
    9.239270448684692,
    9.266998767852783,
    9.198302745819092,
    9.17614221572876,
    9.13760757446289,
    9.528423070907593,
    9.004432916641235,
    9.626338958740234,
    9.186556100845337
  ],
  "status": 30
}