{
  "gpu": true,
  "device": "gpu",
  "infile": "../matrix/cgne_init_4096_dble_csr.dat",
  "matfile": "../matrix/conf6_0-8x8-20/conf6_0-8x8-20.mtx",
  "k": 0.15,
  "kc": 0.15717,
  "reordering": true,
  "preconditioning": true,
  "vol": 4096,
  "dim": 49152,
  "lattice": "8x8x8x8",
  "blk_dim": 24576,
  "bs": "8x8x8x4",
  "res": 1e-06,
  "tol": 0.00031353468703945405,
  "nmx": 2500,
  "nkv": 7,
  "nmr": 0.5,
  "ncy": 0.5,
  "sdtype": "float32",
  "ddtype": "float64",
  "cdtype": "float32",
  "rn": [
    61.75347906375136,
    25.763974472733537,
    9.264582306655399,
    4.70400209238618,
    2.513865352326637,
    1.4426661563511196,
    0.8280538115757797,
    0.8280539237390377,
    0.5223182797297817,
    0.31966458318986124,
    0.19048918808882356,
    0.11108677963386993,
    0.06415892594453626,
    0.036074974467867955,
    0.021759454155230153,
    0.021759454221729136,
    0.013743664606156877,
    0.008673424677074305,
    0.005334136574817252,
    0.0031635670811228566,
    0.001973224035411495,
    0.0011831312828200307,
    0.0007149829929738073,
    0.0007149830066730645,
    0.0004566849892186349,
    0.0002817376864682627,
    0.00028173768517496424
  ],
  "i": [
    0,
    1,
    2,
    3,
    4,
    5,
    6,
    7,
    8,
    9,
    10,
    11,
    12,
    13,
    14,
    15,
    16,
    17,
    18,
    19,
    20,
    21,
    22,
    23,
    24,
    25,
    26
  ],
  "reset": [
    7,
    15,
    23,
    26
  ],
  "duration": [
    0.4670436382293701,
    0.297717809677124,
    0.29326677322387695,
    0.2928154468536377,
    0.29405903816223145,
    0.29906296730041504,
    0.2922954559326172,
    0.29467201232910156,
    0.2938191890716553,
    0.29216599464416504,
    0.2933642864227295,
    0.29372549057006836,
    0.29285478591918945,
    0.3006625175476074,
    0.29396963119506836,
    0.29880404472351074,
    0.2945382595062256,
    0.2984614372253418,
    0.29297804832458496,
    0.2959418296813965
  ],
  "status": 23
}