{
  "gpu": false,
  "device": "hybrid",
  "infile": "../matrix/fgcr_check3_4096_dble_csr.dat",
  "matfile": null,
  "k": 0.0,
  "kc": 0.0,
  "reordering": false,
  "preconditioning": true,
  "vol": 4096,
  "dim": 49152,
  "lattice": "8x8x8x8",
  "blk_dim": 12288,
  "bs": "8x8x4x4",
  "res": 1e-06,
  "tol": 0.00031353468710831124,
  "nmx": 125,
  "nkv": 7,
  "nmr": 4,
  "ncy": 20,
  "sdtype": "float32",
  "ddtype": "float64",
  "cdtype": "float64",
  "rn": [
    2.673969379810268,
    0.4136081341001739,
    0.062484991514113124,
    0.010638650817598105,
    0.0017749226161709736,
    0.00031498681454165256,
    4.433923535352242e-05,
    8.02693816206872e-05
  ],
  "i": [
    0,
    1,
    2,
    3,
    4,
    5,
    6,
    7
  ],
  "reset": [
    7
  ],
  "duration": [
    3.2140355110168457,
    3.2127227783203125,
    3.212611675262451,
    3.2130000591278076,
    3.2107222080230713,
    3.2113749980926514,
    3.2113735675811768,
    3.212686061859131,
    3.211125373840332,
    3.2124381065368652,
    3.2095866203308105,
    3.2101798057556152,
    3.210972785949707,
    3.2117929458618164,
    3.211193323135376,
    3.212482213973999,
    3.211512565612793,
    3.209733486175537,
    3.2100164890289307,
    3.2093546390533447
  ],
  "status": 7
}