{
  "gpu": true,
  "device": "gpu",
  "infile": "../matrix/fgcr_check3_4096_dble_csr.dat",
  "matfile": null,
  "k": 0.0,
  "kc": 0.0,
  "reordering": false,
  "preconditioning": true,
  "vol": 4096,
  "dim": 49152,
  "lattice": "8x8x8x8",
  "blk_dim": 12288,
  "bs": "8x8x4x4",
  "res": 1e-06,
  "tol": 0.00031353468715082124,
  "nmx": 2500,
  "nkv": 7,
  "nmr": 1,
  "ncy": 4,
  "sdtype": "float32",
  "ddtype": "float64",
  "cdtype": "float32",
  "rn": [
    63.970575562931266,
    32.551466343011484,
    19.02028429796917,
    10.228753976845931,
    5.910521264012145,
    3.2513155124500104,
    1.913744507990911,
    1.9137445824883086,
    1.3363556956801264,
    0.8099935317115513,
    0.44139800833107534,
    0.2739046072165488,
    0.15273966359721697,
    0.08885811548783532,
    0.04254699179883524,
    0.04254698881935422,
    0.03153004050115683,
    0.01838917305302737,
    0.01010942855291485,
    0.006166926003309579,
    0.003382843268261945,
    0.0020774355588994925,
    0.0011799302168232803,
    0.0011799302704377937,
    0.0008484428047112448,
    0.0005047194048135087,
    0.00028230958016511003,
    0.0002823095815435325
  ],
  "i": [
    0,
    1,
    2,
    3,
    4,
    5,
    6,
    7,
    8,
    9,
    10,
    11,
    12,
    13,
    14,
    15,
    16,
    17,
    18,
    19,
    20,
    21,
    22,
    23,
    24,
    25,
    26,
    27
  ],
  "reset": [
    7,
    15,
    23,
    27
  ],
  "duration": [
    0.616483211517334,
    0.4003276824951172,
    0.4006309509277344,
    0.40064191818237305,
    0.4002654552459717,
    0.40075135231018066,
    0.40021514892578125,
    0.40047788619995117,
    0.4002213478088379,
    0.40039730072021484,
    0.4002859592437744,
    0.40007805824279785,
    0.4002504348754883,
    0.4020814895629883,
    0.3990817070007324,
    0.39856457710266113,
    0.39877891540527344,
    0.39897990226745605,
    0.3989677429199219,
    0.39900994300842285
  ],
  "status": 24
}