{
  "gpu": true,
  "device": "gpu",
  "infile": "../matrix/cgne_init_4096_dble_csr.dat",
  "matfile": null,
  "k": 0.0,
  "kc": 0.0,
  "reordering": false,
  "preconditioning": true,
  "vol": 4096,
  "dim": 49152,
  "lattice": "8x8x8x8",
  "blk_dim": 24576,
  "bs": "8x8x8x4",
  "res": 1e-06,
  "tol": 0.00031353468703945405,
  "nmx": 125,
  "nkv": 7,
  "nmr": 20,
  "ncy": 4,
  "sdtype": "float32",
  "ddtype": "float64",
  "cdtype": "float32",
  "rn": [
    9.64426533206282,
    1.5281787817757486,
    0.39574991346630317,
    0.08147757875766,
    0.01868855017147363,
    0.004538521297296071,
    0.0010213168130054505,
    0.0010238357277369413,
    0.00029011666099462637,
    0.00029011665754793346
  ],
  "i": [
    0,
    1,
    2,
    3,
    4,
    5,
    6,
    7,
    8,
    9
  ],
  "reset": [
    7,
    9
  ],
  "duration": [
    0.7917311191558838,
    0.6537103652954102,
    0.6426618099212646,
    0.6525123119354248,
    0.633556604385376,
    0.6214091777801514,
    0.638291597366333,
    0.6251084804534912,
    0.648517370223999,
    0.6389291286468506,
    0.646681547164917,
    0.6249117851257324,
    0.6370863914489746,
    0.6287565231323242,
    0.6467039585113525,
    0.6477971076965332,
    0.6516971588134766,
    0.6213698387145996,
    0.6280319690704346,
    0.6379508972167969
  ],
  "status": 8
}