{
  "gpu": false,
  "infile": "../matrix/cgne_init_4096_dble_csr.dat",
  "matfile": null,
  "k": 0.0,
  "kc": 0.0,
  "reordering": false,
  "preconditioning": true,
  "vol": 4096,
  "dim": 49152,
  "lattice": "8x8x8x8",
  "blk_dim": 24576,
  "bs": "8x8x8x4",
  "res": 1e-06,
  "tol": 0.0003135346870547978,
  "nmx": 1250,
  "nkv": 7,
  "nmr": 4,
  "ncy": 2,
  "sdtype": "float32",
  "ddtype": "float64",
  "cdtype": "float32",
  "rn": [
    170.38155015472722,
    100.82607265670921,
    67.8100309703707,
    47.71282770058428,
    35.010894080218506,
    26.051393836955004,
    19.68638387264101,
    19.686383890826754,
    16.595479740241256,
    13.205348599818512,
    10.36198727320593,
    7.577814795817422,
    5.49976976138885,
    3.9242376783495456,
    2.940487408382759,
    2.940487401832201,
    2.5795157720275457,
    2.124608569337819,
    1.6043134196893833,
    1.2182405490499613,
    0.9390012487943022,
    0.7439757192592569,
    0.5961968451303911,
    0.5961968419479117,
    0.5120982533960113,
    0.4204577008029426,
    0.3277679458496,
    0.25308558852784435,
    0.1953131559314613,
    0.1604985799793116,
    0.135385840007859,
    0.1353858410571265,
    0.11871111771469875,
    0.0993766602118421,
    0.07736404399002161,
    0.060321636760840375,
    0.047746359421297846,
    0.03927051944287075,
    0.032505480439493264,
    0.03250547977813816,
    0.027845763019297455,
    0.022812438944316244,
    0.01803038050444411,
    0.01407529365743855,
    0.010975569851058879,
    0.009072522796890945,
    0.007666401524279329,
    0.0076664015808615565,
    0.006639671436019929,
    0.005450440704456311,
    0.004227248442420837,
    0.0033012165256185596,
    0.0026031682073323803,
    0.002136178603094219,
    0.00177444051860618,
    0.001774440554662569,
    0.0015140287092929633,
    0.001233146486729815,
    0.0009776084620451353,
    0.0007647028121459295,
    0.0006014906000155597,
    0.0005029331567563756,
    0.00043066574357386616,
    0.0004306657475515699,
    0.0003746866948048737,
    0.0003098400689140679,
    0.00030984007030039477
  ],
  "i": [
    0,
    1,
    2,
    3,
    4,
    5,
    6,
    7,
    8,
    9,
    10,
    11,
    12,
    13,
    14,
    15,
    16,
    17,
    18,
    19,
    20,
    21,
    22,
    23,
    24,
    25,
    26,
    27,
    28,
    29,
    30,
    31,
    32,
    33,
    34,
    35,
    36,
    37,
    38,
    39,
    40,
    41,
    42,
    43,
    44,
    45,
    46,
    47,
    48,
    49,
    50,
    51,
    52,
    53,
    54,
    55,
    56,
    57,
    58,
    59,
    60,
    61,
    62,
    63,
    64,
    65,
    66
  ],
  "reset": [
    7,
    15,
    23,
    31,
    39,
    47,
    55,
    63,
    66
  ],
  "duration": [
    2.2097060680389404,
    2.218287944793701,
    2.2140696048736572,
    2.2190728187561035,
    2.221930742263794,
    2.215191602706909,
    2.2150120735168457,
    2.221423387527466,
    2.216290235519409,
    2.213724136352539,
    2.214960813522339,
    2.2080376148223877,
    2.211150646209717,
    2.2092432975769043,
    2.2129945755004883,
    2.2101340293884277,
    2.212226152420044,
    2.209789514541626,
    2.211029052734375,
    2.219637393951416
  ],
  "status": 58
}