{
  "gpu": false,
  "device": "hybrid",
  "infile": "../matrix/fgcr_check3_4096_dble_csr.dat",
  "matfile": null,
  "k": 0.0,
  "kc": 0.0,
  "reordering": false,
  "preconditioning": true,
  "vol": 4096,
  "dim": 49152,
  "lattice": "8x8x8x8",
  "blk_dim": 12288,
  "bs": "8x8x4x4",
  "res": 1e-06,
  "tol": 0.0003135346870762468,
  "nmx": 250,
  "nkv": 7,
  "nmr": 4,
  "ncy": 10,
  "sdtype": "float64",
  "ddtype": "float64",
  "cdtype": "float64",
  "rn": [
    7.945887287901799,
    2.4202993629324374,
    0.7575002135659775,
    0.23400820156321847,
    0.0741595313334596,
    0.024949415527817643,
    0.008127018848204506,
    0.008127018848203715,
    0.002892581691994628,
    0.0010286585138108183,
    0.00033678449344290163,
    0.00010763966975145359,
    0.00010763966975109153
  ],
  "i": [
    0,
    1,
    2,
    3,
    4,
    5,
    6,
    7,
    8,
    9,
    10,
    11,
    12
  ],
  "reset": [
    7,
    12
  ],
  "duration": [
    3.063594341278076,
    3.07261323928833,
    3.0714380741119385,
    3.06610369682312,
    3.067451000213623,
    3.072559118270874,
    3.066821813583374,
    3.066471576690674,
    3.0761425495147705,
    3.071031332015991,
    3.0683207511901855,
    3.069403886795044,
    3.069488048553467,
    3.0678300857543945,
    3.0696094036102295,
    3.070038318634033,
    3.066598653793335,
    3.0663866996765137,
    3.0609211921691895,
    3.063582181930542
  ],
  "status": 11
}