{
  "gpu": false,
  "infile": "../matrix/cgne_init_4096_dble_csr.dat",
  "matfile": null,
  "k": 0.0,
  "kc": 0.0,
  "reordering": false,
  "preconditioning": true,
  "vol": 4096,
  "dim": 49152,
  "lattice": "8x8x8x8",
  "blk_dim": 6144,
  "bs": "8x4x4x4",
  "res": 1e-06,
  "tol": 0.0003135346870547978,
  "nmx": 500,
  "nkv": 7,
  "nmr": 4,
  "ncy": 5,
  "sdtype": "float32",
  "ddtype": "float64",
  "cdtype": "float64",
  "rn": [
    100.09744142874786,
    48.357090847475085,
    25.848866796673963,
    13.67920529311485,
    7.369226199595074,
    3.985661180338478,
    2.1587164821232636,
    2.158716424398695,
    1.2388039848932062,
    0.6911570216763421,
    0.3897254690039567,
    0.20862491088630905,
    0.11540090996124275,
    0.061673173925468165,
    0.032772846406537784,
    0.032772847926065565,
    0.018881514525855885,
    0.010417457136104405,
    0.005847718986496086,
    0.0031518831955973685,
    0.0017653271296029208,
    0.0009766669393163798,
    0.0005468679951695127,
    0.0005468680155962848,
    0.00031516142873233674,
    0.00017514792081961295,
    0.000175147920718367
  ],
  "i": [
    0,
    1,
    2,
    3,
    4,
    5,
    6,
    7,
    8,
    9,
    10,
    11,
    12,
    13,
    14,
    15,
    16,
    17,
    18,
    19,
    20,
    21,
    22,
    23,
    24,
    25,
    26
  ],
  "reset": [
    7,
    15,
    23,
    26
  ],
  "duration": 2.4695022106170654,
  "status": 23
}