{
  "gpu": false,
  "device": "hybrid",
  "infile": "../matrix/cgne_init_4096_dble_csr.dat",
  "matfile": null,
  "k": 0.0,
  "kc": 0.0,
  "reordering": false,
  "preconditioning": true,
  "vol": 4096,
  "dim": 49152,
  "lattice": "8x8x8x8",
  "blk_dim": 24576,
  "bs": "8x8x8x4",
  "res": 1e-06,
  "tol": 0.0003135346870547978,
  "nmx": 2500,
  "nkv": 7,
  "nmr": 0.5,
  "ncy": 0.5,
  "sdtype": "float32",
  "ddtype": "float64",
  "cdtype": "float32",
  "rn": [
    145.9887467305716,
    53.700006630543875,
    22.616366651602974,
    10.14508430094076,
    4.345406028874818,
    2.064754559730951,
    0.9598436303943492,
    0.959843561965327,
    0.47066244972899196,
    0.23212333169267152,
    0.11679647413885873,
    0.052021692585732165,
    0.023913227557371276,
    0.010783170799817826,
    0.005120675833641905,
    0.005120676610360899,
    0.0024915389083700707,
    0.001221797520708515,
    0.0006215150288641282,
    0.00028343555099808756,
    0.00028343554949284116
  ],
  "i": [
    0,
    1,
    2,
    3,
    4,
    5,
    6,
    7,
    8,
    9,
    10,
    11,
    12,
    13,
    14,
    15,
    16,
    17,
    18,
    19,
    20
  ],
  "reset": [
    7,
    15,
    20
  ],
  "duration": [
    0.3885018825531006,
    0.38748931884765625,
    0.38872718811035156,
    0.3880445957183838,
    0.3878748416900635,
    0.38849639892578125,
    0.3920600414276123,
    0.3893089294433594,
    0.38968896865844727,
    0.3888700008392334,
    0.3900778293609619,
    0.3894491195678711,
    0.38933444023132324,
    0.38956141471862793,
    0.38941073417663574,
    0.3898746967315674,
    0.3903977870941162,
    0.3899562358856201,
    0.3897700309753418,
    0.390000581741333
  ],
  "status": 18
}