{
  "gpu": false,
  "device": "cpu",
  "infile": "../matrix/cgne_init_4096_dble_csr.dat",
  "matfile": null,
  "k": 0.0,
  "kc": 0.0,
  "reordering": false,
  "preconditioning": true,
  "vol": 4096,
  "dim": 49152,
  "lattice": "8x8x8x8",
  "blk_dim": 24576,
  "bs": "8x8x8x4",
  "res": 1e-06,
  "tol": 0.0003135346870547978,
  "nmx": 2500,
  "nkv": 7,
  "nmr": 0.5,
  "ncy": 0.5,
  "sdtype": "float32",
  "ddtype": "float64",
  "cdtype": "float32",
  "rn": [
    117.796409617564,
    51.95730853597969,
    14.126770714927268,
    6.659064525013798,
    3.657729028152187,
    1.7754193561422682,
    0.7428181602524505,
    0.7428180485608917,
    0.483549081854118,
    0.3399490491969169,
    0.15801671883714433,
    0.07496289077499002,
    0.03576827975313637,
    0.016870545157060764,
    0.008674191098696694,
    0.008674190858931412,
    0.004075562881255023,
    0.0018362613856780616,
    0.001328405415976428,
    0.0007769826829921735,
    0.0003150997074862779,
    0.00015366944489116107,
    0.00015366943849888233
  ],
  "i": [
    0,
    1,
    2,
    3,
    4,
    5,
    6,
    7,
    8,
    9,
    10,
    11,
    12,
    13,
    14,
    15,
    16,
    17,
    18,
    19,
    20,
    21,
    22
  ],
  "reset": [
    7,
    15,
    22
  ],
  "duration": [
    0.6024692058563232,
    0.6023852825164795,
    0.6019253730773926,
    0.6096656322479248,
    0.6032326221466064,
    0.6063871383666992,
    0.6031322479248047,
    0.6078050136566162,
    0.6048154830932617,
    0.6018071174621582,
    0.6021237373352051,
    0.6037468910217285,
    0.6044411659240723,
    0.6099705696105957,
    0.6051015853881836,
    0.6069917678833008,
    0.6043882369995117,
    0.6043596267700195,
    0.6046886444091797,
    0.6030023097991943
  ],
  "status": 20
}