{
  "gpu": false,
  "device": "cpu",
  "infile": "../matrix/cgne_init_4096_dble_csr.dat",
  "matfile": "../matrix/conf6_0-8x8-20/conf6_0-8x8-20.mtx",
  "k": 0.15717,
  "kc": 0.15717,
  "reordering": true,
  "preconditioning": true,
  "vol": 4096,
  "dim": 49152,
  "lattice": "8x8x8x8",
  "blk_dim": 12288,
  "bs": "8x8x4x4",
  "res": 1e-06,
  "tol": 0.0003135346870547978,
  "nmx": 417,
  "nkv": 7,
  "nmr": 6,
  "ncy": 4,
  "sdtype": "float32",
  "ddtype": "float64",
  "cdtype": "float32",
  "rn": [
    22.482539415291345,
    10.907962331455186,
    6.183127070505335,
    3.4284356925955075,
    2.023726761907641,
    1.2051178635080493,
    0.7238376860618283,
    0.7238375689116948,
    0.4351861708806035,
    0.27534502532620114,
    0.1686192381209652,
    0.10413765506901178,
    0.060614020766513586,
    0.03319403019429112,
    0.01918178659944287,
    0.01918178478647775,
    0.011208671798130027,
    0.006497095735971603,
    0.0035397278900353778,
    0.0022040411988004517,
    0.001383544368626467,
    0.0009018330595569182,
    0.0005556359464152309,
    0.0005556359233870797,
    0.00034488223299533626,
    0.00022569545992327458,
    0.00022569545903918138
  ],
  "i": [
    0,
    1,
    2,
    3,
    4,
    5,
    6,
    7,
    8,
    9,
    10,
    11,
    12,
    13,
    14,
    15,
    16,
    17,
    18,
    19,
    20,
    21,
    22,
    23,
    24,
    25,
    26
  ],
  "reset": [
    7,
    15,
    23,
    26
  ],
  "duration": [
    5.782836437225342,
    5.782073259353638,
    5.787508726119995,
    5.789303302764893,
    5.788604736328125,
    5.783254861831665,
    5.765987873077393,
    5.765650749206543,
    5.7686097621917725,
    5.769645690917969,
    5.770452260971069,
    5.785973072052002,
    5.7816362380981445,
    5.77679181098938,
    5.773467540740967,
    5.760920524597168,
    5.770879507064819,
    5.768013000488281,
    5.778974294662476,
    5.783868789672852
  ],
  "status": 23
}