{
  "gpu": true,
  "device": "gpu",
  "infile": "../matrix/fgcr_check3_4096_dble_csr.dat",
  "matfile": null,
  "k": 0.0,
  "kc": 0.0,
  "reordering": false,
  "preconditioning": true,
  "vol": 4096,
  "dim": 49152,
  "lattice": "8x8x8x8",
  "blk_dim": 12288,
  "bs": "8x8x4x4",
  "res": 1e-06,
  "tol": 0.00031353468715082124,
  "nmx": 417,
  "nkv": 7,
  "nmr": 4,
  "ncy": 6,
  "sdtype": "float32",
  "ddtype": "float64",
  "cdtype": "float64",
  "rn": [
    15.453174387484104,
    4.982237601428561,
    1.4956128773124884,
    0.46933678817502816,
    0.1411864121648902,
    0.04240197603889592,
    0.012549146397250362,
    0.012549143283453228,
    0.0041272449973795595,
    0.0013578788794649463,
    0.0004414914325635879,
    0.00013455671768846492,
    0.0001345566985770972
  ],
  "i": [
    0,
    1,
    2,
    3,
    4,
    5,
    6,
    7,
    8,
    9,
    10,
    11,
    12
  ],
  "reset": [
    7,
    12
  ],
  "duration": [
    0.8822972774505615,
    0.6710400581359863,
    0.67160964012146,
    0.6705915927886963,
    0.6702337265014648,
    0.670102596282959,
    0.6693820953369141,
    0.6695752143859863,
    0.6695148944854736,
    0.6691598892211914,
    0.669736385345459,
    0.670067310333252,
    0.6698334217071533,
    0.6693441867828369,
    0.6694760322570801,
    0.6686129570007324,
    0.6687352657318115,
    0.6702210903167725,
    0.6691761016845703,
    0.6693809032440186
  ],
  "status": 11
}