{
  "gpu": false,
  "device": "hybrid",
  "infile": "../matrix/cgne_init_4096_dble_csr.dat",
  "matfile": "../matrix/conf6_0-8x8-20/conf6_0-8x8-20.mtx",
  "k": 0.15,
  "kc": 0.15717,
  "reordering": true,
  "preconditioning": true,
  "vol": 4096,
  "dim": 49152,
  "lattice": "8x8x8x8",
  "blk_dim": 24576,
  "bs": "8x8x8x4",
  "res": 1e-06,
  "tol": 0.0003135346870762468,
  "nmx": 2500,
  "nkv": 7,
  "nmr": 0.5,
  "ncy": 0.5,
  "sdtype": "float64",
  "ddtype": "float64",
  "cdtype": "float64",
  "rn": [
    44.91634238607293,
    7.297238382287369,
    1.9304767878519047,
    0.7459207461628432,
    0.2318653668042304,
    0.123131335818771,
    0.022859239774503305,
    0.02285923977450262,
    0.007893821201608553,
    0.003988031201091094,
    0.0019188677098235956,
    0.0008215562921987989,
    0.00034613845542403335,
    0.00017826259021998697,
    0.00017826259022013478
  ],
  "i": [
    0,
    1,
    2,
    3,
    4,
    5,
    6,
    7,
    8,
    9,
    10,
    11,
    12,
    13,
    14
  ],
  "reset": [
    7,
    14
  ],
  "duration": [
    0.7269985675811768,
    0.6291749477386475,
    0.7438194751739502,
    0.6758577823638916,
    0.7501580715179443,
    0.5900015830993652,
    0.7118282318115234,
    0.6542978286743164,
    0.6248970031738281,
    0.7648108005523682,
    0.8155741691589355,
    0.7810769081115723,
    0.728097677230835,
    0.5688986778259277,
    0.7490873336791992,
    0.7486529350280762,
    0.6879854202270508,
    0.7184054851531982,
    0.7469899654388428,
    0.6356117725372314
  ],
  "status": 13
}