{
  "gpu": true,
  "device": "gpu",
  "infile": "../matrix/cgne_init_4096_dble_csr.dat",
  "matfile": "../matrix/conf6_0-8x8-20/conf6_0-8x8-20.mtx",
  "k": 0.15,
  "kc": 0.15717,
  "reordering": true,
  "preconditioning": true,
  "vol": 4096,
  "dim": 49152,
  "lattice": "8x8x8x8",
  "blk_dim": 24576,
  "bs": "8x8x8x4",
  "res": 1e-06,
  "tol": 0.0003135346870762468,
  "nmx": 2500,
  "nkv": 7,
  "nmr": 0.5,
  "ncy": 0.5,
  "sdtype": "float64",
  "ddtype": "float64",
  "cdtype": "float64",
  "rn": [
    61.75347882945265,
    25.76397483488637,
    9.264582069948657,
    4.7040023005278195,
    2.5138654020496936,
    1.4426663048026418,
    0.828053866215807,
    0.8280538662158073,
    0.5223184743210129,
    0.3196647833117785,
    0.19048923453140532,
    0.11108680086207656,
    0.06415892132938993,
    0.036074991020397434,
    0.02175947622889273,
    0.021759476228892113,
    0.013743672823500752,
    0.008673436765171948,
    0.005334142209000893,
    0.003163571136260546,
    0.001973226127906344,
    0.0011831316486746555,
    0.0007149844047362113,
    0.0007149844047358901,
    0.0004566862234513296,
    0.0002817382219114367,
    0.0002817382219114448
  ],
  "i": [
    0,
    1,
    2,
    3,
    4,
    5,
    6,
    7,
    8,
    9,
    10,
    11,
    12,
    13,
    14,
    15,
    16,
    17,
    18,
    19,
    20,
    21,
    22,
    23,
    24,
    25,
    26
  ],
  "reset": [
    7,
    15,
    23,
    26
  ],
  "duration": [
    0.46026611328125,
    0.29564738273620605,
    0.29230785369873047,
    0.29874348640441895,
    0.29012298583984375,
    0.3046696186065674,
    0.2936234474182129,
    0.29322004318237305,
    0.29210543632507324,
    0.2930483818054199,
    0.2908365726470947,
    0.29448699951171875,
    0.29241323471069336,
    0.28971338272094727,
    0.29211926460266113,
    0.2921128273010254,
    0.29221153259277344,
    0.2896389961242676,
    0.2915306091308594,
    0.2888340950012207
  ],
  "status": 23
}