{
  "gpu": true,
  "device": "gpu",
  "infile": "../matrix/cgne_init_4096_dble_csr.dat",
  "matfile": "../matrix/conf6_0-8x8-20/conf6_0-8x8-20.mtx",
  "k": 0.15,
  "kc": 0.15717,
  "reordering": true,
  "preconditioning": true,
  "vol": 4096,
  "dim": 49152,
  "lattice": "8x8x8x8",
  "blk_dim": 24576,
  "bs": "8x8x8x4",
  "res": 1e-06,
  "tol": 0.00031353468703945405,
  "nmx": 250,
  "nkv": 7,
  "nmr": 10,
  "ncy": 4,
  "sdtype": "float32",
  "ddtype": "float64",
  "cdtype": "float32",
  "rn": [
    3.1707825493606543,
    0.30502789750191145,
    0.03476614996816637,
    0.0035310003822956785,
    0.00035323212856299145,
    3.783051700755702e-05,
    7.10541383285964e-05
  ],
  "i": [
    0,
    1,
    2,
    3,
    4,
    5,
    6
  ],
  "reset": [
    6
  ],
  "duration": [
    0.40810656547546387,
    0.2510504722595215,
    0.24691486358642578,
    0.24418973922729492,
    0.24692440032958984,
    0.25072288513183594,
    0.24855375289916992,
    0.2467656135559082,
    0.2511777877807617,
    0.250903844833374,
    0.24724936485290527,
    0.25176382064819336,
    0.24422764778137207,
    0.24824953079223633,
    0.2487046718597412,
    0.24471330642700195,
    0.2496800422668457,
    0.2515277862548828,
    0.24779248237609863,
    0.24709701538085938
  ],
  "status": 6
}