{
  "gpu": false,
  "device": "hybrid",
  "infile": "../matrix/fgcr_check3_4096_dble_csr.dat",
  "matfile": null,
  "k": 0.0,
  "kc": 0.0,
  "reordering": false,
  "preconditioning": true,
  "vol": 4096,
  "dim": 49152,
  "lattice": "8x8x8x8",
  "blk_dim": 3072,
  "bs": "4x4x4x4",
  "res": 1e-06,
  "tol": 0.0003135346870762468,
  "nmx": 417,
  "nkv": 7,
  "nmr": 12,
  "ncy": 2,
  "sdtype": "float64",
  "ddtype": "float64",
  "cdtype": "float64",
  "rn": [
    59.00606855410263,
    22.231129729863255,
    10.212358907850417,
    4.442929012312457,
    2.066335974616151,
    0.9174075723698889,
    0.4234683553316249,
    0.42346835533162513,
    0.25108393660762923,
    0.11410785485510673,
    0.05035761484283865,
    0.022337328472002115,
    0.01021164792073985,
    0.004253964326328443,
    0.0015934160270190312,
    0.0015934160270187955,
    0.0009597306721886822,
    0.00042303111260811005,
    0.0001974740427315888,
    0.00019747404273125349
  ],
  "i": [
    0,
    1,
    2,
    3,
    4,
    5,
    6,
    7,
    8,
    9,
    10,
    11,
    12,
    13,
    14,
    15,
    16,
    17,
    18,
    19
  ],
  "reset": [
    7,
    15,
    19
  ],
  "duration": [
    4.766075849533081,
    4.7427592277526855,
    4.741863965988159,
    4.739886045455933,
    4.714960813522339,
    4.734886884689331,
    4.72326135635376,
    4.725003004074097,
    4.716649532318115,
    4.725873708724976,
    4.7197840213775635,
    4.720712661743164,
    4.725897789001465,
    4.715045213699341,
    4.727372646331787,
    4.719429969787598,
    4.717736005783081,
    4.712409257888794,
    4.727465867996216,
    4.721745729446411
  ],
  "status": 17
}