{
  "gpu": true,
  "device": "gpu",
  "infile": "../matrix/cgne_init_4096_dble_csr.dat",
  "matfile": "../matrix/conf6_0-8x8-30/conf6.0-00l8x8-3000.mtx",
  "k": 0.05,
  "kc": 0.15649,
  "reordering": true,
  "preconditioning": true,
  "vol": 4096,
  "dim": 49152,
  "lattice": "8x8x8x8",
  "blk_dim": 24576,
  "bs": "8x8x8x4",
  "res": 1e-06,
  "tol": 0.0003135346870762468,
  "nmx": 1250,
  "nkv": 7,
  "nmr": 4,
  "ncy": 2,
  "sdtype": "float64",
  "ddtype": "float64",
  "cdtype": "float64",
  "rn": [
    0.0418022670608694,
    2.075179262577617e-06,
    2.075179262760386e-06
  ],
  "i": [
    0,
    1,
    2
  ],
  "reset": [
    2
  ],
  "duration": [
    0.18555068969726562,
    0.023678302764892578,
    0.022103071212768555,
    0.02227330207824707,
    0.022138595581054688,
    0.022144794464111328,
    0.02217721939086914,
    0.02213573455810547,
    0.022046327590942383,
    0.02220320701599121,
    0.022246122360229492,
    0.022071123123168945,
    0.022104263305664062,
    0.022164106369018555,
    0.022353410720825195,
    0.022197723388671875,
    0.022290706634521484,
    0.022138118743896484,
    0.02237248420715332,
    0.021986722946166992
  ],
  "status": 2
}