{
  "gpu": false,
  "device": "hybrid",
  "infile": "../matrix/fgcr_check3_4096_dble_csr.dat",
  "matfile": null,
  "k": 0.0,
  "kc": 0.0,
  "reordering": false,
  "preconditioning": true,
  "vol": 4096,
  "dim": 49152,
  "lattice": "8x8x8x8",
  "blk_dim": 6144,
  "bs": "8x4x4x4",
  "res": 1e-06,
  "tol": 0.00031353468710831124,
  "nmx": 417,
  "nkv": 7,
  "nmr": 4,
  "ncy": 6,
  "sdtype": "float32",
  "ddtype": "float64",
  "cdtype": "float64",
  "rn": [
    15.45551233792035,
    4.983152644194807,
    1.4944192153190814,
    0.46864365433270216,
    0.14100009529838345,
    0.042328856136015135,
    0.01252239698661518,
    0.012522335860571948,
    0.004115910138724713,
    0.0013537051448048612,
    0.0004403017007868221,
    0.0001340253166957408,
    0.00013402528989460986
  ],
  "i": [
    0,
    1,
    2,
    3,
    4,
    5,
    6,
    7,
    8,
    9,
    10,
    11,
    12
  ],
  "reset": [
    7,
    12
  ],
  "duration": [
    2.6041247844696045,
    2.6071267127990723,
    2.6083943843841553,
    2.608928680419922,
    2.6050896644592285,
    2.604520082473755,
    2.6048331260681152,
    2.606929302215576,
    2.5967304706573486,
    2.5969879627227783,
    2.597116231918335,
    2.595884323120117,
    2.5960583686828613,
    2.596437931060791,
    2.5968847274780273,
    2.5967538356781006,
    2.5948193073272705,
    2.5957748889923096,
    2.5955841541290283,
    2.5957441329956055
  ],
  "status": 11
}