{
  "gpu": false,
  "device": "cpu",
  "infile": "../matrix/cgne_init_65536_dble_csr.dat",
  "matfile": null,
  "k": 0.0,
  "kc": 0.0,
  "reordering": false,
  "preconditioning": true,
  "vol": 65536,
  "dim": 786048,
  "lattice": "16x16x16x16",
  "blk_dim": 6141,
  "bs": "8x4x4x4",
  "res": 1e-06,
  "tol": 0.0012541387482794752,
  "nmx": 625,
  "nkv": 7,
  "nmr": 8,
  "ncy": 2,
  "sdtype": "float32",
  "ddtype": "float64",
  "cdtype": "float32",
  "rn": [
    714.082817089887,
    471.40873181979424,
    300.3151195873117,
    187.70075977023458,
    116.44793794582691,
    72.78695315600295,
    46.53229313198588,
    46.53229342073233,
    30.400159662691465,
    20.336847995798333,
    13.667985664311793,
    9.320254289371247,
    6.4294642016219425,
    4.450298008081418,
    3.100242810159295,
    3.1002428010225294,
    2.166064399401071,
    1.538863156346848,
    1.0770455292739922,
    0.7649841608768337,
    0.5427043209861842,
    0.3795304256110617,
    0.26555769144787394,
    0.2655576919946878,
    0.18798889927008158,
    0.13469354104162606,
    0.09503268453997503,
    0.06794132868201165,
    0.04860455828942011,
    0.03427839251532902,
    0.024320944400708262,
    0.02432094441460417,
    0.017332811040024272,
    0.012477213523528947,
    0.008861831248199713,
    0.006365600182275908,
    0.004559830331841078,
    0.003232020009628934,
    0.0023016569470918733,
    0.0023016569294199603,
    0.0016407920672487516,
    0.0011877902521267374,
    0.0011877902505230834
  ],
  "i": [
    0,
    1,
    2,
    3,
    4,
    5,
    6,
    7,
    8,
    9,
    10,
    11,
    12,
    13,
    14,
    15,
    16,
    17,
    18,
    19,
    20,
    21,
    22,
    23,
    24,
    25,
    26,
    27,
    28,
    29,
    30,
    31,
    32,
    33,
    34,
    35,
    36,
    37,
    38,
    39,
    40,
    41,
    42
  ],
  "reset": [
    7,
    15,
    23,
    31,
    39,
    42
  ],
  "duration": [
    24.931493997573853,
    24.892378330230713,
    24.91376829147339,
    24.933093547821045,
    24.96067976951599,
    24.98902916908264,
    24.97358250617981,
    24.993737936019897,
    24.973659992218018,
    24.98197078704834,
    24.949959993362427,
    25.005850076675415,
    24.91916823387146,
    24.969118118286133,
    24.947041511535645,
    24.984243392944336,
    24.929202556610107,
    24.912937879562378,
    24.905627727508545,
    24.965486764907837
  ],
  "status": 37
}