{
  "gpu": false,
  "device": "hybrid",
  "infile": "../matrix/cgne_init_4096_dble_csr.dat",
  "matfile": null,
  "k": 0.0,
  "kc": 0.0,
  "reordering": false,
  "preconditioning": true,
  "vol": 4096,
  "dim": 49152,
  "lattice": "8x8x8x8",
  "blk_dim": 24576,
  "bs": "8x8x8x4",
  "res": 1e-06,
  "tol": 0.0003135346870762468,
  "nmx": 250,
  "nkv": 7,
  "nmr": 10,
  "ncy": 4,
  "sdtype": "float64",
  "ddtype": "float64",
  "cdtype": "float64",
  "rn": [
    55.80318209308887,
    37.03964931306765,
    24.677619017167302,
    15.369386626506293,
    10.308518224614245,
    6.652975184708714,
    4.395558507230533,
    4.395558507230533,
    3.0256194129643963,
    1.9095626224931919,
    1.2646735776585531,
    0.8018439212262694,
    0.5316204688462699,
    0.339394229601403,
    0.22245155371886147,
    0.22245155371886124,
    0.15273180117342197,
    0.09507988117158966,
    0.06189399496058411,
    0.03948800286563492,
    0.02624689424767419,
    0.01681674076369944,
    0.011231082488620392,
    0.011231082488620085,
    0.007804319950808109,
    0.005041610133217958,
    0.0033387432408869457,
    0.0021538059457975158,
    0.0014398093948464928,
    0.0009291907184471738,
    0.0006230139752294198,
    0.0006230139752293257,
    0.000429379572575592,
    0.00027127364483934234,
    0.000271273644839147
  ],
  "i": [
    0,
    1,
    2,
    3,
    4,
    5,
    6,
    7,
    8,
    9,
    10,
    11,
    12,
    13,
    14,
    15,
    16,
    17,
    18,
    19,
    20,
    21,
    22,
    23,
    24,
    25,
    26,
    27,
    28,
    29,
    30,
    31,
    32,
    33,
    34
  ],
  "reset": [
    7,
    15,
    23,
    31,
    34
  ],
  "duration": [
    3.8081891536712646,
    3.8013339042663574,
    3.789996385574341,
    3.8775346279144287,
    3.836516857147217,
    3.786497116088867,
    3.7399394512176514,
    3.754542112350464,
    3.7890470027923584,
    3.6096444129943848,
    3.558467388153076,
    3.68057918548584,
    3.670912504196167,
    3.630701780319214,
    3.7373554706573486,
    3.8122456073760986,
    3.597818374633789,
    3.8059499263763428,
    3.6665875911712646,
    3.7502498626708984
  ],
  "status": 30
}