{
  "gpu": false,
  "device": "hybrid",
  "infile": "../matrix/cgne_init_4096_dble_csr.dat",
  "matfile": null,
  "k": 0.0,
  "kc": 0.0,
  "reordering": false,
  "preconditioning": true,
  "vol": 4096,
  "dim": 49152,
  "lattice": "8x8x8x8",
  "blk_dim": 3072,
  "bs": "4x4x4x4",
  "res": 1e-06,
  "tol": 0.0003135346870547978,
  "nmx": 1250,
  "nkv": 7,
  "nmr": 2,
  "ncy": 4,
  "sdtype": "float32",
  "ddtype": "float64",
  "cdtype": "float32",
  "rn": [
    141.83114526138792,
    76.70375700785407,
    44.23438362039643,
    26.888941791583388,
    16.899379892336437,
    10.800980763250518,
    6.930204320660634,
    6.93020450905045,
    4.836710261588012,
    3.2657852926535464,
    2.189257248580807,
    1.408959474841898,
    0.8959168066137813,
    0.5524186994615976,
    0.346562784086207,
    0.3465627838042575,
    0.2463730461173653,
    0.17280355869032446,
    0.11706951051410187,
    0.07758354702722567,
    0.05142315932605081,
    0.034184567309191484,
    0.022954043739628387,
    0.022954043956932405,
    0.01609371891248302,
    0.01108478780294175,
    0.00743295968599327,
    0.004919036889250757,
    0.0032820972979454538,
    0.002212267717490372,
    0.00153016020368606,
    0.0015301602274445224,
    0.0010943236594217534,
    0.0007622911839258042,
    0.0005124030480937623,
    0.0003381964698511112,
    0.00022651022676715513,
    0.00022651022746602084
  ],
  "i": [
    0,
    1,
    2,
    3,
    4,
    5,
    6,
    7,
    8,
    9,
    10,
    11,
    12,
    13,
    14,
    15,
    16,
    17,
    18,
    19,
    20,
    21,
    22,
    23,
    24,
    25,
    26,
    27,
    28,
    29,
    30,
    31,
    32,
    33,
    34,
    35,
    36,
    37
  ],
  "reset": [
    7,
    15,
    23,
    31,
    37
  ],
  "duration": [
    4.466101884841919,
    4.4637861251831055,
    4.461063861846924,
    4.459747791290283,
    4.45894718170166,
    4.456482172012329,
    4.454088926315308,
    4.447933673858643,
    4.444096565246582,
    4.445969104766846,
    4.449937343597412,
    4.446393013000488,
    4.444060325622559,
    4.445035219192505,
    4.444122791290283,
    4.44970703125,
    4.447728633880615,
    4.444812297821045,
    4.445922374725342,
    4.445603847503662
  ],
  "status": 33
}