{
  "gpu": true,
  "device": "gpu",
  "infile": "../matrix/cgne_init_4096_dble_csr.dat",
  "matfile": null,
  "k": 0.0,
  "kc": 0.0,
  "reordering": false,
  "preconditioning": true,
  "vol": 4096,
  "dim": 49152,
  "lattice": "8x8x8x8",
  "blk_dim": 6144,
  "bs": "8x4x4x4",
  "res": 1e-06,
  "tol": 0.00031353468703945405,
  "nmx": 2500,
  "nkv": 7,
  "nmr": 1,
  "ncy": 4,
  "sdtype": "float32",
  "ddtype": "float64",
  "cdtype": "float64",
  "rn": [
    118.52903348437796,
    46.22225423445983,
    19.189605628353853,
    8.372061052378431,
    3.793803895407471,
    1.765497806324093,
    0.8441011315201371,
    0.8441010195920896,
    0.4187351894298332,
    0.21236864729181806,
    0.10870834927897846,
    0.049608391120932085,
    0.024099796898846063,
    0.011718913954399236,
    0.0055851194066881054,
    0.0055851196170086485,
    0.002811363873797429,
    0.0014230852542971234,
    0.0007163538258381398,
    0.0003339263940346756,
    0.0001640097953792962,
    0.00016400979709791744
  ],
  "i": [
    0,
    1,
    2,
    3,
    4,
    5,
    6,
    7,
    8,
    9,
    10,
    11,
    12,
    13,
    14,
    15,
    16,
    17,
    18,
    19,
    20,
    21
  ],
  "reset": [
    7,
    15,
    21
  ],
  "duration": [
    0.6439175605773926,
    0.47451281547546387,
    0.47330164909362793,
    0.47440338134765625,
    0.4713003635406494,
    0.4679410457611084,
    0.4683258533477783,
    0.4678375720977783,
    0.4686596393585205,
    0.4744431972503662,
    0.470353364944458,
    0.47327303886413574,
    0.4723329544067383,
    0.469529390335083,
    0.47383952140808105,
    0.4680309295654297,
    0.475811243057251,
    0.4742002487182617,
    0.4717857837677002,
    0.47556233406066895
  ],
  "status": 19
}