{
  "gpu": false,
  "device": "hybrid",
  "infile": "../matrix/cgne_init_4096_dble_csr.dat",
  "matfile": "../matrix/conf6_0-8x8-30/conf6.0-00l8x8-3000.mtx",
  "k": 0.05,
  "kc": 0.15649,
  "reordering": true,
  "preconditioning": true,
  "vol": 4096,
  "dim": 49152,
  "lattice": "8x8x8x8",
  "blk_dim": 24576,
  "bs": "8x8x8x4",
  "res": 1e-06,
  "tol": 0.0003135346870547978,
  "nmx": 125,
  "nkv": 7,
  "nmr": 20,
  "ncy": 4,
  "sdtype": "float32",
  "ddtype": "float64",
  "cdtype": "float32",
  "rn": [
    2.416561028073349e-05,
    5.504895025776219e-05
  ],
  "i": [
    0,
    1
  ],
  "reset": [
    1
  ],
  "duration": [
    0.10952234268188477,
    0.10854959487915039,
    0.10935497283935547,
    0.10880112648010254,
    0.10902738571166992,
    0.10877871513366699,
    0.1088569164276123,
    0.10959863662719727,
    0.10885024070739746,
    0.10836648941040039,
    0.10792374610900879,
    0.10787367820739746,
    0.11728906631469727,
    0.10749435424804688,
    0.10777497291564941,
    0.10717654228210449,
    0.10679221153259277,
    0.11045646667480469,
    0.10868215560913086,
    0.1092827320098877
  ],
  "status": 1
}