{
  "gpu": true,
  "device": "gpu",
  "infile": "../matrix/cgne_init_4096_dble_csr.dat",
  "matfile": "../matrix/conf6_0-8x8-20/conf6_0-8x8-20.mtx",
  "k": 0.15,
  "kc": 0.15717,
  "reordering": true,
  "preconditioning": true,
  "vol": 4096,
  "dim": 49152,
  "lattice": "8x8x8x8",
  "blk_dim": 12288,
  "bs": "8x8x4x4",
  "res": 1e-06,
  "tol": 0.0003135346870762468,
  "nmx": 417,
  "nkv": 7,
  "nmr": 2,
  "ncy": 12,
  "sdtype": "float64",
  "ddtype": "float64",
  "cdtype": "float64",
  "rn": [
    5.75326410157719,
    1.0762097914233957,
    0.22690502075250701,
    0.04564687338236207,
    0.009801612714000875,
    0.002089097566115422,
    0.00044061215937530424,
    0.0004406121593751805,
    0.00010276832138047154,
    0.00010276832138048825
  ],
  "i": [
    0,
    1,
    2,
    3,
    4,
    5,
    6,
    7,
    8,
    9
  ],
  "reset": [
    7,
    9
  ],
  "duration": [
    0.6685049533843994,
    0.5098495483398438,
    0.5101413726806641,
    0.5039570331573486,
    0.501009464263916,
    0.5025830268859863,
    0.5012285709381104,
    0.502861499786377,
    0.49691057205200195,
    0.5038402080535889,
    0.5059964656829834,
    0.5060915946960449,
    0.5090150833129883,
    0.5078489780426025,
    0.5105845928192139,
    0.5022940635681152,
    0.5001099109649658,
    0.5011856555938721,
    0.5051319599151611,
    0.5056955814361572
  ],
  "status": 8
}