{
  "gpu": true,
  "device": "gpu",
  "infile": "../matrix/cgne_init_4096_dble_csr.dat",
  "matfile": "../matrix/conf6_0-8x8-30/conf6.0-00l8x8-3000.mtx",
  "k": 0.15649,
  "kc": 0.15649,
  "reordering": true,
  "preconditioning": true,
  "vol": 4096,
  "dim": 49152,
  "lattice": "8x8x8x8",
  "blk_dim": 12288,
  "bs": "8x8x4x4",
  "res": 1e-06,
  "tol": 0.0003135346870762468,
  "nmx": 250,
  "nkv": 7,
  "nmr": 10,
  "ncy": 4,
  "sdtype": "float64",
  "ddtype": "float64",
  "cdtype": "float64",
  "rn": [
    20.10783048447742,
    10.067689464656537,
    6.260595842025542,
    3.9902917871065897,
    2.8089137732219025,
    1.8177243962254481,
    1.1740626337527598,
    1.1740626337527598,
    0.7656006930880689,
    0.5098403147035492,
    0.32848769623615814,
    0.2133234014784217,
    0.1312821360840705,
    0.08844748476590886,
    0.05873843812692879,
    0.05873843812692927,
    0.04170070273200185,
    0.02933101294432717,
    0.020189655709531264,
    0.013811130081466753,
    0.009120154970990725,
    0.005643944338510703,
    0.0033974256074675467,
    0.003397425607467628,
    0.002311251276445439,
    0.0015115657806149048,
    0.0010291948607475208,
    0.0006659748342981787,
    0.0004354664570697121,
    0.0002708243509284377,
    0.0002708243509284476
  ],
  "i": [
    0,
    1,
    2,
    3,
    4,
    5,
    6,
    7,
    8,
    9,
    10,
    11,
    12,
    13,
    14,
    15,
    16,
    17,
    18,
    19,
    20,
    21,
    22,
    23,
    24,
    25,
    26,
    27,
    28,
    29,
    30
  ],
  "reset": [
    7,
    15,
    23,
    30
  ],
  "duration": [
    2.430680513381958,
    2.2249958515167236,
    2.2181735038757324,
    2.214754343032837,
    2.232607126235962,
    2.2420589923858643,
    2.2025508880615234,
    2.2361514568328857,
    2.21288800239563,
    2.2168772220611572,
    2.215391159057617,
    2.2169418334960938,
    2.205059289932251,
    2.2307708263397217,
    2.210496664047241,
    2.2186245918273926,
    2.2159886360168457,
    2.2145540714263916,
    2.221723794937134,
    2.2039029598236084
  ],
  "status": 27
}