{
  "gpu": false,
  "device": "hybrid",
  "infile": "../matrix/cgne_init_65536_dble_csr.dat",
  "matfile": null,
  "k": 0.0,
  "kc": 0.0,
  "reordering": false,
  "preconditioning": true,
  "vol": 65536,
  "dim": 786432,
  "lattice": "16x16x16x16",
  "blk_dim": 393216,
  "bs": "16x16x16x8",
  "res": 1e-06,
  "tol": 0.0012541387482794752,
  "nmx": 2500,
  "nkv": 7,
  "nmr": 4,
  "ncy": 1,
  "sdtype": "float32",
  "ddtype": "float64",
  "cdtype": "float32",
  "rn": [
    610.7087903555357,
    234.90230800925028,
    104.62216064633567,
    47.706097235147524,
    21.648325373780615,
    10.209415495422954,
    4.788538930476031,
    4.788538867429854,
    2.388959263801355,
    1.1821425552581113,
    0.5690072703892146,
    0.27467840386742376,
    0.13071053463604101,
    0.05704903067033123,
    0.026496463563110546,
    0.026496464022937788,
    0.013118865610440953,
    0.00646487173262176,
    0.003120097840313726,
    0.0015423549163113403,
    0.0007469984737775811,
    0.0007469984726286887
  ],
  "i": [
    0,
    1,
    2,
    3,
    4,
    5,
    6,
    7,
    8,
    9,
    10,
    11,
    12,
    13,
    14,
    15,
    16,
    17,
    18,
    19,
    20,
    21
  ],
  "reset": [
    7,
    15,
    21
  ],
  "duration": [
    3.9556386470794678,
    3.957395315170288,
    3.962697744369507,
    3.9641215801239014,
    3.9577579498291016,
    3.965080976486206,
    3.9654932022094727,
    3.9556021690368652,
    3.967041254043579,
    3.9627504348754883,
    3.9494433403015137,
    3.9613876342773438,
    3.9691829681396484,
    3.9572112560272217,
    3.9651167392730713,
    3.9649691581726074,
    3.951700448989868,
    3.9607596397399902,
    3.9668967723846436,
    3.955533027648926
  ],
  "status": 19
}