{
  "gpu": false,
  "device": "hybrid",
  "infile": "../matrix/fgcr_check3_4096_dble_csr.dat",
  "matfile": null,
  "k": 0.0,
  "kc": 0.0,
  "reordering": false,
  "preconditioning": true,
  "vol": 4096,
  "dim": 49152,
  "lattice": "8x8x8x8",
  "blk_dim": 3072,
  "bs": "4x4x4x4",
  "res": 1e-06,
  "tol": 0.00031353468710831124,
  "nmx": 2500,
  "nkv": 7,
  "nmr": 1,
  "ncy": 4,
  "sdtype": "float32",
  "ddtype": "float64",
  "cdtype": "float64",
  "rn": [
    63.966657915955565,
    32.5163565874903,
    18.970426337160145,
    10.21102767115738,
    5.882553980856943,
    3.2430831868589873,
    1.90428836431987,
    1.9042884495091308,
    1.3250461828386437,
    0.8012947855702472,
    0.43099402080622995,
    0.2656668891547687,
    0.14897269106693375,
    0.08722776532425795,
    0.04175224352122151,
    0.0417522437991664,
    0.030777674826754007,
    0.018129047299148358,
    0.010021962657978183,
    0.0061333022331276936,
    0.0033850496689378953,
    0.002085310169205219,
    0.0011720829121495823,
    0.0011720829267867655,
    0.0008317708293298563,
    0.0004964014923848362,
    0.0002764813715337235,
    0.00027648137216611116
  ],
  "i": [
    0,
    1,
    2,
    3,
    4,
    5,
    6,
    7,
    8,
    9,
    10,
    11,
    12,
    13,
    14,
    15,
    16,
    17,
    18,
    19,
    20,
    21,
    22,
    23,
    24,
    25,
    26,
    27
  ],
  "reset": [
    7,
    15,
    23,
    27
  ],
  "duration": [
    3.7799570560455322,
    3.7736058235168457,
    3.772294282913208,
    3.773391008377075,
    3.7696218490600586,
    3.7692389488220215,
    3.7661919593811035,
    3.7636289596557617,
    3.7625179290771484,
    3.762495994567871,
    3.7619855403900146,
    3.762251377105713,
    3.760887861251831,
    3.762611150741577,
    3.761984348297119,
    3.76227068901062,
    3.7614376544952393,
    3.7612833976745605,
    3.760050058364868,
    3.7617075443267822
  ],
  "status": 24
}