{
  "gpu": true,
  "device": "gpu",
  "infile": "../matrix/cgne_init_4096_dble_csr.dat",
  "matfile": "../matrix/conf6_0-8x8-30/conf6.0-00l8x8-3000.mtx",
  "k": 0.15649,
  "kc": 0.15649,
  "reordering": true,
  "preconditioning": true,
  "vol": 4096,
  "dim": 49152,
  "lattice": "8x8x8x8",
  "blk_dim": 24576,
  "bs": "8x8x8x4",
  "res": 1e-06,
  "tol": 0.0003135346870762468,
  "nmx": 250,
  "nkv": 7,
  "nmr": 10,
  "ncy": 4,
  "sdtype": "float64",
  "ddtype": "float64",
  "cdtype": "float64",
  "rn": [
    14.550887780006596,
    7.215763203455848,
    4.083572441707305,
    2.480258937675114,
    1.5529520367502694,
    1.0268253219948855,
    0.6297071056245745,
    0.6297071056245742,
    0.3998249048991467,
    0.2627663101517942,
    0.15669254238941838,
    0.09866830583329081,
    0.05901946090659469,
    0.03633093258058534,
    0.020751178069735438,
    0.020751178069735282,
    0.013876896775841344,
    0.009490549648394526,
    0.005862627222088456,
    0.004191426735612864,
    0.0025690658637323545,
    0.0015351851167935428,
    0.0009015849015741753,
    0.0009015849015742935,
    0.0006136927386598212,
    0.00041270217252206936,
    0.0002781966003634567,
    0.00027819660036338545
  ],
  "i": [
    0,
    1,
    2,
    3,
    4,
    5,
    6,
    7,
    8,
    9,
    10,
    11,
    12,
    13,
    14,
    15,
    16,
    17,
    18,
    19,
    20,
    21,
    22,
    23,
    24,
    25,
    26,
    27
  ],
  "reset": [
    7,
    15,
    23,
    27
  ],
  "duration": [
    1.1916918754577637,
    1.0176517963409424,
    1.0327482223510742,
    1.0320656299591064,
    1.0345494747161865,
    1.0298104286193848,
    1.019256353378296,
    1.0359244346618652,
    1.0224831104278564,
    1.026778221130371,
    1.0365753173828125,
    1.0330536365509033,
    1.0196833610534668,
    1.0418620109558105,
    1.0304465293884277,
    1.0242393016815186,
    1.024569034576416,
    1.0289502143859863,
    1.0316824913024902,
    1.0170063972473145
  ],
  "status": 24
}