{
  "gpu": false,
  "device": "hybrid",
  "infile": "../matrix/fgcr_check3_4096_dble_csr.dat",
  "matfile": null,
  "k": 0.0,
  "kc": 0.0,
  "reordering": false,
  "preconditioning": true,
  "vol": 4096,
  "dim": 49152,
  "lattice": "8x8x8x8",
  "blk_dim": 24576,
  "bs": "8x8x8x4",
  "res": 1e-06,
  "tol": 0.00031353468710831124,
  "nmx": 417,
  "nkv": 7,
  "nmr": 4,
  "ncy": 6,
  "sdtype": "float32",
  "ddtype": "float64",
  "cdtype": "float64",
  "rn": [
    15.452900616920855,
    4.982026452458413,
    1.4957194998315995,
    0.4693337057849843,
    0.14117233231891382,
    0.04239411078980906,
    0.012544868250747881,
    0.012544726337581831,
    0.004125142927570917,
    0.0013563294324629915,
    0.00044100375035195064,
    0.00013435880547969732,
    0.0001343588011796233
  ],
  "i": [
    0,
    1,
    2,
    3,
    4,
    5,
    6,
    7,
    8,
    9,
    10,
    11,
    12
  ],
  "reset": [
    7,
    12
  ],
  "duration": [
    1.743379831314087,
    1.7431151866912842,
    1.7428386211395264,
    1.7428934574127197,
    1.743387222290039,
    1.7438251972198486,
    1.742462396621704,
    1.7421331405639648,
    1.7424726486206055,
    1.7420270442962646,
    1.7425408363342285,
    1.7434134483337402,
    1.7403090000152588,
    1.7399771213531494,
    1.741835594177246,
    1.7407329082489014,
    1.7392566204071045,
    1.740762710571289,
    1.7401273250579834,
    1.7398786544799805
  ],
  "status": 11
}