{
  "gpu": false,
  "device": "hybrid",
  "infile": "../matrix/cgne_init_4096_dble_csr.dat",
  "matfile": null,
  "k": 0.0,
  "kc": 0.0,
  "reordering": false,
  "preconditioning": true,
  "vol": 4096,
  "dim": 49152,
  "lattice": "8x8x8x8",
  "blk_dim": 3072,
  "bs": "4x4x4x4",
  "res": 1e-06,
  "tol": 0.0003135346870547978,
  "nmx": 2500,
  "nkv": 7,
  "nmr": 4,
  "ncy": 1,
  "sdtype": "float32",
  "ddtype": "float64",
  "cdtype": "float32",
  "rn": [
    145.93583452187704,
    53.67074664572417,
    22.59346800008067,
    10.131621665414594,
    4.335448035114015,
    2.0587892752798123,
    0.9562525340473382,
    0.9562527115946035,
    0.4683864183318199,
    0.23100426096484683,
    0.11586888838784297,
    0.05155118473773294,
    0.02373012466653601,
    0.010760123284860451,
    0.005098647804282653,
    0.005098647430640767,
    0.002486721527526379,
    0.0012154038745719915,
    0.0006178788852929169,
    0.00027944652864603275,
    0.00027944652788053
  ],
  "i": [
    0,
    1,
    2,
    3,
    4,
    5,
    6,
    7,
    8,
    9,
    10,
    11,
    12,
    13,
    14,
    15,
    16,
    17,
    18,
    19,
    20
  ],
  "reset": [
    7,
    15,
    20
  ],
  "duration": [
    1.0021429061889648,
    0.997692346572876,
    1.0046992301940918,
    0.9989945888519287,
    0.9978935718536377,
    0.9980673789978027,
    1.0015802383422852,
    0.9972398281097412,
    0.9986684322357178,
    1.0009779930114746,
    0.9982080459594727,
    1.0059831142425537,
    0.9979465007781982,
    0.9973154067993164,
    0.9967358112335205,
    0.9960362911224365,
    0.999047040939331,
    0.994788408279419,
    0.9948368072509766,
    0.9965198040008545
  ],
  "status": 18
}