{
  "gpu": false,
  "device": "hybrid",
  "infile": "../matrix/fgcr_check3_4096_dble_csr.dat",
  "matfile": null,
  "k": 0.0,
  "kc": 0.0,
  "reordering": false,
  "preconditioning": true,
  "vol": 4096,
  "dim": 49152,
  "lattice": "8x8x8x8",
  "blk_dim": 12288,
  "bs": "8x8x4x4",
  "res": 1e-06,
  "tol": 0.00031353468710831124,
  "nmx": 250,
  "nkv": 7,
  "nmr": 10,
  "ncy": 4,
  "sdtype": "float32",
  "ddtype": "float64",
  "cdtype": "float32",
  "rn": [
    25.649367751806746,
    5.208952455896164,
    1.4500618570093007,
    0.37110775197688106,
    0.0933200353247243,
    0.024397379280813085,
    0.005978350086092823,
    0.005978823316040327,
    0.0017441465011256573,
    0.0005779134387288967,
    0.0001287080533364903,
    0.00012870804840937574
  ],
  "i": [
    0,
    1,
    2,
    3,
    4,
    5,
    6,
    7,
    8,
    9,
    10,
    11
  ],
  "reset": [
    7,
    11
  ],
  "duration": [
    1.8959643840789795,
    1.8973963260650635,
    1.896960973739624,
    1.8970704078674316,
    1.8974499702453613,
    1.8971519470214844,
    1.8980991840362549,
    1.8970861434936523,
    1.8967416286468506,
    1.8972768783569336,
    1.896531581878662,
    1.8971076011657715,
    1.8969080448150635,
    1.8967061042785645,
    1.8969261646270752,
    1.8964240550994873,
    1.8968925476074219,
    1.8964035511016846,
    1.896803379058838,
    1.8968291282653809
  ],
  "status": 10
}