{
  "gpu": false,
  "device": "hybrid",
  "infile": "../matrix/fgcr_check3_4096_dble_csr.dat",
  "matfile": null,
  "k": 0.0,
  "kc": 0.0,
  "reordering": false,
  "preconditioning": true,
  "vol": 4096,
  "dim": 49152,
  "lattice": "8x8x8x8",
  "blk_dim": 12288,
  "bs": "8x8x4x4",
  "res": 1e-06,
  "tol": 0.0003135346870762468,
  "nmx": 1250,
  "nkv": 7,
  "nmr": 4,
  "ncy": 2,
  "sdtype": "float64",
  "ddtype": "float64",
  "cdtype": "float64",
  "rn": [
    61.502033165453895,
    21.231601310776018,
    9.560163503729536,
    3.9477402869932665,
    1.7732668801065052,
    0.7612020654770794,
    0.3365151315945002,
    0.33651513159449964,
    0.18918173606412897,
    0.08100680268260257,
    0.03404107438042053,
    0.014523691052342698,
    0.006382869047351065,
    0.0025609159514670002,
    0.0009577092107063754,
    0.0009577092107053298,
    0.0005463130254977769,
    0.00023474911982587348,
    0.0002347491198266651
  ],
  "i": [
    0,
    1,
    2,
    3,
    4,
    5,
    6,
    7,
    8,
    9,
    10,
    11,
    12,
    13,
    14,
    15,
    16,
    17,
    18
  ],
  "reset": [
    7,
    15,
    18
  ],
  "duration": [
    1.3812296390533447,
    1.7918848991394043,
    1.8805620670318604,
    1.668839454650879,
    1.9561893939971924,
    1.8598535060882568,
    1.7738184928894043,
    1.770082950592041,
    1.7336044311523438,
    1.567312240600586,
    1.7205963134765625,
    1.755781888961792,
    1.934525489807129,
    1.7402753829956055,
    1.876133680343628,
    1.784963607788086,
    1.788341999053955,
    2.0151894092559814,
    1.8619041442871094,
    1.8009562492370605
  ],
  "status": 16
}