{
  "gpu": false,
  "device": "cpu",
  "infile": "../matrix/cgne_init_4096_dble_csr.dat",
  "matfile": "../matrix/conf6_0-8x8-20/conf6_0-8x8-20.mtx",
  "k": 0.15717,
  "kc": 0.15717,
  "reordering": true,
  "preconditioning": true,
  "vol": 4096,
  "dim": 49152,
  "lattice": "8x8x8x8",
  "blk_dim": 24576,
  "bs": "8x8x8x4",
  "res": 1e-06,
  "tol": 0.0003135346870762468,
  "nmx": 250,
  "nkv": 7,
  "nmr": 10,
  "ncy": 4,
  "sdtype": "float64",
  "ddtype": "float64",
  "cdtype": "float64",
  "rn": [
    18.47779649311703,
    10.31200313977885,
    6.690046341557599,
    3.986832801413465,
    2.4116181676082835,
    1.518734384700659,
    0.8918267823622769,
    0.8918267823622767,
    0.6023760264108926,
    0.4044285087272195,
    0.27351400640124673,
    0.17434902776380465,
    0.12127315244168127,
    0.07777584452205465,
    0.04751325108476792,
    0.04751325108476777,
    0.03062902214933749,
    0.017873952869677263,
    0.011687154689564896,
    0.006978574124467515,
    0.00403502858403027,
    0.0024533403721535402,
    0.0014892229514394328,
    0.0014892229514391212,
    0.001053395088754396,
    0.0007206030671773717,
    0.0004639910681816746,
    0.0003020786395214048,
    0.00030207863952105786
  ],
  "i": [
    0,
    1,
    2,
    3,
    4,
    5,
    6,
    7,
    8,
    9,
    10,
    11,
    12,
    13,
    14,
    15,
    16,
    17,
    18,
    19,
    20,
    21,
    22,
    23,
    24,
    25,
    26,
    27,
    28
  ],
  "reset": [
    7,
    15,
    23,
    28
  ],
  "duration": [
    13.150658130645752,
    12.205662965774536,
    13.122390985488892,
    13.217344284057617,
    13.440236330032349,
    13.247535467147827,
    13.38707947731018,
    13.29827094078064,
    12.911498546600342,
    13.187567234039307,
    13.39000940322876,
    13.092646837234497,
    12.772969961166382,
    13.27934455871582,
    12.820276021957397,
    12.75662350654602,
    12.800212144851685,
    12.975086450576782,
    13.494190692901611,
    12.763806343078613
  ],
  "status": 25
}