{
  "gpu": false,
  "device": "cpu",
  "infile": "../matrix/cgne_init_4096_dble_csr.dat",
  "matfile": "../matrix/conf6_0-8x8-30/conf6.0-00l8x8-3000.mtx",
  "k": 0.15649,
  "kc": 0.15649,
  "reordering": true,
  "preconditioning": true,
  "vol": 4096,
  "dim": 49152,
  "lattice": "8x8x8x8",
  "blk_dim": 6144,
  "bs": "8x4x4x4",
  "res": 1e-06,
  "tol": 0.0003135346870547978,
  "nmx": 125,
  "nkv": 7,
  "nmr": 4,
  "ncy": 20,
  "sdtype": "float32",
  "ddtype": "float64",
  "cdtype": "float64",
  "rn": [
    7.583977925393589,
    3.7226358700608424,
    2.218652559635407,
    1.0973760413404947,
    0.683379572127674,
    0.4286712457622735,
    0.21822332591915988,
    0.21822285380314832,
    0.12403843839210597,
    0.07227292368508759,
    0.038981704179499754,
    0.023215903870770976,
    0.012698675916272613,
    0.007585306979323405,
    0.003932216593768155,
    0.0039322186160619214,
    0.0020085156075321667,
    0.0012023139652796906,
    0.0007391383624900841,
    0.00039783798276358205,
    0.00022557351555995076,
    0.00022557352144052462
  ],
  "i": [
    0,
    1,
    2,
    3,
    4,
    5,
    6,
    7,
    8,
    9,
    10,
    11,
    12,
    13,
    14,
    15,
    16,
    17,
    18,
    19,
    20,
    21
  ],
  "reset": [
    7,
    15,
    21
  ],
  "duration": [
    10.830244541168213,
    10.82126235961914,
    10.818867683410645,
    10.811654329299927,
    10.803473472595215,
    10.804296255111694,
    10.808573722839355,
    10.80665373802185,
    10.816425323486328,
    10.804313659667969,
    10.800917863845825,
    10.810980558395386,
    10.798690795898438,
    10.808178186416626,
    10.799277067184448,
    10.804600715637207,
    10.80028223991394,
    10.803183555603027,
    10.798137664794922,
    10.802238941192627
  ],
  "status": 19
}