{
  "gpu": false,
  "infile": "../matrix/cgne_init_4096_dble_csr.dat",
  "matfile": null,
  "k": 0.0,
  "kc": 0.0,
  "reordering": false,
  "preconditioning": true,
  "vol": 4096,
  "dim": 49152,
  "lattice": "8x8x8x8",
  "blk_dim": 6144,
  "bs": "8x4x4x4",
  "res": 1e-06,
  "tol": 0.0003135346870762468,
  "nmx": 417,
  "nkv": 7,
  "nmr": 4,
  "ncy": 6,
  "sdtype": "float64",
  "ddtype": "float64",
  "cdtype": "float64",
  "rn": [
    82.0627755591193,
    32.76999935274703,
    15.524849479599698,
    7.029986768339122,
    3.2299621876265716,
    1.5492294789214731,
    0.7889934181722191,
    0.7889934181722195,
    0.47164028937965596,
    0.23550436854544135,
    0.11081636992267806,
    0.05225918331573087,
    0.02529407749156086,
    0.01171547299354929,
    0.004987934890384276,
    0.00498793489038433,
    0.0025380995636734498,
    0.0009119263227119553,
    0.0004180325039487117,
    0.0002130520822420684,
    0.00021305208224198794
  ],
  "i": [
    0,
    1,
    2,
    3,
    4,
    5,
    6,
    7,
    8,
    9,
    10,
    11,
    12,
    13,
    14,
    15,
    16,
    17,
    18,
    19,
    20
  ],
  "reset": [
    7,
    15,
    20
  ],
  "duration": [
    2.553650379180908,
    2.4005932807922363,
    2.4138741493225098,
    2.3860714435577393,
    2.557948589324951,
    2.4268035888671875,
    2.3871798515319824,
    2.414670944213867,
    2.3881139755249023,
    2.5808820724487305,
    2.375709056854248,
    2.3788046836853027,
    2.534886360168457,
    2.680098056793213,
    2.446312665939331,
    2.381629705429077,
    2.471566677093506,
    2.506758451461792,
    2.519440174102783,
    2.508134603500366
  ],
  "status": 18
}