{
  "gpu": false,
  "device": "hybrid",
  "infile": "../matrix/cgne_init_4096_dble_csr.dat",
  "matfile": null,
  "k": 0.0,
  "kc": 0.0,
  "reordering": false,
  "preconditioning": true,
  "vol": 4096,
  "dim": 49152,
  "lattice": "8x8x8x8",
  "blk_dim": 3072,
  "bs": "4x4x4x4",
  "res": 1e-06,
  "tol": 0.0003135346870547978,
  "nmx": 2500,
  "nkv": 7,
  "nmr": 1,
  "ncy": 4,
  "sdtype": "float32",
  "ddtype": "float64",
  "cdtype": "float64",
  "rn": [
    118.4941667669167,
    46.19235995116324,
    19.169403292837274,
    8.354848095354544,
    3.7799262951284245,
    1.7550941755416287,
    0.8374710291082188,
    0.8374709276947455,
    0.4145136333723121,
    0.20972622732394006,
    0.107022052944517,
    0.048726278265506545,
    0.023562319218745693,
    0.011406902885862144,
    0.005435781275308728,
    0.005435781173482467,
    0.002729755364920292,
    0.0013802970482938962,
    0.0006936809012346556,
    0.0003233602479252649,
    0.0001593137706919149,
    0.00015931377137830616
  ],
  "i": [
    0,
    1,
    2,
    3,
    4,
    5,
    6,
    7,
    8,
    9,
    10,
    11,
    12,
    13,
    14,
    15,
    16,
    17,
    18,
    19,
    20,
    21
  ],
  "reset": [
    7,
    15,
    21
  ],
  "duration": [
    1.9931056499481201,
    1.9956765174865723,
    1.9948267936706543,
    1.990884780883789,
    1.992753028869629,
    1.9907054901123047,
    1.9937491416931152,
    1.9915194511413574,
    1.992112636566162,
    1.9910173416137695,
    1.9910597801208496,
    1.990830898284912,
    1.9903550148010254,
    1.9862060546875,
    1.9880707263946533,
    1.9860048294067383,
    1.9861383438110352,
    1.9828248023986816,
    1.9881346225738525,
    1.9835951328277588
  ],
  "status": 19
}