{
  "gpu": false,
  "device": "hybrid",
  "infile": "../matrix/cgne_init_4096_dble_csr.dat",
  "matfile": "../matrix/conf6_0-8x8-20/conf6_0-8x8-20.mtx",
  "k": 0.15,
  "kc": 0.15717,
  "reordering": true,
  "preconditioning": true,
  "vol": 4096,
  "dim": 49152,
  "lattice": "8x8x8x8",
  "blk_dim": 6144,
  "bs": "8x4x4x4",
  "res": 1e-06,
  "tol": 0.0003135346870547978,
  "nmx": 250,
  "nkv": 7,
  "nmr": 4,
  "ncy": 10,
  "sdtype": "float32",
  "ddtype": "float64",
  "cdtype": "float32",
  "rn": [
    2.223742116806017,
    0.21021670657523267,
    0.020962812458973808,
    0.001985536514094752,
    0.00022129832058362546,
    0.00021690121995120179
  ],
  "i": [
    0,
    1,
    2,
    3,
    4,
    5
  ],
  "reset": [
    5
  ],
  "duration": [
    1.0068387985229492,
    1.0081582069396973,
    1.0095651149749756,
    1.0090935230255127,
    1.0095069408416748,
    1.0069282054901123,
    1.009138822555542,
    1.0094573497772217,
    1.0093269348144531,
    1.0080585479736328,
    1.0092899799346924,
    1.008467674255371,
    1.0084586143493652,
    1.0083038806915283,
    1.0107648372650146,
    1.008134126663208,
    1.0080773830413818,
    1.0073370933532715,
    1.0094735622406006,
    1.007164478302002
  ],
  "status": 5
}