{
  "gpu": false,
  "device": "hybrid",
  "infile": "../matrix/cgne_init_4096_dble_csr.dat",
  "matfile": "../matrix/conf6_0-8x8-30/conf6.0-00l8x8-3000.mtx",
  "k": 0.05,
  "kc": 0.15649,
  "reordering": true,
  "preconditioning": true,
  "vol": 4096,
  "dim": 49152,
  "lattice": "8x8x8x8",
  "blk_dim": 6144,
  "bs": "8x4x4x4",
  "res": 1e-06,
  "tol": 0.0003135346870547978,
  "nmx": 2500,
  "nkv": 7,
  "nmr": 4,
  "ncy": 1,
  "sdtype": "float32",
  "ddtype": "float64",
  "cdtype": "float32",
  "rn": [
    22.552466459975367,
    0.2504243669407699,
    0.002916535477522483,
    4.1333043102238737e-05,
    7.267259609896588e-05
  ],
  "i": [
    0,
    1,
    2,
    3,
    4
  ],
  "reset": [
    4
  ],
  "duration": [
    0.10181522369384766,
    0.10167431831359863,
    0.10191965103149414,
    0.10117435455322266,
    0.10144758224487305,
    0.10226321220397949,
    0.10074114799499512,
    0.10085320472717285,
    0.10113215446472168,
    0.10101819038391113,
    0.10095810890197754,
    0.10108399391174316,
    0.10159707069396973,
    0.10134434700012207,
    0.10047149658203125,
    0.1006472110748291,
    0.10101127624511719,
    0.10101151466369629,
    0.10142970085144043,
    0.10066866874694824
  ],
  "status": 4
}