{
  "gpu": false,
  "device": "cpu",
  "infile": "../matrix/cgne_init_4096_dble_csr.dat",
  "matfile": "../matrix/conf6_0-8x8-30/conf6.0-00l8x8-3000.mtx",
  "k": 0.15649,
  "kc": 0.15649,
  "reordering": true,
  "preconditioning": true,
  "vol": 4096,
  "dim": 49152,
  "lattice": "8x8x8x8",
  "blk_dim": 24576,
  "bs": "8x8x8x4",
  "res": 1e-06,
  "tol": 0.0003135346870547978,
  "nmx": 125,
  "nkv": 7,
  "nmr": 20,
  "ncy": 4,
  "sdtype": "float32",
  "ddtype": "float64",
  "cdtype": "float32",
  "rn": [
    21.02105388114904,
    12.299384474654047,
    6.29372801484015,
    2.8943853168781453,
    1.636823897159818,
    0.9137778281266239,
    0.4455258751523942,
    0.4455258591336642,
    0.2747930205581056,
    0.18573050415324993,
    0.10442078864145785,
    0.03925351580188962,
    0.02466126305459292,
    0.015621717938655471,
    0.007399199431845534,
    0.007399199517845997,
    0.004788909084255465,
    0.0035554981945717405,
    0.0018146488065762985,
    0.0007816796460960471,
    0.0005362950297201376,
    0.0003121265228041846,
    0.00031212650274346375
  ],
  "i": [
    0,
    1,
    2,
    3,
    4,
    5,
    6,
    7,
    8,
    9,
    10,
    11,
    12,
    13,
    14,
    15,
    16,
    17,
    18,
    19,
    20,
    21,
    22
  ],
  "reset": [
    7,
    15,
    22
  ],
  "duration": [
    16.238926649093628,
    16.261229991912842,
    16.249353647232056,
    16.28057050704956,
    16.292494773864746,
    16.262911558151245,
    16.229636669158936,
    16.25470805168152,
    16.25120449066162,
    16.235302209854126,
    16.226765871047974,
    16.243000984191895,
    16.27226448059082,
    16.2301607131958,
    16.235336780548096,
    16.260127782821655,
    16.242432832717896,
    16.2650785446167,
    16.268664360046387,
    16.262245416641235
  ],
  "status": 20
}