{
  "gpu": true,
  "device": "gpu",
  "infile": "../matrix/cgne_init_4096_dble_csr.dat",
  "matfile": null,
  "k": 0.0,
  "kc": 0.0,
  "reordering": false,
  "preconditioning": true,
  "vol": 4096,
  "dim": 49152,
  "lattice": "8x8x8x8",
  "blk_dim": 6144,
  "bs": "8x4x4x4",
  "res": 1e-06,
  "tol": 0.00031353468703945405,
  "nmx": 2500,
  "nkv": 7,
  "nmr": 1,
  "ncy": 4,
  "sdtype": "float32",
  "ddtype": "float64",
  "cdtype": "float32",
  "rn": [
    118.52903863817221,
    46.2222573976685,
    19.189606916685424,
    8.372061770029118,
    3.7938037870702197,
    1.7654976397236863,
    0.8441013707384395,
    0.8441013290129898,
    0.4187355542868192,
    0.2123688890052089,
    0.10870850214019419,
    0.04960845488903224,
    0.024099811561600463,
    0.011718904095353996,
    0.005585102915909404,
    0.005585102653147309,
    0.0028113532721813004,
    0.0014230778647133446,
    0.0007163494910171392,
    0.0003339243763540848,
    0.00016400866178738086,
    0.0001640086617308924
  ],
  "i": [
    0,
    1,
    2,
    3,
    4,
    5,
    6,
    7,
    8,
    9,
    10,
    11,
    12,
    13,
    14,
    15,
    16,
    17,
    18,
    19,
    20,
    21
  ],
  "reset": [
    7,
    15,
    21
  ],
  "duration": [
    0.6344106197357178,
    0.4702033996582031,
    0.4715099334716797,
    0.4635903835296631,
    0.4772477149963379,
    0.46387553215026855,
    0.47345757484436035,
    0.46860432624816895,
    0.4712362289428711,
    0.4696629047393799,
    0.46575927734375,
    0.4737813472747803,
    0.46582651138305664,
    0.45850229263305664,
    0.47133874893188477,
    0.46821093559265137,
    0.47034478187561035,
    0.4727973937988281,
    0.4651358127593994,
    0.4663255214691162
  ],
  "status": 19
}