{
  "gpu": false,
  "device": "hybrid",
  "infile": "../matrix/cgne_init_4096_dble_csr.dat",
  "matfile": "../matrix/conf6_0-8x8-30/conf6.0-00l8x8-3000.mtx",
  "k": 0.05,
  "kc": 0.15649,
  "reordering": true,
  "preconditioning": true,
  "vol": 4096,
  "dim": 49152,
  "lattice": "8x8x8x8",
  "blk_dim": 6144,
  "bs": "8x4x4x4",
  "res": 1e-06,
  "tol": 0.0003135346870762468,
  "nmx": 2500,
  "nkv": 7,
  "nmr": 4,
  "ncy": 1,
  "sdtype": "float64",
  "ddtype": "float64",
  "cdtype": "float64",
  "rn": [
    22.552466415811367,
    0.25042436328040735,
    0.0029164527691144973,
    3.501858617373634e-05,
    3.5018586173802296e-05
  ],
  "i": [
    0,
    1,
    2,
    3,
    4
  ],
  "reset": [
    4
  ],
  "duration": [
    0.10789370536804199,
    0.10753679275512695,
    0.10753726959228516,
    0.1075131893157959,
    0.1076498031616211,
    0.10747861862182617,
    0.10798454284667969,
    0.19588923454284668,
    0.1126410961151123,
    0.16830015182495117,
    0.11789631843566895,
    0.21085071563720703,
    0.13613176345825195,
    0.1764845848083496,
    0.11876034736633301,
    0.12865519523620605,
    0.11070585250854492,
    0.21024823188781738,
    0.21018648147583008,
    0.14752769470214844
  ],
  "status": 4
}