{
  "gpu": false,
  "infile": "../matrix/cgne_init_65536_dble_csr.dat",
  "matfile": null,
  "k": 0.0,
  "kc": 0.0,
  "reordering": false,
  "preconditioning": true,
  "vol": 65536,
  "dim": 786048,
  "lattice": "16x16x16x16",
  "blk_dim": 3070,
  "bs": "4x4x4x4",
  "res": 1e-06,
  "tol": 0.0012541387482794752,
  "nmx": 250,
  "nkv": 7,
  "nmr": 4,
  "ncy": 10,
  "sdtype": "float32",
  "ddtype": "float64",
  "cdtype": "float64",
  "rn": [
    154.8557190834404,
    30.622431690491148,
    16.248999891126317,
    15.567128271816722,
    15.546532684062326,
    15.546022159129485,
    15.546007831602042,
    16.2374692258133,
    15.526894392742344,
    15.524140527541467,
    15.524095841168455,
    15.524091502897726,
    15.524088553107134,
    15.52408419554458,
    15.52403490912445,
    15.553637733949667,
    15.524920207912844,
    15.524824766805033,
    15.52481850790348,
    15.524816545412374,
    15.524816458149196,
    15.52481572109078,
    15.52476088098907,
    15.526278038047039,
    15.524959938572003,
    15.524958769278536,
    15.52495793653036,
    15.524957339814803,
    15.524956738394833,
    15.52493854355781,
    15.524774071386668,
    15.525063818448897,
    15.524972018185613,
    15.524971591213184,
    15.524968589048614,
    15.52488984720364,
    15.521359849165485,
    15.41023682362945,
    15.148632184441277,
    15.540694348964431,
    15.52536411328081,
    15.524972583202281,
    15.524968797691972,
    15.524966948127732,
    15.524949793738351,
    15.523827995148936,
    15.479781973523764,
    15.563111147679972,
    15.525875888828699,
    15.524998559416591,
    15.524984504275517,
    15.52498436542334,
    15.52495017587418,
    15.523629682610254,
    15.478799002408815,
    15.560745174144817,
    15.525898543508236,
    15.524994157774568,
    15.524976766770552,
    15.524976182404458,
    15.524970635411357,
    15.524731894959016,
    15.513369758443417,
    15.53632036973102,
    15.525260675042222,
    15.524983356464912,
    15.5249781853349,
    15.524977372537519,
    15.524977076977775,
    15.524968883018959,
    15.52450985586332,
    15.525323583179906,
    15.524988062921434,
    15.524978859472137,
    15.524978803198668,
    15.524978336153612,
    15.524849670489854,
    15.517689950799125,
    15.453948684255792,
    15.53791588438436,
    15.525244853282414,
    15.524983479440277,
    15.524977230108114,
    15.52497698748173,
    15.524973451717837,
    15.524333300716815,
    15.504077243410723,
    15.538761489552835,
    15.525316433417105,
    15.524985640120018,
    15.524979711202558,
    15.524979640457298,
    15.524977255667526,
    15.52458809211864,
    15.5116990197914,
    15.535574188379883,
    15.525268121445356,
    15.524984881045746,
    15.524977766615184,
    15.524977029719835,
    15.524970894644653,
    15.524633195417733,
    15.511688996817078,
    15.535706392803212,
    15.525275942309221,
    15.52498466976335,
    15.524978957807848,
    15.524978066146138,
    15.524977824253506,
    15.524971410566645,
    15.52468057805276,
    15.525182785209374,
    15.524982818502036,
    15.524978323755468,
    15.524977875634443,
    15.524957649465877,
    15.523668524779414,
    15.481740488437586,
    15.383887580310985,
    15.530565582588345,
    15.525090863746772,
    15.52498311950679,
    15.524979057136918,
    15.524978854892222,
    15.524974941623148,
    15.5248147012141,
    15.516996638607097,
    15.532242488301101,
    15.52514745089849,
    15.524980981280105,
    15.524979434620828,
    15.524979301624718,
    15.5249644230787,
    15.523063936747489,
    15.477909316326846,
    15.54882883656072,
    15.52556578204993,
    15.524989772794202,
    15.524978792490048,
    15.524978649083293,
    15.5249779173078,
    15.524950992974071,
    15.523683255384421,
    15.52616093100146,
    15.525010322222187,
    15.524979922176502,
    15.524979168350532,
    15.524976944004363,
    15.524845404297627,
    15.518608655602351,
    15.382828870507888,
    15.588643218476461,
    15.526492631969022,
    15.525007903970842,
    15.524981487651196,
    15.524981259770044,
    15.524978608298726,
    15.524852180650823,
    15.519605716909451,
    15.530012390265801,
    15.525093926775252,
    15.524977605533756,
    15.524977015963186,
    15.524974291600504,
    15.52485955573016,
    15.513700631758926,
    15.410844898486078,
    15.550264294373555,
    15.525634472328374,
    15.524990066872208,
    15.52497840646736,
    15.524978363319944,
    15.52496956565982,
    15.52443725483764,
    15.503656659207381,
    15.544410771809265,
    15.5254718339186,
    15.52498727372293,
    15.52497965505763,
    15.524978986279848,
    15.524978970410565,
    15.524966862196814,
    15.524212488924443,
    15.525715974239313,
    15.524998956554626,
    15.524979575441451,
    15.52497930833935,
    15.524978965823172,
    15.524960284513867,
    15.524032111699505,
    15.499071034395259,
    15.538336447047941,
    15.52531612271165,
    15.524987251274949,
    15.524980956328283,
    15.524980709609341,
    15.524958906663164,
    15.523490474892833,
    15.471131055366966,
    15.571079096884214,
    15.526165245344773,
    15.524998550643275,
    15.524978418413713,
    15.524978368976965,
    15.524978398276618,
    15.524969398171056,
    15.52453417105714,
    15.525366866262784,
    15.524988551289182,
    15.524979802472172,
    15.524979516960649,
    15.524966142210218,
    15.523774034786982,
    15.482468487656668,
    15.29280306372322,
    15.544053377999312,
    15.52539298485612,
    15.524988476751302,
    15.5249803998231,
    15.524979765417626,
    15.524979166228205,
    15.524870838215852,
    15.520252624338505,
    15.528968616820183,
    15.525061785727809,
    15.524980346426165,
    15.52497861228696,
    15.524978243383632,
    15.52496240834079,
    15.523598934318676,
    15.493499337297537,
    15.540641860359814,
    15.525377716863222,
    15.524981788073621,
    15.52497695551489,
    15.524977007856737,
    15.524968428869935,
    15.524245082590616,
    15.504719197581704,
    15.536586989665878,
    15.525294047590057,
    15.52498549724808,
    15.52497921682851,
    15.52497910193418,
    15.524975288356762,
    15.524737011288018,
    15.51653122344365,
    15.53094557241915,
    15.525127487499923,
    15.524978101305521,
    15.524975299434152,
    15.52497497041351,
    15.524973589066192,
    15.524769391460111,
    15.515935234548197,
    15.533314353972147,
    15.525188443361493,
    15.524984339133592,
    15.52498174257255,
    15.524981632319665,
    15.5249754627971,
    15.524452566745852,
    15.507575246141153,
    15.537237858217006,
    15.525293874620852,
    15.524985219681303,
    15.524980771855494,
    15.524980664578832,
    15.524965956817253,
    15.52421005002584,
    15.493641176102404,
    15.548040119597838,
    15.525557299461717,
    15.524987096798332,
    15.5249792077515,
    15.524978980481889,
    15.524977011233045,
    15.524868315747382,
    15.520377395265717,
    15.52920697215256,
    15.52509217182948,
    15.524975772481904,
    15.52497515997059,
    15.5249727317025,
    15.524908551997655,
    15.525032742320663
  ],