{
  "gpu": false,
  "device": "cpu",
  "infile": "../matrix/cgne_init_4096_dble_csr.dat",
  "matfile": "../matrix/conf6_0-8x8-20/conf6_0-8x8-20.mtx",
  "k": 0.15,
  "kc": 0.15717,
  "reordering": true,
  "preconditioning": true,
  "vol": 4096,
  "dim": 49152,
  "lattice": "8x8x8x8",
  "blk_dim": 12288,
  "bs": "8x8x4x4",
  "res": 1e-06,
  "tol": 0.0003135346870547978,
  "nmx": 1250,
  "nkv": 7,
  "nmr": 2,
  "ncy": 4,
  "sdtype": "float32",
  "ddtype": "float64",
  "cdtype": "float32",
  "rn": [
    24.80752630757791,
    8.42681836775937,
    4.108433646782769,
    2.1382063522299455,
    1.191781193769356,
    0.6530250424142934,
    0.370884380039502,
    0.37088443528198023,
    0.2253337462089508,
    0.13405473100446794,
    0.08113410268631474,
    0.04647097582185015,
    0.02622549805483068,
    0.013395470586007652,
    0.007736120169122463,
    0.007736121011787645,
    0.0048572202871140545,
    0.002874897474423786,
    0.0017217855104119325,
    0.0010068848214518636,
    0.0005890567192776553,
    0.0003366894671001056,
    0.00020213262868514533,
    0.00020213264530497503
  ],
  "i": [
    0,
    1,
    2,
    3,
    4,
    5,
    6,
    7,
    8,
    9,
    10,
    11,
    12,
    13,
    14,
    15,
    16,
    17,
    18,
    19,
    20,
    21,
    22,
    23
  ],
  "reset": [
    7,
    15,
    23
  ],
  "duration": [
    1.8859248161315918,
    1.8830935955047607,
    1.8913688659667969,
    1.8907458782196045,
    1.887068748474121,
    1.885899305343628,
    1.8922967910766602,
    1.888345718383789,
    1.8862121105194092,
    1.892716407775879,
    1.890439510345459,
    1.8863744735717773,
    1.885451316833496,
    1.8817760944366455,
    1.8825018405914307,
    1.8858678340911865,
    1.8861751556396484,
    1.8877079486846924,
    1.8812460899353027,
    1.888622522354126
  ],
  "status": 21
}