{
  "gpu": true,
  "device": "gpu",
  "infile": "../matrix/cgne_init_4096_dble_csr.dat",
  "matfile": "../matrix/conf6_0-8x8-20/conf6_0-8x8-20.mtx",
  "k": 0.15717,
  "kc": 0.15717,
  "reordering": true,
  "preconditioning": true,
  "vol": 4096,
  "dim": 49152,
  "lattice": "8x8x8x8",
  "blk_dim": 24576,
  "bs": "8x8x8x4",
  "res": 1e-06,
  "tol": 0.0003135346870762468,
  "nmx": 417,
  "nkv": 7,
  "nmr": 6,
  "ncy": 4,
  "sdtype": "float64",
  "ddtype": "float64",
  "cdtype": "float64",
  "rn": [
    20.559406512273345,
    10.129487738320766,
    5.712564354822491,
    3.287346426983531,
    1.9963931041278151,
    1.2566181436147468,
    0.8108794042235916,
    0.8108794042235922,
    0.5170592489425351,
    0.3359798838351688,
    0.21147725133880454,
    0.1343501597221321,
    0.08395195894173134,
    0.04774240705691681,
    0.0284001363863147,
    0.02840013638631459,
    0.017452411221102696,
    0.01100390040778633,
    0.006548794255984495,
    0.004103724954801537,
    0.0026017004381883708,
    0.00166596949302606,
    0.0011030040582167163,
    0.0011030040582166143,
    0.0007625711814310724,
    0.0004948401196948515,
    0.00031530779931983593,
    0.00019927216601793194,
    0.00019927216601800746
  ],
  "i": [
    0,
    1,
    2,
    3,
    4,
    5,
    6,
    7,
    8,
    9,
    10,
    11,
    12,
    13,
    14,
    15,
    16,
    17,
    18,
    19,
    20,
    21,
    22,
    23,
    24,
    25,
    26,
    27,
    28
  ],
  "reset": [
    7,
    15,
    23,
    28
  ],
  "duration": [
    0.8463966846466064,
    0.6730172634124756,
    0.6780080795288086,
    0.6791937351226807,
    0.675966739654541,
    0.6818838119506836,
    0.6817822456359863,
    0.6782886981964111,
    0.6803896427154541,
    0.6826620101928711,
    0.6784813404083252,
    0.6836869716644287,
    0.6804602146148682,
    0.6774539947509766,
    0.6804971694946289,
    0.6738531589508057,
    0.6744589805603027,
    0.6777606010437012,
    0.6762971878051758,
    0.6739411354064941
  ],
  "status": 25
}