{
  "gpu": true,
  "device": "gpu",
  "infile": "../matrix/cgne_init_65536_dble_csr.dat",
  "matfile": null,
  "k": 0.0,
  "kc": 0.0,
  "reordering": false,
  "preconditioning": true,
  "vol": 65536,
  "dim": 786432,
  "lattice": "16x16x16x16",
  "blk_dim": 3072,
  "bs": "4x4x4x4",
  "res": 1e-06,
  "tol": 0.0012541387482808122,
  "nmx": 2500,
  "nkv": 7,
  "nmr": 4,
  "ncy": 1,
  "sdtype": "float32",
  "ddtype": "float64",
  "cdtype": "float64",
  "rn": [
    610.4496367970708,
    234.75055465008668,
    104.51015482995771,
    47.63969844517089,
    21.612621102408504,
    10.188420725300986,
    4.776469959786615,
    4.776469949140925,
    2.3812520180249037,
    1.1775912532423227,
    0.5668409441906371,
    0.2732395745162611,
    0.12988695044347845,
    0.05674089539920534,
    0.026320984656996903,
    0.026320984272253472,
    0.013004749935675753,
    0.0063961429156236,
    0.0030837033538929247,
    0.0015159630926060417,
    0.0007313289105643411,
    0.0007313289119208358
  ],
  "i": [
    0,
    1,
    2,
    3,
    4,
    5,
    6,
    7,
    8,
    9,
    10,
    11,
    12,
    13,
    14,
    15,
    16,
    17,
    18,
    19,
    20,
    21
  ],
  "reset": [
    7,
    15,
    21
  ],
  "duration": [
    10.394574165344238,
    10.255570650100708,
    10.270124912261963,
    10.269819974899292,
    10.257532358169556,
    10.2721529006958,
    10.264916896820068,
    10.278816223144531,
    10.265971899032593,
    10.26142168045044,
    10.259365320205688,
    10.253933906555176,
    10.255331039428711,
    10.276331663131714,
    10.261895179748535,
    10.255592107772827,
    10.244086027145386,
    10.234486818313599,
    10.243508338928223,
    10.263129234313965
  ],
  "status": 19
}