{
  "gpu": true,
  "device": "gpu",
  "infile": "../matrix/cgne_init_4096_dble_csr.dat",
  "matfile": null,
  "k": 0.0,
  "kc": 0.0,
  "reordering": false,
  "preconditioning": true,
  "vol": 4096,
  "dim": 49152,
  "lattice": "8x8x8x8",
  "blk_dim": 24576,
  "bs": "8x8x8x4",
  "res": 1e-06,
  "tol": 0.0003135346870762468,
  "nmx": 250,
  "nkv": 7,
  "nmr": 10,
  "ncy": 4,
  "sdtype": "float64",
  "ddtype": "float64",
  "cdtype": "float64",
  "rn": [
    55.80318209308887,
    37.03964931306765,
    24.677619017167295,
    15.369386626506286,
    10.308518224614238,
    6.6529751847087075,
    4.395558507230526,
    4.395558507230527,
    3.025619412964392,
    1.9095626224931894,
    1.2646735776585512,
    0.8018439212262682,
    0.5316204688462691,
    0.3393942296014025,
    0.22245155371886097,
    0.2224515537188611,
    0.15273180117342167,
    0.09507988117158946,
    0.06189399496058397,
    0.039488002865634766,
    0.026246894247674114,
    0.016816740763699406,
    0.0112310824886204,
    0.01123108248862016,
    0.007804319950807627,
    0.005041610133217447,
    0.003338743240886578,
    0.0021538059457973167,
    0.0014398093948463613,
    0.0009291907184470606,
    0.0006230139752293797,
    0.0006230139752290887,
    0.000429379572575667,
    0.0002712736448393568,
    0.0002712736448391245
  ],
  "i": [
    0,
    1,
    2,
    3,
    4,
    5,
    6,
    7,
    8,
    9,
    10,
    11,
    12,
    13,
    14,
    15,
    16,
    17,
    18,
    19,
    20,
    21,
    22,
    23,
    24,
    25,
    26,
    27,
    28,
    29,
    30,
    31,
    32,
    33,
    34
  ],
  "reset": [
    7,
    15,
    23,
    31,
    34
  ],
  "duration": [
    1.4317753314971924,
    1.2685928344726562,
    1.2775263786315918,
    1.2895927429199219,
    1.2717199325561523,
    1.273521900177002,
    1.2635242938995361,
    1.2852602005004883,
    1.2835874557495117,
    1.2663078308105469,
    1.2707874774932861,
    1.2899692058563232,
    1.2819840908050537,
    1.2654902935028076,
    1.2737112045288086,
    1.2893424034118652,
    1.2708020210266113,
    1.2766106128692627,
    1.2774593830108643,
    1.2795135974884033
  ],
  "status": 30
}