{
  "gpu": false,
  "device": "cpu",
  "infile": "../matrix/cgne_init_4096_dble_csr.dat",
  "matfile": "../matrix/conf6_0-8x8-30/conf6.0-00l8x8-3000.mtx",
  "k": 0.15649,
  "kc": 0.15649,
  "reordering": true,
  "preconditioning": true,
  "vol": 4096,
  "dim": 49152,
  "lattice": "8x8x8x8",
  "blk_dim": 6144,
  "bs": "8x4x4x4",
  "res": 1e-06,
  "tol": 0.0003135346870547978,
  "nmx": 417,
  "nkv": 7,
  "nmr": 2,
  "ncy": 12,
  "sdtype": "float32",
  "ddtype": "float64",
  "cdtype": "float64",
  "rn": [
    16.426133533927043,
    8.922315201172312,
    5.742804773583639,
    3.6197409217782854,
    2.2359875025756226,
    1.3599668880540343,
    0.8577388716720895,
    0.85773941985144,
    0.6203758710932747,
    0.42194370664415815,
    0.2871804056779413,
    0.19539421531728676,
    0.1271211820644094,
    0.0825955647411227,
    0.05726966068359949,
    0.05726965629342055,
    0.04169813505644229,
    0.029505392736870285,
    0.020349523942099112,
    0.013311802815820683,
    0.008877310996245714,
    0.0057496353256209195,
    0.0035428678614294225,
    0.0035428679804136434,
    0.0023327787905605634,
    0.0015983211586101716,
    0.0011876521972937143,
    0.0008567792743036955,
    0.0006086615790020206,
    0.00041439605750300906,
    0.00026721657346964056,
    0.00026721655563299564
  ],
  "i": [
    0,
    1,
    2,
    3,
    4,
    5,
    6,
    7,
    8,
    9,
    10,
    11,
    12,
    13,
    14,
    15,
    16,
    17,
    18,
    19,
    20,
    21,
    22,
    23,
    24,
    25,
    26,
    27,
    28,
    29,
    30,
    31
  ],
  "reset": [
    7,
    15,
    23,
    31
  ],
  "duration": [
    6.011716365814209,
    6.010259389877319,
    6.004899740219116,
    6.002180814743042,
    5.999747037887573,
    5.998979806900024,
    6.00034236907959,
    6.003511667251587,
    5.99976658821106,
    5.997400522232056,
    5.995658874511719,
    5.99846339225769,
    5.9964189529418945,
    5.998910427093506,
    5.996926546096802,
    5.998318195343018,
    5.991801500320435,
    5.995827674865723,
    5.996819496154785,
    5.99769139289856
  ],
  "status": 28
}