{
  "gpu": true,
  "device": "gpu",
  "infile": "../matrix/cgne_init_4096_dble_csr.dat",
  "matfile": "../matrix/conf6_0-8x8-20/conf6_0-8x8-20.mtx",
  "k": 0.15717,
  "kc": 0.15717,
  "reordering": true,
  "preconditioning": true,
  "vol": 4096,
  "dim": 49152,
  "lattice": "8x8x8x8",
  "blk_dim": 24576,
  "bs": "8x8x8x4",
  "res": 1e-06,
  "tol": 0.00031353468703945405,
  "nmx": 417,
  "nkv": 7,
  "nmr": 4,
  "ncy": 6,
  "sdtype": "float32",
  "ddtype": "float64",
  "cdtype": "float64",
  "rn": [
    19.425228509712053,
    9.85062041498335,
    5.689369492611265,
    3.3399020679125138,
    2.057485044493623,
    1.3193437724268147,
    0.8543313352629326,
    0.854331324410065,
    0.5550558614735972,
    0.3657973290997077,
    0.23473898853163302,
    0.15268703183266705,
    0.09821718695153829,
    0.057572116556070176,
    0.035291311941372576,
    0.035291309555573296,
    0.022302383483135183,
    0.014224260129744409,
    0.008635068366167111,
    0.005500284125475077,
    0.003442331026286354,
    0.0022168950331082245,
    0.0014902200788720781,
    0.0014902200997764059,
    0.0010547519523302325,
    0.0006823736060872387,
    0.0004260101706499408,
    0.00026536098057463193,
    0.00026536098004079127
  ],
  "i": [
    0,
    1,
    2,
    3,
    4,
    5,
    6,
    7,
    8,
    9,
    10,
    11,
    12,
    13,
    14,
    15,
    16,
    17,
    18,
    19,
    20,
    21,
    22,
    23,
    24,
    25,
    26,
    27,
    28
  ],
  "reset": [
    7,
    15,
    23,
    28
  ],
  "duration": [
    0.9028749465942383,
    0.7258024215698242,
    0.7333798408508301,
    0.733497142791748,
    0.7356503009796143,
    0.7239089012145996,
    0.7247006893157959,
    0.7315528392791748,
    0.7369017601013184,
    0.7349624633789062,
    0.7347900867462158,
    0.7308599948883057,
    0.7215561866760254,
    0.7322328090667725,
    0.7288169860839844,
    0.7306501865386963,
    0.7330448627471924,
    0.7217409610748291,
    0.7324662208557129,
    0.7325270175933838
  ],
  "status": 25
}