{
  "gpu": false,
  "device": "cpu",
  "infile": "../matrix/cgne_init_4096_dble_csr.dat",
  "matfile": "../matrix/conf6_0-8x8-30/conf6.0-00l8x8-3000.mtx",
  "k": 0.15649,
  "kc": 0.15649,
  "reordering": true,
  "preconditioning": true,
  "vol": 4096,
  "dim": 49152,
  "lattice": "8x8x8x8",
  "blk_dim": 24576,
  "bs": "8x8x8x4",
  "res": 1e-06,
  "tol": 0.0003135346870547978,
  "nmx": 250,
  "nkv": 7,
  "nmr": 4,
  "ncy": 10,
  "sdtype": "float32",
  "ddtype": "float64",
  "cdtype": "float32",
  "rn": [
    11.684125744315022,
    6.354280067462348,
    4.149984444579432,
    2.870180684745059,
    2.130966861150691,
    1.5398181758420377,
    1.0954861638763684,
    1.0954864461262888,
    0.7967508919244943,
    0.5791511545985782,
    0.37575810442348184,
    0.2718854229588438,
    0.17669048922701538,
    0.1287422917036083,
    0.09031638390782644,
    0.09031638226133235,
    0.06690870985550418,
    0.047599142998259986,
    0.03351805120399413,
    0.025086338337076096,
    0.01693366324198007,
    0.011211589553342682,
    0.007822072900540333,
    0.007822072535516344,
    0.0059300629910906556,
    0.0045014137459006166,
    0.0033155298628264386,
    0.0025388503280363442,
    0.0019781573664428387,
    0.0013953976984020272,
    0.0010152642857484166,
    0.001015264311116979,
    0.0007350742056533327,
    0.0005545271920261254,
    0.0004199917593446927,
    0.00030708870928867934,
    0.0003070887088869335
  ],
  "i": [
    0,
    1,
    2,
    3,
    4,
    5,
    6,
    7,
    8,
    9,
    10,
    11,
    12,
    13,
    14,
    15,
    16,
    17,
    18,
    19,
    20,
    21,
    22,
    23,
    24,
    25,
    26,
    27,
    28,
    29,
    30,
    31,
    32,
    33,
    34,
    35,
    36
  ],
  "reset": [
    7,
    15,
    23,
    31,
    36
  ],
  "duration": [
    13.49658727645874,
    13.460909605026245,
    13.479370832443237,
    13.435760259628296,
    13.436524391174316,
    13.40792202949524,
    13.431923866271973,
    13.439816951751709,
    13.45626950263977,
    13.454614162445068,
    13.431198835372925,
    13.437140703201294,
    13.420772075653076,
    13.464048385620117,
    13.459614276885986,
    13.42079210281372,
    13.440891742706299,
    13.449079513549805,
    13.397528409957886,
    13.425155878067017
  ],
  "status": 32
}