{
  "gpu": true,
  "device": "gpu",
  "infile": "../matrix/cgne_init_4096_dble_csr.dat",
  "matfile": "../matrix/conf6_0-8x8-20/conf6_0-8x8-20.mtx",
  "k": 0.15,
  "kc": 0.15717,
  "reordering": true,
  "preconditioning": true,
  "vol": 4096,
  "dim": 49152,
  "lattice": "8x8x8x8",
  "blk_dim": 3072,
  "bs": "4x4x4x4",
  "res": 1e-06,
  "tol": 0.00031353468703945405,
  "nmx": 250,
  "nkv": 7,
  "nmr": 4,
  "ncy": 10,
  "sdtype": "float32",
  "ddtype": "float64",
  "cdtype": "float64",
  "rn": [
    2.514520922412574,
    0.2441777246054376,
    0.025588272647428707,
    0.002576604289885448,
    0.0002642101245204213,
    0.00027013135553974414
  ],
  "i": [
    0,
    1,
    2,
    3,
    4,
    5
  ],
  "reset": [
    5
  ],
  "duration": [
    1.8321149349212646,
    1.666560173034668,
    1.6568665504455566,
    1.6840131282806396,
    1.676330327987671,
    1.6815972328186035,
    1.6798081398010254,
    1.683356761932373,
    1.6782851219177246,
    1.669548749923706,
    1.677459716796875,
    1.674215316772461,
    1.6509358882904053,
    1.693065881729126,
    1.6600353717803955,
    1.6831154823303223,
    1.6754498481750488,
    1.6826813220977783,
    1.6669836044311523,
    1.6716766357421875
  ],
  "status": 5
}