{
  "gpu": true,
  "infile": "../matrix/cgne_init_65536_dble_csr.dat",
  "matfile": null,
  "k": 0.0,
  "kc": 0.0,
  "reordering": false,
  "preconditioning": true,
  "vol": 65536,
  "dim": 786048,
  "lattice": "16x16x16x16",
  "blk_dim": 196512,
  "bs": "16x16x8x8",
  "res": 1e-06,
  "tol": 0.0012541387482808122,
  "nmx": 500,
  "nkv": 7,
  "nmr": 4,
  "ncy": 5,
  "sdtype": "float32",
  "ddtype": "float64",
  "cdtype": "float32",
  "rn": [
    399.30655169788406,
    145.75216144232382,
    54.34670210117624,
    20.62657578436624,
    7.974808426938935,
    3.146390174448294,
    1.2658069272681325,
    1.2658068716390207,
    0.5241379061088938,
    0.21310262772253596,
    0.07961452870486735,
    0.028526863769162917,
    0.010060492681888347,
    0.0034579585525067852,
    0.0012013261365473606,
    0.0012013223708582069
  ],
  "i": [
    0,
    1,
    2,
    3,
    4,
    5,
    6,
    7,
    8,
    9,
    10,
    11,
    12,
    13,
    14,
    15
  ],
  "reset": [
    7,
    15
  ],
  "duration": 2.1985392570495605,
  "status": 14
}