{
  "gpu": false,
  "device": "cpu",
  "infile": "../matrix/fgcr_check3_4096_dble_csr.dat",
  "matfile": null,
  "k": 0.0,
  "kc": 0.0,
  "reordering": false,
  "preconditioning": true,
  "vol": 4096,
  "dim": 49152,
  "lattice": "8x8x8x8",
  "blk_dim": 6144,
  "bs": "8x4x4x4",
  "res": 1e-06,
  "tol": 0.00031353468710831124,
  "nmx": 417,
  "nkv": 7,
  "nmr": 6,
  "ncy": 4,
  "sdtype": "float32",
  "ddtype": "float64",
  "cdtype": "float32",
  "rn": [
    24.595777226525666,
    4.830575731424176,
    1.3047156256186163,
    0.3209631832070442,
    0.07858461738641515,
    0.01992822271600797,
    0.004680259786556792,
    0.004680530880958051,
    0.0013222580627031198,
    0.0004233735465036224,
    9.1034983080177e-05,
    9.103497789199094e-05
  ],
  "i": [
    0,
    1,
    2,
    3,
    4,
    5,
    6,
    7,
    8,
    9,
    10,
    11
  ],
  "reset": [
    7,
    11
  ],
  "duration": [
    1.6047213077545166,
    1.6058974266052246,
    1.6049964427947998,
    1.6051583290100098,
    1.605520248413086,
    1.6055989265441895,
    1.6058528423309326,
    1.604088544845581,
    1.606067419052124,
    1.6049625873565674,
    1.6058971881866455,
    1.6048502922058105,
    1.6060118675231934,
    1.6048049926757812,
    1.6061551570892334,
    1.6048922538757324,
    1.6059799194335938,
    1.6046409606933594,
    1.6060340404510498,
    1.6047523021697998
  ],
  "status": 10
}