{
  "gpu": false,
  "device": "hybrid",
  "infile": "../matrix/cgne_init_4096_dble_csr.dat",
  "matfile": null,
  "k": 0.0,
  "kc": 0.0,
  "reordering": false,
  "preconditioning": true,
  "vol": 4096,
  "dim": 49152,
  "lattice": "8x8x8x8",
  "blk_dim": 24576,
  "bs": "8x8x8x4",
  "res": 1e-06,
  "tol": 0.0003135346870547978,
  "nmx": 2500,
  "nkv": 7,
  "nmr": 0.5,
  "ncy": 0.5,
  "sdtype": "float32",
  "ddtype": "float64",
  "cdtype": "float64",
  "rn": [
    117.79640729167996,
    51.95730395257227,
    14.126769458268138,
    6.659063677076896,
    3.657726534140576,
    1.7754161644480384,
    0.7428157008743489,
    0.7428158895708397,
    0.4835474738111662,
    0.3399479979130875,
    0.15801588677717757,
    0.07496216531550251,
    0.03576806959238826,
    0.016870451290361455,
    0.008674115528160017,
    0.008674114952926412,
    0.004075516787009735,
    0.0018362442901564745,
    0.0013283914194167565,
    0.0007769742111489673,
    0.0003150972737159899,
    0.0001536681560413988,
    0.0001536681473626007
  ],
  "i": [
    0,
    1,
    2,
    3,
    4,
    5,
    6,
    7,
    8,
    9,
    10,
    11,
    12,
    13,
    14,
    15,
    16,
    17,
    18,
    19,
    20,
    21,
    22
  ],
  "reset": [
    7,
    15,
    22
  ],
  "duration": [
    0.5965266227722168,
    0.5939555168151855,
    0.5931189060211182,
    0.5917651653289795,
    0.5913417339324951,
    0.5897002220153809,
    0.5893106460571289,
    0.5916292667388916,
    0.6074411869049072,
    0.5930662155151367,
    0.5923583507537842,
    0.5952486991882324,
    0.5901706218719482,
    0.5905780792236328,
    0.5892612934112549,
    0.5902609825134277,
    0.5989360809326172,
    0.5969076156616211,
    0.5930650234222412,
    0.591494083404541
  ],
  "status": 20
}