{
  "gpu": true,
  "device": "gpu",
  "infile": "../matrix/cgne_init_4096_dble_csr.dat",
  "matfile": "../matrix/conf6_0-8x8-30/conf6.0-00l8x8-3000.mtx",
  "k": 0.15649,
  "kc": 0.15649,
  "reordering": true,
  "preconditioning": true,
  "vol": 4096,
  "dim": 49152,
  "lattice": "8x8x8x8",
  "blk_dim": 3072,
  "bs": "4x4x4x4",
  "res": 1e-06,
  "tol": 0.00031353468703945405,
  "nmx": 417,
  "nkv": 7,
  "nmr": 6,
  "ncy": 4,
  "sdtype": "float32",
  "ddtype": "float64",
  "cdtype": "float64",
  "rn": [
    24.33193995393421,
    10.32255940414214,
    5.108179901627963,
    2.9388429465378016,
    2.1127160662503943,
    1.3963810418296276,
    0.8168421640351295,
    0.8168423136026115,
    0.5643631981273168,
    0.43819550639331617,
    0.3002020811179124,
    0.16916794869034313,
    0.09791749622121139,
    0.06315788663023787,
    0.04147477723907235,
    0.041474777329748004,
    0.02879278950857963,
    0.02032324893992892,
    0.013832459863416371,
    0.008974055393263347,
    0.006333052366536366,
    0.0045542334313995675,
    0.0027471137006243713,
    0.0027471137067981914,
    0.0016897899742154498,
    0.0012123960806876206,
    0.0008813904806821098,
    0.0005637906511101129,
    0.0003522367732828534,
    0.0002488403261866192,
    0.0002488403290458823
  ],
  "i": [
    0,
    1,
    2,
    3,
    4,
    5,
    6,
    7,
    8,
    9,
    10,
    11,
    12,
    13,
    14,
    15,
    16,
    17,
    18,
    19,
    20,
    21,
    22,
    23,
    24,
    25,
    26,
    27,
    28,
    29,
    30
  ],
  "reset": [
    7,
    15,
    23,
    30
  ],
  "duration": [
    5.3915300369262695,
    5.2273712158203125,
    5.230843544006348,
    5.235117197036743,
    5.233847618103027,
    5.228986978530884,
    5.215471267700195,
    5.238894701004028,
    5.238715410232544,
    5.222219944000244,
    5.217665672302246,
    5.219590663909912,
    5.224294424057007,
    5.209927797317505,
    5.202157020568848,
    5.212025880813599,
    5.2083141803741455,
    5.19389009475708,
    5.199493646621704,
    5.20380425453186
  ],
  "status": 27
}