{
  "gpu": false,
  "device": "cpu",
  "infile": "../matrix/fgcr_check3_4096_dble_csr.dat",
  "matfile": null,
  "k": 0.0,
  "kc": 0.0,
  "reordering": false,
  "preconditioning": true,
  "vol": 4096,
  "dim": 49152,
  "lattice": "8x8x8x8",
  "blk_dim": 6144,
  "bs": "8x4x4x4",
  "res": 1e-06,
  "tol": 0.00031353468710831124,
  "nmx": 250,
  "nkv": 7,
  "nmr": 4,
  "ncy": 10,
  "sdtype": "float32",
  "ddtype": "float64",
  "cdtype": "float64",
  "rn": [
    7.956444562614385,
    2.4233659961743785,
    0.7570424166495783,
    0.2334764284062795,
    0.07402314166151953,
    0.024917129035130752,
    0.00813254128037535,
    0.008132694430657355,
    0.0028920069317412062,
    0.00102723527254143,
    0.0003366481231985384,
    0.00010807937354519236,
    0.00010807939210920511
  ],
  "i": [
    0,
    1,
    2,
    3,
    4,
    5,
    6,
    7,
    8,
    9,
    10,
    11,
    12
  ],
  "reset": [
    7,
    12
  ],
  "duration": [
    2.9792683124542236,
    2.978728771209717,
    2.9819176197052,
    2.9760353565216064,
    2.977635622024536,
    2.978295087814331,
    2.9807581901550293,
    2.9764769077301025,
    2.9753944873809814,
    2.9753787517547607,
    2.975621461868286,
    2.9776813983917236,
    2.9754860401153564,
    2.9761664867401123,
    2.9770336151123047,
    2.9752163887023926,
    2.9751787185668945,
    2.9757556915283203,
    2.976881265640259,
    2.9757444858551025
  ],
  "status": 11
}