{
  "gpu": true,
  "device": "gpu",
  "infile": "../matrix/cgne_init_4096_dble_csr.dat",
  "matfile": "../matrix/conf6_0-8x8-30/conf6.0-00l8x8-3000.mtx",
  "k": 0.05,
  "kc": 0.15649,
  "reordering": true,
  "preconditioning": true,
  "vol": 4096,
  "dim": 49152,
  "lattice": "8x8x8x8",
  "blk_dim": 24576,
  "bs": "8x8x8x4",
  "res": 1e-06,
  "tol": 0.0003135346870762468,
  "nmx": 250,
  "nkv": 7,
  "nmr": 4,
  "ncy": 10,
  "sdtype": "float64",
  "ddtype": "float64",
  "cdtype": "float64",
  "rn": [
    7.220488428155003e-14,
    1.0440878194741597e-13
  ],
  "i": [
    0,
    1
  ],
  "reset": [
    1
  ],
  "duration": [
    0.050193071365356445,
    0.0500795841217041,
    0.049219369888305664,
    0.04822206497192383,
    0.04923367500305176,
    0.05000472068786621,
    0.049870967864990234,
    0.04970955848693848,
    0.05004382133483887,
    0.04997658729553223,
    0.0499422550201416,
    0.05008983612060547,
    0.05003547668457031,
    0.04992055892944336,
    0.049958229064941406,
    0.0500025749206543,
    0.04994034767150879,
    0.04993557929992676,
    0.04821896553039551,
    0.04856610298156738
  ],
  "status": 1
}