{
  "gpu": false,
  "device": "hybrid",
  "infile": "../matrix/cgne_init_4096_dble_csr.dat",
  "matfile": "../matrix/conf6_0-8x8-30/conf6.0-00l8x8-3000.mtx",
  "k": 0.05,
  "kc": 0.15649,
  "reordering": true,
  "preconditioning": true,
  "vol": 4096,
  "dim": 49152,
  "lattice": "8x8x8x8",
  "blk_dim": 6144,
  "bs": "8x4x4x4",
  "res": 1e-06,
  "tol": 0.0003135346870547978,
  "nmx": 417,
  "nkv": 7,
  "nmr": 2,
  "ncy": 12,
  "sdtype": "float32",
  "ddtype": "float64",
  "cdtype": "float64",
  "rn": [
    2.4165616637387487e-05,
    3.430087846254219e-05
  ],
  "i": [
    0,
    1
  ],
  "reset": [
    1
  ],
  "duration": [
    0.16101670265197754,
    0.1607375144958496,
    0.16127848625183105,
    0.16038084030151367,
    0.16068458557128906,
    0.16065192222595215,
    0.15989112854003906,
    0.15994811058044434,
    0.16060090065002441,
    0.16071581840515137,
    0.16051840782165527,
    0.16107654571533203,
    0.16120648384094238,
    0.16088008880615234,
    0.16114187240600586,
    0.1615314483642578,
    0.16121196746826172,
    0.16078996658325195,
    0.16088604927062988,
    0.16107773780822754
  ],
  "status": 1
}