{
  "gpu": false,
  "device": "hybrid",
  "infile": "../matrix/cgne_init_4096_dble_csr.dat",
  "matfile": "../matrix/conf6_0-8x8-30/conf6.0-00l8x8-3000.mtx",
  "k": 0.15649,
  "kc": 0.15649,
  "reordering": true,
  "preconditioning": true,
  "vol": 4096,
  "dim": 49152,
  "lattice": "8x8x8x8",
  "blk_dim": 12288,
  "bs": "8x8x4x4",
  "res": 1e-06,
  "tol": 0.0003135346870547978,
  "nmx": 417,
  "nkv": 7,
  "nmr": 6,
  "ncy": 4,
  "sdtype": "float32",
  "ddtype": "float64",
  "cdtype": "float64",
  "rn": [
    18.687060417372972,
    9.02837102668684,
    5.069229484341725,
    3.123820058590802,
    1.8469859655668979,
    1.10540912982567,
    0.6866843085074549,
    0.6866845548185612,
    0.44486424052362533,
    0.3137281313993699,
    0.20888417829805384,
    0.12064429801082792,
    0.06829267282768879,
    0.04197389278133841,
    0.0269121286944867,
    0.026912127294968103,
    0.017278708396181276,
    0.012181666679299716,
    0.007915806542456782,
    0.00526249189199095,
    0.0034300747002993077,
    0.0022543177503332188,
    0.0012840077845579871,
    0.0012840078436548912,
    0.0007539724049404371,
    0.00044567859288374944,
    0.0003205597047354824,
    0.0002230383474308219,
    0.00022303834575317376
  ],
  "i": [
    0,
    1,
    2,
    3,
    4,
    5,
    6,
    7,
    8,
    9,
    10,
    11,
    12,
    13,
    14,
    15,
    16,
    17,
    18,
    19,
    20,
    21,
    22,
    23,
    24,
    25,
    26,
    27,
    28
  ],
  "reset": [
    7,
    15,
    23,
    28
  ],
  "duration": [
    1.692340612411499,
    1.6929450035095215,
    1.6895358562469482,
    1.6908783912658691,
    1.6924827098846436,
    1.6931545734405518,
    1.6932106018066406,
    1.6935465335845947,
    1.6914963722229004,
    1.691816806793213,
    1.6883857250213623,
    1.6903736591339111,
    1.6884448528289795,
    1.688392162322998,
    1.6853246688842773,
    1.6856541633605957,
    1.687361717224121,
    1.6887023448944092,
    1.6883645057678223,
    1.6906957626342773
  ],
  "status": 25
}