{
  "gpu": false,
  "device": "cpu",
  "infile": "../matrix/cgne_init_4096_dble_csr.dat",
  "matfile": "../matrix/conf6_0-8x8-20/conf6_0-8x8-20.mtx",
  "k": 0.15717,
  "kc": 0.15717,
  "reordering": true,
  "preconditioning": true,
  "vol": 4096,
  "dim": 49152,
  "lattice": "8x8x8x8",
  "blk_dim": 24576,
  "bs": "8x8x8x4",
  "res": 1e-06,
  "tol": 0.0003135346870547978,
  "nmx": 417,
  "nkv": 7,
  "nmr": 2,
  "ncy": 12,
  "sdtype": "float32",
  "ddtype": "float64",
  "cdtype": "float32",
  "rn": [
    19.045712752410093,
    9.844197787043353,
    5.7742655135265535,
    3.455477074929405,
    2.1571596154189385,
    1.4059195670425377,
    0.9144601160357905,
    0.9144599642968693,
    0.6032847433429608,
    0.4026607204147404,
    0.2625577440619348,
    0.17347379530731785,
    0.1133589030165577,
    0.06784432188213518,
    0.042436583026868833,
    0.042436583330348866,
    0.027337087824226728,
    0.017608752824587626,
    0.010982501189500789,
    0.007123164811575381,
    0.004503659842913669,
    0.002932077149661551,
    0.0019833415957138433,
    0.0019833414721814125,
    0.0014173787531033164,
    0.0009342193583992087,
    0.000586997910008241,
    0.0003638296024972692,
    0.00022559568548038823,
    0.0002255956802988394
  ],
  "i": [
    0,
    1,
    2,
    3,
    4,
    5,
    6,
    7,
    8,
    9,
    10,
    11,
    12,
    13,
    14,
    15,
    16,
    17,
    18,
    19,
    20,
    21,
    22,
    23,
    24,
    25,
    26,
    27,
    28,
    29
  ],
  "reset": [
    7,
    15,
    23,
    29
  ],
  "duration": [
    6.7937071323394775,
    6.802273750305176,
    6.807268857955933,
    6.818660497665405,
    6.8111302852630615,
    6.811344861984253,
    6.803885459899902,
    6.817546367645264,
    6.8177149295806885,
    6.81779408454895,
    6.800127029418945,
    6.810899496078491,
    6.828972578048706,
    6.801387548446655,
    6.80353045463562,
    6.799252510070801,
    6.818354368209839,
    6.809306383132935,
    6.807792663574219,
    6.802778005599976
  ],
  "status": 26
}