{
  "gpu": true,
  "device": "gpu",
  "infile": "../matrix/cgne_init_4096_dble_csr.dat",
  "matfile": null,
  "k": 0.0,
  "kc": 0.0,
  "reordering": false,
  "preconditioning": true,
  "vol": 4096,
  "dim": 49152,
  "lattice": "8x8x8x8",
  "blk_dim": 12288,
  "bs": "8x8x4x4",
  "res": 1e-06,
  "tol": 0.00031353468703945405,
  "nmx": 2500,
  "nkv": 7,
  "nmr": 1,
  "ncy": 4,
  "sdtype": "float32",
  "ddtype": "float64",
  "cdtype": "float32",
  "rn": [
    118.55172668662497,
    46.241403964312674,
    19.20079987513426,
    8.37987657445101,
    3.7987249982983933,
    1.768641989612655,
    0.8459325173646562,
    0.8459324834504718,
    0.4199907817357145,
    0.21330614312629884,
    0.10936525625347131,
    0.04999083641619484,
    0.02436209475306479,
    0.011878055551708289,
    0.005678578474537107,
    0.005678578294699962,
    0.0028738150177507883,
    0.0014637226394600541,
    0.0007444270153123524,
    0.00035011189732419087,
    0.000173758080936584,
    0.0001737580838151613
  ],
  "i": [
    0,
    1,
    2,
    3,
    4,
    5,
    6,
    7,
    8,
    9,
    10,
    11,
    12,
    13,
    14,
    15,
    16,
    17,
    18,
    19,
    20,
    21
  ],
  "reset": [
    7,
    15,
    21
  ],
  "duration": [
    0.4419891834259033,
    0.27340245246887207,
    0.2691364288330078,
    0.2781987190246582,
    0.2739558219909668,
    0.2667398452758789,
    0.2683274745941162,
    0.27541470527648926,
    0.2766547203063965,
    0.27365803718566895,
    0.28185534477233887,
    0.27112603187561035,
    0.2769162654876709,
    0.27784204483032227,
    0.28171682357788086,
    0.272127628326416,
    0.2689952850341797,
    0.27960658073425293,
    0.2729799747467041,
    0.2796776294708252
  ],
  "status": 19
}