{
  "gpu": false,
  "device": "hybrid",
  "infile": "../matrix/cgne_init_4096_dble_csr.dat",
  "matfile": null,
  "k": 0.0,
  "kc": 0.0,
  "reordering": false,
  "preconditioning": true,
  "vol": 4096,
  "dim": 49152,
  "lattice": "8x8x8x8",
  "blk_dim": 3072,
  "bs": "4x4x4x4",
  "res": 1e-06,
  "tol": 0.0003135346870762468,
  "nmx": 1250,
  "nkv": 7,
  "nmr": 4,
  "ncy": 2,
  "sdtype": "float64",
  "ddtype": "float64",
  "cdtype": "float64",
  "rn": [
    170.21242008432213,
    100.56857550133331,
    67.55204952179842,
    47.40706621360306,
    34.59343301184176,
    25.476119505766857,
    18.923156501220955,
    18.923156501220955,
    15.558074250851904,
    12.155806469944961,
    9.392056715602696,
    6.839584172973369,
    4.9001544403055295,
    3.4245238212485067,
    2.4859851132410355,
    2.4859851132410355,
    2.0822132539001474,
    1.6834161359185793,
    1.2539172209500375,
    0.9328639406367324,
    0.7051486800972949,
    0.5422978576598252,
    0.4194929636131606,
    0.41949296361316035,
    0.3477921091798504,
    0.28081899491559603,
    0.21544079076648806,
    0.160732027350936,
    0.11950581767848857,
    0.09372627041507277,
    0.07485760186526004,
    0.07485760186526046,
    0.06222355147680268,
    0.04934647719038043,
    0.0366647026706678,
    0.02776931050322727,
    0.021701001133741973,
    0.017403849343839012,
    0.01418778911216113,
    0.014187789112161231,
    0.01201750257462859,
    0.009655491301200877,
    0.007503021479269883,
    0.005598049250927286,
    0.0041710801762923425,
    0.003368642834493221,
    0.0028335745252372462,
    0.002833574525236997,
    0.0024495994273677876,
    0.0019854669657437345,
    0.0014994840226425284,
    0.001160537839443231,
    0.0009217701832785718,
    0.0007378217010266807,
    0.0005881380957705801,
    0.0005881380957707281,
    0.00048566286697275415,
    0.00038937224562725603,
    0.00031098253621120083,
    0.0003109825362111814
  ],
  "i": [
    0,
    1,
    2,
    3,
    4,
    5,
    6,
    7,
    8,
    9,
    10,
    11,
    12,
    13,
    14,
    15,
    16,
    17,
    18,
    19,
    20,
    21,
    22,
    23,
    24,
    25,
    26,
    27,
    28,
    29,
    30,
    31,
    32,
    33,
    34,
    35,
    36,
    37,
    38,
    39,
    40,
    41,
    42,
    43,
    44,
    45,
    46,
    47,
    48,
    49,
    50,
    51,
    52,
    53,
    54,
    55,
    56,
    57,
    58,
    59
  ],
  "reset": [
    7,
    15,
    23,
    31,
    39,
    47,
    55,
    59
  ],
  "duration": [
    6.903199672698975,
    6.985062599182129,
    7.155635118484497,
    7.032479524612427,
    7.158429145812988,
    7.187583684921265,
    7.125088691711426,
    6.951317310333252,
    6.926103115081787,
    6.980090618133545,
    7.237536430358887,
    7.041751384735107,
    7.1297595500946045,
    7.047354459762573,
    7.009863615036011,
    6.928318500518799,
    7.099355697631836,
    7.068450450897217,
    7.1231889724731445,
    7.123720169067383
  ],
  "status": 52
}