{
  "gpu": false,
  "device": "hybrid",
  "infile": "../matrix/cgne_init_4096_dble_csr.dat",
  "matfile": "../matrix/conf6_0-8x8-20/conf6_0-8x8-20.mtx",
  "k": 0.15717,
  "kc": 0.15717,
  "reordering": true,
  "preconditioning": true,
  "vol": 4096,
  "dim": 49152,
  "lattice": "8x8x8x8",
  "blk_dim": 24576,
  "bs": "8x8x8x4",
  "res": 1e-06,
  "tol": 0.0003135346870762468,
  "nmx": 417,
  "nkv": 7,
  "nmr": 4,
  "ncy": 6,
  "sdtype": "float64",
  "ddtype": "float64",
  "cdtype": "float64",
  "rn": [
    19.4252285003402,
    9.85062040314593,
    5.689369454338333,
    3.339902066179025,
    2.057485067101837,
    1.3193437967773716,
    0.8543313583532572,
    0.8543313583532577,
    0.5550560754752002,
    0.3657974794066391,
    0.23473906039503187,
    0.15268705200911878,
    0.09821721143614541,
    0.05757213832068718,
    0.035291326731276454,
    0.03529132673127628,
    0.022302398820543023,
    0.014224270009685808,
    0.00863507413262796,
    0.00550028810268897,
    0.0034423340421470797,
    0.002216897081891536,
    0.0014902215273603163,
    0.001490221527359488,
    0.0010547529643099975,
    0.0006823742692055232,
    0.0004260106647985929,
    0.0002653612693764113,
    0.0002653612693762106
  ],
  "i": [
    0,
    1,
    2,
    3,
    4,
    5,
    6,
    7,
    8,
    9,
    10,
    11,
    12,
    13,
    14,
    15,
    16,
    17,
    18,
    19,
    20,
    21,
    22,
    23,
    24,
    25,
    26,
    27,
    28
  ],
  "reset": [
    7,
    15,
    23,
    28
  ],
  "duration": [
    1.3818118572235107,
    1.6173887252807617,
    1.6467504501342773,
    1.7122266292572021,
    1.627246618270874,
    1.3414969444274902,
    1.8012840747833252,
    1.506570816040039,
    1.472231149673462,
    1.5563414096832275,
    1.522944688796997,
    1.6639189720153809,
    1.697566270828247,
    1.7017219066619873,
    1.7044851779937744,
    1.5472657680511475,
    1.6353764533996582,
    1.6275789737701416,
    1.5078682899475098,
    1.4462463855743408
  ],
  "status": 25
}