{
  "gpu": true,
  "device": "gpu",
  "infile": "../matrix/fgcr_check3_4096_dble_csr.dat",
  "matfile": null,
  "k": 0.0,
  "kc": 0.0,
  "reordering": false,
  "preconditioning": true,
  "vol": 4096,
  "dim": 49152,
  "lattice": "8x8x8x8",
  "blk_dim": 3072,
  "bs": "4x4x4x4",
  "res": 1e-06,
  "tol": 0.00031353468715082124,
  "nmx": 125,
  "nkv": 7,
  "nmr": 20,
  "ncy": 4,
  "sdtype": "float32",
  "ddtype": "float64",
  "cdtype": "float32",
  "rn": [
    25.528527653736678,
    5.167150497284112,
    1.4342692363250324,
    0.3654407682077264,
    0.09170679660340746,
    0.02391852222158048,
    0.005834677803726641,
    0.005834872269461116,
    0.001696912133444876,
    0.0005606614316733841,
    0.00012450788768802827,
    0.00012450788428073383
  ],
  "i": [
    0,
    1,
    2,
    3,
    4,
    5,
    6,
    7,
    8,
    9,
    10,
    11
  ],
  "reset": [
    7,
    11
  ],
  "duration": [
    6.727840900421143,
    6.486914396286011,
    6.474849224090576,
    6.430622339248657,
    6.41461968421936,
    6.400874853134155,
    6.403925180435181,
    6.401751279830933,
    6.384692192077637,
    6.388690233230591,
    6.390925884246826,
    6.3920369148254395,
    6.388268947601318,
    6.385563850402832,
    6.3914361000061035,
    6.3855812549591064,
    6.389503002166748,
    6.388007164001465,
    6.391034126281738,
    6.389594793319702
  ],
  "status": 10
}