{
  "gpu": true,
  "device": "gpu",
  "infile": "../matrix/fgcr_check3_4096_dble_csr.dat",
  "matfile": null,
  "k": 0.0,
  "kc": 0.0,
  "reordering": false,
  "preconditioning": true,
  "vol": 4096,
  "dim": 49152,
  "lattice": "8x8x8x8",
  "blk_dim": 24576,
  "bs": "8x8x8x4",
  "res": 1e-06,
  "tol": 0.00031353468715082124,
  "nmx": 417,
  "nkv": 7,
  "nmr": 12,
  "ncy": 2,
  "sdtype": "float32",
  "ddtype": "float64",
  "cdtype": "float64",
  "rn": [
    59.00620364414945,
    22.231247448743,
    10.212342341333803,
    4.4429425282662285,
    2.0663666612989493,
    0.9173996148951535,
    0.4234582740293535,
    0.42345818174803346,
    0.25107283646688777,
    0.11409763766080235,
    0.050352950421402164,
    0.02233573576760693,
    0.010210757144574202,
    0.004253600490961628,
    0.001593339512902752,
    0.001593340115252596,
    0.000959724132806405,
    0.0004230365701525743,
    0.0001974838319237537,
    0.0001974838314379259
  ],
  "i": [
    0,
    1,
    2,
    3,
    4,
    5,
    6,
    7,
    8,
    9,
    10,
    11,
    12,
    13,
    14,
    15,
    16,
    17,
    18,
    19
  ],
  "reset": [
    7,
    15,
    19
  ],
  "duration": [
    0.6973011493682861,
    0.48018527030944824,
    0.48032188415527344,
    0.47974419593811035,
    0.4793369770050049,
    0.4834883213043213,
    0.4780006408691406,
    0.47830915451049805,
    0.4779927730560303,
    0.4779496192932129,
    0.47754764556884766,
    0.47827982902526855,
    0.4778280258178711,
    0.47788047790527344,
    0.4779777526855469,
    0.4779829978942871,
    0.4775056838989258,
    0.47789740562438965,
    0.47753310203552246,
    0.4775655269622803
  ],
  "status": 17
}