{
  "gpu": true,
  "infile": "../matrix/cgne_init_65536_dble_csr.dat",
  "matfile": null,
  "k": 0.0,
  "kc": 0.0,
  "reordering": false,
  "preconditioning": true,
  "vol": 65536,
  "dim": 786048,
  "lattice": "16x16x16x16",
  "blk_dim": 24564,
  "bs": "8x8x8x4",
  "res": 1e-06,
  "tol": 0.0012541387482808122,
  "nmx": 1250,
  "nkv": 7,
  "nmr": 4,
  "ncy": 2,
  "sdtype": "float32",
  "ddtype": "float64",
  "cdtype": "float64",
  "rn": [
    723.1924168177568,
    405.07495819804956,
    206.33358797355928,
    99.45029638859764,
    47.52958089200988,
    22.579762111699768,
    10.831019683980802,
    10.831019709303858,
    6.490635452068347,
    2.767708960538188,
    1.3015555866749147,
    0.6037297250663773,
    0.29496318837737273,
    0.14445080006273578,
    0.06773143122229595,
    0.06773143172028073,
    0.040168432806490996,
    0.0190301835566534,
    0.008226940089147542,
    0.004060260395106894,
    0.0021234377806271347,
    0.00110369802624333,
    0.0011036980160599797
  ],
  "i": [
    0,
    1,
    2,
    3,
    4,
    5,
    6,
    7,
    8,
    9,
    10,
    11,
    12,
    13,
    14,
    15,
    16,
    17,
    18,
    19,
    20,
    21,
    22
  ],
  "reset": [
    7,
    15,
    22
  ],
  "duration": 4.115466833114624,
  "status": 20
}