{
  "gpu": true,
  "device": "gpu",
  "infile": "../matrix/cgne_init_65536_dble_csr.dat",
  "matfile": null,
  "k": 0.0,
  "kc": 0.0,
  "reordering": false,
  "preconditioning": true,
  "vol": 65536,
  "dim": 786048,
  "lattice": "16x16x16x16",
  "blk_dim": 196512,
  "bs": "16x16x8x8",
  "res": 1e-06,
  "tol": 0.0012541387482808122,
  "nmx": 625,
  "nkv": 7,
  "nmr": 8,
  "ncy": 2,
  "sdtype": "float32",
  "ddtype": "float64",
  "cdtype": "float64",
  "rn": [
    714.6606044369385,
    472.18395126309076,
    301.1312063208854,
    188.35826966042907,
    116.96277618108978,
    73.22190022663172,
    47.013146615420055,
    47.01314655215939,
    31.060117299396232,
    21.22190230742478,
    14.772362313133867,
    10.615081685469002,
    7.783641543078953,
    5.776582671255288,
    4.332156520315852,
    4.332156473113014,
    3.247568026375356,
    2.487994309996073,
    1.8748458542726523,
    1.4465775106872045,
    1.0740683330833305,
    0.7872818543091773,
    0.5878240611996008,
    0.5878240664570765,
    0.4319515301045481,
    0.3279240328002147,
    0.24613244188899955,
    0.1892349274667094,
    0.14312992001916058,
    0.10641481452308779,
    0.08035351716791325,
    0.08035351751796477,
    0.05983437963051528,
    0.04580450483636062,
    0.034480413026040935,
    0.026603075031609694,
    0.02009094548356246,
    0.014927757262259056,
    0.011277067582060846,
    0.011277067574496176,
    0.008372575365529945,
    0.006402905677661336,
    0.004820161147594873,
    0.0037193602340661945,
    0.002815311262335492,
    0.0020988991334894274,
    0.0015893203937614158,
    0.0015893204026433874,
    0.0011862047286749307,
    0.0011862047281921493
  ],
  "i": [
    0,
    1,
    2,
    3,
    4,
    5,
    6,
    7,
    8,
    9,
    10,
    11,
    12,
    13,
    14,
    15,
    16,
    17,
    18,
    19,
    20,
    21,
    22,
    23,
    24,
    25,
    26,
    27,
    28,
    29,
    30,
    31,
    32,
    33,
    34,
    35,
    36,
    37,
    38,
    39,
    40,
    41,
    42,
    43,
    44,
    45,
    46,
    47,
    48,
    49
  ],
  "reset": [
    7,
    15,
    23,
    31,
    39,
    47,
    49
  ],
  "duration": [
    2.3380815982818604,
    2.1622164249420166,
    2.1776580810546875,
    2.159653663635254,
    2.1632750034332275,
    2.157344341278076,
    2.15208101272583,
    2.163743495941162,
    2.1581146717071533,
    2.1619770526885986,
    2.164940595626831,
    2.1623644828796387,
    2.170555353164673,
    2.1507489681243896,
    2.1730854511260986,
    2.1645727157592773,
    2.161113977432251,
    2.164112091064453,
    2.160869836807251,
    2.1554477214813232
  ],
  "status": 43
}