{
  "gpu": false,
  "device": "cpu",
  "infile": "../matrix/fgcr_check3_4096_dble_csr.dat",
  "matfile": null,
  "k": 0.0,
  "kc": 0.0,
  "reordering": false,
  "preconditioning": true,
  "vol": 4096,
  "dim": 49152,
  "lattice": "8x8x8x8",
  "blk_dim": 24576,
  "bs": "8x8x8x4",
  "res": 1e-06,
  "tol": 0.00031353468710831124,
  "nmx": 417,
  "nkv": 7,
  "nmr": 4,
  "ncy": 6,
  "sdtype": "float32",
  "ddtype": "float64",
  "cdtype": "float64",
  "rn": [
    15.452900411693186,
    4.982026380629277,
    1.4957194978732862,
    0.46933371060928625,
    0.14117233192489115,
    0.04239411049617475,
    0.01254486809900759,
    0.012544683256516087,
    0.004125160665162565,
    0.001356311813863513,
    0.0004410010354221894,
    0.00013435821942227492,
    0.0001343582301024999
  ],
  "i": [
    0,
    1,
    2,
    3,
    4,
    5,
    6,
    7,
    8,
    9,
    10,
    11,
    12
  ],
  "reset": [
    7,
    12
  ],
  "duration": [
    2.3999931812286377,
    2.400103807449341,
    2.3996119499206543,
    2.400836706161499,
    2.3977534770965576,
    2.3995747566223145,
    2.3993024826049805,
    2.403817892074585,
    2.3988866806030273,
    2.398772716522217,
    2.3989546298980713,
    2.398526668548584,
    2.3945350646972656,
    2.396303176879883,
    2.393970251083374,
    2.395848035812378,
    2.3961851596832275,
    2.3962326049804688,
    2.394589900970459,
    2.3957407474517822
  ],
  "status": 11
}