{
  "gpu": false,
  "device": "hybrid",
  "infile": "../matrix/fgcr_check3_4096_dble_csr.dat",
  "matfile": null,
  "k": 0.0,
  "kc": 0.0,
  "reordering": false,
  "preconditioning": true,
  "vol": 4096,
  "dim": 49152,
  "lattice": "8x8x8x8",
  "blk_dim": 3072,
  "bs": "4x4x4x4",
  "res": 1e-06,
  "tol": 0.00031353468710831124,
  "nmx": 417,
  "nkv": 7,
  "nmr": 12,
  "ncy": 2,
  "sdtype": "float32",
  "ddtype": "float64",
  "cdtype": "float64",
  "rn": [
    59.006068452010076,
    22.231129581205103,
    10.21235881353201,
    4.442928961205273,
    2.0663359390617777,
    0.9174075575933331,
    0.42346835485627227,
    0.423468515902123,
    0.2510838726961883,
    0.11410793442793535,
    0.0503576308358513,
    0.022337296723767545,
    0.010211630724837367,
    0.004253970529004235,
    0.0015934151808336817,
    0.0015934156324329742,
    0.0009597290042112735,
    0.00042303046151957605,
    0.0001974736712793367,
    0.00019747366979065774
  ],
  "i": [
    0,
    1,
    2,
    3,
    4,
    5,
    6,
    7,
    8,
    9,
    10,
    11,
    12,
    13,
    14,
    15,
    16,
    17,
    18,
    19
  ],
  "reset": [
    7,
    15,
    19
  ],
  "duration": [
    4.83843207359314,
    4.830849885940552,
    4.826988458633423,
    4.82728123664856,
    4.821280002593994,
    4.805563688278198,
    4.788477897644043,
    4.787628650665283,
    4.788330316543579,
    4.789082050323486,
    4.7885026931762695,
    4.788181781768799,
    4.7882819175720215,
    4.788883686065674,
    4.78872275352478,
    4.786911725997925,
    4.788186311721802,
    4.7863075733184814,
    4.788647890090942,
    4.786174297332764
  ],
  "status": 17
}