{
  "gpu": false,
  "device": "hybrid",
  "infile": "../matrix/cgne_init_4096_dble_csr.dat",
  "matfile": null,
  "k": 0.0,
  "kc": 0.0,
  "reordering": false,
  "preconditioning": true,
  "vol": 4096,
  "dim": 49152,
  "lattice": "8x8x8x8",
  "blk_dim": 12288,
  "bs": "8x8x4x4",
  "res": 1e-06,
  "tol": 0.0003135346870547978,
  "nmx": 125,
  "nkv": 7,
  "nmr": 4,
  "ncy": 20,
  "sdtype": "float32",
  "ddtype": "float64",
  "cdtype": "float64",
  "rn": [
    24.83709417984773,
    8.90273051996597,
    3.7560444237106854,
    1.655290665199763,
    0.6141609404887364,
    0.1764601648543757,
    0.057748601354420906,
    0.05774887537410906,
    0.021862857973934748,
    0.005919310042932566,
    0.0025472904951752604,
    0.0010482957465810575,
    0.0004443241201948598,
    0.00014299810097135007,
    0.00014299793257692864
  ],
  "i": [
    0,
    1,
    2,
    3,
    4,
    5,
    6,
    7,
    8,
    9,
    10,
    11,
    12,
    13,
    14
  ],
  "reset": [
    7,
    14
  ],
  "duration": [
    4.62169075012207,
    4.6190409660339355,
    4.619349241256714,
    4.617451429367065,
    4.607774257659912,
    4.6060707569122314,
    4.608207702636719,
    4.6118004322052,
    4.611759901046753,
    4.607170581817627,
    4.613158702850342,
    4.604360818862915,
    4.609345197677612,
    4.6006019115448,
    4.614813327789307,
    4.6103503704071045,
    4.61023736000061,
    4.607967376708984,
    4.604948043823242,
    4.606420993804932
  ],
  "status": 13
}