{
  "gpu": true,
  "device": "gpu",
  "infile": "../matrix/cgne_init_65536_dble_csr.dat",
  "matfile": null,
  "k": 0.0,
  "kc": 0.0,
  "reordering": false,
  "preconditioning": true,
  "vol": 65536,
  "dim": 786048,
  "lattice": "16x16x16x16",
  "blk_dim": 6141,
  "bs": "8x4x4x4",
  "res": 1e-06,
  "tol": 0.0012541387482808122,
  "nmx": 1250,
  "nkv": 7,
  "nmr": 2,
  "ncy": 4,
  "sdtype": "float32",
  "ddtype": "float64",
  "cdtype": "float64",
  "rn": [
    565.5105304031631,
    272.23403733298954,
    120.02294503880935,
    52.3597908694782,
    23.06896760474191,
    10.256555264256546,
    4.608678237954999,
    4.608678253836311,
    2.5451743915138914,
    1.0530817559255998,
    0.45083941325532767,
    0.19806186599481804,
    0.09210521099138569,
    0.04326029132012987,
    0.019624832331542854,
    0.019624833420896142,
    0.01066627433282817,
    0.005014655184490459,
    0.0021173396800332886,
    0.0009728099626850183,
    0.000972809952390169
  ],
  "i": [
    0,
    1,
    2,
    3,
    4,
    5,
    6,
    7,
    8,
    9,
    10,
    11,
    12,
    13,
    14,
    15,
    16,
    17,
    18,
    19,
    20
  ],
  "reset": [
    7,
    15,
    20
  ],
  "duration": [
    10.914683818817139,
    10.734093427658081,
    10.684091806411743,
    10.684255123138428,
    10.667435646057129,
    10.640881299972534,
    10.683939456939697,
    10.660070419311523,
    10.664128541946411,
    10.685046195983887,
    10.673781871795654,
    10.661550521850586,
    10.677550315856934,
    10.688079595565796,
    10.700021028518677,
    10.682960748672485,
    10.690155744552612,
    10.66086220741272,
    10.675348997116089,
    10.68692135810852
  ],
  "status": 18
}