{
  "gpu": false,
  "device": "hybrid",
  "infile": "../matrix/cgne_init_65536_dble_csr.dat",
  "matfile": null,
  "k": 0.0,
  "kc": 0.0,
  "reordering": false,
  "preconditioning": true,
  "vol": 65536,
  "dim": 786432,
  "lattice": "16x16x16x16",
  "blk_dim": 6144,
  "bs": "8x4x4x4",
  "res": 1e-06,
  "tol": 0.0012541387482794752,
  "nmx": 2500,
  "nkv": 7,
  "nmr": 4,
  "ncy": 1,
  "sdtype": "float32",
  "ddtype": "float64",
  "cdtype": "float64",
  "rn": [
    610.590974219307,
    234.83196748726175,
    104.5714253560679,
    47.67450468236325,
    21.631255270103626,
    10.19940863676618,
    4.782717289229325,
    4.782717029976347,
    2.385100893144977,
    1.1798321294167105,
    0.5679100445017639,
    0.27395446857994515,
    0.1303035988572743,
    0.056894187059036906,
    0.026401488864027878,
    0.026401489354196783,
    0.013056354526247097,
    0.006425905621026378,
    0.0030996526967344397,
    0.0015260582251505675,
    0.0007369993799823165,
    0.0007369993786693669
  ],
  "i": [
    0,
    1,
    2,
    3,
    4,
    5,
    6,
    7,
    8,
    9,
    10,
    11,
    12,
    13,
    14,
    15,
    16,
    17,
    18,
    19,
    20,
    21
  ],
  "reset": [
    7,
    15,
    21
  ],
  "duration": [
    8.82540225982666,
    8.824517965316772,
    8.833037614822388,
    8.836570501327515,
    8.820056676864624,
    8.831339359283447,
    8.81302285194397,
    8.830729722976685,
    8.825168132781982,
    8.825900793075562,
    8.827100038528442,
    8.845723628997803,
    8.822489976882935,
    8.838674306869507,
    8.804269790649414,
    8.81358551979065,
    8.827367067337036,
    8.824945211410522,
    8.804786682128906,
    8.813308954238892
  ],
  "status": 19
}