{
  "gpu": true,
  "device": "gpu",
  "infile": "../matrix/cgne_init_4096_dble_csr.dat",
  "matfile": null,
  "k": 0.0,
  "kc": 0.0,
  "reordering": false,
  "preconditioning": true,
  "vol": 4096,
  "dim": 49152,
  "lattice": "8x8x8x8",
  "blk_dim": 12288,
  "bs": "8x8x4x4",
  "res": 1e-06,
  "tol": 0.00031353468703945405,
  "nmx": 125,
  "nkv": 7,
  "nmr": 20,
  "ncy": 4,
  "sdtype": "float32",
  "ddtype": "float64",
  "cdtype": "float64",
  "rn": [
    9.643375927204309,
    1.5308270875326617,
    0.3971156805865667,
    0.08159776216365937,
    0.01878189482992659,
    0.004546326749424567,
    0.0010259608440106084,
    0.001027411698699238,
    0.00029236965945798204,
    0.00029236966225760987
  ],
  "i": [
    0,
    1,
    2,
    3,
    4,
    5,
    6,
    7,
    8,
    9
  ],
  "reset": [
    7,
    9
  ],
  "duration": [
    1.3989949226379395,
    1.2327353954315186,
    1.236266851425171,
    1.2371695041656494,
    1.2363519668579102,
    1.2334654331207275,
    1.2316570281982422,
    1.2287077903747559,
    1.2330942153930664,
    1.2322216033935547,
    1.2325434684753418,
    1.2345805168151855,
    1.2279052734375,
    1.2286980152130127,
    1.2321908473968506,
    1.2256426811218262,
    1.2361576557159424,
    1.2314791679382324,
    1.2271909713745117,
    1.227400541305542
  ],
  "status": 8
}