{
  "gpu": false,
  "device": "hybrid",
  "infile": "../matrix/cgne_init_4096_dble_csr.dat",
  "matfile": "../matrix/conf6_0-8x8-20/conf6_0-8x8-20.mtx",
  "k": 0.15,
  "kc": 0.15717,
  "reordering": true,
  "preconditioning": true,
  "vol": 4096,
  "dim": 49152,
  "lattice": "8x8x8x8",
  "blk_dim": 3072,
  "bs": "4x4x4x4",
  "res": 1e-06,
  "tol": 0.0003135346870762468,
  "nmx": 417,
  "nkv": 7,
  "nmr": 6,
  "ncy": 4,
  "sdtype": "float64",
  "ddtype": "float64",
  "cdtype": "float64",
  "rn": [
    11.883143673970393,
    2.470104745121161,
    0.6302200479028325,
    0.17776543407666404,
    0.04946217785377049,
    0.014416156543082136,
    0.004118614247057394,
    0.004118614247057849,
    0.001274027636524908,
    0.000393212466308866,
    0.00011522214730921152,
    0.00011522214730882889
  ],
  "i": [
    0,
    1,
    2,
    3,
    4,
    5,
    6,
    7,
    8,
    9,
    10,
    11
  ],
  "reset": [
    7,
    11
  ],
  "duration": [
    2.2932374477386475,
    2.289841890335083,
    2.2882895469665527,
    2.2902839183807373,
    2.2881858348846436,
    2.286264657974243,
    2.2828285694122314,
    2.2897393703460693,
    2.2884745597839355,
    2.290529489517212,
    2.2902982234954834,
    2.283419370651245,
    2.285074234008789,
    2.290297031402588,
    2.2891759872436523,
    2.2867040634155273,
    2.2794888019561768,
    2.2888827323913574,
    2.288747787475586,
    2.287214756011963
  ],
  "status": 10
}