{
  "gpu": true,
  "device": "gpu",
  "infile": "../matrix/cgne_init_4096_dble_csr.dat",
  "matfile": "../matrix/conf6_0-8x8-30/conf6.0-00l8x8-3000.mtx",
  "k": 0.05,
  "kc": 0.15649,
  "reordering": true,
  "preconditioning": true,
  "vol": 4096,
  "dim": 49152,
  "lattice": "8x8x8x8",
  "blk_dim": 6144,
  "bs": "8x4x4x4",
  "res": 1e-06,
  "tol": 0.0003135346870762468,
  "nmx": 417,
  "nkv": 7,
  "nmr": 4,
  "ncy": 6,
  "sdtype": "float64",
  "ddtype": "float64",
  "cdtype": "float64",
  "rn": [
    5.400717161311175e-09,
    5.4007168863287325e-09
  ],
  "i": [
    0,
    1
  ],
  "reset": [
    1
  ],
  "duration": [
    0.10388469696044922,
    0.10351991653442383,
    0.1036221981048584,
    0.10380077362060547,
    0.10399675369262695,
    0.10416269302368164,
    0.10374259948730469,
    0.10691475868225098,
    0.1038215160369873,
    0.10395002365112305,
    0.10408306121826172,
    0.10380291938781738,
    0.10391950607299805,
    0.10389566421508789,
    0.10016584396362305,
    0.10380864143371582,
    0.10393691062927246,
    0.1036520004272461,
    0.10388803482055664,
    0.1030585765838623
  ],
  "status": 1
}