{
  "gpu": false,
  "device": "hybrid",
  "infile": "../matrix/cgne_init_65536_dble_csr.dat",
  "matfile": null,
  "k": 0.0,
  "kc": 0.0,
  "reordering": false,
  "preconditioning": true,
  "vol": 65536,
  "dim": 786432,
  "lattice": "16x16x16x16",
  "blk_dim": 12288,
  "bs": "8x8x4x4",
  "res": 1e-06,
  "tol": 0.0012541387483049865,
  "nmx": 210,
  "nkv": 7,
  "nmr": 12,
  "ncy": 4,
  "sdtype": "float64",
  "ddtype": "float64",
  "cdtype": "float64",
  "rn": [
    60.08894679544145,
    4.533074814280527,
    0.3646758029228756,
    0.030388377083850254,
    0.002635046398198035,
    0.00023657713165847437,
    0.00023657713165805278
  ],
  "i": [
    0,
    1,
    2,
    3,
    4,
    5,
    6
  ],
  "reset": [
    6
  ],
  "duration": [
    12.820183277130127,
    12.825180768966675,
    12.833958387374878,
    12.838998079299927,
    12.836525201797485,
    12.847999572753906,
    12.83317255973816,
    12.849099159240723,
    12.849264860153198,
    12.851451635360718,
    12.848621845245361,
    12.848170042037964,
    12.836710214614868,
    12.853654384613037,
    12.845636367797852,
    12.864135980606079,
    13.132613897323608,
    13.12957239151001,
    12.962040901184082,
    12.920608043670654
  ],
  "status": 6
}