{
  "gpu": false,
  "device": "cpu",
  "infile": "../matrix/cgne_init_4096_dble_csr.dat",
  "matfile": "../matrix/conf6_0-8x8-20/conf6_0-8x8-20.mtx",
  "k": 0.15,
  "kc": 0.15717,
  "reordering": true,
  "preconditioning": true,
  "vol": 4096,
  "dim": 49152,
  "lattice": "8x8x8x8",
  "blk_dim": 12288,
  "bs": "8x8x4x4",
  "res": 1e-06,
  "tol": 0.0003135346870547978,
  "nmx": 250,
  "nkv": 7,
  "nmr": 10,
  "ncy": 4,
  "sdtype": "float32",
  "ddtype": "float64",
  "cdtype": "float32",
  "rn": [
    4.483931605774517,
    0.37521532603882224,
    0.03979131808500425,
    0.003878712709666418,
    0.0004057510286393206,
    0.00012311865791290267,
    0.00014129708786394477
  ],
  "i": [
    0,
    1,
    2,
    3,
    4,
    5,
    6
  ],
  "reset": [
    6
  ],
  "duration": [
    2.4769434928894043,
    2.475205898284912,
    2.480299711227417,
    2.472337007522583,
    2.4783823490142822,
    2.474510431289673,
    2.4775426387786865,
    2.475878953933716,
    2.4681100845336914,
    2.466578722000122,
    2.468803882598877,
    2.476818323135376,
    2.4752273559570312,
    2.4700310230255127,
    2.4751906394958496,
    2.475728988647461,
    2.4767239093780518,
    2.476555824279785,
    2.4772896766662598,
    2.476518154144287
  ],
  "status": 6
}