{
  "gpu": true,
  "device": "gpu",
  "infile": "../matrix/cgne_init_4096_dble_csr.dat",
  "matfile": "../matrix/conf6_0-8x8-20/conf6_0-8x8-20.mtx",
  "k": 0.15,
  "kc": 0.15717,
  "reordering": true,
  "preconditioning": true,
  "vol": 4096,
  "dim": 49152,
  "lattice": "8x8x8x8",
  "blk_dim": 24576,
  "bs": "8x8x8x4",
  "res": 1e-06,
  "tol": 0.00031353468703945405,
  "nmx": 250,
  "nkv": 7,
  "nmr": 4,
  "ncy": 10,
  "sdtype": "float32",
  "ddtype": "float64",
  "cdtype": "float32",
  "rn": [
    2.2269959368368544,
    0.24125226129583946,
    0.028558620754579586,
    0.0030339407817681994,
    0.00032949605911797704,
    4.299080623451932e-05,
    7.187967400652565e-05
  ],
  "i": [
    0,
    1,
    2,
    3,
    4,
    5,
    6
  ],
  "reset": [
    6
  ],
  "duration": [
    0.4559152126312256,
    0.2897965908050537,
    0.28633880615234375,
    0.2926502227783203,
    0.283355712890625,
    0.2892491817474365,
    0.28939175605773926,
    0.2864856719970703,
    0.2854175567626953,
    0.28920960426330566,
    0.29366540908813477,
    0.283916711807251,
    0.29294657707214355,
    0.28600025177001953,
    0.2931637763977051,
    0.29009437561035156,
    0.2844517230987549,
    0.29030370712280273,
    0.2924799919128418,
    0.28977322578430176
  ],
  "status": 6
}