{
  "gpu": true,
  "device": "gpu",
  "infile": "../matrix/cgne_init_4096_dble_csr.dat",
  "matfile": "../matrix/conf6_0-8x8-30/conf6.0-00l8x8-3000.mtx",
  "k": 0.05,
  "kc": 0.15649,
  "reordering": true,
  "preconditioning": true,
  "vol": 4096,
  "dim": 49152,
  "lattice": "8x8x8x8",
  "blk_dim": 3072,
  "bs": "4x4x4x4",
  "res": 1e-06,
  "tol": 0.00031353468703945405,
  "nmx": 2500,
  "nkv": 7,
  "nmr": 1,
  "ncy": 4,
  "sdtype": "float32",
  "ddtype": "float64",
  "cdtype": "float32",
  "rn": [
    0.541922973185069,
    0.0017102061126651863,
    2.6076759855689548e-05,
    4.6850078887929684e-05
  ],
  "i": [
    0,
    1,
    2,
    3
  ],
  "reset": [
    3
  ],
  "duration": [
    0.30536866188049316,
    0.14027953147888184,
    0.1398317813873291,
    0.14181113243103027,
    0.1347370147705078,
    0.13632798194885254,
    0.13796138763427734,
    0.13868165016174316,
    0.1362299919128418,
    0.13740921020507812,
    0.13541102409362793,
    0.13678884506225586,
    0.1390094757080078,
    0.1395280361175537,
    0.13956665992736816,
    0.13956308364868164,
    0.13763737678527832,
    0.1367206573486328,
    0.13923025131225586,
    0.1372203826904297
  ],
  "status": 3
}