{
  "gpu": true,
  "device": "gpu",
  "infile": "../matrix/cgne_init_4096_dble_csr.dat",
  "matfile": "../matrix/conf6_0-8x8-30/conf6.0-00l8x8-3000.mtx",
  "k": 0.15649,
  "kc": 0.15649,
  "reordering": true,
  "preconditioning": true,
  "vol": 4096,
  "dim": 49152,
  "lattice": "8x8x8x8",
  "blk_dim": 3072,
  "bs": "4x4x4x4",
  "res": 1e-06,
  "tol": 0.0003135346870762468,
  "nmx": 250,
  "nkv": 7,
  "nmr": 10,
  "ncy": 4,
  "sdtype": "float64",
  "ddtype": "float64",
  "cdtype": "float64",
  "rn": [
    22.903054147553313,
    9.954464491333594,
    5.085847895212701,
    3.1206149201033146,
    2.032970691266631,
    1.2524029491726427,
    0.7344502791575594,
    0.7344502791575593,
    0.47348753583112535,
    0.31898406484814834,
    0.21157255291942156,
    0.12381177605993937,
    0.06533887743263736,
    0.034948302308887014,
    0.018808771069403433,
    0.01880877106940359,
    0.011966529076502502,
    0.008055031744047435,
    0.005317020731698299,
    0.0034922023686803296,
    0.0023487247041562736,
    0.0014835504481191249,
    0.0009305866739608996,
    0.0009305866739610085,
    0.0005951938113314994,
    0.00039083107478380546,
    0.0002656663885687851,
    0.0002656663885689949
  ],
  "i": [
    0,
    1,
    2,
    3,
    4,
    5,
    6,
    7,
    8,
    9,
    10,
    11,
    12,
    13,
    14,
    15,
    16,
    17,
    18,
    19,
    20,
    21,
    22,
    23,
    24,
    25,
    26,
    27
  ],
  "reset": [
    7,
    15,
    23,
    27
  ],
  "duration": [
    7.705634832382202,
    7.527632236480713,
    7.538898229598999,
    7.509572744369507,
    7.495973348617554,
    7.501187562942505,
    7.527917146682739,
    7.497569799423218,
    7.489844799041748,
    7.463529109954834,
    7.460947275161743,
    7.440067529678345,
    7.462471961975098,
    7.452161073684692,
    7.439600229263306,
    7.426950693130493,
    7.431293487548828,
    7.460196495056152,
    7.452221155166626,
    7.452548980712891
  ],
  "status": 24
}