{
  "gpu": true,
  "infile": "../matrix/cgne_init_65536_dble_csr.dat",
  "matfile": null,
  "k": 0.0,
  "kc": 0.0,
  "reordering": false,
  "preconditioning": true,
  "vol": 65536,
  "dim": 786048,
  "lattice": "16x16x16x16",
  "blk_dim": 196512,
  "bs": "16x16x8x8",
  "res": 1e-06,
  "tol": 0.0012541387482808122,
  "nmx": 2500,
  "nkv": 7,
  "nmr": 4,
  "ncy": 1,
  "sdtype": "float32",
  "ddtype": "float64",
  "cdtype": "float32",
  "rn": [
    610.7050875398754,
    234.90069117325604,
    104.62147637945513,
    47.70559814027207,
    21.648094931697788,
    10.20921008115624,
    4.788455487533178,
    4.7884554636801,
    2.3888611733802305,
    1.1820981820695087,
    0.5690056688903838,
    0.2746692423293551,
    0.13070618598767964,
    0.057056248108156064,
    0.026501388474496856,
    0.026501388694667727,
    0.013120577872103217,
    0.006465966205801149,
    0.0031212758204855057,
    0.001542155410757859,
    0.0007470258490845509,
    0.000747025850485683
  ],
  "i": [
    0,
    1,
    2,
    3,
    4,
    5,
    6,
    7,
    8,
    9,
    10,
    11,
    12,
    13,
    14,
    15,
    16,
    17,
    18,
    19,
    20,
    21
  ],
  "reset": [
    7,
    15,
    21
  ],
  "duration": 1.6854307651519775,
  "status": 19
}