{
  "gpu": true,
  "device": "gpu",
  "infile": "../matrix/cgne_init_4096_dble_csr.dat",
  "matfile": "../matrix/conf6_0-8x8-30/conf6.0-00l8x8-3000.mtx",
  "k": 0.15649,
  "kc": 0.15649,
  "reordering": true,
  "preconditioning": true,
  "vol": 4096,
  "dim": 49152,
  "lattice": "8x8x8x8",
  "blk_dim": 3072,
  "bs": "4x4x4x4",
  "res": 1e-06,
  "tol": 0.0003135346870762468,
  "nmx": 417,
  "nkv": 7,
  "nmr": 2,
  "ncy": 12,
  "sdtype": "float64",
  "ddtype": "float64",
  "cdtype": "float64",
  "rn": [
    16.38404765509362,
    8.811683607547259,
    5.678256438147838,
    3.4997313573017257,
    2.187579322638543,
    1.3245423511852064,
    0.8317682558713224,
    0.8317682558713225,
    0.5775525404881775,
    0.38202300488919644,
    0.25932421781748205,
    0.1767249689153526,
    0.11584547627848377,
    0.07642407914354765,
    0.05089901612617185,
    0.050899016126171946,
    0.03505140027606689,
    0.024052563229797243,
    0.016029086865588394,
    0.009975025849359435,
    0.006589163865768475,
    0.0041984333021124485,
    0.002442739520756323,
    0.0024427395207558757,
    0.0015337059278983504,
    0.0010642227420206308,
    0.000765539873563479,
    0.0005337088512386859,
    0.00037257431500108796,
    0.0002505102294114197,
    0.0002505102294116863
  ],
  "i": [
    0,
    1,
    2,
    3,
    4,
    5,
    6,
    7,
    8,
    9,
    10,
    11,
    12,
    13,
    14,
    15,
    16,
    17,
    18,
    19,
    20,
    21,
    22,
    23,
    24,
    25,
    26,
    27,
    28,
    29,
    30
  ],
  "reset": [
    7,
    15,
    23,
    30
  ],
  "duration": [
    6.259373188018799,
    6.073923587799072,
    6.081299066543579,
    6.076197385787964,
    6.083064317703247,
    6.088223457336426,
    6.116469860076904,
    6.101059436798096,
    6.0752904415130615,
    6.090478897094727,
    6.072557210922241,
    6.090885162353516,
    6.080241680145264,
    6.109258413314819,
    6.095475673675537,
    6.095071792602539,
    6.10546350479126,
    6.097023963928223,
    6.106528997421265,
    6.124446630477905
  ],
  "status": 27
}