{
  "gpu": false,
  "device": "hybrid",
  "infile": "../matrix/fgcr_check3_4096_dble_csr.dat",
  "matfile": null,
  "k": 0.0,
  "kc": 0.0,
  "reordering": false,
  "preconditioning": true,
  "vol": 4096,
  "dim": 49152,
  "lattice": "8x8x8x8",
  "blk_dim": 3072,
  "bs": "4x4x4x4",
  "res": 1e-06,
  "tol": 0.0003135346870762468,
  "nmx": 1250,
  "nkv": 7,
  "nmr": 2,
  "ncy": 4,
  "sdtype": "float64",
  "ddtype": "float64",
  "cdtype": "float64",
  "rn": [
    43.37300183459148,
    13.493812077955505,
    5.521737161711774,
    2.184047941061431,
    0.8290427378264251,
    0.3307371522119235,
    0.12941327993970492,
    0.12941327993970486,
    0.056110968865151885,
    0.027143992560159574,
    0.00966736050405713,
    0.003948859295763542,
    0.001661876379350965,
    0.000542372357604963,
    0.00020091881785685794,
    0.00020091881785659025
  ],
  "i": [
    0,
    1,
    2,
    3,
    4,
    5,
    6,
    7,
    8,
    9,
    10,
    11,
    12,
    13,
    14,
    15
  ],
  "reset": [
    7,
    15
  ],
  "duration": [
    2.645930528640747,
    2.6543426513671875,
    2.65095591545105,
    2.6404383182525635,
    2.6536478996276855,
    2.6537270545959473,
    2.647106170654297,
    2.645505905151367,
    2.644519567489624,
    2.644444227218628,
    2.6426265239715576,
    2.642505645751953,
    2.641042709350586,
    2.6411519050598145,
    2.6316754817962646,
    2.635486602783203,
    2.6363327503204346,
    2.635537624359131,
    2.6339359283447266,
    2.6405084133148193
  ],
  "status": 14
}