{
  "gpu": true,
  "device": "gpu",
  "infile": "../matrix/cgne_init_65536_dble_csr.dat",
  "matfile": null,
  "k": 0.0,
  "kc": 0.0,
  "reordering": false,
  "preconditioning": true,
  "vol": 65536,
  "dim": 786048,
  "lattice": "16x16x16x16",
  "blk_dim": 98256,
  "bs": "16x8x8x8",
  "res": 1e-06,
  "tol": 0.0012541387483049871,
  "nmx": 1250,
  "nkv": 7,
  "nmr": 2,
  "ncy": 4,
  "sdtype": "float64",
  "ddtype": "float64",
  "cdtype": "float64",
  "rn": [
    565.7917002024559,
    272.51806179165743,
    120.21480675667283,
    52.47537128240126,
    23.14072979683267,
    10.299210792005308,
    4.631970780438763,
    4.631970780438763,
    2.563040873714016,
    1.0596896421463624,
    0.454486268246246,
    0.19962661113995483,
    0.09295385303547478,
    0.04379134395942514,
    0.020034096673771044,
    0.020034096673770818,
    0.011035822861208031,
    0.005065879124074198,
    0.002122082531899041,
    0.0009650993202278514,
    0.0009650993202280181
  ],
  "i": [
    0,
    1,
    2,
    3,
    4,
    5,
    6,
    7,
    8,
    9,
    10,
    11,
    12,
    13,
    14,
    15,
    16,
    17,
    18,
    19,
    20
  ],
  "reset": [
    7,
    15,
    20
  ],
  "duration": [
    1.1358606815338135,
    0.9674513339996338,
    0.9692609310150146,
    0.9620375633239746,
    0.9632172584533691,
    0.9611995220184326,
    0.9594528675079346,
    0.9562082290649414,
    0.9675905704498291,
    0.9624371528625488,
    0.9618165493011475,
    0.9520971775054932,
    0.9526293277740479,
    0.9647905826568604,
    0.9620287418365479,
    0.9562745094299316,
    0.959895133972168,
    0.9583580493927002,
    0.9648582935333252,
    0.964160680770874
  ],
  "status": 18
}