{
  "gpu": true,
  "device": "gpu",
  "infile": "../matrix/cgne_init_4096_dble_csr.dat",
  "matfile": "../matrix/conf6_0-8x8-20/conf6_0-8x8-20.mtx",
  "k": 0.15717,
  "kc": 0.15717,
  "reordering": true,
  "preconditioning": true,
  "vol": 4096,
  "dim": 49152,
  "lattice": "8x8x8x8",
  "blk_dim": 12288,
  "bs": "8x8x4x4",
  "res": 1e-06,
  "tol": 0.0003135346870762468,
  "nmx": 417,
  "nkv": 7,
  "nmr": 4,
  "ncy": 6,
  "sdtype": "float64",
  "ddtype": "float64",
  "cdtype": "float64",
  "rn": [
    19.77266758738209,
    10.03522807898582,
    5.88371079105147,
    3.3567613650134467,
    2.0204403955955548,
    1.2310423468255753,
    0.7612436936200746,
    0.7612436936200739,
    0.4710606199304792,
    0.3041572857903452,
    0.19367952817657624,
    0.12426104747445102,
    0.07580602214639315,
    0.04437286391946545,
    0.026446692216846264,
    0.026446692216845973,
    0.01607240640799134,
    0.009629376018259016,
    0.005445558814304871,
    0.0034888292848494974,
    0.002213148799159766,
    0.0014944371978204793,
    0.0009637307933239214,
    0.0009637307933243039,
    0.0006301279192890665,
    0.0004196686365296033,
    0.0002795931092524135,
    0.00027959310925239675
  ],
  "i": [
    0,
    1,
    2,
    3,
    4,
    5,
    6,
    7,
    8,
    9,
    10,
    11,
    12,
    13,
    14,
    15,
    16,
    17,
    18,
    19,
    20,
    21,
    22,
    23,
    24,
    25,
    26,
    27
  ],
  "reset": [
    7,
    15,
    23,
    27
  ],
  "duration": [
    1.4492664337158203,
    1.2923583984375,
    1.2960782051086426,
    1.290172815322876,
    1.2885193824768066,
    1.2939982414245605,
    1.2962768077850342,
    1.2901365756988525,
    1.2936835289001465,
    1.2931721210479736,
    1.2954556941986084,
    1.2930827140808105,
    1.28810453414917,
    1.2907874584197998,
    1.2994194030761719,
    1.296354055404663,
    1.2924938201904297,
    1.2926957607269287,
    1.2906033992767334,
    1.291419506072998
  ],
  "status": 24
}