{
  "gpu": false,
  "device": "cpu",
  "infile": "../matrix/cgne_init_65536_dble_csr.dat",
  "matfile": null,
  "k": 0.0,
  "kc": 0.0,
  "reordering": false,
  "preconditioning": true,
  "vol": 65536,
  "dim": 786048,
  "lattice": "16x16x16x16",
  "blk_dim": 24564,
  "bs": "8x8x8x4",
  "res": 1e-06,
  "tol": 0.0012541387482794752,
  "nmx": 313,
  "nkv": 7,
  "nmr": 4,
  "ncy": 8,
  "sdtype": "float32",
  "ddtype": "float64",
  "cdtype": "float32",
  "rn": [
    224.81842698304607,
    47.533584946439724,
    9.085699151570791,
    2.03299805522925,
    0.385013435023762,
    0.0823428401967717,
    0.016189030535300936,
    0.016184553454368037,
    0.003453253737091331,
    0.0006580740417929386,
    0.0006580740275307408
  ],
  "i": [
    0,
    1,
    2,
    3,
    4,
    5,
    6,
    7,
    8,
    9,
    10
  ],
  "reset": [
    7,
    10
  ],
  "duration": [
    20.981950283050537,
    21.044997453689575,
    21.05386734008789,
    21.086275100708008,
    21.089166402816772,
    21.09031844139099,
    21.0675847530365,
    21.08084225654602,
    21.05117964744568,
    21.073022842407227,
    21.06384301185608,
    21.017860174179077,
    21.085594177246094,
    21.118571281433105,
    21.060175895690918,
    21.013771772384644,
    21.073640823364258,
    21.06070303916931,
    21.011409521102905,
    21.026362657546997
  ],
  "status": 9
}