{
  "gpu": false,
  "device": "hybrid",
  "infile": "../matrix/cgne_init_4096_dble_csr.dat",
  "matfile": "../matrix/conf6_0-8x8-30/conf6.0-00l8x8-3000.mtx",
  "k": 0.05,
  "kc": 0.15649,
  "reordering": false,
  "preconditioning": false,
  "vol": 4096,
  "dim": 49152,
  "lattice": "8x8x8x8",
  "blk_dim": 12288,
  "bs": "8x8x4x4",
  "res": 1e-06,
  "tol": 0.0003135346870762468,
  "nmx": 10000,
  "nkv": 7,
  "nmr": 0,
  "ncy": 0,
  "sdtype": "float64",
  "ddtype": "float64",
  "cdtype": "float64",
  "rn": [
    61.625004975411805,
    13.571582779908766,
    3.2152912078630935,
    0.7816502030028136,
    0.19458505669769977,
    0.04872017135294122,
    0.012307499483668544,
    0.01230749948366929,
    0.0032386054915988223,
    0.00080409868859444,
    0.0002080175569217974,
    0.00020801755692148225
  ],
  "i": [
    0,
    1,
    2,
    3,
    4,
    5,
    6,
    7,
    8,
    9,
    10,
    11
  ],
  "reset": [
    7,
    11
  ],
  "duration": [
    0.12173962593078613,
    0.20393109321594238,
    0.1612849235534668,
    0.19144058227539062,
    0.14565443992614746,
    0.21721148490905762,
    0.11979484558105469,
    0.17994213104248047,
    0.12074613571166992,
    0.16153669357299805,
    0.13077735900878906,
    0.15056753158569336,
    0.15882658958435059,
    0.12282776832580566,
    0.1819608211517334,
    0.1816108226776123,
    0.2010040283203125,
    0.23960638046264648,
    0.24680590629577637,
    0.23809289932250977
  ],
  "status": 10
}