{
  "gpu": false,
  "device": "cpu",
  "infile": "../matrix/cgne_init_4096_dble_csr.dat",
  "matfile": "../matrix/conf6_0-8x8-30/conf6.0-00l8x8-3000.mtx",
  "k": 0.15649,
  "kc": 0.15649,
  "reordering": true,
  "preconditioning": true,
  "vol": 4096,
  "dim": 49152,
  "lattice": "8x8x8x8",
  "blk_dim": 24576,
  "bs": "8x8x8x4",
  "res": 1e-06,
  "tol": 0.0003135346870547978,
  "nmx": 125,
  "nkv": 7,
  "nmr": 4,
  "ncy": 20,
  "sdtype": "float32",
  "ddtype": "float64",
  "cdtype": "float64",
  "rn": [
    7.598255179865182,
    3.818071688923348,
    2.093131341323321,
    1.107062007441734,
    0.6463390242803856,
    0.3223628747631553,
    0.17146117973126102,
    0.17146144361522356,
    0.09692036225510026,
    0.055094034234137904,
    0.025418312856919097,
    0.01303873946578342,
    0.007255977242068693,
    0.0038270406836106814,
    0.0019747731698136497,
    0.001974772848236587,
    0.0011038094222908653,
    0.0006234183248690116,
    0.0003535618915665458,
    0.00019914144192299715,
    0.00019914142831819123
  ],
  "i": [
    0,
    1,
    2,
    3,
    4,
    5,
    6,
    7,
    8,
    9,
    10,
    11,
    12,
    13,
    14,
    15,
    16,
    17,
    18,
    19,
    20
  ],
  "reset": [
    7,
    15,
    20
  ],
  "duration": [
    15.624966144561768,
    15.62494969367981,
    15.566314458847046,
    15.564606428146362,
    15.540008783340454,
    15.557284355163574,
    15.549513339996338,
    15.548566579818726,
    15.549445390701294,
    15.570874691009521,
    15.592909336090088,
    15.600401163101196,
    15.56658673286438,
    15.547269105911255,
    15.542294025421143,
    15.548898935317993,
    15.559135675430298,
    15.567164421081543,
    15.563129901885986,
    15.563481092453003
  ],
  "status": 18
}