{
  "gpu": false,
  "device": "cpu",
  "infile": "../matrix/cgne_init_4096_dble_csr.dat",
  "matfile": "../matrix/conf6_0-8x8-30/conf6.0-00l8x8-3000.mtx",
  "k": 0.05,
  "kc": 0.15649,
  "reordering": true,
  "preconditioning": true,
  "vol": 4096,
  "dim": 49152,
  "lattice": "8x8x8x8",
  "blk_dim": 12288,
  "bs": "8x8x4x4",
  "res": 1e-06,
  "tol": 0.0003135346870762468,
  "nmx": 2500,
  "nkv": 7,
  "nmr": 1,
  "ncy": 4,
  "sdtype": "float64",
  "ddtype": "float64",
  "cdtype": "float64",
  "rn": [
    0.7100012424169426,
    0.0035139555251967607,
    1.9335397665828832e-05,
    1.93353976657606e-05
  ],
  "i": [
    0,
    1,
    2,
    3
  ],
  "reset": [
    3
  ],
  "duration": [
    0.2581467628479004,
    0.18605351448059082,
    0.24654793739318848,
    0.17557430267333984,
    0.15853524208068848,
    0.19022750854492188,
    0.18527936935424805,
    0.14684104919433594,
    0.19132018089294434,
    0.19182252883911133,
    0.14562463760375977,
    0.1908574104309082,
    0.19184255599975586,
    0.15776681900024414,
    0.29386281967163086,
    0.1665644645690918,
    0.18956208229064941,
    0.18904542922973633,
    0.22307515144348145,
    0.2520599365234375
  ],
  "status": 3
}