{
  "gpu": false,
  "device": "cpu",
  "infile": "../matrix/cgne_init_4096_dble_csr.dat",
  "matfile": "../matrix/conf6_0-8x8-30/conf6.0-00l8x8-3000.mtx",
  "k": 0.15649,
  "kc": 0.15649,
  "reordering": true,
  "preconditioning": true,
  "vol": 4096,
  "dim": 49152,
  "lattice": "8x8x8x8",
  "blk_dim": 12288,
  "bs": "8x8x4x4",
  "res": 1e-06,
  "tol": 0.0003135346870547978,
  "nmx": 125,
  "nkv": 7,
  "nmr": 20,
  "ncy": 4,
  "sdtype": "float32",
  "ddtype": "float64",
  "cdtype": "float64",
  "rn": [
    15.989305530099303,
    7.428455488676094,
    3.7426927266128347,
    1.836778443649003,
    0.9952358795324554,
    0.5137899415387103,
    0.25149526353576124,
    0.25149514850771937,
    0.1378428017287925,
    0.08448748445853656,
    0.05028429544810906,
    0.022990757453877984,
    0.009461479640357184,
    0.0037298717005630998,
    0.0015942641229828721,
    0.0015942627648202884,
    0.000804582159600496,
    0.00036054674982106434,
    0.00018358691244671382,
    0.00018358691463275196
  ],
  "i": [
    0,
    1,
    2,
    3,
    4,
    5,
    6,
    7,
    8,
    9,
    10,
    11,
    12,
    13,
    14,
    15,
    16,
    17,
    18,
    19
  ],
  "reset": [
    7,
    15,
    19
  ],
  "duration": [
    14.321403980255127,
    14.327755451202393,
    14.328752517700195,
    14.30979871749878,
    14.304174184799194,
    14.303959369659424,
    14.301759958267212,
    14.297303438186646,
    14.319266557693481,
    14.322911977767944,
    14.328211545944214,
    14.295827627182007,
    14.314666271209717,
    14.303988695144653,
    14.301519870758057,
    14.305211067199707,
    14.323886632919312,
    14.294542074203491,
    14.299433708190918,
    14.290395736694336
  ],
  "status": 17
}