{
  "gpu": false,
  "device": "hybrid",
  "infile": "../matrix/cgne_init_4096_dble_csr.dat",
  "matfile": null,
  "k": 0.0,
  "kc": 0.0,
  "reordering": false,
  "preconditioning": true,
  "vol": 4096,
  "dim": 49152,
  "lattice": "8x8x8x8",
  "blk_dim": 24576,
  "bs": "8x8x8x4",
  "res": 1e-06,
  "tol": 0.0003135346870547978,
  "nmx": 417,
  "nkv": 7,
  "nmr": 12,
  "ncy": 2,
  "sdtype": "float32",
  "ddtype": "float64",
  "cdtype": "float32",
  "rn": [
    57.62903442880868,
    17.153168432157095,
    6.503356556806005,
    2.47659252274185,
    0.9419609275994837,
    0.3612452703675261,
    0.13946470685149792,
    0.13946485394025956,
    0.05774892868551288,
    0.02367880864459004,
    0.008989081720847128,
    0.0036271867938461894,
    0.0014703631856358575,
    0.0005807604988642929,
    0.0002383338597244467,
    0.00023833418879711012
  ],
  "i": [
    0,
    1,
    2,
    3,
    4,
    5,
    6,
    7,
    8,
    9,
    10,
    11,
    12,
    13,
    14,
    15
  ],
  "reset": [
    7,
    15
  ],
  "duration": [
    0.7647750377655029,
    0.7653946876525879,
    0.7635254859924316,
    0.7677218914031982,
    0.7640929222106934,
    0.7641348838806152,
    0.7666916847229004,
    0.7625176906585693,
    0.7646467685699463,
    0.7645425796508789,
    0.7647271156311035,
    0.7647683620452881,
    0.7640602588653564,
    0.762683629989624,
    0.76324462890625,
    0.7637186050415039,
    0.7625713348388672,
    0.765805721282959,
    0.7624027729034424,
    0.7630648612976074
  ],
  "status": 14
}