{
  "gpu": true,
  "device": "gpu",
  "infile": "../matrix/cgne_init_4096_dble_csr.dat",
  "matfile": "../matrix/conf6_0-8x8-20/conf6_0-8x8-20.mtx",
  "k": 0.15,
  "kc": 0.15717,
  "reordering": true,
  "preconditioning": true,
  "vol": 4096,
  "dim": 49152,
  "lattice": "8x8x8x8",
  "blk_dim": 3072,
  "bs": "4x4x4x4",
  "res": 1e-06,
  "tol": 0.0003135346870762468,
  "nmx": 250,
  "nkv": 7,
  "nmr": 4,
  "ncy": 10,
  "sdtype": "float64",
  "ddtype": "float64",
  "cdtype": "float64",
  "rn": [
    2.5145209551609695,
    0.24417773915949564,
    0.025588274394226264,
    0.0025766043445929953,
    0.0002642099572266973,
    0.00026420995722665217
  ],
  "i": [
    0,
    1,
    2,
    3,
    4,
    5
  ],
  "reset": [
    5
  ],
  "duration": [
    1.8279902935028076,
    1.6720409393310547,
    1.6646850109100342,
    1.6679933071136475,
    1.6735234260559082,
    1.6696038246154785,
    1.670337200164795,
    1.6589605808258057,
    1.671454906463623,
    1.6657130718231201,
    1.6633760929107666,
    1.669466495513916,
    1.6706981658935547,
    1.6676487922668457,
    1.6804075241088867,
    1.6642329692840576,
    1.6625678539276123,
    1.6706554889678955,
    1.6673908233642578,
    1.6638312339782715
  ],
  "status": 5
}