{
  "gpu": false,
  "device": "hybrid",
  "infile": "../matrix/cgne_init_4096_dble_csr.dat",
  "matfile": "../matrix/conf6_0-8x8-30/conf6.0-00l8x8-3000.mtx",
  "k": 0.05,
  "kc": 0.15649,
  "reordering": true,
  "preconditioning": true,
  "vol": 4096,
  "dim": 49152,
  "lattice": "8x8x8x8",
  "blk_dim": 6144,
  "bs": "8x4x4x4",
  "res": 1e-06,
  "tol": 0.0003135346870762468,
  "nmx": 417,
  "nkv": 7,
  "nmr": 6,
  "ncy": 4,
  "sdtype": "float64",
  "ddtype": "float64",
  "cdtype": "float64",
  "rn": [
    3.140800992293623e-05,
    3.140800992258451e-05
  ],
  "i": [
    0,
    1
  ],
  "reset": [
    1
  ],
  "duration": [
    0.1401503086090088,
    0.18466973304748535,
    0.16406655311584473,
    0.1985776424407959,
    0.18056178092956543,
    0.14021754264831543,
    0.1401517391204834,
    0.1855611801147461,
    0.18732237815856934,
    0.14003825187683105,
    0.13994550704956055,
    0.1754601001739502,
    0.13953924179077148,
    0.15371251106262207,
    0.1656961441040039,
    0.1394209861755371,
    0.19251418113708496,
    0.18723440170288086,
    0.14018034934997559,
    0.1616964340209961
  ],
  "status": 1
}