{
  "gpu": false,
  "infile": "../matrix/cgne_init_4096_dble_csr.dat",
  "matfile": "../matrix/conf6_0-8x8-20/conf6_0-8x8-20.mtx",
  "k": 0.15,
  "kc": 0.15717,
  "reordering": true,
  "preconditioning": true,
  "vol": 4096,
  "dim": 49152,
  "lattice": "8x8x8x8",
  "blk_dim": 6144,
  "bs": "8x4x4x4",
  "res": 1e-06,
  "tol": 0.0003135346870762468,
  "nmx": 1250,
  "nkv": 7,
  "nmr": 4,
  "ncy": 2,
  "sdtype": "float64",
  "ddtype": "float64",
  "cdtype": "float64",
  "rn": [
    34.7475381385818,
    11.088646414575113,
    5.28394388017654,
    2.7548253068609014,
    1.517114163216154,
    0.8253522281141463,
    0.4625770862190415,
    0.4625770862190415,
    0.27975191165733493,
    0.16582128324140866,
    0.09910548665509174,
    0.05580715105414882,
    0.031394439057415326,
    0.015540788958437695,
    0.008847857414918019,
    0.008847857414918413,
    0.005443051573678675,
    0.00317878248417975,
    0.0019051563471079612,
    0.0010950311969447851,
    0.0006403138856470145,
    0.00035807159877450676,
    0.0002080364068221089,
    0.00020803640682182675
  ],
  "i": [
    0,
    1,
    2,
    3,
    4,
    5,
    6,
    7,
    8,
    9,
    10,
    11,
    12,
    13,
    14,
    15,
    16,
    17,
    18,
    19,
    20,
    21,
    22,
    23
  ],
  "reset": [
    7,
    15,
    23
  ],
  "duration": 2.3228442668914795,
  "status": 21
}