{
  "gpu": false,
  "device": "hybrid",
  "infile": "../matrix/cgne_init_4096_dble_csr.dat",
  "matfile": null,
  "k": 0.0,
  "kc": 0.0,
  "reordering": false,
  "preconditioning": true,
  "vol": 4096,
  "dim": 49152,
  "lattice": "8x8x8x8",
  "blk_dim": 24576,
  "bs": "8x8x8x4",
  "res": 1e-06,
  "tol": 0.0003135346870762468,
  "nmx": 417,
  "nkv": 7,
  "nmr": 4,
  "ncy": 6,
  "sdtype": "float64",
  "ddtype": "float64",
  "cdtype": "float64",
  "rn": [
    82.20462668553645,
    32.9304415790543,
    15.942668811487273,
    7.5733871576140075,
    3.7134817299441547,
    1.8687125560722637,
    0.9554453280460227,
    0.9554453280460231,
    0.5841191758035943,
    0.30598241200445153,
    0.15266779050711454,
    0.07592858544162964,
    0.03656395762585977,
    0.016166910442758267,
    0.006880106553523822,
    0.006880106553524148,
    0.00397970630187461,
    0.001917638886063485,
    0.0009084382763872979,
    0.00045929368213732443,
    0.00023438921853213737,
    0.00023438921853216645
  ],
  "i": [
    0,
    1,
    2,
    3,
    4,
    5,
    6,
    7,
    8,
    9,
    10,
    11,
    12,
    13,
    14,
    15,
    16,
    17,
    18,
    19,
    20,
    21
  ],
  "reset": [
    7,
    15,
    21
  ],
  "duration": [
    2.323467254638672,
    2.4364333152770996,
    2.422377347946167,
    2.4852380752563477,
    2.397724151611328,
    2.4295620918273926,
    2.494426727294922,
    2.3687758445739746,
    2.605050563812256,
    2.4396722316741943,
    2.3738536834716797,
    2.428847551345825,
    2.418757677078247,
    2.4238853454589844,
    2.418581008911133,
    2.421790838241577,
    2.426422119140625,
    2.500497341156006,
    2.451085329055786,
    2.5022389888763428
  ],
  "status": 19
}