{
  "gpu": true,
  "device": "gpu",
  "infile": "../matrix/cgne_init_4096_dble_csr.dat",
  "matfile": "../matrix/conf6_0-8x8-20/conf6_0-8x8-20.mtx",
  "k": 0.15,
  "kc": 0.15717,
  "reordering": true,
  "preconditioning": true,
  "vol": 4096,
  "dim": 49152,
  "lattice": "8x8x8x8",
  "blk_dim": 6144,
  "bs": "8x4x4x4",
  "res": 1e-06,
  "tol": 0.00031353468703945405,
  "nmx": 125,
  "nkv": 7,
  "nmr": 4,
  "ncy": 20,
  "sdtype": "float32",
  "ddtype": "float64",
  "cdtype": "float32",
  "rn": [
    0.21381325887497743,
    0.002230544151759484,
    3.7700800522791706e-05,
    8.371103724820341e-05
  ],
  "i": [
    0,
    1,
    2,
    3
  ],
  "reset": [
    3
  ],
  "duration": [
    1.17413330078125,
    1.013488531112671,
    1.0127253532409668,
    1.0053374767303467,
    1.0106151103973389,
    1.0166666507720947,
    1.0129082202911377,
    1.0078294277191162,
    1.0166966915130615,
    1.015702724456787,
    1.0141770839691162,
    1.0044758319854736,
    1.0077121257781982,
    1.005004644393921,
    1.009093999862671,
    1.0057427883148193,
    1.0134410858154297,
    1.0103759765625,
    1.0144696235656738,
    1.0072746276855469
  ],
  "status": 3
}