{
  "gpu": false,
  "device": "hybrid",
  "infile": "../matrix/cgne_init_4096_dble_csr.dat",
  "matfile": "../matrix/conf6_0-8x8-20/conf6_0-8x8-20.mtx",
  "k": 0.15,
  "kc": 0.15717,
  "reordering": true,
  "preconditioning": true,
  "vol": 4096,
  "dim": 49152,
  "lattice": "8x8x8x8",
  "blk_dim": 6144,
  "bs": "8x4x4x4",
  "res": 1e-06,
  "tol": 0.0003135346870547978,
  "nmx": 1250,
  "nkv": 7,
  "nmr": 4,
  "ncy": 2,
  "sdtype": "float32",
  "ddtype": "float64",
  "cdtype": "float32",
  "rn": [
    34.7475381292376,
    11.088645128696976,
    5.283943002377145,
    2.7548245268271603,
    1.5171135676404839,
    0.8253516414409434,
    0.4625765976627701,
    0.462576685220777,
    0.27975352738014336,
    0.16582245759325748,
    0.09910605652640583,
    0.05580748508903215,
    0.031394752411295364,
    0.015540815681705478,
    0.00884777975606994,
    0.008847780446702884,
    0.005443011788204154,
    0.00317874970306432,
    0.0019051340771445283,
    0.001095017175657077,
    0.0006403064756646895,
    0.0003580650852527002,
    0.00020803310272746013,
    0.00020803310446496293
  ],
  "i": [
    0,
    1,
    2,
    3,
    4,
    5,
    6,
    7,
    8,
    9,
    10,
    11,
    12,
    13,
    14,
    15,
    16,
    17,
    18,
    19,
    20,
    21,
    22,
    23
  ],
  "reset": [
    7,
    15,
    23
  ],
  "duration": [
    0.9750528335571289,
    0.9732656478881836,
    0.9735519886016846,
    0.9717578887939453,
    0.9729549884796143,
    0.9725751876831055,
    0.971961259841919,
    0.9680759906768799,
    0.9717886447906494,
    0.9724316596984863,
    0.9721448421478271,
    0.9732410907745361,
    0.9700560569763184,
    0.969846248626709,
    0.9704017639160156,
    0.9700751304626465,
    0.9692287445068359,
    0.97092604637146,
    0.9716842174530029,
    0.9688074588775635
  ],
  "status": 21
}