{
  "gpu": true,
  "device": "gpu",
  "infile": "../matrix/cgne_init_65536_dble_csr.dat",
  "matfile": null,
  "k": 0.0,
  "kc": 0.0,
  "reordering": false,
  "preconditioning": true,
  "vol": 65536,
  "dim": 786432,
  "lattice": "16x16x16x16",
  "blk_dim": 3072,
  "bs": "4x4x4x4",
  "res": 1e-06,
  "tol": 0.0012541387483049871,
  "nmx": 313,
  "nkv": 7,
  "nmr": 4,
  "ncy": 8,
  "sdtype": "float64",
  "ddtype": "float64",
  "cdtype": "float64",
  "rn": [
    223.4432285519495,
    46.94301752895286,
    8.830260616286488,
    1.9331363087471913,
    0.3698107932622697,
    0.07629301762746242,
    0.01495775890126207,
    0.01495775890126241,
    0.003114158156643514,
    0.0006370278771326077,
    0.0006370278771331339
  ],
  "i": [
    0,
    1,
    2,
    3,
    4,
    5,
    6,
    7,
    8,
    9,
    10
  ],
  "reset": [
    7,
    10
  ],
  "duration": [
    38.6932418346405,
    38.47289514541626,
    38.4898567199707,
    38.48218393325806,
    38.37260437011719,
    38.38600301742554,
    38.376813650131226,
    38.34482407569885,
    38.29743432998657,
    38.29242706298828,
    38.30735111236572,
    38.26089096069336,
    38.2315239906311,
    38.27622723579407,
    38.243308305740356,
    38.2831826210022,
    38.2836754322052,
    38.28880023956299,
    38.296695709228516,
    38.2968327999115
  ],
  "status": 9
}