{
  "gpu": false,
  "device": "cpu",
  "infile": "../matrix/cgne_init_4096_dble_csr.dat",
  "matfile": "../matrix/conf6_0-8x8-20/conf6_0-8x8-20.mtx",
  "k": 0.15717,
  "kc": 0.15717,
  "reordering": true,
  "preconditioning": true,
  "vol": 4096,
  "dim": 49152,
  "lattice": "8x8x8x8",
  "blk_dim": 12288,
  "bs": "8x8x4x4",
  "res": 1e-06,
  "tol": 0.0003135346870547978,
  "nmx": 417,
  "nkv": 7,
  "nmr": 6,
  "ncy": 4,
  "sdtype": "float32",
  "ddtype": "float64",
  "cdtype": "float64",
  "rn": [
    22.482539434250338,
    10.907962215492134,
    6.183126914961148,
    3.4284355034501237,
    2.0237266082595564,
    1.2051177442132135,
    0.7238375623918548,
    0.7238373076558615,
    0.4351862865842986,
    0.2753451531596357,
    0.16861926849004574,
    0.1041376599430289,
    0.06061400173854931,
    0.03319397552984416,
    0.019181757864501246,
    0.019181757488400876,
    0.011208647864314275,
    0.006497074523232877,
    0.003539712888661512,
    0.00220402727936168,
    0.0013835350458352579,
    0.0009018272121371907,
    0.000555632940587146,
    0.0005556328877673116,
    0.00034488085073165737,
    0.000225694600114846,
    0.0002256945995561698
  ],
  "i": [
    0,
    1,
    2,
    3,
    4,
    5,
    6,
    7,
    8,
    9,
    10,
    11,
    12,
    13,
    14,
    15,
    16,
    17,
    18,
    19,
    20,
    21,
    22,
    23,
    24,
    25,
    26
  ],
  "reset": [
    7,
    15,
    23,
    26
  ],
  "duration": [
    5.998484134674072,
    5.9998862743377686,
    5.994532346725464,
    5.991328477859497,
    5.992993354797363,
    5.991100549697876,
    5.9965925216674805,
    5.992440462112427,
    5.9876508712768555,
    5.988479137420654,
    5.989755153656006,
    5.990115404129028,
    5.990204095840454,
    5.973299026489258,
    5.982990264892578,
    5.983686208724976,
    5.990499019622803,
    5.9875853061676025,
    5.9906370639801025,
    5.999318361282349
  ],
  "status": 23
}