{
  "gpu": false,
  "infile": "../matrix/cgne_init_4096_dble_csr.dat",
  "matfile": null,
  "k": 0.0,
  "kc": 0.0,
  "reordering": false,
  "preconditioning": true,
  "vol": 4096,
  "dim": 49152,
  "lattice": "8x8x8x8",
  "blk_dim": 6144,
  "bs": "8x4x4x4",
  "res": 1e-06,
  "tol": 0.0003135346870547978,
  "nmx": 2500,
  "nkv": 7,
  "nmr": 4,
  "ncy": 1,
  "sdtype": "float32",
  "ddtype": "float64",
  "cdtype": "float32",
  "rn": [
    145.9648276673366,
    53.6840232434256,
    22.603741294775848,
    10.13897989445073,
    4.339473595421847,
    2.0611027723046895,
    0.9576316041917617,
    0.9576317010347905,
    0.4691800708268557,
    0.23143477259562423,
    0.11622397551820232,
    0.051721872516790814,
    0.02379178532942682,
    0.010773278226238883,
    0.005112862344373595,
    0.005112862767885531,
    0.00249169198405688,
    0.0012203942932491583,
    0.000620973291005208,
    0.00028219708847539865,
    0.00028219709301154246
  ],
  "i": [
    0,
    1,
    2,
    3,
    4,
    5,
    6,
    7,
    8,
    9,
    10,
    11,
    12,
    13,
    14,
    15,
    16,
    17,
    18,
    19,
    20
  ],
  "reset": [
    7,
    15,
    20
  ],
  "duration": [
    0.40053296089172363,
    0.401198148727417,
    0.4009695053100586,
    0.4007725715637207,
    0.4000966548919678,
    0.4009370803833008,
    0.4012753963470459,
    0.39997100830078125,
    0.4003324508666992,
    0.39986109733581543,
    0.4009997844696045,
    0.3999192714691162,
    0.4003417491912842,
    0.4006226062774658,
    0.40120387077331543,
    0.4017822742462158,
    0.4016692638397217,
    0.4023430347442627,
    0.4016551971435547,
    0.4006643295288086
  ],
  "status": 18
}