{
  "gpu": false,
  "infile": "../matrix/cgne_init_4096_dble_csr.dat",
  "matfile": null,
  "k": 0.0,
  "kc": 0.0,
  "reordering": false,
  "preconditioning": true,
  "vol": 4096,
  "dim": 49152,
  "lattice": "8x8x8x8",
  "blk_dim": 6144,
  "bs": "8x4x4x4",
  "res": 1e-06,
  "tol": 0.0003135346870547978,
  "nmx": 1250,
  "nkv": 7,
  "nmr": 4,
  "ncy": 2,
  "sdtype": "float32",
  "ddtype": "float64",
  "cdtype": "float32",
  "rn": [
    170.29796046008184,
    100.72160908997608,
    67.67811728483515,
    47.53529576638049,
    34.73446385194836,
    25.597468445366417,
    19.058085084660572,
    19.058085181852675,
    15.748345725864592,
    12.328277081520723,
    9.516431742296177,
    6.922049294736272,
    4.976649047078104,
    3.499257568767474,
    2.5574277047837777,
    2.5574277397482614,
    2.169831894293305,
    1.7620600614195885,
    1.3323740470840613,
    1.0215453571192443,
    0.7957317291938341,
    0.6322070747253336,
    0.50093712261962,
    0.5009371238849889,
    0.42215287578006105,
    0.33820953032667816,
    0.2583306971555422,
    0.19595747568633898,
    0.14929051965270052,
    0.12132524829686496,
    0.10096383710162672,
    0.10096383738075262,
    0.08765878047931357,
    0.07166165675210372,
    0.054017134502115455,
    0.04102097463807982,
    0.032031272249060376,
    0.02625183440283533,
    0.021904091530821523,
    0.021904091349139204,
    0.018932101811972465,
    0.015548453547809407,
    0.012233584970715182,
    0.009411360266950945,
    0.00727397813320853,
    0.005954909776340187,
    0.004985551735250714,
    0.004985551765247876,
    0.004272443025154143,
    0.003502655929221417,
    0.002716904233988673,
    0.002130300948177406,
    0.0016967122825441723,
    0.00139075757754116,
    0.0011368821738552556,
    0.0011368821680941199,
    0.0009525380816393633,
    0.0007714262808162074,
    0.0006116861026682494,
    0.0004757330284432355,
    0.00037071628669859053,
    0.0003062708052556034,
    0.0003062708017942982
  ],
  "i": [
    0,
    1,
    2,
    3,
    4,
    5,
    6,
    7,
    8,
    9,
    10,
    11,
    12,
    13,
    14,
    15,
    16,
    17,
    18,
    19,
    20,
    21,
    22,
    23,
    24,
    25,
    26,
    27,
    28,
    29,
    30,
    31,
    32,
    33,
    34,
    35,
    36,
    37,
    38,
    39,
    40,
    41,
    42,
    43,
    44,
    45,
    46,
    47,
    48,
    49,
    50,
    51,
    52,
    53,
    54,
    55,
    56,
    57,
    58,
    59,
    60,
    61,
    62
  ],
  "reset": [
    7,
    15,
    23,
    31,
    39,
    47,
    55,
    62
  ],
  "duration": [
    2.292117118835449,
    2.2887589931488037,
    2.287383556365967,
    2.2851369380950928,
    2.291537046432495,
    2.2886078357696533,
    2.2867848873138428,
    2.2903382778167725,
    2.3013205528259277,
    2.310227632522583,
    2.3071277141571045,
    2.2944984436035156,
    2.300450086593628,
    2.2980732917785645,
    2.298980474472046,
    2.30025577545166,
    2.2936949729919434,
    2.298654794692993,
    2.303036689758301,
    2.298333168029785
  ],
  "status": 55
}