{
  "gpu": true,
  "infile": "../matrix/cgne_init_4096_dble_csr.dat",
  "matfile": "../matrix/conf6_0-8x8-20/conf6_0-8x8-20.mtx",
  "k": 0.15717,
  "kc": 0.15717,
  "reordering": true,
  "preconditioning": true,
  "vol": 4096,
  "dim": 49152,
  "lattice": "8x8x8x8",
  "blk_dim": 6144,
  "bs": "8x4x4x4",
  "res": 1e-06,
  "tol": 0.00031353468703945405,
  "nmx": 500,
  "nkv": 7,
  "nmr": 4,
  "ncy": 5,
  "sdtype": "float32",
  "ddtype": "float64",
  "cdtype": "float64",
  "rn": [
    24.002466800262482,
    11.810791123165451,
    6.5749403140462865,
    3.9253494880318733,
    2.3987251511783403,
    1.5151735203953676,
    0.9546069256660167,
    0.9546067923487059,
    0.646495880941247,
    0.41105028102563607,
    0.25679155128890213,
    0.16462170908741927,
    0.10243280356940995,
    0.05940653905352683,
    0.03217324264115807,
    0.032173242179967726,
    0.01952286845671127,
    0.01182081365338428,
    0.007133901277418428,
    0.004278874930152811,
    0.0026933822509837926,
    0.0017784266838611839,
    0.0011749401691133784,
    0.0011749401624646918,
    0.0008315010009473574,
    0.0005456973555310595,
    0.00034050699430893767,
    0.0002047725755666118,
    0.00020477257523982768
  ],
  "i": [
    0,
    1,
    2,
    3,
    4,
    5,
    6,
    7,
    8,
    9,
    10,
    11,
    12,
    13,
    14,
    15,
    16,
    17,
    18,
    19,
    20,
    21,
    22,
    23,
    24,
    25,
    26,
    27,
    28
  ],
  "reset": [
    7,
    15,
    23,
    28
  ],
  "duration": 3.2400379180908203,
  "status": 25
}