{
  "gpu": false,
  "infile": "../matrix/cgne_init_4096_dble_csr.dat",
  "matfile": null,
  "k": 0.0,
  "kc": 0.0,
  "reordering": false,
  "preconditioning": true,
  "vol": 4096,
  "dim": 49152,
  "lattice": "8x8x8x8",
  "blk_dim": 6144,
  "bs": "8x4x4x4",
  "res": 1e-06,
  "tol": 0.0003135346870762468,
  "nmx": 250,
  "nkv": 7,
  "nmr": 4,
  "ncy": 10,
  "sdtype": "float64",
  "ddtype": "float64",
  "cdtype": "float64",
  "rn": [
    51.85620052885227,
    15.199606635118371,
    4.932527812164334,
    1.711376359666411,
    0.6235789951582993,
    0.22282992046875283,
    0.07464702558304995,
    0.07464702558304982,
    0.02566049052492058,
    0.009181668409958632,
    0.0029841785423091387,
    0.000951095764588251,
    0.0003432107260153929,
    0.00011514335603301545,
    0.00011514335603268611
  ],
  "i": [
    0,
    1,
    2,
    3,
    4,
    5,
    6,
    7,
    8,
    9,
    10,
    11,
    12,
    13,
    14
  ],
  "reset": [
    7,
    14
  ],
  "duration": [
    2.201207399368286,
    2.2000885009765625,
    2.2003118991851807,
    2.204519033432007,
    2.2037155628204346,
    2.204339027404785,
    2.2023329734802246,
    2.2029335498809814,
    2.202867269515991,
    2.2018239498138428,
    2.2012178897857666,
    2.208749771118164,
    2.2029895782470703,
    2.2010579109191895,
    2.2000772953033447,
    2.200969696044922,
    2.209742307662964,
    2.2015907764434814,
    2.2016055583953857,
    2.2010302543640137
  ],
  "status": 13
}