{
  "gpu": false,
  "device": "hybrid",
  "infile": "../matrix/cgne_init_65536_dble_csr.dat",
  "matfile": null,
  "k": 0.0,
  "kc": 0.0,
  "reordering": false,
  "preconditioning": true,
  "vol": 65536,
  "dim": 786432,
  "lattice": "16x16x16x16",
  "blk_dim": 6144,
  "bs": "8x4x4x4",
  "res": 1e-06,
  "tol": 0.0012541387482794752,
  "nmx": 1250,
  "nkv": 7,
  "nmr": 2,
  "ncy": 4,
  "sdtype": "float32",
  "ddtype": "float64",
  "cdtype": "float32",
  "rn": [
    565.510530545163,
    272.2339867161761,
    120.0228215074289,
    52.359571651271,
    23.068697274714758,
    10.256282847617493,
    4.608437228138118,
    4.608437289288566,
    2.545062980258313,
    1.0529420470449455,
    0.4508040535382348,
    0.1980468820575631,
    0.09209878825510028,
    0.04325486850080553,
    0.019621653783558752,
    0.019621654035081062,
    0.010664638381445503,
    0.005013667389657555,
    0.0021170050978947404,
    0.0009726684786299774,
    0.0009726684795895665
  ],
  "i": [
    0,
    1,
    2,
    3,
    4,
    5,
    6,
    7,
    8,
    9,
    10,
    11,
    12,
    13,
    14,
    15,
    16,
    17,
    18,
    19,
    20
  ],
  "reset": [
    7,
    15,
    20
  ],
  "duration": [
    20.234162092208862,
    20.252960205078125,
    20.236265659332275,
    20.223950624465942,
    20.22638249397278,
    20.212929725646973,
    20.23065733909607,
    20.2022967338562,
    20.214433193206787,
    20.168617248535156,
    20.129456043243408,
    20.185696363449097,
    20.19031000137329,
    20.190176725387573,
    20.156840801239014,
    20.17712140083313,
    20.158759355545044,
    20.130541563034058,
    20.151476621627808,
    20.15674614906311
  ],
  "status": 18
}