{
  "gpu": false,
  "device": "hybrid",
  "infile": "../matrix/cgne_init_4096_dble_csr.dat",
  "matfile": "../matrix/conf6_0-8x8-20/conf6_0-8x8-20.mtx",
  "k": 0.15,
  "kc": 0.15717,
  "reordering": true,
  "preconditioning": true,
  "vol": 4096,
  "dim": 49152,
  "lattice": "8x8x8x8",
  "blk_dim": 6144,
  "bs": "8x4x4x4",
  "res": 1e-06,
  "tol": 0.0003135346870547978,
  "nmx": 1250,
  "nkv": 7,
  "nmr": 2,
  "ncy": 4,
  "sdtype": "float32",
  "ddtype": "float64",
  "cdtype": "float32",
  "rn": [
    24.55479083245443,
    7.888351646922498,
    3.6547975054518878,
    1.849584336143044,
    0.9771144825657048,
    0.5189170279335704,
    0.275878943374065,
    0.2758791030887838,
    0.15987977752519883,
    0.09180094597018265,
    0.05137304117840522,
    0.02797101779138567,
    0.014549334784782292,
    0.007183673671716234,
    0.003870754893762766,
    0.00387075447517299,
    0.0023014974355733677,
    0.001276778267174348,
    0.0007266568823740403,
    0.0003937427804392496,
    0.00022401211191177655,
    0.00022401211045550924
  ],
  "i": [
    0,
    1,
    2,
    3,
    4,
    5,
    6,
    7,
    8,
    9,
    10,
    11,
    12,
    13,
    14,
    15,
    16,
    17,
    18,
    19,
    20,
    21
  ],
  "reset": [
    7,
    15,
    21
  ],
  "duration": [
    1.0377039909362793,
    1.033588171005249,
    1.0355730056762695,
    1.032545566558838,
    1.0347278118133545,
    1.035240650177002,
    1.0315780639648438,
    1.0340421199798584,
    1.0367767810821533,
    1.033766508102417,
    1.0340473651885986,
    1.034391164779663,
    1.033872127532959,
    1.029508113861084,
    1.031243085861206,
    1.0296719074249268,
    1.0300700664520264,
    1.0313363075256348,
    1.0359580516815186,
    1.0325486660003662
  ],
  "status": 19
}