{
  "gpu": false,
  "device": "hybrid",
  "infile": "../matrix/cgne_init_4096_dble_csr.dat",
  "matfile": "../matrix/conf6_0-8x8-30/conf6.0-00l8x8-3000.mtx",
  "k": 0.15649,
  "kc": 0.15649,
  "reordering": true,
  "preconditioning": true,
  "vol": 4096,
  "dim": 49152,
  "lattice": "8x8x8x8",
  "blk_dim": 24576,
  "bs": "8x8x8x4",
  "res": 1e-06,
  "tol": 0.0003135346870547978,
  "nmx": 417,
  "nkv": 7,
  "nmr": 4,
  "ncy": 6,
  "sdtype": "float32",
  "ddtype": "float64",
  "cdtype": "float32",
  "rn": [
    16.488076603393544,
    8.124183861376881,
    4.531004730144281,
    2.7454147535421067,
    1.7571458668247433,
    1.1082531374549922,
    0.7374161072915526,
    0.7374159263524981,
    0.5024858924325024,
    0.3494109156352246,
    0.2299571502455444,
    0.14519023221212793,
    0.0910679339170842,
    0.05397165816162841,
    0.03458189580444225,
    0.03458189595127157,
    0.02434479790031349,
    0.017565354260354753,
    0.011883807917209851,
    0.007652650493428261,
    0.00532181574967434,
    0.003612061959658914,
    0.002225214231979489,
    0.002225214154612809,
    0.001270951294220945,
    0.0008487189260160944,
    0.0006206617902655328,
    0.00045249820608412884,
    0.0002904795184936645,
    0.00029047952925624794
  ],
  "i": [
    0,
    1,
    2,
    3,
    4,
    5,
    6,
    7,
    8,
    9,
    10,
    11,
    12,
    13,
    14,
    15,
    16,
    17,
    18,
    19,
    20,
    21,
    22,
    23,
    24,
    25,
    26,
    27,
    28,
    29
  ],
  "reset": [
    7,
    15,
    23,
    29
  ],
  "duration": [
    1.055954933166504,
    1.0543115139007568,
    1.0534396171569824,
    1.0565459728240967,
    1.0552184581756592,
    1.056265115737915,
    1.0550696849822998,
    1.055046796798706,
    1.054478645324707,
    1.0526785850524902,
    1.0543103218078613,
    1.0582020282745361,
    1.0590529441833496,
    1.0558481216430664,
    1.0546112060546875,
    1.0539021492004395,
    1.0560600757598877,
    1.0530362129211426,
    1.0528178215026855,
    1.0570075511932373
  ],
  "status": 26
}