{
  "gpu": true,
  "device": "gpu",
  "infile": "../matrix/cgne_init_4096_dble_csr.dat",
  "matfile": "../matrix/conf6_0-8x8-30/conf6.0-00l8x8-3000.mtx",
  "k": 0.15649,
  "kc": 0.15649,
  "reordering": true,
  "preconditioning": true,
  "vol": 4096,
  "dim": 49152,
  "lattice": "8x8x8x8",
  "blk_dim": 6144,
  "bs": "8x4x4x4",
  "res": 1e-06,
  "tol": 0.00031353468703945405,
  "nmx": 125,
  "nkv": 7,
  "nmr": 4,
  "ncy": 20,
  "sdtype": "float32",
  "ddtype": "float64",
  "cdtype": "float32",
  "rn": [
    7.583977798583197,
    3.722635871443048,
    2.218652566618908,
    1.0973760766766578,
    0.6833796439165419,
    0.42867129779886104,
    0.21822335683101568,
    0.2182235278501464,
    0.12403874157444766,
    0.07227302784838137,
    0.038981824828069084,
    0.02321597537669409,
    0.012698698300786593,
    0.0075853133991687334,
    0.00393221766072497,
    0.003932218661684613,
    0.002008526825509496,
    0.0012023173140941897,
    0.000739138171791017,
    0.0003978388485453621,
    0.00022557453655527155,
    0.00022557453716326808
  ],
  "i": [
    0,
    1,
    2,
    3,
    4,
    5,
    6,
    7,
    8,
    9,
    10,
    11,
    12,
    13,
    14,
    15,
    16,
    17,
    18,
    19,
    20,
    21
  ],
  "reset": [
    7,
    15,
    21
  ],
  "duration": [
    6.667546510696411,
    6.545663595199585,
    6.512023448944092,
    6.519956588745117,
    6.5725953578948975,
    6.523646354675293,
    6.524980783462524,
    6.5126259326934814,
    6.528090238571167,
    6.537403345108032,
    6.530976295471191,
    6.449087142944336,
    6.566146612167358,
    6.484747886657715,
    6.502291440963745,
    6.5601348876953125,
    6.512516736984253,
    6.537750244140625,
    6.5311524868011475,
    6.473618268966675
  ],
  "status": 19
}