{
  "gpu": false,
  "device": "cpu",
  "infile": "../matrix/cgne_init_4096_dble_csr.dat",
  "matfile": "../matrix/conf6_0-8x8-20/conf6_0-8x8-20.mtx",
  "k": 0.15717,
  "kc": 0.15717,
  "reordering": true,
  "preconditioning": true,
  "vol": 4096,
  "dim": 49152,
  "lattice": "8x8x8x8",
  "blk_dim": 12288,
  "bs": "8x8x4x4",
  "res": 1e-06,
  "tol": 0.0003135346870547978,
  "nmx": 417,
  "nkv": 7,
  "nmr": 4,
  "ncy": 6,
  "sdtype": "float32",
  "ddtype": "float64",
  "cdtype": "float32",
  "rn": [
    19.772667856407026,
    10.035228299216204,
    5.883710988317672,
    3.356761456029354,
    2.020440467109171,
    1.2310424138189624,
    0.7612437359599792,
    0.7612437683934508,
    0.47106080492205066,
    0.30415735062849214,
    0.19367959204741125,
    0.1242610783666229,
    0.07580609067490032,
    0.04437288055755546,
    0.026446717666463306,
    0.026446715312554714,
    0.016072406293436235,
    0.009629377823497938,
    0.005445556904032922,
    0.0034888243849762295,
    0.002213146093458615,
    0.0014944357975169176,
    0.0009637305581799912,
    0.0009637305432480748,
    0.0006301278984361891,
    0.0004196685019993746,
    0.00027959302784421117,
    0.00027959302771728644
  ],
  "i": [
    0,
    1,
    2,
    3,
    4,
    5,
    6,
    7,
    8,
    9,
    10,
    11,
    12,
    13,
    14,
    15,
    16,
    17,
    18,
    19,
    20,
    21,
    22,
    23,
    24,
    25,
    26,
    27
  ],
  "reset": [
    7,
    15,
    23,
    27
  ],
  "duration": [
    6.116195440292358,
    6.115558862686157,
    6.111109256744385,
    6.116091728210449,
    6.109354734420776,
    6.107198238372803,
    6.107358694076538,
    6.105865001678467,
    6.099984884262085,
    6.101761817932129,
    6.095231294631958,
    6.106956481933594,
    6.093382835388184,
    6.130172252655029,
    6.101516962051392,
    6.116995096206665,
    6.11357569694519,
    6.114688158035278,
    6.109644412994385,
    6.116158723831177
  ],
  "status": 24
}