{
  "gpu": false,
  "device": "cpu",
  "infile": "../matrix/cgne_init_4096_dble_csr.dat",
  "matfile": "../matrix/conf6_0-8x8-30/conf6.0-00l8x8-3000.mtx",
  "k": 0.15649,
  "kc": 0.15649,
  "reordering": true,
  "preconditioning": true,
  "vol": 4096,
  "dim": 49152,
  "lattice": "8x8x8x8",
  "blk_dim": 24576,
  "bs": "8x8x8x4",
  "res": 1e-06,
  "tol": 0.0003135346870547978,
  "nmx": 417,
  "nkv": 7,
  "nmr": 2,
  "ncy": 12,
  "sdtype": "float32",
  "ddtype": "float64",
  "cdtype": "float64",
  "rn": [
    16.263706660760413,
    8.221224149370494,
    4.6587324293888015,
    2.826550119621759,
    1.8054712374843964,
    1.1513508898331752,
    0.7851269350076492,
    0.7851267684562533,
    0.5422015125843627,
    0.374519673216759,
    0.24627686899895931,
    0.15559443268285258,
    0.09925710066090682,
    0.06002462550387472,
    0.03940858492514857,
    0.039408583492227804,
    0.02820557622481898,
    0.020407803145115158,
    0.013844252383070308,
    0.009043333577404439,
    0.006279202529000598,
    0.004243266339599716,
    0.0026345904589399763,
    0.0026345903878475514,
    0.001565884517231102,
    0.001054271530689131,
    0.0007697968378188168,
    0.0005653773303627118,
    0.0003674089591741594,
    0.00025169932523268917,
    0.00025169932504530196
  ],
  "i": [
    0,
    1,
    2,
    3,
    4,
    5,
    6,
    7,
    8,
    9,
    10,
    11,
    12,
    13,
    14,
    15,
    16,
    17,
    18,
    19,
    20,
    21,
    22,
    23,
    24,
    25,
    26,
    27,
    28,
    29,
    30
  ],
  "reset": [
    7,
    15,
    23,
    30
  ],
  "duration": [
    7.353263854980469,
    7.340502977371216,
    7.361856937408447,
    7.349647283554077,
    7.357733726501465,
    7.342985391616821,
    7.334757566452026,
    7.348199129104614,
    7.33151912689209,
    7.3061769008636475,
    7.330054998397827,
    7.334610462188721,
    7.354768991470337,
    7.345818519592285,
    7.323431015014648,
    7.338229656219482,
    7.320611953735352,
    7.32124924659729,
    7.321413040161133,
    7.309483289718628
  ],
  "status": 27
}