{
  "gpu": false,
  "device": "cpu",
  "infile": "../matrix/cgne_init_65536_dble_csr.dat",
  "matfile": null,
  "k": 0.0,
  "kc": 0.0,
  "reordering": false,
  "preconditioning": true,
  "vol": 65536,
  "dim": 786048,
  "lattice": "16x16x16x16",
  "blk_dim": 98256,
  "bs": "16x8x8x8",
  "res": 1e-06,
  "tol": 0.0012541387482794752,
  "nmx": 210,
  "nkv": 7,
  "nmr": 12,
  "ncy": 4,
  "sdtype": "float32",
  "ddtype": "float64",
  "cdtype": "float64",
  "rn": [
    60.18052999977771,
    4.582072641853014,
    0.3884061768124684,
    0.03552094787957546,
    0.0034877115922354604,
    0.0003578293109704965,
    0.00044504610650887544
  ],
  "i": [
    0,
    1,
    2,
    3,
    4,
    5,
    6
  ],
  "reset": [
    6
  ],
  "duration": [
    13.185527086257935,
    13.237614870071411,
    13.15625786781311,
    13.217567920684814,
    13.161631107330322,
    13.188109636306763,
    13.141721248626709,
    13.183395385742188,
    13.220924377441406,
    13.223895072937012,
    13.245316982269287,
    13.208700180053711,
    13.22897982597351,
    13.211753129959106,
    13.1949303150177,
    13.24025583267212,
    13.253444194793701,
    13.256019353866577,
    13.204501390457153,
    13.253171682357788
  ],
  "status": 6
}