{
  "gpu": true,
  "device": "gpu",
  "infile": "../matrix/cgne_init_4096_dble_csr.dat",
  "matfile": "../matrix/conf6_0-8x8-20/conf6_0-8x8-20.mtx",
  "k": 0.15,
  "kc": 0.15717,
  "reordering": true,
  "preconditioning": true,
  "vol": 4096,
  "dim": 49152,
  "lattice": "8x8x8x8",
  "blk_dim": 12288,
  "bs": "8x8x4x4",
  "res": 1e-06,
  "tol": 0.0003135346870762468,
  "nmx": 250,
  "nkv": 7,
  "nmr": 10,
  "ncy": 4,
  "sdtype": "float64",
  "ddtype": "float64",
  "cdtype": "float64",
  "rn": [
    4.4839316869416,
    0.37521533929323647,
    0.03979113554311434,
    0.0038769824797876256,
    0.0003888616901933492,
    4.129592453815474e-05,
    4.129592453793559e-05
  ],
  "i": [
    0,
    1,
    2,
    3,
    4,
    5,
    6
  ],
  "reset": [
    6
  ],
  "duration": [
    0.6508042812347412,
    0.49088406562805176,
    0.4786391258239746,
    0.48461389541625977,
    0.4872727394104004,
    0.4942917823791504,
    0.49160075187683105,
    0.4950408935546875,
    0.48917412757873535,
    0.4935038089752197,
    0.49158406257629395,
    0.4841451644897461,
    0.4893925189971924,
    0.486783504486084,
    0.48920464515686035,
    0.4962294101715088,
    0.4872105121612549,
    0.48566317558288574,
    0.4828801155090332,
    0.48967814445495605
  ],
  "status": 6
}