{
  "gpu": false,
  "device": "hybrid",
  "infile": "../matrix/cgne_init_4096_dble_csr.dat",
  "matfile": null,
  "k": 0.0,
  "kc": 0.0,
  "reordering": false,
  "preconditioning": true,
  "vol": 4096,
  "dim": 49152,
  "lattice": "8x8x8x8",
  "blk_dim": 12288,
  "bs": "8x8x4x4",
  "res": 1e-06,
  "tol": 0.0003135346870547978,
  "nmx": 2500,
  "nkv": 7,
  "nmr": 4,
  "ncy": 1,
  "sdtype": "float32",
  "ddtype": "float64",
  "cdtype": "float64",
  "rn": [
    145.98844524969286,
    53.69902090618838,
    22.615136192353535,
    10.144198870997963,
    4.343958752222124,
    2.063588291477141,
    0.9590513728191619,
    0.9590513663536995,
    0.47032014076222706,
    0.231925607354233,
    0.11663919758346883,
    0.05193126370267487,
    0.023878048909485205,
    0.01080014635574448,
    0.005127276773830265,
    0.005127277455003701,
    0.002496939993522747,
    0.00122426310080343,
    0.0006229899227600107,
    0.0002835844070273778,
    0.00028358440626739047
  ],
  "i": [
    0,
    1,
    2,
    3,
    4,
    5,
    6,
    7,
    8,
    9,
    10,
    11,
    12,
    13,
    14,
    15,
    16,
    17,
    18,
    19,
    20
  ],
  "reset": [
    7,
    15,
    20
  ],
  "duration": [
    0.46253132820129395,
    0.4631369113922119,
    0.46327686309814453,
    0.46258044242858887,
    0.46352529525756836,
    0.46326446533203125,
    0.46273279190063477,
    0.46300745010375977,
    0.4631004333496094,
    0.4626178741455078,
    0.46281886100769043,
    0.46242237091064453,
    0.46277785301208496,
    0.46277880668640137,
    0.4624207019805908,
    0.46266603469848633,
    0.4631216526031494,
    0.4623596668243408,
    0.4631338119506836,
    0.46334099769592285
  ],
  "status": 18
}