{
  "gpu": true,
  "infile": "../matrix/cgne_init_4096_dble_csr.dat",
  "matfile": "../matrix/conf6_0-8x8-20/conf6_0-8x8-20.mtx",
  "k": 0.15,
  "kc": 0.15717,
  "reordering": true,
  "preconditioning": true,
  "vol": 4096,
  "dim": 49152,
  "lattice": "8x8x8x8",
  "blk_dim": 24576,
  "bs": "8x8x8x4",
  "res": 1e-06,
  "tol": 0.00031353468703945405,
  "nmx": 2500,
  "nkv": 7,
  "nmr": 4,
  "ncy": 1,
  "sdtype": "float32",
  "ddtype": "float64",
  "cdtype": "float32",
  "rn": [
    61.75347906375136,
    25.763974472733537,
    14.560257512519982,
    9.053711753948763,
    6.087035285157513,
    4.179340560327369,
    2.9382784432644558,
    2.938278399257054,
    2.237454357769379,
    1.670818558439417,
    1.2440728356758062,
    0.8969541135707402,
    0.6433534157389567,
    0.452671892752734,
    0.33548081320040585,
    0.3354808130767031,
    0.260089326989622,
    0.19680964390486064,
    0.1522826653821747,
    0.11517335248738055,
    0.08651828812559577,
    0.06482845293871725,
    0.04935641317656445,
    0.04935641288408738,
    0.038014205052107876,
    0.028724633517249572,
    0.022003372789113324,
    0.016649700971033188,
    0.012690849565620268,
    0.009534181174367665,
    0.007386379464899492,
    0.007386379465699765,
    0.005835573566787275,
    0.004535172824819451,
    0.003551312915025619,
    0.002691683537350292,
    0.0020616418460227396,
    0.0015714793288578598,
    0.001205925906632227,
    0.0012059258861312563,
    0.0009262301858314922,
    0.0007155093867671693,
    0.0005603666446962731,
    0.000428872684273884,
    0.00033278423297122134,
    0.0002552651814947542,
    0.00025526518370817266
  ],
  "i": [
    0,
    1,
    2,
    3,
    4,
    5,
    6,
    7,
    8,
    9,
    10,
    11,
    12,
    13,
    14,
    15,
    16,
    17,
    18,
    19,
    20,
    21,
    22,
    23,
    24,
    25,
    26,
    27,
    28,
    29,
    30,
    31,
    32,
    33,
    34,
    35,
    36,
    37,
    38,
    39,
    40,
    41,
    42,
    43,
    44,
    45,
    46
  ],
  "reset": [
    7,
    15,
    23,
    31,
    39,
    46
  ],
  "duration": 1.4150409698486328,
  "status": 41
}