{
  "gpu": false,
  "device": "hybrid",
  "infile": "../matrix/cgne_init_4096_dble_csr.dat",
  "matfile": "../matrix/conf6_0-8x8-30/conf6.0-00l8x8-3000.mtx",
  "k": 0.15649,
  "kc": 0.15649,
  "reordering": true,
  "preconditioning": true,
  "vol": 4096,
  "dim": 49152,
  "lattice": "8x8x8x8",
  "blk_dim": 6144,
  "bs": "8x4x4x4",
  "res": 1e-06,
  "tol": 0.0003135346870762468,
  "nmx": 417,
  "nkv": 7,
  "nmr": 4,
  "ncy": 6,
  "sdtype": "float64",
  "ddtype": "float64",
  "cdtype": "float64",
  "rn": [
    18.112202047583345,
    8.9345616982155,
    4.958079262073057,
    3.0449734746423776,
    1.8436869714142354,
    1.1232880253625197,
    0.7142179724736878,
    0.7142179724736876,
    0.46088756085587423,
    0.31082202784325685,
    0.2082548857341837,
    0.12029399703755835,
    0.06692572501988808,
    0.04110465298248072,
    0.025960081554892534,
    0.025960081554893173,
    0.016984659417367307,
    0.011496260886000727,
    0.0072706418594003725,
    0.004609210969151355,
    0.0030485797138772525,
    0.0019679832823780523,
    0.0011541454574012934,
    0.0011541454574012426,
    0.0006914538992144583,
    0.00043897985268230523,
    0.0003089740035351554,
    0.0003089740035348597
  ],
  "i": [
    0,
    1,
    2,
    3,
    4,
    5,
    6,
    7,
    8,
    9,
    10,
    11,
    12,
    13,
    14,
    15,
    16,
    17,
    18,
    19,
    20,
    21,
    22,
    23,
    24,
    25,
    26,
    27
  ],
  "reset": [
    7,
    15,
    23,
    27
  ],
  "duration": [
    3.6538615226745605,
    3.8803539276123047,
    3.4783899784088135,
    3.720198392868042,
    3.640510082244873,
    3.6371326446533203,
    3.635723114013672,
    3.6260695457458496,
    3.5868406295776367,
    3.944300413131714,
    3.7086703777313232,
    3.567798376083374,
    3.7106375694274902,
    3.540663480758667,
    3.6839864253997803,
    3.6356430053710938,
    3.81292986869812,
    3.6811530590057373,
    3.8291189670562744,
    3.6578550338745117
  ],
  "status": 24
}