{
  "gpu": false,
  "device": "hybrid",
  "infile": "../matrix/cgne_init_4096_dble_csr.dat",
  "matfile": "../matrix/conf6_0-8x8-30/conf6.0-00l8x8-3000.mtx",
  "k": 0.05,
  "kc": 0.15649,
  "reordering": true,
  "preconditioning": true,
  "vol": 4096,
  "dim": 49152,
  "lattice": "8x8x8x8",
  "blk_dim": 6144,
  "bs": "8x4x4x4",
  "res": 1e-06,
  "tol": 0.0003135346870547978,
  "nmx": 417,
  "nkv": 7,
  "nmr": 4,
  "ncy": 6,
  "sdtype": "float32",
  "ddtype": "float64",
  "cdtype": "float64",
  "rn": [
    2.416561668273411e-05,
    3.370444039348305e-05
  ],
  "i": [
    0,
    1
  ],
  "reset": [
    1
  ],
  "duration": [
    0.14192652702331543,
    0.14173674583435059,
    0.14120984077453613,
    0.1404733657836914,
    0.14072370529174805,
    0.14142990112304688,
    0.14134669303894043,
    0.14142155647277832,
    0.14081478118896484,
    0.14144182205200195,
    0.14110875129699707,
    0.14112377166748047,
    0.1488037109375,
    0.1413717269897461,
    0.141554594039917,
    0.14175653457641602,
    0.1442558765411377,
    0.1416003704071045,
    0.14098048210144043,
    0.14849066734313965
  ],
  "status": 1
}