{
  "gpu": false,
  "device": "hybrid",
  "infile": "../matrix/cgne_init_65536_dble_csr.dat",
  "matfile": null,
  "k": 0.0,
  "kc": 0.0,
  "reordering": false,
  "preconditioning": true,
  "vol": 65536,
  "dim": 786432,
  "lattice": "16x16x16x16",
  "blk_dim": 24576,
  "bs": "8x8x8x4",
  "res": 1e-06,
  "tol": 0.0012541387482794752,
  "nmx": 2500,
  "nkv": 7,
  "nmr": 4,
  "ncy": 1,
  "sdtype": "float32",
  "ddtype": "float64",
  "cdtype": "float32",
  "rn": [
    610.6802982321204,
    234.88500422498825,
    104.61069649554787,
    47.69869350270993,
    21.644165951351383,
    10.20705560354506,
    4.787185184933001,
    4.787185428961691,
    2.388006795504147,
    1.181579947730456,
    0.5687435788538591,
    0.2744957088645674,
    0.1306036209388155,
    0.05700964977113629,
    0.026469844817706416,
    0.026469845147477484,
    0.013100068750155087,
    0.006452103689781646,
    0.0031139970594167596,
    0.0015362721362512908,
    0.0007430718962501851,
    0.0007430718930983135
  ],
  "i": [
    0,
    1,
    2,
    3,
    4,
    5,
    6,
    7,
    8,
    9,
    10,
    11,
    12,
    13,
    14,
    15,
    16,
    17,
    18,
    19,
    20,
    21
  ],
  "reset": [
    7,
    15,
    21
  ],
  "duration": [
    5.032874584197998,
    5.022937536239624,
    5.028482913970947,
    5.019989728927612,
    5.025192737579346,
    5.039076328277588,
    5.0263447761535645,
    5.017540216445923,
    5.036630868911743,
    5.0284645557403564,
    5.019938707351685,
    5.017897605895996,
    5.034908056259155,
    5.018204689025879,
    5.00759744644165,
    5.024411916732788,
    5.017034530639648,
    5.016916036605835,
    5.018303632736206,
    5.020442247390747
  ],
  "status": 19
}