{
  "gpu": false,
  "device": "cpu",
  "infile": "../matrix/cgne_init_65536_dble_csr.dat",
  "matfile": null,
  "k": 0.0,
  "kc": 0.0,
  "reordering": false,
  "preconditioning": true,
  "vol": 65536,
  "dim": 786048,
  "lattice": "16x16x16x16",
  "blk_dim": 98256,
  "bs": "16x8x8x8",
  "res": 1e-06,
  "tol": 0.0012541387483049865,
  "nmx": 313,
  "nkv": 7,
  "nmr": 4,
  "ncy": 8,
  "sdtype": "float64",
  "ddtype": "float64",
  "cdtype": "float64",
  "rn": [
    224.9271099849235,
    47.57584495844584,
    9.093754806924014,
    2.030372368225769,
    0.37639091237396155,
    0.07793135117012914,
    0.014613863367369685,
    0.014613863367369527,
    0.00312132864656566,
    0.0006019147774931178,
    0.0006019147774931462
  ],
  "i": [
    0,
    1,
    2,
    3,
    4,
    5,
    6,
    7,
    8,
    9,
    10
  ],
  "reset": [
    7,
    10
  ],
  "duration": [
    28.871606826782227,
    28.724478483200073,
    28.546640872955322,
    28.10672903060913,
    28.68402647972107,
    29.205683708190918,
    28.87227725982666,
    27.9826979637146,
    29.067267417907715,
    28.497284650802612,
    28.306484937667847,
    28.244645357131958,
    28.454508781433105,
    28.501451015472412,
    28.70778203010559,
    28.33219337463379,
    28.614110469818115,
    28.451477766036987,
    28.63992714881897,
    28.835776805877686
  ],
  "status": 9
}