{
  "gpu": false,
  "device": "hybrid",
  "infile": "../matrix/cgne_init_4096_dble_csr.dat",
  "matfile": "../matrix/conf6_0-8x8-20/conf6_0-8x8-20.mtx",
  "k": 0.15,
  "kc": 0.15717,
  "reordering": true,
  "preconditioning": true,
  "vol": 4096,
  "dim": 49152,
  "lattice": "8x8x8x8",
  "blk_dim": 6144,
  "bs": "8x4x4x4",
  "res": 1e-06,
  "tol": 0.0003135346870762468,
  "nmx": 1250,
  "nkv": 7,
  "nmr": 2,
  "ncy": 4,
  "sdtype": "float64",
  "ddtype": "float64",
  "cdtype": "float64",
  "rn": [
    24.55479082453345,
    7.888351935740742,
    3.6547976288319384,
    1.8495845979864733,
    0.9771146687464597,
    0.5189172029137114,
    0.27587912541819865,
    0.27587912541819876,
    0.15987908062068393,
    0.0918004311143821,
    0.051372841945418454,
    0.02797089795561602,
    0.014549228512537355,
    0.007183666400326778,
    0.0038707771185074085,
    0.00387077711850669,
    0.002301511449769797,
    0.001276787432597793,
    0.0007266619702485089,
    0.00039374623712863714,
    0.00022401415562484222,
    0.00022401415562508725
  ],
  "i": [
    0,
    1,
    2,
    3,
    4,
    5,
    6,
    7,
    8,
    9,
    10,
    11,
    12,
    13,
    14,
    15,
    16,
    17,
    18,
    19,
    20,
    21
  ],
  "reset": [
    7,
    15,
    21
  ],
  "duration": [
    1.598909854888916,
    1.5956552028656006,
    1.6386191844940186,
    1.4571406841278076,
    1.7690680027008057,
    1.6332581043243408,
    1.5048954486846924,
    1.4818835258483887,
    1.5125510692596436,
    1.5558726787567139,
    1.5800621509552002,
    1.6431019306182861,
    1.40144944190979,
    1.7251546382904053,
    1.4551451206207275,
    1.6973445415496826,
    1.4856057167053223,
    1.5861577987670898,
    1.6226086616516113,
    1.5723276138305664
  ],
  "status": 19
}