{
  "gpu": false,
  "device": "cpu",
  "infile": "../matrix/cgne_init_4096_dble_csr.dat",
  "matfile": "../matrix/conf6_0-8x8-20/conf6_0-8x8-20.mtx",
  "k": 0.15717,
  "kc": 0.15717,
  "reordering": true,
  "preconditioning": true,
  "vol": 4096,
  "dim": 49152,
  "lattice": "8x8x8x8",
  "blk_dim": 24576,
  "bs": "8x8x8x4",
  "res": 1e-06,
  "tol": 0.0003135346870762468,
  "nmx": 417,
  "nkv": 7,
  "nmr": 6,
  "ncy": 4,
  "sdtype": "float64",
  "ddtype": "float64",
  "cdtype": "float64",
  "rn": [
    20.559406512273345,
    10.129487738320766,
    5.712564354822491,
    3.287346426983531,
    1.9963931041278153,
    1.2566181436147468,
    0.810879404223592,
    0.810879404223592,
    0.5170592489425352,
    0.3359798838351692,
    0.21147725133880507,
    0.13435015972213257,
    0.08395195894173166,
    0.04774240705691699,
    0.028400136386314816,
    0.028400136386315313,
    0.01745241122110334,
    0.01100390040778718,
    0.006548794255984906,
    0.004103724954801938,
    0.0026017004381887164,
    0.0016659694930262559,
    0.0011030040582168507,
    0.0011030040582164602,
    0.0007625711814310984,
    0.0004948401196948515,
    0.0003153077993198918,
    0.00019927216601780767,
    0.0001992721660185271
  ],
  "i": [
    0,
    1,
    2,
    3,
    4,
    5,
    6,
    7,
    8,
    9,
    10,
    11,
    12,
    13,
    14,
    15,
    16,
    17,
    18,
    19,
    20,
    21,
    22,
    23,
    24,
    25,
    26,
    27,
    28
  ],
  "reset": [
    7,
    15,
    23,
    28
  ],
  "duration": [
    7.924930810928345,
    8.172858238220215,
    7.972012996673584,
    7.633510589599609,
    7.732346296310425,
    8.261220693588257,
    8.600541114807129,
    8.51305603981018,
    8.203646659851074,
    8.059448480606079,
    8.006561756134033,
    8.654289484024048,
    8.144496440887451,
    7.574631452560425,
    7.726744890213013,
    8.32153868675232,
    7.951664447784424,
    7.871440649032593,
    7.856264114379883,
    8.306082487106323
  ],
  "status": 25
}