{
  "gpu": false,
  "device": "cpu",
  "infile": "../matrix/cgne_init_65536_dble_csr.dat",
  "matfile": null,
  "k": 0.0,
  "kc": 0.0,
  "reordering": false,
  "preconditioning": true,
  "vol": 65536,
  "dim": 786048,
  "lattice": "16x16x16x16",
  "blk_dim": 24564,
  "bs": "8x8x8x4",
  "res": 1e-06,
  "tol": 0.0012541387482794752,
  "nmx": 1250,
  "nkv": 7,
  "nmr": 2,
  "ncy": 4,
  "sdtype": "float32",
  "ddtype": "float64",
  "cdtype": "float32",
  "rn": [
    565.7334521240982,
    272.4599420682206,
    120.1815833307408,
    52.45621606192378,
    23.124784206723227,
    10.288826161988293,
    4.627916733181084,
    4.627916623422721,
    2.56106500795755,
    1.060247210709042,
    0.4551262952121387,
    0.20005906235374557,
    0.09321240958357145,
    0.04391839556884935,
    0.020043674697853578,
    0.020043675091382232,
    0.011019248341428487,
    0.005157909388986672,
    0.0021732966453974325,
    0.0010033558051853228,
    0.001003355803341748
  ],
  "i": [
    0,
    1,
    2,
    3,
    4,
    5,
    6,
    7,
    8,
    9,
    10,
    11,
    12,
    13,
    14,
    15,
    16,
    17,
    18,
    19,
    20
  ],
  "reset": [
    7,
    15,
    20
  ],
  "duration": [
    17.532506227493286,
    17.580703020095825,
    17.55803608894348,
    17.51478672027588,
    17.543110847473145,
    17.512459993362427,
    17.537909269332886,
    17.53125262260437,
    17.534297466278076,
    17.51475763320923,
    17.544511795043945,
    17.572582006454468,
    17.57770013809204,
    17.543952703475952,
    17.5599684715271,
    17.558571338653564,
    17.544271230697632,
    17.599377870559692,
    17.588134288787842,
    17.551987409591675
  ],
  "status": 18
}