{
  "gpu": false,
  "infile": "../matrix/cgne_init_65536_dble_csr.dat",
  "matfile": null,
  "k": 0.0,
  "kc": 0.0,
  "reordering": false,
  "preconditioning": true,
  "vol": 65536,
  "dim": 786048,
  "lattice": "16x16x16x16",
  "blk_dim": 6141,
  "bs": "8x4x4x4",
  "res": 1e-06,
  "tol": 0.0012541387482794752,
  "nmx": 1250,
  "nkv": 7,
  "nmr": 4,
  "ncy": 2,
  "sdtype": "float32",
  "ddtype": "float64",
  "cdtype": "float32",
  "rn": [
    723.0171441367978,
    404.89115446222246,
    206.22588289064316,
    99.37630858143795,
    47.48582937346035,
    22.555568713924558,
    10.81424054916326,
    10.814240543800985,
    6.473717796863883,
    2.7623921636805537,
    1.3004554413386047,
    0.6035750251586702,
    0.29522890587203765,
    0.14471868183632736,
    0.06772979788838147,
    0.0677298008033739,
    0.03988758522998375,
    0.019113702504589967,
    0.00835923637091544,
    0.004086778372818122,
    0.002094034862823005,
    0.0010750870856216003,
    0.0010750870711210675
  ],
  "i": [
    0,
    1,
    2,
    3,
    4,
    5,
    6,
    7,
    8,
    9,
    10,
    11,
    12,
    13,
    14,
    15,
    16,
    17,
    18,
    19,
    20,
    21,
    22
  ],
  "reset": [
    7,
    15,
    22
  ],
  "duration": 9.988227844238281,
  "status": 20
}