{
  "gpu": true,
  "device": "gpu",
  "infile": "../matrix/cgne_init_4096_dble_csr.dat",
  "matfile": "../matrix/conf6_0-8x8-30/conf6.0-00l8x8-3000.mtx",
  "k": 0.15649,
  "kc": 0.15649,
  "reordering": true,
  "preconditioning": true,
  "vol": 4096,
  "dim": 49152,
  "lattice": "8x8x8x8",
  "blk_dim": 6144,
  "bs": "8x4x4x4",
  "res": 1e-06,
  "tol": 0.0003135346870762468,
  "nmx": 417,
  "nkv": 7,
  "nmr": 4,
  "ncy": 6,
  "sdtype": "float64",
  "ddtype": "float64",
  "cdtype": "float64",
  "rn": [
    18.112202047583345,
    8.9345616982155,
    4.958079262073058,
    3.044973474642377,
    1.8436869714142352,
    1.1232880253625193,
    0.7142179724736877,
    0.7142179724736877,
    0.4608875608558752,
    0.31082202784325713,
    0.20825488573418388,
    0.12029399703755832,
    0.06692572501988817,
    0.041104652982480755,
    0.025960081554892538,
    0.02596008155489273,
    0.01698465941736699,
    0.011496260886000592,
    0.00727064185939997,
    0.004609210969151166,
    0.0030485797138770305,
    0.001967983282377939,
    0.001154145457401185,
    0.0011541454574008944,
    0.0006914538992139011,
    0.00043897985268194424,
    0.0003089740035348849,
    0.00030897400353527727
  ],
  "i": [
    0,
    1,
    2,
    3,
    4,
    5,
    6,
    7,
    8,
    9,
    10,
    11,
    12,
    13,
    14,
    15,
    16,
    17,
    18,
    19,
    20,
    21,
    22,
    23,
    24,
    25,
    26,
    27
  ],
  "reset": [
    7,
    15,
    23,
    27
  ],
  "duration": [
    2.6691808700561523,
    2.4840683937072754,
    2.499077796936035,
    2.5128753185272217,
    2.5059564113616943,
    2.5068435668945312,
    2.4910528659820557,
    2.495371103286743,
    2.494194269180298,
    2.502298355102539,
    2.500723123550415,
    2.4894325733184814,
    2.493377923965454,
    2.4925410747528076,
    2.4953932762145996,
    2.4953560829162598,
    2.4971213340759277,
    2.4861085414886475,
    2.4895036220550537,
    2.502415657043457
  ],
  "status": 24
}