{
  "gpu": true,
  "infile": "../matrix/cgne_init_4096_dble_csr.dat",
  "matfile": null,
  "k": 0.0,
  "kc": 0.0,
  "reordering": false,
  "preconditioning": true,
  "vol": 4096,
  "dim": 49152,
  "lattice": "8x8x8x8",
  "blk_dim": 12288,
  "bs": "8x8x4x4",
  "res": 1e-06,
  "tol": 0.00031353468703945405,
  "nmx": 250,
  "nkv": 7,
  "nmr": 4,
  "ncy": 10,
  "sdtype": "float32",
  "ddtype": "float64",
  "cdtype": "float32",
  "rn": [
    52.060583420608175,
    15.411724787101694,
    5.184677926121631,
    1.8598373572611209,
    0.6883814901988277,
    0.2596510197868561,
    0.09214787122616834,
    0.09214783935622786,
    0.03180378106909262,
    0.010524742160377618,
    0.0036074357260992636,
    0.0012469125525215207,
    0.00045384365708709074,
    0.00013766616256324246,
    0.00013766616781549739
  ],
  "i": [
    0,
    1,
    2,
    3,
    4,
    5,
    6,
    7,
    8,
    9,
    10,
    11,
    12,
    13,
    14
  ],
  "reset": [
    7,
    14
  ],
  "duration": 1.3556225299835205,
  "status": 13
}