{
  "gpu": false,
  "device": "hybrid",
  "infile": "../matrix/cgne_init_4096_dble_csr.dat",
  "matfile": "../matrix/conf6_0-8x8-20/conf6_0-8x8-20.mtx",
  "k": 0.15,
  "kc": 0.15717,
  "reordering": true,
  "preconditioning": true,
  "vol": 4096,
  "dim": 49152,
  "lattice": "8x8x8x8",
  "blk_dim": 6144,
  "bs": "8x4x4x4",
  "res": 1e-06,
  "tol": 0.0003135346870762468,
  "nmx": 125,
  "nkv": 7,
  "nmr": 20,
  "ncy": 4,
  "sdtype": "float64",
  "ddtype": "float64",
  "cdtype": "float64",
  "rn": [
    8.654037448431216,
    1.2815171297962928,
    0.22337482956558988,
    0.040469834395310766,
    0.00766181228893659,
    0.0014608512167079374,
    0.0002758794550946748,
    0.00027587945509433947
  ],
  "i": [
    0,
    1,
    2,
    3,
    4,
    5,
    6,
    7
  ],
  "reset": [
    7
  ],
  "duration": [
    2.363450050354004,
    2.376047372817993,
    2.3648061752319336,
    2.367574453353882,
    2.3561618328094482,
    2.3725149631500244,
    2.3441529273986816,
    2.3796730041503906,
    2.3553082942962646,
    2.353506326675415,
    2.3613603115081787,
    2.3509795665740967,
    2.3652238845825195,
    2.3394675254821777,
    2.3627073764801025,
    2.3389370441436768,
    2.3558714389801025,
    2.355267286300659,
    2.331641912460327,
    2.3629183769226074
  ],
  "status": 7
}