{
  "gpu": true,
  "device": "gpu",
  "infile": "../matrix/fgcr_check3_4096_dble_csr.dat",
  "matfile": null,
  "k": 0.0,
  "kc": 0.0,
  "reordering": false,
  "preconditioning": true,
  "vol": 4096,
  "dim": 49152,
  "lattice": "8x8x8x8",
  "blk_dim": 24576,
  "bs": "8x8x8x4",
  "res": 1e-06,
  "tol": 0.00031353468715082124,
  "nmx": 417,
  "nkv": 7,
  "nmr": 6,
  "ncy": 4,
  "sdtype": "float32",
  "ddtype": "float64",
  "cdtype": "float64",
  "rn": [
    24.59457620746425,
    4.8294519963104525,
    1.3044639090869354,
    0.32089241551786735,
    0.07854718483779319,
    0.01991645775012417,
    0.004678640626755774,
    0.004678989676606579,
    0.0013217765434792937,
    0.0004232029481297614,
    9.09550740360795e-05,
    9.095507300935059e-05
  ],
  "i": [
    0,
    1,
    2,
    3,
    4,
    5,
    6,
    7,
    8,
    9,
    10,
    11
  ],
  "reset": [
    7,
    11
  ],
  "duration": [
    0.5222878456115723,
    0.304729700088501,
    0.30428147315979004,
    0.3041346073150635,
    0.3040904998779297,
    0.30414390563964844,
    0.30379271507263184,
    0.304126501083374,
    0.30425357818603516,
    0.30386805534362793,
    0.3038523197174072,
    0.30397868156433105,
    0.3039686679840088,
    0.30406904220581055,
    0.30438852310180664,
    0.3039844036102295,
    0.3038597106933594,
    0.30417728424072266,
    0.3041653633117676,
    0.3038322925567627
  ],
  "status": 10
}