{
  "gpu": true,
  "device": "gpu",
  "infile": "../matrix/cgne_init_4096_dble_csr.dat",
  "matfile": "../matrix/conf6_0-8x8-30/conf6.0-00l8x8-3000.mtx",
  "k": 0.05,
  "kc": 0.15649,
  "reordering": true,
  "preconditioning": true,
  "vol": 4096,
  "dim": 49152,
  "lattice": "8x8x8x8",
  "blk_dim": 3072,
  "bs": "4x4x4x4",
  "res": 1e-06,
  "tol": 0.0003135346870762468,
  "nmx": 1250,
  "nkv": 7,
  "nmr": 2,
  "ncy": 4,
  "sdtype": "float64",
  "ddtype": "float64",
  "cdtype": "float64",
  "rn": [
    0.004365182272707943,
    8.189818568695384e-08,
    8.189818562858587e-08
  ],
  "i": [
    0,
    1,
    2
  ],
  "reset": [
    2
  ],
  "duration": [
    0.31526970863342285,
    0.1485729217529297,
    0.14825081825256348,
    0.1513385772705078,
    0.14856886863708496,
    0.1494741439819336,
    0.145904541015625,
    0.14823269844055176,
    0.1486966609954834,
    0.14916086196899414,
    0.1476140022277832,
    0.14708280563354492,
    0.14861488342285156,
    0.15211915969848633,
    0.15135478973388672,
    0.14801335334777832,
    0.15262150764465332,
    0.15009832382202148,
    0.14923524856567383,
    0.14850139617919922
  ],
  "status": 2
}