{
  "gpu": false,
  "device": "hybrid",
  "infile": "../matrix/cgne_init_4096_dble_csr.dat",
  "matfile": "../matrix/conf6_0-8x8-20/conf6_0-8x8-20.mtx",
  "k": 0.15717,
  "kc": 0.15717,
  "reordering": true,
  "preconditioning": true,
  "vol": 4096,
  "dim": 49152,
  "lattice": "8x8x8x8",
  "blk_dim": 12288,
  "bs": "8x8x4x4",
  "res": 1e-06,
  "tol": 0.0003135346870762468,
  "nmx": 417,
  "nkv": 7,
  "nmr": 6,
  "ncy": 4,
  "sdtype": "float64",
  "ddtype": "float64",
  "cdtype": "float64",
  "rn": [
    22.482539370876236,
    10.907962103519894,
    6.183126835084107,
    3.4284354837280078,
    2.0237265751614597,
    1.2051177493245795,
    0.7238375765166316,
    0.7238375765166319,
    0.4351864736607154,
    0.27534530308540267,
    0.1686193322572085,
    0.10413766360011938,
    0.06061397751048809,
    0.03319397291532527,
    0.019181759313573854,
    0.019181759313573427,
    0.011208648648717982,
    0.006497079112124533,
    0.003539713291056393,
    0.0022040283442089133,
    0.0013835361028867736,
    0.0009018284931605216,
    0.0005556339912457,
    0.0005556339912465197,
    0.0003448816728653696,
    0.00022569521750052577,
    0.00022569521749996602
  ],
  "i": [
    0,
    1,
    2,
    3,
    4,
    5,
    6,
    7,
    8,
    9,
    10,
    11,
    12,
    13,
    14,
    15,
    16,
    17,
    18,
    19,
    20,
    21,
    22,
    23,
    24,
    25,
    26
  ],
  "reset": [
    7,
    15,
    23,
    26
  ],
  "duration": [
    2.1796998977661133,
    2.218496561050415,
    2.295860528945923,
    2.1611695289611816,
    2.279639482498169,
    1.9907090663909912,
    2.2669053077697754,
    2.367582321166992,
    2.2535312175750732,
    2.158297061920166,
    2.2529497146606445,
    2.064821243286133,
    2.012758255004883,
    2.266141653060913,
    2.205674409866333,
    2.067481279373169,
    2.2203776836395264,
    2.2197999954223633,
    2.1559298038482666,
    2.2527313232421875
  ],
  "status": 23
}