{
  "gpu": true,
  "device": "gpu",
  "infile": "../matrix/cgne_init_4096_dble_csr.dat",
  "matfile": "../matrix/conf6_0-8x8-30/conf6.0-00l8x8-3000.mtx",
  "k": 0.05,
  "kc": 0.15649,
  "reordering": true,
  "preconditioning": true,
  "vol": 4096,
  "dim": 49152,
  "lattice": "8x8x8x8",
  "blk_dim": 24576,
  "bs": "8x8x8x4",
  "res": 1e-06,
  "tol": 0.0003135346870762468,
  "nmx": 417,
  "nkv": 7,
  "nmr": 4,
  "ncy": 6,
  "sdtype": "float64",
  "ddtype": "float64",
  "cdtype": "float64",
  "rn": [
    1.7136246422615197e-10,
    1.7136266749446178e-10
  ],
  "i": [
    0,
    1
  ],
  "reset": [
    1
  ],
  "duration": [
    0.030396461486816406,
    0.031270742416381836,
    0.0302126407623291,
    0.030241012573242188,
    0.029829740524291992,
    0.029257535934448242,
    0.02947854995727539,
    0.029253721237182617,
    0.030240535736083984,
    0.0303342342376709,
    0.029427051544189453,
    0.029348373413085938,
    0.029460668563842773,
    0.02983260154724121,
    0.030215740203857422,
    0.030164003372192383,
    0.030167341232299805,
    0.0302126407623291,
    0.031160354614257812,
    0.0301821231842041
  ],
  "status": 1
}