{
  "gpu": false,
  "device": "cpu",
  "infile": "../matrix/cgne_init_4096_dble_csr.dat",
  "matfile": "../matrix/conf6_0-8x8-30/conf6.0-00l8x8-3000.mtx",
  "k": 0.15649,
  "kc": 0.15649,
  "reordering": true,
  "preconditioning": true,
  "vol": 4096,
  "dim": 49152,
  "lattice": "8x8x8x8",
  "blk_dim": 6144,
  "bs": "8x4x4x4",
  "res": 1e-06,
  "tol": 0.0003135346870547978,
  "nmx": 250,
  "nkv": 7,
  "nmr": 4,
  "ncy": 10,
  "sdtype": "float32",
  "ddtype": "float64",
  "cdtype": "float32",
  "rn": [
    12.345613803544909,
    6.400006085725595,
    3.954920665438706,
    2.697205044112408,
    1.9577563124255735,
    1.3919654398649923,
    0.9497009809647281,
    0.9497008483159218,
    0.6709955946651329,
    0.4905344399733118,
    0.35234707005108873,
    0.24796037226786105,
    0.16593680171375996,
    0.11272812868208686,
    0.072454120487041,
    0.07245411374778057,
    0.051413596328160935,
    0.0369100615265977,
    0.026713987341749654,
    0.02117519068921471,
    0.015324540521548365,
    0.01058692752618293,
    0.007392847452846914,
    0.007392847153473827,
    0.005376244948242654,
    0.004077916804709318,
    0.0031041417533679695,
    0.0022663911837930988,
    0.0016545644913135056,
    0.0011739284012103662,
    0.0007557195610074194,
    0.0007557195736385596,
    0.0005822667959297071,
    0.0003975906662883523,
    0.00028766269504735533,
    0.0002876626925966915
  ],
  "i": [
    0,
    1,
    2,
    3,
    4,
    5,
    6,
    7,
    8,
    9,
    10,
    11,
    12,
    13,
    14,
    15,
    16,
    17,
    18,
    19,
    20,
    21,
    22,
    23,
    24,
    25,
    26,
    27,
    28,
    29,
    30,
    31,
    32,
    33,
    34,
    35
  ],
  "reset": [
    7,
    15,
    23,
    31,
    35
  ],
  "duration": [
    9.271974563598633,
    9.263560056686401,
    9.257549524307251,
    9.263940811157227,
    9.270767450332642,
    9.262661457061768,
    9.261740684509277,
    9.262842893600464,
    9.259332180023193,
    9.253287315368652,
    9.258123636245728,
    9.247583150863647,
    9.250391721725464,
    9.25612497329712,
    9.257622241973877,
    9.25629997253418,
    9.260632753372192,
    9.25051999092102,
    9.252466440200806,
    9.267980813980103
  ],
  "status": 31
}