{
  "gpu": false,
  "device": "cpu",
  "infile": "../matrix/fgcr_check3_4096_dble_csr.dat",
  "matfile": null,
  "k": 0.0,
  "kc": 0.0,
  "reordering": false,
  "preconditioning": true,
  "vol": 4096,
  "dim": 49152,
  "lattice": "8x8x8x8",
  "blk_dim": 24576,
  "bs": "8x8x8x4",
  "res": 1e-06,
  "tol": 0.00031353468710831124,
  "nmx": 125,
  "nkv": 7,
  "nmr": 4,
  "ncy": 20,
  "sdtype": "float32",
  "ddtype": "float64",
  "cdtype": "float32",
  "rn": [
    2.6734516715605765,
    0.4133565723864822,
    0.06237892850099944,
    0.010574786152659145,
    0.0017592437368124068,
    0.00031344800496372434,
    0.00032021318881282076,
    6.0963823244837425e-05,
    6.096382181765189e-05
  ],
  "i": [
    0,
    1,
    2,
    3,
    4,
    5,
    6,
    7,
    8
  ],
  "reset": [
    6,
    8
  ],
  "duration": [
    4.69098162651062,
    4.692227125167847,
    4.689492464065552,
    4.693304777145386,
    4.688009023666382,
    4.6876444816589355,
    4.686083555221558,
    4.685394048690796,
    4.685552597045898,
    4.687391042709351,
    4.688710689544678,
    4.688840866088867,
    4.689713478088379,
    4.69111704826355,
    4.687875986099243,
    4.688282012939453,
    4.688658714294434,
    4.687968015670776,
    4.688491106033325,
    4.688818693161011
  ],
  "status": 7
}