{
  "gpu": false,
  "device": "hybrid",
  "infile": "../matrix/cgne_init_4096_dble_csr.dat",
  "matfile": "../matrix/conf6_0-8x8-30/conf6.0-00l8x8-3000.mtx",
  "k": 0.05,
  "kc": 0.15649,
  "reordering": true,
  "preconditioning": true,
  "vol": 4096,
  "dim": 49152,
  "lattice": "8x8x8x8",
  "blk_dim": 3072,
  "bs": "4x4x4x4",
  "res": 1e-06,
  "tol": 0.0003135346870762468,
  "nmx": 417,
  "nkv": 7,
  "nmr": 6,
  "ncy": 4,
  "sdtype": "float64",
  "ddtype": "float64",
  "cdtype": "float64",
  "rn": [
    9.799699460510749e-05,
    9.799699460518057e-05
  ],
  "i": [
    0,
    1
  ],
  "reset": [
    1
  ],
  "duration": [
    0.23984050750732422,
    0.2354271411895752,
    0.23653697967529297,
    0.2372148036956787,
    0.2360680103302002,
    0.23805809020996094,
    0.23751497268676758,
    0.23685479164123535,
    0.23703670501708984,
    0.23734450340270996,
    0.23725652694702148,
    0.23630833625793457,
    0.2368450164794922,
    0.23681426048278809,
    0.23766350746154785,
    0.23725676536560059,
    0.23669695854187012,
    0.23708605766296387,
    0.23835229873657227,
    0.23773884773254395
  ],
  "status": 1
}