{
  "gpu": true,
  "device": "gpu",
  "infile": "../matrix/cgne_init_4096_dble_csr.dat",
  "matfile": "../matrix/conf6_0-8x8-30/conf6.0-00l8x8-3000.mtx",
  "k": 0.05,
  "kc": 0.15649,
  "reordering": true,
  "preconditioning": true,
  "vol": 4096,
  "dim": 49152,
  "lattice": "8x8x8x8",
  "blk_dim": 6144,
  "bs": "8x4x4x4",
  "res": 1e-06,
  "tol": 0.00031353468703945405,
  "nmx": 125,
  "nkv": 7,
  "nmr": 4,
  "ncy": 20,
  "sdtype": "float32",
  "ddtype": "float64",
  "cdtype": "float32",
  "rn": [
    3.35186617400164e-05,
    5.0651088765522764e-05
  ],
  "i": [
    0,
    1
  ],
  "reset": [
    1
  ],
  "duration": [
    0.2391829490661621,
    0.2316880226135254,
    0.23416733741760254,
    0.23162531852722168,
    0.23157334327697754,
    0.2307589054107666,
    0.22460126876831055,
    0.2220315933227539,
    0.22510552406311035,
    0.23082232475280762,
    0.2301928997039795,
    0.23045825958251953,
    0.23005366325378418,
    0.2324535846710205,
    0.2240746021270752,
    0.21937012672424316,
    0.23035550117492676,
    0.23025155067443848,
    0.236466646194458,
    0.23007869720458984
  ],
  "status": 1
}