{
  "gpu": true,
  "device": "gpu",
  "infile": "../matrix/cgne_init_4096_dble_csr.dat",
  "matfile": null,
  "k": 0.0,
  "kc": 0.0,
  "reordering": false,
  "preconditioning": true,
  "vol": 4096,
  "dim": 49152,
  "lattice": "8x8x8x8",
  "blk_dim": 3072,
  "bs": "4x4x4x4",
  "res": 1e-06,
  "tol": 0.00031353468703945405,
  "nmx": 1250,
  "nkv": 7,
  "nmr": 2,
  "ncy": 4,
  "sdtype": "float32",
  "ddtype": "float64",
  "cdtype": "float32",
  "rn": [
    141.8311455797012,
    76.70375521321179,
    44.234379500652075,
    26.888935013840907,
    16.89937138660134,
    10.800971358277765,
    6.930194943354375,
    6.9301949777862415,
    4.836703821983959,
    3.265778573512354,
    2.189253287856831,
    1.4089569652059233,
    0.8959153556934937,
    0.552417074681772,
    0.34656196497978786,
    0.3465619635639902,
    0.2463725058970296,
    0.17280311542711832,
    0.1170692080328444,
    0.077583339741123,
    0.051423029065168734,
    0.0341844483848904,
    0.022953971756728003,
    0.022953972237618022,
    0.016093668907747657,
    0.01108474679755909,
    0.0074329329252989015,
    0.004919018284854816,
    0.0032820844803993607,
    0.0022122578180422134,
    0.0015301535671166907,
    0.0015301535585284366,
    0.001094319120916452,
    0.000762287353111081,
    0.0005124003988938439,
    0.0003381945621056124,
    0.0002265089785340271,
    0.00022650897984018633
  ],
  "i": [
    0,
    1,
    2,
    3,
    4,
    5,
    6,
    7,
    8,
    9,
    10,
    11,
    12,
    13,
    14,
    15,
    16,
    17,
    18,
    19,
    20,
    21,
    22,
    23,
    24,
    25,
    26,
    27,
    28,
    29,
    30,
    31,
    32,
    33,
    34,
    35,
    36,
    37
  ],
  "reset": [
    7,
    15,
    23,
    31,
    37
  ],
  "duration": [
    2.6977334022521973,
    2.5246949195861816,
    2.5303962230682373,
    2.5273847579956055,
    2.528233051300049,
    2.5244100093841553,
    2.5192742347717285,
    2.501523017883301,
    2.514852285385132,
    2.5069780349731445,
    2.509097099304199,
    2.5071659088134766,
    2.5133588314056396,
    2.4979705810546875,
    2.504908323287964,
    2.5005478858947754,
    2.502288579940796,
    2.5087733268737793,
    2.505810022354126,
    2.502025842666626
  ],
  "status": 33
}