{
  "gpu": true,
  "infile": "../matrix/cgne_init_65536_dble_csr.dat",
  "matfile": null,
  "k": 0.0,
  "kc": 0.0,
  "reordering": false,
  "preconditioning": true,
  "vol": 65536,
  "dim": 786048,
  "lattice": "16x16x16x16",
  "blk_dim": 12282,
  "bs": "8x8x4x4",
  "res": 1e-06,
  "tol": 0.0012541387482808122,
  "nmx": 500,
  "nkv": 7,
  "nmr": 4,
  "ncy": 5,
  "sdtype": "float32",
  "ddtype": "float64",
  "cdtype": "float32",
  "rn": [
    399.05765160865633,
    145.4650239983743,
    54.13004289518561,
    20.485563845279408,
    7.878619846610253,
    3.078042011194133,
    1.2192394201622756,
    1.2192397329257865,
    0.4923163170312692,
    0.19976118527455197,
    0.07950993175966198,
    0.0307484166740733,
    0.011721909178346595,
    0.004340893966696048,
    0.0015748689650634277,
    0.0015748678893919975,
    0.0006192912571860174,
    0.0006192912571165856
  ],
  "i": [
    0,
    1,
    2,
    3,
    4,
    5,
    6,
    7,
    8,
    9,
    10,
    11,
    12,
    13,
    14,
    15,
    16,
    17
  ],
  "reset": [
    7,
    15,
    17
  ],
  "duration": 11.450638055801392,
  "status": 15
}