{
  "gpu": true,
  "device": "gpu",
  "infile": "../matrix/fgcr_check3_4096_dble_csr.dat",
  "matfile": null,
  "k": 0.0,
  "kc": 0.0,
  "reordering": false,
  "preconditioning": true,
  "vol": 4096,
  "dim": 49152,
  "lattice": "8x8x8x8",
  "blk_dim": 3072,
  "bs": "4x4x4x4",
  "res": 1e-06,
  "tol": 0.0003135346870762468,
  "nmx": 2500,
  "nkv": 7,
  "nmr": 4,
  "ncy": 1,
  "sdtype": "float64",
  "ddtype": "float64",
  "cdtype": "float64",
  "rn": [
    131.17100332499058,
    58.63747627257892,
    31.773517287431137,
    19.43795281795721,
    11.588950167792628,
    7.195013254098589,
    4.341367243477935,
    4.341367243477936,
    3.1409949220489017,
    2.152275099092939,
    1.2983460973621044,
    0.7787127042041317,
    0.47460637329018934,
    0.2520128560675322,
    0.15746827438473165,
    0.15746827438473118,
    0.1190857368139513,
    0.08000073098675489,
    0.046148254352693686,
    0.026577415868362424,
    0.01641364471745965,
    0.010034122044793536,
    0.006860042025999369,
    0.0068600420259991605,
    0.0052027054275691825,
    0.0035743408441293004,
    0.0021197074970301074,
    0.0012518845552555817,
    0.0007705704997334582,
    0.00048257813910968005,
    0.00034351168890422274,
    0.0003435116889045365,
    0.00026083932282170704,
    0.0002608393228211182
  ],
  "i": [
    0,
    1,
    2,
    3,
    4,
    5,
    6,
    7,
    8,
    9,
    10,
    11,
    12,
    13,
    14,
    15,
    16,
    17,
    18,
    19,
    20,
    21,
    22,
    23,
    24,
    25,
    26,
    27,
    28,
    29,
    30,
    31,
    32,
    33
  ],
  "reset": [
    7,
    15,
    23,
    31,
    33
  ],
  "duration": [
    1.3357644081115723,
    1.1124138832092285,
    1.1126558780670166,
    1.113079309463501,
    1.113062858581543,
    1.1120579242706299,
    1.1108555793762207,
    1.11051607131958,
    1.1107487678527832,
    1.1151375770568848,
    1.1096632480621338,
    1.1099014282226562,
    1.1089801788330078,
    1.1082398891448975,
    1.1083660125732422,
    1.1088228225708008,
    1.1084177494049072,
    1.109717845916748,
    1.108489990234375,
    1.1096153259277344
  ],
  "status": 29
}