{
  "gpu": false,
  "device": "cpu",
  "infile": "../matrix/cgne_init_4096_dble_csr.dat",
  "matfile": "../matrix/conf6_0-8x8-20/conf6_0-8x8-20.mtx",
  "k": 0.15,
  "kc": 0.15717,
  "reordering": true,
  "preconditioning": true,
  "vol": 4096,
  "dim": 49152,
  "lattice": "8x8x8x8",
  "blk_dim": 3072,
  "bs": "4x4x4x4",
  "res": 1e-06,
  "tol": 0.0003135346870547978,
  "nmx": 250,
  "nkv": 7,
  "nmr": 10,
  "ncy": 4,
  "sdtype": "float32",
  "ddtype": "float64",
  "cdtype": "float64",
  "rn": [
    10.619035086559107,
    1.9943954384351241,
    0.4593034107196839,
    0.11649231006796701,
    0.029030193404722838,
    0.007771629774442507,
    0.001978380539964526,
    0.0019795765931419932,
    0.0005457722320495275,
    0.00014913931108729702,
    0.00014913931323909407
  ],
  "i": [
    0,
    1,
    2,
    3,
    4,
    5,
    6,
    7,
    8,
    9,
    10
  ],
  "reset": [
    7,
    10
  ],
  "duration": [
    2.7399089336395264,
    2.7376697063446045,
    2.734560966491699,
    2.7414419651031494,
    2.7421886920928955,
    2.7374677658081055,
    2.7393643856048584,
    2.73773193359375,
    2.7399842739105225,
    2.7414612770080566,
    2.738215446472168,
    2.737114429473877,
    2.73941707611084,
    2.7386162281036377,
    2.737004041671753,
    2.739576578140259,
    2.7374606132507324,
    2.734856605529785,
    2.7401626110076904,
    2.7363224029541016
  ],
  "status": 9
}