{
  "gpu": true,
  "device": "gpu",
  "infile": "../matrix/fgcr_check3_4096_dble_csr.dat",
  "matfile": null,
  "k": 0.0,
  "kc": 0.0,
  "reordering": false,
  "preconditioning": true,
  "vol": 4096,
  "dim": 49152,
  "lattice": "8x8x8x8",
  "blk_dim": 12288,
  "bs": "8x8x4x4",
  "res": 1e-06,
  "tol": 0.00031353468715082124,
  "nmx": 1250,
  "nkv": 7,
  "nmr": 4,
  "ncy": 2,
  "sdtype": "float32",
  "ddtype": "float64",
  "cdtype": "float64",
  "rn": [
    61.502033150373485,
    21.231601322136143,
    9.560163469683163,
    3.947740250600027,
    1.7732668525974915,
    0.7612020530227976,
    0.33651512512911,
    0.3365151160228311,
    0.1891818034790625,
    0.0810068550237688,
    0.0340411319907888,
    0.01452369879380878,
    0.006382868232241443,
    0.0025609130509964906,
    0.0009577099924697812,
    0.0009577100405474444,
    0.0005463139259799048,
    0.0002347494980584137,
    0.00023474949643558545
  ],
  "i": [
    0,
    1,
    2,
    3,
    4,
    5,
    6,
    7,
    8,
    9,
    10,
    11,
    12,
    13,
    14,
    15,
    16,
    17,
    18
  ],
  "reset": [
    7,
    15,
    18
  ],
  "duration": [
    0.5568482875823975,
    0.3409867286682129,
    0.3407254219055176,
    0.34038329124450684,
    0.34020018577575684,
    0.3401832580566406,
    0.34033846855163574,
    0.34041929244995117,
    0.34021639823913574,
    0.34030675888061523,
    0.34072399139404297,
    0.34058475494384766,
    0.34058713912963867,
    0.34002161026000977,
    0.3402895927429199,
    0.3404242992401123,
    0.34058332443237305,
    0.3399088382720947,
    0.34038305282592773,
    0.3403306007385254
  ],
  "status": 16
}