{
  "gpu": false,
  "device": "cpu",
  "infile": "../matrix/cgne_init_4096_dble_csr.dat",
  "matfile": null,
  "k": 0.0,
  "kc": 0.0,
  "reordering": false,
  "preconditioning": true,
  "vol": 4096,
  "dim": 49152,
  "lattice": "8x8x8x8",
  "blk_dim": 24576,
  "bs": "8x8x8x4",
  "res": 1e-06,
  "tol": 0.0003135346870762468,
  "nmx": 2500,
  "nkv": 7,
  "nmr": 0.5,
  "ncy": 0.5,
  "sdtype": "float64",
  "ddtype": "float64",
  "cdtype": "float64",
  "rn": [
    145.98874493602955,
    53.70000660165148,
    22.61636737628875,
    10.145084095828167,
    4.345405762502952,
    2.064754470517011,
    0.9598435205754277,
    0.9598435205754274,
    0.470663649067953,
    0.23212398032581966,
    0.11679690103369694,
    0.05202177566773587,
    0.023913220528021396,
    0.010783143667176734,
    0.005120659424016798,
    0.005120659424016968,
    0.0024915346566857046,
    0.0012217948121651678,
    0.0006215142125357581,
    0.00028343486706233946,
    0.00028343486706243855
  ],
  "i": [
    0,
    1,
    2,
    3,
    4,
    5,
    6,
    7,
    8,
    9,
    10,
    11,
    12,
    13,
    14,
    15,
    16,
    17,
    18,
    19,
    20
  ],
  "reset": [
    7,
    15,
    20
  ],
  "duration": [
    0.6148900985717773,
    0.5736796855926514,
    0.6358966827392578,
    0.5772333145141602,
    0.5586090087890625,
    0.48409199714660645,
    0.46677470207214355,
    0.5142519474029541,
    0.6084189414978027,
    0.6005680561065674,
    0.4786250591278076,
    0.5750670433044434,
    0.4592587947845459,
    0.5912754535675049,
    0.5970799922943115,
    0.661003828048706,
    0.5353195667266846,
    0.5538158416748047,
    0.5509750843048096,
    0.530245304107666
  ],
  "status": 18
}