{
  "gpu": true,
  "infile": "../matrix/cgne_init_65536_dble_csr.dat",
  "matfile": null,
  "k": 0.0,
  "kc": 0.0,
  "reordering": false,
  "preconditioning": true,
  "vol": 65536,
  "dim": 786048,
  "lattice": "16x16x16x16",
  "blk_dim": 98256,
  "bs": "16x8x8x8",
  "res": 1e-06,
  "tol": 0.0012541387482808122,
  "nmx": 2500,
  "nkv": 7,
  "nmr": 4,
  "ncy": 1,
  "sdtype": "float32",
  "ddtype": "float64",
  "cdtype": "float32",
  "rn": [
    610.7032312462369,
    234.8991167779902,
    104.62082397943092,
    47.705007418021246,
    21.647572904784276,
    10.208919339098276,
    4.788312110391391,
    4.788312198048039,
    2.388753789660237,
    1.1820438351073024,
    0.5689844878871256,
    0.27465190663331884,
    0.13069675088872862,
    0.057050214724285016,
    0.02649680207077325,
    0.026496802070405695,
    0.013117004236144985,
    0.006463293845880104,
    0.003119676992091923,
    0.0015407828807747705,
    0.00074604486134808,
    0.0007460448628350051
  ],
  "i": [
    0,
    1,
    2,
    3,
    4,
    5,
    6,
    7,
    8,
    9,
    10,
    11,
    12,
    13,
    14,
    15,
    16,
    17,
    18,
    19,
    20,
    21
  ],
  "reset": [
    7,
    15,
    21
  ],
  "duration": 1.838223934173584,
  "status": 19
}