{
  "gpu": false,
  "device": "cpu",
  "infile": "../matrix/cgne_init_65536_dble_csr.dat",
  "matfile": null,
  "k": 0.0,
  "kc": 0.0,
  "reordering": false,
  "preconditioning": true,
  "vol": 65536,
  "dim": 786432,
  "lattice": "16x16x16x16",
  "blk_dim": 3072,
  "bs": "4x4x4x4",
  "res": 1e-06,
  "tol": 0.0012541387482794752,
  "nmx": 313,
  "nkv": 7,
  "nmr": 4,
  "ncy": 8,
  "sdtype": "float32",
  "ddtype": "float64",
  "cdtype": "float32",
  "rn": [
    223.44322917359872,
    46.943042422897925,
    8.83030678592557,
    1.9331547624948469,
    0.3698270091303802,
    0.0763348609302088,
    0.015112375905227725,
    0.01512211971001573,
    0.0031636926246414445,
    0.0006324252584982838,
    0.0006324252589196497
  ],
  "i": [
    0,
    1,
    2,
    3,
    4,
    5,
    6,
    7,
    8,
    9,
    10
  ],
  "reset": [
    7,
    10
  ],
  "duration": [
    17.613338470458984,
    17.63006353378296,
    17.70106840133667,
    17.699498414993286,
    17.643248319625854,
    17.67290449142456,
    17.694867372512817,
    17.65391778945923,
    17.642728805541992,
    17.662461042404175,
    17.700433254241943,
    17.657934427261353,
    17.623170375823975,
    17.645321130752563,
    17.655278205871582,
    17.6618812084198,
    17.650232315063477,
    17.624586820602417,
    17.68351721763611,
    17.622734308242798
  ],
  "status": 9
}