{
  "gpu": false,
  "device": "cpu",
  "infile": "../matrix/fgcr_check3_4096_dble_csr.dat",
  "matfile": null,
  "k": 0.0,
  "kc": 0.0,
  "reordering": false,
  "preconditioning": true,
  "vol": 4096,
  "dim": 49152,
  "lattice": "8x8x8x8",
  "blk_dim": 6144,
  "bs": "8x4x4x4",
  "res": 1e-06,
  "tol": 0.00031353468710831124,
  "nmx": 250,
  "nkv": 7,
  "nmr": 4,
  "ncy": 10,
  "sdtype": "float32",
  "ddtype": "float64",
  "cdtype": "float32",
  "rn": [
    7.956444634713204,
    2.4233659117085407,
    0.7570423430745178,
    0.23347645805038875,
    0.07402321044171609,
    0.024917281401634885,
    0.008133027189297018,
    0.008133016492254924,
    0.002892102173360919,
    0.0010273028902971785,
    0.00033665798268307995,
    0.00010807793085114939,
    0.00010807798952864654
  ],
  "i": [
    0,
    1,
    2,
    3,
    4,
    5,
    6,
    7,
    8,
    9,
    10,
    11,
    12
  ],
  "reset": [
    7,
    12
  ],
  "duration": [
    2.7897863388061523,
    2.79227614402771,
    2.7911558151245117,
    2.7915525436401367,
    2.790313243865967,
    2.79119873046875,
    2.7904186248779297,
    2.7908709049224854,
    2.791045665740967,
    2.791736602783203,
    2.791717052459717,
    2.790884494781494,
    2.7899539470672607,
    2.7913618087768555,
    2.789832353591919,
    2.791295051574707,
    2.7906219959259033,
    2.7918927669525146,
    2.790943145751953,
    2.791093111038208
  ],
  "status": 11
}