{
  "gpu": false,
  "device": "hybrid",
  "infile": "../matrix/cgne_init_4096_dble_csr.dat",
  "matfile": "../matrix/conf6_0-8x8-30/conf6.0-00l8x8-3000.mtx",
  "k": 0.15649,
  "kc": 0.15649,
  "reordering": true,
  "preconditioning": true,
  "vol": 4096,
  "dim": 49152,
  "lattice": "8x8x8x8",
  "blk_dim": 24576,
  "bs": "8x8x8x4",
  "res": 1e-06,
  "tol": 0.0003135346870547978,
  "nmx": 125,
  "nkv": 7,
  "nmr": 4,
  "ncy": 20,
  "sdtype": "float32",
  "ddtype": "float64",
  "cdtype": "float32",
  "rn": [
    7.598255184573592,
    3.818071662737965,
    2.0931315002197395,
    1.107062092884068,
    0.6463390964056878,
    0.32236300230880216,
    0.1714613814092374,
    0.17146159072184808,
    0.09692077691075666,
    0.05509424421104608,
    0.025418520545508298,
    0.013038825244697202,
    0.0072559868201710846,
    0.0038270584426457342,
    0.0019747861880413334,
    0.001974785558474759,
    0.001103814489368883,
    0.0006234234305163859,
    0.00035356573691905564,
    0.00019914185011057602,
    0.00019914183641416637
  ],
  "i": [
    0,
    1,
    2,
    3,
    4,
    5,
    6,
    7,
    8,
    9,
    10,
    11,
    12,
    13,
    14,
    15,
    16,
    17,
    18,
    19,
    20
  ],
  "reset": [
    7,
    15,
    20
  ],
  "duration": [
    2.311056613922119,
    2.30645489692688,
    2.305231809616089,
    2.3058345317840576,
    2.3052213191986084,
    2.3076283931732178,
    2.307072639465332,
    2.3107552528381348,
    2.30991268157959,
    2.305809259414673,
    2.305011034011841,
    2.3042781352996826,
    2.296269178390503,
    2.303616523742676,
    2.3019800186157227,
    2.300940990447998,
    2.3021390438079834,
    2.3030238151550293,
    2.303986072540283,
    2.3021483421325684
  ],
  "status": 18
}