{
  "gpu": false,
  "device": "cpu",
  "infile": "../matrix/cgne_init_4096_dble_csr.dat",
  "matfile": "../matrix/conf6_0-8x8-30/conf6.0-00l8x8-3000.mtx",
  "k": 0.05,
  "kc": 0.15649,
  "reordering": true,
  "preconditioning": true,
  "vol": 4096,
  "dim": 49152,
  "lattice": "8x8x8x8",
  "blk_dim": 3072,
  "bs": "4x4x4x4",
  "res": 1e-06,
  "tol": 0.0003135346870762468,
  "nmx": 125,
  "nkv": 7,
  "nmr": 20,
  "ncy": 4,
  "sdtype": "float64",
  "ddtype": "float64",
  "cdtype": "float64",
  "rn": [
    9.80257836585574e-05,
    9.802578365955883e-05
  ],
  "i": [
    0,
    1
  ],
  "reset": [
    1
  ],
  "duration": [
    0.5303342342376709,
    0.5279076099395752,
    0.5272786617279053,
    0.5269029140472412,
    0.5269951820373535,
    0.5265982151031494,
    0.525517463684082,
    0.5277481079101562,
    0.5274922847747803,
    0.5269920825958252,
    0.527519941329956,
    0.5271661281585693,
    0.5280272960662842,
    0.5259604454040527,
    0.5257847309112549,
    0.525928258895874,
    0.5260143280029297,
    0.5259623527526855,
    0.5266058444976807,
    0.5257008075714111
  ],
  "status": 1
}