{
  "gpu": false,
  "infile": "../matrix/cgne_init_65536_dble_csr.dat",
  "matfile": null,
  "k": 0.0,
  "kc": 0.0,
  "reordering": false,
  "preconditioning": true,
  "vol": 65536,
  "dim": 786048,
  "lattice": "16x16x16x16",
  "blk_dim": 98256,
  "bs": "16x8x8x8",
  "res": 1e-06,
  "tol": 0.0012541387482794752,
  "nmx": 250,
  "nkv": 7,
  "nmr": 4,
  "ncy": 10,
  "sdtype": "float32",
  "ddtype": "float64",
  "cdtype": "float64",
  "rn": [
    155.45070604089904,
    27.15391039621715,
    4.974793983276572,
    0.8477090067262063,
    0.12318595153466932,
    0.015281152373823012,
    0.0017405303475882888,
    0.0017714202313843905,
    0.00023451981754925004,
    0.00023451981163133203
  ],
  "i": [
    0,
    1,
    2,
    3,
    4,
    5,
    6,
    7,
    8,
    9
  ],
  "reset": [
    7,
    9
  ],
  "duration": 24.35545325279236,
  "status": 8
}