{
  "gpu": true,
  "device": "gpu",
  "infile": "../matrix/fgcr_check3_4096_dble_csr.dat",
  "matfile": null,
  "k": 0.0,
  "kc": 0.0,
  "reordering": false,
  "preconditioning": true,
  "vol": 4096,
  "dim": 49152,
  "lattice": "8x8x8x8",
  "blk_dim": 12288,
  "bs": "8x8x4x4",
  "res": 1e-06,
  "tol": 0.0003135346870762468,
  "nmx": 250,
  "nkv": 7,
  "nmr": 10,
  "ncy": 4,
  "sdtype": "float64",
  "ddtype": "float64",
  "cdtype": "float64",
  "rn": [
    25.649368029673465,
    5.208952485763367,
    1.4500618710668989,
    0.3711077551941727,
    0.09332003368575251,
    0.024397366997237917,
    0.005978296355437499,
    0.00597829635543786,
    0.0017437044033139098,
    0.0005778758973012009,
    0.0001287840758935224,
    0.00012878407589302164
  ],
  "i": [
    0,
    1,
    2,
    3,
    4,
    5,
    6,
    7,
    8,
    9,
    10,
    11
  ],
  "reset": [
    7,
    11
  ],
  "duration": [
    1.103041648864746,
    0.8883147239685059,
    0.8873281478881836,
    0.8868582248687744,
    0.8861534595489502,
    0.8868932723999023,
    0.886981725692749,
    0.8867533206939697,
    0.8870601654052734,
    0.8850109577178955,
    0.8863763809204102,
    0.885723352432251,
    0.8853631019592285,
    0.8861043453216553,
    0.8863945007324219,
    0.8859865665435791,
    0.8860864639282227,
    0.8861727714538574,
    0.8862309455871582,
    0.8862969875335693
  ],
  "status": 10
}