{
  "gpu": false,
  "device": "cpu",
  "infile": "../matrix/cgne_init_65536_dble_csr.dat",
  "matfile": null,
  "k": 0.0,
  "kc": 0.0,
  "reordering": false,
  "preconditioning": true,
  "vol": 65536,
  "dim": 786048,
  "lattice": "16x16x16x16",
  "blk_dim": 12282,
  "bs": "8x8x4x4",
  "res": 1e-06,
  "tol": 0.0012541387482794752,
  "nmx": 210,
  "nkv": 7,
  "nmr": 12,
  "ncy": 4,
  "sdtype": "float32",
  "ddtype": "float64",
  "cdtype": "float64",
  "rn": [
    60.088946767868606,
    4.533074442978494,
    0.36467561868614373,
    0.030388448824058518,
    0.0026355545729124454,
    0.0002422165101677413,
    0.00036204560008280546
  ],
  "i": [
    0,
    1,
    2,
    3,
    4,
    5,
    6
  ],
  "reset": [
    6
  ],
  "duration": [
    14.689142942428589,
    14.682091236114502,
    14.744839668273926,
    14.678076267242432,
    14.745627403259277,
    14.66177225112915,
    14.715428352355957,
    14.682183742523193,
    14.672190189361572,
    14.67016053199768,
    14.701162815093994,
    14.691468000411987,
    14.692361116409302,
    14.694599390029907,
    14.729787588119507,
    14.69528603553772,
    14.727200269699097,
    14.722255945205688,
    14.670774459838867,
    14.681864976882935
  ],
  "status": 6
}