{
  "gpu": false,
  "infile": "../matrix/cgne_init_65536_dble_csr.dat",
  "matfile": null,
  "k": 0.0,
  "kc": 0.0,
  "reordering": false,
  "preconditioning": true,
  "vol": 65536,
  "dim": 786048,
  "lattice": "16x16x16x16",
  "blk_dim": 6141,
  "bs": "8x4x4x4",
  "res": 1e-06,
  "tol": 0.0012541387483049865,
  "nmx": 210,
  "nkv": 7,
  "nmr": 12,
  "ncy": 4,
  "sdtype": "float64",
  "ddtype": "float64",
  "cdtype": "float64",
  "rn": [
    59.99842569417397,
    4.497186568033994,
    0.35429513153023723,
    0.02851877263254489,
    0.002369975194351428,
    0.00020173437402944228,
    0.00020173437402834526
  ],
  "i": [
    0,
    1,
    2,
    3,
    4,
    5,
    6
  ],
  "reset": [
    6
  ],
  "duration": [
    10.438472032546997,
    10.408773183822632,
    10.389686346054077,
    10.396995782852173,
    10.371024131774902,
    10.389249324798584,
    10.375601053237915,
    10.390907049179077,
    10.375642776489258,
    10.39327359199524,
    10.422333478927612,
    10.435995101928711,
    10.417958498001099,
    10.431002140045166,
    10.411523818969727,
    10.43407940864563,
    10.426039934158325,
    10.528734922409058,
    10.498896837234497,
    10.471290349960327
  ],
  "status": 6
}