{
  "gpu": false,
  "device": "cpu",
  "infile": "../matrix/fgcr_check3_4096_dble_csr.dat",
  "matfile": null,
  "k": 0.0,
  "kc": 0.0,
  "reordering": false,
  "preconditioning": true,
  "vol": 4096,
  "dim": 49152,
  "lattice": "8x8x8x8",
  "blk_dim": 6144,
  "bs": "8x4x4x4",
  "res": 1e-06,
  "tol": 0.0003135346870762468,
  "nmx": 417,
  "nkv": 7,
  "nmr": 6,
  "ncy": 4,
  "sdtype": "float64",
  "ddtype": "float64",
  "cdtype": "float64",
  "rn": [
    24.595777059820907,
    4.830575640465569,
    1.3047156309805996,
    0.32096319338231694,
    0.07858461806165222,
    0.019928208596870573,
    0.004680197550690959,
    0.004680197550690272,
    0.001321976436356895,
    0.0004233164624053975,
    9.103561346036432e-05,
    9.103561345977289e-05
  ],
  "i": [
    0,
    1,
    2,
    3,
    4,
    5,
    6,
    7,
    8,
    9,
    10,
    11
  ],
  "reset": [
    7,
    11
  ],
  "duration": [
    1.5938727855682373,
    1.5952768325805664,
    1.5940475463867188,
    1.5939161777496338,
    1.593902349472046,
    1.5940642356872559,
    1.594374418258667,
    1.5946600437164307,
    1.5938711166381836,
    1.5937888622283936,
    1.5946285724639893,
    1.5949738025665283,
    1.5925121307373047,
    1.594738245010376,
    1.5940873622894287,
    1.5942838191986084,
    1.5939714908599854,
    1.5933241844177246,
    1.5943365097045898,
    1.595635175704956
  ],
  "status": 10
}