{
  "gpu": false,
  "infile": "../matrix/cgne_init_4096_dble_csr.dat",
  "matfile": null,
  "k": 0.0,
  "kc": 0.0,
  "reordering": false,
  "preconditioning": true,
  "vol": 4096,
  "dim": 49152,
  "lattice": "8x8x8x8",
  "blk_dim": 6144,
  "bs": "8x4x4x4",
  "res": 1e-06,
  "tol": 0.0003135346870547978,
  "nmx": 250,
  "nkv": 7,
  "nmr": 10,
  "ncy": 4,
  "sdtype": "float32",
  "ddtype": "float64",
  "cdtype": "float32",
  "rn": [
    55.59853207751474,
    36.47877667601985,
    24.043147505030618,
    14.85669996492802,
    9.854035497060442,
    6.161147076122259,
    3.9800924682669017,
    3.980092644774876,
    2.6640021128250146,
    1.6326322500858423,
    1.0593974162007858,
    0.6556136695061179,
    0.43412925931664637,
    0.2748500643658286,
    0.17875082606594783,
    0.1787508318185798,
    0.11988831793776986,
    0.07105683967079401,
    0.04373864063632716,
    0.027285792439083665,
    0.017868461316505883,
    0.011366838867442403,
    0.007450244983821334,
    0.007450245086730471,
    0.005067208222296863,
    0.003195633480637368,
    0.0020893324254554926,
    0.0013331452567316821,
    0.0008854995616778825,
    0.0005679715598465939,
    0.0003799717713770689,
    0.000379971762634091,
    0.0002593189073422346,
    0.0002593189067413296
  ],
  "i": [
    0,
    1,
    2,
    3,
    4,
    5,
    6,
    7,
    8,
    9,
    10,
    11,
    12,
    13,
    14,
    15,
    16,
    17,
    18,
    19,
    20,
    21,
    22,
    23,
    24,
    25,
    26,
    27,
    28,
    29,
    30,
    31,
    32,
    33
  ],
  "reset": [
    7,
    15,
    23,
    31,
    33
  ],
  "duration": [
    3.6852009296417236,
    3.6863596439361572,
    3.6874566078186035,
    3.6872518062591553,
    3.6883344650268555,
    3.6857187747955322,
    3.689227342605591,
    3.698453426361084,
    3.6940736770629883,
    3.6920323371887207,
    3.6902685165405273,
    3.6880524158477783,
    3.69193434715271,
    3.6915740966796875,
    3.6913368701934814,
    3.6927297115325928,
    3.69291353225708,
    3.6937801837921143,
    3.6944704055786133,
    3.695120096206665
  ],
  "status": 29
}