{
  "gpu": true,
  "device": "gpu",
  "infile": "../matrix/cgne_init_4096_dble_csr.dat",
  "matfile": "../matrix/conf6_0-8x8-20/conf6_0-8x8-20.mtx",
  "k": 0.15,
  "kc": 0.15717,
  "reordering": true,
  "preconditioning": true,
  "vol": 4096,
  "dim": 49152,
  "lattice": "8x8x8x8",
  "blk_dim": 12288,
  "bs": "8x8x4x4",
  "res": 1e-06,
  "tol": 0.00031353468703945405,
  "nmx": 125,
  "nkv": 7,
  "nmr": 20,
  "ncy": 4,
  "sdtype": "float32",
  "ddtype": "float64",
  "cdtype": "float64",
  "rn": [
    2.42063965277621,
    0.1210849713826731,
    0.006246026528689955,
    0.0003255437071236047,
    1.4363008334734835e-05,
    6.921092428442929e-05
  ],
  "i": [
    0,
    1,
    2,
    3,
    4,
    5
  ],
  "reset": [
    5
  ],
  "duration": [
    0.9412007331848145,
    0.7751941680908203,
    0.7715640068054199,
    0.7803716659545898,
    0.7804527282714844,
    0.7801804542541504,
    0.779036283493042,
    0.775930643081665,
    0.7794983386993408,
    0.777153491973877,
    0.7810468673706055,
    0.7776598930358887,
    0.7694065570831299,
    0.7726056575775146,
    0.7764663696289062,
    0.7783868312835693,
    0.7772505283355713,
    0.7680649757385254,
    0.7743184566497803,
    0.7741200923919678
  ],
  "status": 5
}