{
  "gpu": true,
  "infile": "../matrix/cgne_init_65536_dble_csr.dat",
  "matfile": null,
  "k": 0.0,
  "kc": 0.0,
  "reordering": false,
  "preconditioning": true,
  "vol": 65536,
  "dim": 786048,
  "lattice": "16x16x16x16",
  "blk_dim": 196512,
  "bs": "16x16x8x8",
  "res": 1e-06,
  "tol": 0.0012541387482808122,
  "nmx": 1250,
  "nkv": 7,
  "nmr": 4,
  "ncy": 2,
  "sdtype": "float32",
  "ddtype": "float64",
  "cdtype": "float64",
  "rn": [
    723.2235683898983,
    405.0962045027129,
    206.34908566127444,
    99.45008372419004,
    47.52960495353776,
    22.580700019863794,
    10.826199244807967,
    10.8261991468758,
    6.484651609107568,
    2.7595088992125243,
    1.2941990980716604,
    0.598891558847675,
    0.2913624373702784,
    0.14194876820824126,
    0.06625255711032996,
    0.06625255601409992,
    0.039014839427744134,
    0.01792957570569496,
    0.007621524463858889,
    0.003700189829418171,
    0.0019433501055967708,
    0.0010121879510325174,
    0.0010121879703973598
  ],
  "i": [
    0,
    1,
    2,
    3,
    4,
    5,
    6,
    7,
    8,
    9,
    10,
    11,
    12,
    13,
    14,
    15,
    16,
    17,
    18,
    19,
    20,
    21,
    22
  ],
  "reset": [
    7,
    15,
    22
  ],
  "duration": 1.8863425254821777,
  "status": 20
}