{
  "gpu": false,
  "device": "hybrid",
  "infile": "../matrix/fgcr_check3_4096_dble_csr.dat",
  "matfile": null,
  "k": 0.0,
  "kc": 0.0,
  "reordering": false,
  "preconditioning": true,
  "vol": 4096,
  "dim": 49152,
  "lattice": "8x8x8x8",
  "blk_dim": 12288,
  "bs": "8x8x4x4",
  "res": 1e-06,
  "tol": 0.00031353468710831124,
  "nmx": 417,
  "nkv": 7,
  "nmr": 12,
  "ncy": 2,
  "sdtype": "float32",
  "ddtype": "float64",
  "cdtype": "float32",
  "rn": [
    59.00620936680922,
    22.23122580810613,
    10.212336707201125,
    4.442926089052206,
    2.066356765442359,
    0.9174028760799714,
    0.4234576383116351,
    0.423457647700562,
    0.2510719183214406,
    0.11409687841578839,
    0.05035230970863612,
    0.02233562478095349,
    0.010210725649203436,
    0.004253577637547955,
    0.001593327462855509,
    0.0015933274575687007,
    0.0009597148106488753,
    0.0004229960526021016,
    0.00019745783484379238,
    0.00019745783559202808
  ],
  "i": [
    0,
    1,
    2,
    3,
    4,
    5,
    6,
    7,
    8,
    9,
    10,
    11,
    12,
    13,
    14,
    15,
    16,
    17,
    18,
    19
  ],
  "reset": [
    7,
    15,
    19
  ],
  "duration": [
    2.2850427627563477,
    2.284364700317383,
    2.284614086151123,
    2.2842655181884766,
    2.2901101112365723,
    2.28285551071167,
    2.284540891647339,
    2.2836217880249023,
    2.281231164932251,
    2.2740635871887207,
    2.272742509841919,
    2.2735915184020996,
    2.2750301361083984,
    2.275055170059204,
    2.2746975421905518,
    2.273833751678467,
    2.274012565612793,
    2.273676633834839,
    2.273765802383423,
    2.2732160091400146
  ],
  "status": 17
}