{
  "gpu": true,
  "infile": "../matrix/cgne_init_65536_dble_csr.dat",
  "matfile": null,
  "k": 0.0,
  "kc": 0.0,
  "reordering": false,
  "preconditioning": true,
  "vol": 65536,
  "dim": 786048,
  "lattice": "16x16x16x16",
  "blk_dim": 6141,
  "bs": "8x4x4x4",
  "res": 1e-06,
  "tol": 0.0012541387482808122,
  "nmx": 500,
  "nkv": 7,
  "nmr": 4,
  "ncy": 5,
  "sdtype": "float32",
  "ddtype": "float64",
  "cdtype": "float32",
  "rn": [
    398.6873085355072,
    145.0749271377167,
    53.85011002935726,
    20.30255668473304,
    7.766566290276831,
    3.0124520360998988,
    1.1804406771722282,
    1.1804405344131312,
    0.46987723136039966,
    0.18878599674984217,
    0.07554459034977376,
    0.029616259354190343,
    0.011465929651308207,
    0.00430761350263915,
    0.0015726243771857903,
    0.001572623704930046,
    0.0006102691357822038,
    0.0006102691351995255
  ],
  "i": [
    0,
    1,
    2,
    3,
    4,
    5,
    6,
    7,
    8,
    9,
    10,
    11,
    12,
    13,
    14,
    15,
    16,
    17
  ],
  "reset": [
    7,
    15,
    17
  ],
  "duration": 21.53166961669922,
  "status": 15
}