{
  "gpu": true,
  "device": "gpu",
  "infile": "../matrix/fgcr_check3_4096_dble_csr.dat",
  "matfile": null,
  "k": 0.0,
  "kc": 0.0,
  "reordering": false,
  "preconditioning": true,
  "vol": 4096,
  "dim": 49152,
  "lattice": "8x8x8x8",
  "blk_dim": 12288,
  "bs": "8x8x4x4",
  "res": 1e-06,
  "tol": 0.0003135346870762468,
  "nmx": 1250,
  "nkv": 7,
  "nmr": 4,
  "ncy": 2,
  "sdtype": "float64",
  "ddtype": "float64",
  "cdtype": "float64",
  "rn": [
    61.502033165453895,
    21.231601310776018,
    9.560163503729536,
    3.9477402869932665,
    1.7732668801065052,
    0.7612020654770792,
    0.3365151315945001,
    0.33651513159450036,
    0.18918173606413155,
    0.08100680268260338,
    0.03404107438042025,
    0.014523691052343248,
    0.006382869047351382,
    0.0025609159514670757,
    0.0009577092107064,
    0.000957709210706272,
    0.0005463130254981162,
    0.00023474911982575077,
    0.00023474911982582065
  ],
  "i": [
    0,
    1,
    2,
    3,
    4,
    5,
    6,
    7,
    8,
    9,
    10,
    11,
    12,
    13,
    14,
    15,
    16,
    17,
    18
  ],
  "reset": [
    7,
    15,
    18
  ],
  "duration": [
    0.5530164241790771,
    0.33759331703186035,
    0.3365447521209717,
    0.33676910400390625,
    0.3367290496826172,
    0.33620285987854004,
    0.33625316619873047,
    0.33590054512023926,
    0.33622288703918457,
    0.33630800247192383,
    0.3364729881286621,
    0.3361485004425049,
    0.3362734317779541,
    0.33653926849365234,
    0.33606863021850586,
    0.3361654281616211,
    0.3364677429199219,
    0.3363204002380371,
    0.3364713191986084,
    0.33643364906311035
  ],
  "status": 16
}