{
  "gpu": true,
  "device": "gpu",
  "infile": "../matrix/cgne_init_4096_dble_csr.dat",
  "matfile": "../matrix/conf6_0-8x8-30/conf6.0-00l8x8-3000.mtx",
  "k": 0.05,
  "kc": 0.15649,
  "reordering": true,
  "preconditioning": true,
  "vol": 4096,
  "dim": 49152,
  "lattice": "8x8x8x8",
  "blk_dim": 12288,
  "bs": "8x8x4x4",
  "res": 1e-06,
  "tol": 0.00031353468703945405,
  "nmx": 250,
  "nkv": 7,
  "nmr": 10,
  "ncy": 4,
  "sdtype": "float32",
  "ddtype": "float64",
  "cdtype": "float64",
  "rn": [
    7.961069617696453e-06,
    3.828677060917407e-05
  ],
  "i": [
    0,
    1
  ],
  "reset": [
    1
  ],
  "duration": [
    0.08111953735351562,
    0.08031320571899414,
    0.07856965065002441,
    0.07815170288085938,
    0.0785667896270752,
    0.07838988304138184,
    0.07818889617919922,
    0.07827258110046387,
    0.07878899574279785,
    0.08075904846191406,
    0.08134174346923828,
    0.0815126895904541,
    0.08132600784301758,
    0.0818014144897461,
    0.07919526100158691,
    0.07953310012817383,
    0.08122467994689941,
    0.08131694793701172,
    0.08154940605163574,
    0.0792229175567627
  ],
  "status": 1
}