{
  "gpu": true,
  "device": "gpu",
  "infile": "../matrix/cgne_init_4096_dble_csr.dat",
  "matfile": "../matrix/conf6_0-8x8-20/conf6_0-8x8-20.mtx",
  "k": 0.15,
  "kc": 0.15717,
  "reordering": true,
  "preconditioning": true,
  "vol": 4096,
  "dim": 49152,
  "lattice": "8x8x8x8",
  "blk_dim": 12288,
  "bs": "8x8x4x4",
  "res": 1e-06,
  "tol": 0.00031353468703945405,
  "nmx": 250,
  "nkv": 7,
  "nmr": 10,
  "ncy": 4,
  "sdtype": "float32",
  "ddtype": "float64",
  "cdtype": "float32",
  "rn": [
    4.483931574827042,
    0.37521531169239875,
    0.039791134138483814,
    0.0038769931795780265,
    0.00038897004565496254,
    4.233278166992176e-05,
    7.311633392970726e-05
  ],
  "i": [
    0,
    1,
    2,
    3,
    4,
    5,
    6
  ],
  "reset": [
    6
  ],
  "duration": [
    0.6527926921844482,
    0.4926419258117676,
    0.4886183738708496,
    0.4831404685974121,
    0.48928213119506836,
    0.48491406440734863,
    0.4916243553161621,
    0.4914388656616211,
    0.49102258682250977,
    0.49140095710754395,
    0.4875826835632324,
    0.48381805419921875,
    0.482407808303833,
    0.48230934143066406,
    0.49059534072875977,
    0.49020886421203613,
    0.48987841606140137,
    0.4856753349304199,
    0.48589301109313965,
    0.4898200035095215
  ],
  "status": 6
}