{
  "gpu": true,
  "device": "gpu",
  "infile": "../matrix/cgne_init_65536_dble_csr.dat",
  "matfile": null,
  "k": 0.0,
  "kc": 0.0,
  "reordering": false,
  "preconditioning": true,
  "vol": 65536,
  "dim": 786048,
  "lattice": "16x16x16x16",
  "blk_dim": 98256,
  "bs": "16x8x8x8",
  "res": 1e-06,
  "tol": 0.0012541387482808122,
  "nmx": 313,
  "nkv": 7,
  "nmr": 4,
  "ncy": 8,
  "sdtype": "float32",
  "ddtype": "float64",
  "cdtype": "float64",
  "rn": [
    224.92710998768314,
    47.57584482148058,
    9.093754807844007,
    2.0303723636037265,
    0.37639090980978146,
    0.07793134873591007,
    0.01461386253218649,
    0.01461586090646811,
    0.0031215544709462906,
    0.0006019706588854135,
    0.0006019707287690444
  ],
  "i": [
    0,
    1,
    2,
    3,
    4,
    5,
    6,
    7,
    8,
    9,
    10
  ],
  "reset": [
    7,
    10
  ],
  "duration": [
    1.5807044506072998,
    1.394364595413208,
    1.3940720558166504,
    1.3946795463562012,
    1.404226541519165,
    1.3926491737365723,
    1.391676425933838,
    1.4059958457946777,
    1.3989944458007812,
    1.3879733085632324,
    1.392582893371582,
    1.403280258178711,
    1.3952698707580566,
    1.3934402465820312,
    1.3982551097869873,
    1.3975870609283447,
    1.3951256275177002,
    1.398411512374878,
    1.4041781425476074,
    1.4067816734313965
  ],
  "status": 9
}