{
  "gpu": false,
  "device": "hybrid",
  "infile": "../matrix/cgne_init_4096_dble_csr.dat",
  "matfile": null,
  "k": 0.0,
  "kc": 0.0,
  "reordering": false,
  "preconditioning": true,
  "vol": 4096,
  "dim": 49152,
  "lattice": "8x8x8x8",
  "blk_dim": 6144,
  "bs": "8x4x4x4",
  "res": 1e-06,
  "tol": 0.0003135346870762468,
  "nmx": 250,
  "nkv": 7,
  "nmr": 4,
  "ncy": 10,
  "sdtype": "float64",
  "ddtype": "float64",
  "cdtype": "float64",
  "rn": [
    51.85620052885227,
    15.199606635118371,
    4.932527812164335,
    1.7113763596664096,
    0.6235789951582992,
    0.22282992046875327,
    0.07464702558305043,
    0.07464702558305145,
    0.025660490524922072,
    0.009181668409959012,
    0.0029841785423091968,
    0.0009510957645882916,
    0.00034321072601540013,
    0.00011514335603301239,
    0.00011514335603297358
  ],
  "i": [
    0,
    1,
    2,
    3,
    4,
    5,
    6,
    7,
    8,
    9,
    10,
    11,
    12,
    13,
    14
  ],
  "reset": [
    7,
    14
  ],
  "duration": [
    3.661768674850464,
    3.664569854736328,
    3.6559815406799316,
    3.6566519737243652,
    3.6566927433013916,
    3.653520107269287,
    3.6518478393554688,
    3.648808479309082,
    3.645536422729492,
    3.6429617404937744,
    3.644860029220581,
    3.645509958267212,
    3.6462790966033936,
    3.6448304653167725,
    3.6455092430114746,
    3.648193120956421,
    3.643994092941284,
    3.6458489894866943,
    3.6463966369628906,
    3.6440348625183105
  ],
  "status": 13
}