{
  "gpu": false,
  "device": "hybrid",
  "infile": "../matrix/cgne_init_4096_dble_csr.dat",
  "matfile": "../matrix/conf6_0-8x8-20/conf6_0-8x8-20.mtx",
  "k": 0.15717,
  "kc": 0.15717,
  "reordering": true,
  "preconditioning": true,
  "vol": 4096,
  "dim": 49152,
  "lattice": "8x8x8x8",
  "blk_dim": 6144,
  "bs": "8x4x4x4",
  "res": 1e-06,
  "tol": 0.0003135346870547978,
  "nmx": 417,
  "nkv": 7,
  "nmr": 2,
  "ncy": 12,
  "sdtype": "float32",
  "ddtype": "float64",
  "cdtype": "float64",
  "rn": [
    19.159546834869918,
    10.416049564302082,
    6.43176417408904,
    3.9292453941326535,
    2.4715460639547184,
    1.5797677188678088,
    1.097914968921008,
    1.0979148093626567,
    0.7142826898697565,
    0.4545218362955643,
    0.3102340363886957,
    0.203549346125639,
    0.12853049209771186,
    0.08578744328956313,
    0.05639378851963849,
    0.05639378941087446,
    0.03621598486988759,
    0.02383991602500885,
    0.015265479666160514,
    0.010062511662327463,
    0.006996008006099798,
    0.004981963466415213,
    0.003417711923034289,
    0.003417711735764189,
    0.0023635014419394716,
    0.001636087779014131,
    0.0011357654894498116,
    0.0007647388986640305,
    0.0005194320336077514,
    0.0003576906139869335,
    0.00024434009601486827,
    0.00024434008880150083
  ],
  "i": [
    0,
    1,
    2,
    3,
    4,
    5,
    6,
    7,
    8,
    9,
    10,
    11,
    12,
    13,
    14,
    15,
    16,
    17,
    18,
    19,
    20,
    21,
    22,
    23,
    24,
    25,
    26,
    27,
    28,
    29,
    30,
    31
  ],
  "reset": [
    7,
    15,
    23,
    31
  ],
  "duration": [
    4.296109676361084,
    4.29452109336853,
    4.283859491348267,
    4.290701866149902,
    4.2920920848846436,
    4.297338962554932,
    4.290964126586914,
    4.287122964859009,
    4.292074203491211,
    4.286865472793579,
    4.295753002166748,
    4.292529106140137,
    4.287160396575928,
    4.2877037525177,
    4.292743921279907,
    4.298459529876709,
    4.290025234222412,
    4.287233829498291,
    4.282975435256958,
    4.293228387832642
  ],
  "status": 28
}