{
  "gpu": true,
  "infile": "../matrix/cgne_init_4096_dble_csr.dat",
  "matfile": null,
  "k": 0.0,
  "kc": 0.0,
  "reordering": false,
  "preconditioning": true,
  "vol": 4096,
  "dim": 49152,
  "lattice": "8x8x8x8",
  "blk_dim": 6144,
  "bs": "8x4x4x4",
  "res": 1e-06,
  "tol": 0.00031353468703945405,
  "nmx": 1250,
  "nkv": 7,
  "nmr": 4,
  "ncy": 2,
  "sdtype": "float32",
  "ddtype": "float64",
  "cdtype": "float32",
  "rn": [
    170.29795801938255,
    100.72161163063718,
    67.67812429032595,
    47.535302510565785,
    34.73446631787564,
    25.597469981535287,
    19.058089017858627,
    19.05808897717078,
    15.748351922865062,
    12.32827734113515,
    9.51642963733173,
    6.92205327570351,
    4.976649975837027,
    3.4992567447187746,
    2.5574286088125877,
    2.5574286006432927,
    2.16983291781799,
    1.7620602753169738,
    1.332373747613276,
    1.0215455460922616,
    0.7957318712181171,
    0.6322071042159948,
    0.5009370302423357,
    0.5009370360122691,
    0.4221526220334837,
    0.33820921395319525,
    0.258330462580088,
    0.1959573638728023,
    0.14929039578053885,
    0.12132508254347175,
    0.10096373824403714,
    0.10096373894909323,
    0.08765870444782624,
    0.07166153450517083,
    0.05401700867820405,
    0.041020866711662406,
    0.032031180322157946,
    0.026251751550787097,
    0.02190401871051278,
    0.021904018935902464,
    0.018932036109522977,
    0.01554840082913912,
    0.012233541883264249,
    0.009411330188959798,
    0.007273951704889638,
    0.005954884752557656,
    0.004985533152027069,
    0.00498553318686146,
    0.004272427118706067,
    0.0035026418614277992,
    0.0027168938308323176,
    0.002130293135094279,
    0.0016967063804152103,
    0.0013907528459279393,
    0.0011368781135408913,
    0.0011368781087746406,
    0.0009525345024259781,
    0.0007714236615105359,
    0.0006116840034670434,
    0.00047573151869764486,
    0.0003707151293890878,
    0.000306269674234623,
    0.0003062696744231357
  ],
  "i": [
    0,
    1,
    2,
    3,
    4,
    5,
    6,
    7,
    8,
    9,
    10,
    11,
    12,
    13,
    14,
    15,
    16,
    17,
    18,
    19,
    20,
    21,
    22,
    23,
    24,
    25,
    26,
    27,
    28,
    29,
    30,
    31,
    32,
    33,
    34,
    35,
    36,
    37,
    38,
    39,
    40,
    41,
    42,
    43,
    44,
    45,
    46,
    47,
    48,
    49,
    50,
    51,
    52,
    53,
    54,
    55,
    56,
    57,
    58,
    59,
    60,
    61,
    62
  ],
  "reset": [
    7,
    15,
    23,
    31,
    39,
    47,
    55,
    62
  ],
  "duration": 2.1077075004577637,
  "status": 55
}