{
  "gpu": false,
  "device": "hybrid",
  "infile": "../matrix/cgne_init_4096_dble_csr.dat",
  "matfile": "../matrix/conf6_0-8x8-20/conf6_0-8x8-20.mtx",
  "k": 0.15,
  "kc": 0.15717,
  "reordering": true,
  "preconditioning": true,
  "vol": 4096,
  "dim": 49152,
  "lattice": "8x8x8x8",
  "blk_dim": 24576,
  "bs": "8x8x8x4",
  "res": 1e-06,
  "tol": 0.0003135346870762468,
  "nmx": 1250,
  "nkv": 7,
  "nmr": 2,
  "ncy": 4,
  "sdtype": "float64",
  "ddtype": "float64",
  "cdtype": "float64",
  "rn": [
    25.320089652800128,
    8.8928171030184,
    4.4764324755179485,
    2.389269531185758,
    1.3771099667541817,
    0.7854153567360613,
    0.4599632028226397,
    0.45996320282264014,
    0.29179962220540345,
    0.17688035358464918,
    0.1108373580293362,
    0.06582652527595276,
    0.038700715708985,
    0.02056451269989204,
    0.011954992247932759,
    0.01195499224793294,
    0.0078249109451709,
    0.004828728101537318,
    0.0030111734567463055,
    0.001814264935227913,
    0.0011279809931294834,
    0.0006581596621409174,
    0.0004042094250161879,
    0.0004042094250161199,
    0.0002641974624515017,
    0.00026419746245180507
  ],
  "i": [
    0,
    1,
    2,
    3,
    4,
    5,
    6,
    7,
    8,
    9,
    10,
    11,
    12,
    13,
    14,
    15,
    16,
    17,
    18,
    19,
    20,
    21,
    22,
    23,
    24,
    25
  ],
  "reset": [
    7,
    15,
    23,
    25
  ],
  "duration": [
    0.4711298942565918,
    0.5662713050842285,
    0.5333864688873291,
    0.6335916519165039,
    0.660064697265625,
    0.6164250373840332,
    0.8520548343658447,
    0.6954221725463867,
    0.6998114585876465,
    0.7234442234039307,
    0.7209832668304443,
    0.7438578605651855,
    0.6952095031738281,
    0.6965434551239014,
    0.6261329650878906,
    0.8202188014984131,
    0.7014749050140381,
    0.5684213638305664,
    0.7474746704101562,
    0.797325849533081
  ],
  "status": 22
}