{
  "gpu": false,
  "infile": "../matrix/cgne_init_4096_dble_csr.dat",
  "matfile": "../matrix/conf6_0-8x8-20/conf6_0-8x8-20.mtx",
  "k": 0.15717,
  "kc": 0.15717,
  "reordering": true,
  "preconditioning": true,
  "vol": 4096,
  "dim": 49152,
  "lattice": "8x8x8x8",
  "blk_dim": 24576,
  "bs": "8x8x8x4",
  "res": 1e-06,
  "tol": 0.0003135346870547978,
  "nmx": 500,
  "nkv": 7,
  "nmr": 4,
  "ncy": 5,
  "sdtype": "float32",
  "ddtype": "float64",
  "cdtype": "float32",
  "rn": [
    21.41692271188622,
    10.371221582922615,
    5.816778356032269,
    3.451296740651764,
    2.1855956021851406,
    1.373474244166203,
    0.907379397215175,
    0.9073794066519643,
    0.6479945377350798,
    0.4331275813539159,
    0.2793266507721586,
    0.17768817975609755,
    0.10911023284946635,
    0.06652160780426065,
    0.038410210278855376,
    0.03841021248847164,
    0.023273993004299873,
    0.01424682562579064,
    0.009192076329491265,
    0.005805845908496125,
    0.003706503061940047,
    0.00244609683283096,
    0.0016762529689624767,
    0.0016762529097515404,
    0.0011937562860887246,
    0.0007866726737229256,
    0.0005079647972005912,
    0.0003255313218650399,
    0.0001928066443350907,
    0.00019280665073504084
  ],
  "i": [
    0,
    1,
    2,
    3,
    4,
    5,
    6,
    7,
    8,
    9,
    10,
    11,
    12,
    13,
    14,
    15,
    16,
    17,
    18,
    19,
    20,
    21,
    22,
    23,
    24,
    25,
    26,
    27,
    28,
    29
  ],
  "reset": [
    7,
    15,
    23,
    29
  ],
  "duration": 5.529926776885986,
  "status": 26
}