{
  "gpu": false,
  "device": "hybrid",
  "infile": "../matrix/cgne_init_65536_dble_csr.dat",
  "matfile": null,
  "k": 0.0,
  "kc": 0.0,
  "reordering": false,
  "preconditioning": true,
  "vol": 65536,
  "dim": 786432,
  "lattice": "16x16x16x16",
  "blk_dim": 196608,
  "bs": "16x16x8x8",
  "res": 1e-06,
  "tol": 0.0012541387483049865,
  "nmx": 625,
  "nkv": 7,
  "nmr": 8,
  "ncy": 2,
  "sdtype": "float64",
  "ddtype": "float64",
  "cdtype": "float64",
  "rn": [
    714.6606043539944,
    472.18395084994853,
    301.13120593777217,
    188.35826953485113,
    116.96277602875931,
    73.2219000549027,
    47.01314639634217,
    47.01314639634217,
    31.060117320600803,
    21.221901926772862,
    14.772362014250609,
    10.615081430859851,
    7.783641367092008,
    5.77658253201497,
    4.332156348492967,
    4.332156348492966,
    3.247568144436073,
    2.4879943666165425,
    1.8748459523422372,
    1.4465775711179558,
    1.074068371754774,
    0.7872818894641475,
    0.5878240800262693,
    0.5878240800262685,
    0.43195150264130877,
    0.3279240114871131,
    0.24613241997940488,
    0.18923490860485362,
    0.14312990648414153,
    0.10641480161961774,
    0.08035350648556108,
    0.08035350648556153,
    0.05983437314015035,
    0.04580450046148739,
    0.03448040929838183,
    0.026603072389448323,
    0.020090943364943967,
    0.01492775602005047,
    0.011277066709792876,
    0.011277066709792744,
    0.00837257469385175,
    0.0064029050912438,
    0.004820160599430675,
    0.00371935975327419,
    0.0028153108522988284,
    0.0020988987785133455,
    0.0015893201565188556,
    0.001589320156518767,
    0.0011862045951934568,
    0.001186204595193412
  ],
  "i": [
    0,
    1,
    2,
    3,
    4,
    5,
    6,
    7,
    8,
    9,
    10,
    11,
    12,
    13,
    14,
    15,
    16,
    17,
    18,
    19,
    20,
    21,
    22,
    23,
    24,
    25,
    26,
    27,
    28,
    29,
    30,
    31,
    32,
    33,
    34,
    35,
    36,
    37,
    38,
    39,
    40,
    41,
    42,
    43,
    44,
    45,
    46,
    47,
    48,
    49
  ],
  "reset": [
    7,
    15,
    23,
    31,
    39,
    47,
    49
  ],
  "duration": [
    18.334108352661133,
    18.39907455444336,
    18.275339365005493,
    18.394214391708374,
    18.399717807769775,
    18.30477213859558,
    18.30573797225952,
    18.235896587371826,
    18.430556535720825,
    18.407981395721436,
    18.37649154663086,
    18.204141855239868,
    18.33693504333496,
    18.47014284133911,
    18.40429973602295,
    18.38779854774475,
    18.59186863899231,
    18.271567583084106,
    18.239649057388306,
    18.2839298248291
  ],
  "status": 43
}