{
  "gpu": false,
  "device": "hybrid",
  "infile": "../matrix/cgne_init_4096_dble_csr.dat",
  "matfile": "../matrix/conf6_0-8x8-30/conf6.0-00l8x8-3000.mtx",
  "k": 0.15649,
  "kc": 0.15649,
  "reordering": true,
  "preconditioning": true,
  "vol": 4096,
  "dim": 49152,
  "lattice": "8x8x8x8",
  "blk_dim": 3072,
  "bs": "4x4x4x4",
  "res": 1e-06,
  "tol": 0.0003135346870547978,
  "nmx": 417,
  "nkv": 7,
  "nmr": 2,
  "ncy": 12,
  "sdtype": "float32",
  "ddtype": "float64",
  "cdtype": "float64",
  "rn": [
    16.38404748171411,
    8.811683439526533,
    5.678256216877734,
    3.4997311811357896,
    2.1875791552556083,
    1.3245422379527867,
    0.8317681719613338,
    0.8317684445425552,
    0.5775525285917096,
    0.382022946198849,
    0.2593241605480977,
    0.1767249024055934,
    0.1158454679160886,
    0.07642410198683258,
    0.05089902782566648,
    0.050899026221267206,
    0.0350514165929191,
    0.024052570853883282,
    0.016029089705484674,
    0.009975024462715767,
    0.006589163768394013,
    0.004198432669315914,
    0.002442740112933195,
    0.0024427401118582207,
    0.001533706308128979,
    0.0010642231442582974,
    0.0007655404947326532,
    0.0005337090736286303,
    0.00037257442475714414,
    0.000250510199558708,
    0.0002505101937882076
  ],
  "i": [
    0,
    1,
    2,
    3,
    4,
    5,
    6,
    7,
    8,
    9,
    10,
    11,
    12,
    13,
    14,
    15,
    16,
    17,
    18,
    19,
    20,
    21,
    22,
    23,
    24,
    25,
    26,
    27,
    28,
    29,
    30
  ],
  "reset": [
    7,
    15,
    23,
    30
  ],
  "duration": [
    7.238690614700317,
    7.250509262084961,
    7.2496161460876465,
    7.2470996379852295,
    7.253910303115845,
    7.248673677444458,
    7.2438178062438965,
    7.251129865646362,
    7.265111446380615,
    7.253535270690918,
    7.256856441497803,
    7.245416879653931,
    7.253088712692261,
    7.251251697540283,
    7.256764888763428,
    7.24884033203125,
    7.2505669593811035,
    7.250074863433838,
    7.258193731307983,
    7.246219635009766
  ],
  "status": 27
}