{
  "gpu": false,
  "infile": "../matrix/cgne_init_4096_dble_csr.dat",
  "matfile": "../matrix/conf6_0-8x8-20/conf6_0-8x8-20.mtx",
  "k": 0.15,
  "kc": 0.15717,
  "reordering": true,
  "preconditioning": true,
  "vol": 4096,
  "dim": 49152,
  "lattice": "8x8x8x8",
  "blk_dim": 3072,
  "bs": "4x4x4x4",
  "res": 1e-06,
  "tol": 0.0003135346870547978,
  "nmx": 250,
  "nkv": 7,
  "nmr": 4,
  "ncy": 10,
  "sdtype": "float32",
  "ddtype": "float64",
  "cdtype": "float32",
  "rn": [
    2.514520882319464,
    0.24417777948173397,
    0.025588523802020324,
    0.002578961709054275,
    0.0002861730371180849,
    0.00030813610772096163
  ],
  "i": [
    0,
    1,
    2,
    3,
    4,
    5
  ],
  "reset": [
    5
  ],
  "duration": 1.4916179180145264,
  "status": 5
}