{
  "gpu": false,
  "infile": "../matrix/cgne_init_4096_dble_csr.dat",
  "matfile": null,
  "k": 0.0,
  "kc": 0.0,
  "reordering": false,
  "preconditioning": true,
  "vol": 4096,
  "dim": 49152,
  "lattice": "8x8x8x8",
  "blk_dim": 12288,
  "bs": "8x8x4x4",
  "res": 1e-06,
  "tol": 0.0003135346870762468,
  "nmx": 125,
  "nkv": 7,
  "nmr": 20,
  "ncy": 4,
  "sdtype": "float64",
  "ddtype": "float64",
  "cdtype": "float64",
  "rn": [
    9.643376030328218,
    1.5308271120741717,
    0.39711567833280104,
    0.08159776076965224,
    0.0187818932074757,
    0.004546326303053923,
    0.0010259605309066472,
    0.0010259605309069165,
    0.00029224273592363834,
    0.00029224273592369515
  ],
  "i": [
    0,
    1,
    2,
    3,
    4,
    5,
    6,
    7,
    8,
    9
  ],
  "reset": [
    7,
    9
  ],
  "duration": [
    2.2115983963012695,
    2.1130940914154053,
    2.39005446434021,
    2.100442409515381,
    2.0979456901550293,
    2.1873421669006348,
    2.233811140060425,
    2.2596569061279297,
    2.1839239597320557,
    2.2678472995758057,
    2.20243239402771,
    2.0741517543792725,
    2.0784683227539062,
    2.3082077503204346,
    2.128826856613159,
    2.126254081726074,
    2.2229652404785156,
    2.313138961791992,
    1.9548003673553467,
    2.39760684967041
  ],
  "status": 8
}