{
  "gpu": false,
  "device": "hybrid",
  "infile": "../matrix/cgne_init_4096_dble_csr.dat",
  "matfile": "../matrix/conf6_0-8x8-20/conf6_0-8x8-20.mtx",
  "k": 0.15717,
  "kc": 0.15717,
  "reordering": true,
  "preconditioning": true,
  "vol": 4096,
  "dim": 49152,
  "lattice": "8x8x8x8",
  "blk_dim": 12288,
  "bs": "8x8x4x4",
  "res": 1e-06,
  "tol": 0.0003135346870547978,
  "nmx": 250,
  "nkv": 7,
  "nmr": 10,
  "ncy": 4,
  "sdtype": "float32",
  "ddtype": "float64",
  "cdtype": "float32",
  "rn": [
    25.333785924877166,
    13.451798612291183,
    8.764022326084453,
    5.538682951063898,
    3.472996114931115,
    2.278219421905405,
    1.4371558980858827,
    1.4371559845529656,
    1.0083096479758804,
    0.6800721127082605,
    0.44600188053531387,
    0.28906376905781056,
    0.19897401057064615,
    0.1355333571381873,
    0.08973074541011357,
    0.08973074500120465,
    0.06124214299427843,
    0.04451818932868071,
    0.02947261048952701,
    0.020537697565965848,
    0.012130739553894935,
    0.007494301759404388,
    0.004230207572537302,
    0.004230207206878037,
    0.002779282439115281,
    0.0018285044684416482,
    0.0012619651502678675,
    0.0008468540177115252,
    0.0004857325159723715,
    0.00028824098200341944,
    0.00028824099069527467
  ],
  "i": [
    0,
    1,
    2,
    3,
    4,
    5,
    6,
    7,
    8,
    9,
    10,
    11,
    12,
    13,
    14,
    15,
    16,
    17,
    18,
    19,
    20,
    21,
    22,
    23,
    24,
    25,
    26,
    27,
    28,
    29,
    30
  ],
  "reset": [
    7,
    15,
    23,
    30
  ],
  "duration": [
    2.7594287395477295,
    2.757248640060425,
    2.750704288482666,
    2.752699613571167,
    2.747711658477783,
    2.7522897720336914,
    2.7557716369628906,
    2.7479965686798096,
    2.741398572921753,
    2.7460927963256836,
    2.742647886276245,
    2.744068145751953,
    2.744363307952881,
    2.7416696548461914,
    2.746321678161621,
    2.738736152648926,
    2.7443060874938965,
    2.7439751625061035,
    2.749814033508301,
    2.7374792098999023
  ],
  "status": 27
}