{
  "gpu": false,
  "device": "cpu",
  "infile": "../matrix/cgne_init_4096_dble_csr.dat",
  "matfile": "../matrix/conf6_0-8x8-20/conf6_0-8x8-20.mtx",
  "k": 0.15,
  "kc": 0.15717,
  "reordering": true,
  "preconditioning": true,
  "vol": 4096,
  "dim": 49152,
  "lattice": "8x8x8x8",
  "blk_dim": 12288,
  "bs": "8x8x4x4",
  "res": 1e-06,
  "tol": 0.0003135346870547978,
  "nmx": 417,
  "nkv": 7,
  "nmr": 2,
  "ncy": 12,
  "sdtype": "float32",
  "ddtype": "float64",
  "cdtype": "float64",
  "rn": [
    5.753264177444937,
    1.0762097834968114,
    0.2269050180628837,
    0.04564688066995328,
    0.009801624874928586,
    0.0020891337492378297,
    0.00044079916410700193,
    0.0004453965458580618,
    0.00010282179572458867,
    0.00010282179544468153
  ],
  "i": [
    0,
    1,
    2,
    3,
    4,
    5,
    6,
    7,
    8,
    9
  ],
  "reset": [
    7,
    9
  ],
  "duration": [
    2.187628746032715,
    2.1890153884887695,
    2.184478282928467,
    2.186494827270508,
    2.1822609901428223,
    2.184948444366455,
    2.185849189758301,
    2.183119058609009,
    2.186387300491333,
    2.181788682937622,
    2.188014030456543,
    2.1831777095794678,
    2.1908507347106934,
    2.1889963150024414,
    2.1850030422210693,
    2.1872358322143555,
    2.187105894088745,
    2.192946434020996,
    2.184324026107788,
    2.1821444034576416
  ],
  "status": 8
}