{
  "gpu": true,
  "device": "gpu",
  "infile": "../matrix/cgne_init_4096_dble_csr.dat",
  "matfile": "../matrix/conf6_0-8x8-20/conf6_0-8x8-20.mtx",
  "k": 0.15,
  "kc": 0.15717,
  "reordering": true,
  "preconditioning": true,
  "vol": 4096,
  "dim": 49152,
  "lattice": "8x8x8x8",
  "blk_dim": 24576,
  "bs": "8x8x8x4",
  "res": 1e-06,
  "tol": 0.00031353468703945405,
  "nmx": 125,
  "nkv": 7,
  "nmr": 20,
  "ncy": 4,
  "sdtype": "float32",
  "ddtype": "float64",
  "cdtype": "float32",
  "rn": [
    1.3975957034272704,
    0.03446368979435018,
    0.0006798546244005669,
    2.667755900430738e-05,
    8.370416278105045e-05
  ],
  "i": [
    0,
    1,
    2,
    3,
    4
  ],
  "reset": [
    4
  ],
  "duration": [
    0.47587108612060547,
    0.3135700225830078,
    0.3085498809814453,
    0.31209516525268555,
    0.31240248680114746,
    0.30246448516845703,
    0.30936264991760254,
    0.30834007263183594,
    0.3091721534729004,
    0.31256723403930664,
    0.3080601692199707,
    0.3123316764831543,
    0.31255197525024414,
    0.3121490478515625,
    0.3063194751739502,
    0.31151485443115234,
    0.3090038299560547,
    0.31313061714172363,
    0.3084743022918701,
    0.3085207939147949
  ],
  "status": 4
}