{
  "gpu": false,
  "device": "cpu",
  "infile": "../matrix/cgne_init_4096_dble_csr.dat",
  "matfile": "../matrix/conf6_0-8x8-20/conf6_0-8x8-20.mtx",
  "k": 0.15717,
  "kc": 0.15717,
  "reordering": true,
  "preconditioning": true,
  "vol": 4096,
  "dim": 49152,
  "lattice": "8x8x8x8",
  "blk_dim": 6144,
  "bs": "8x4x4x4",
  "res": 1e-06,
  "tol": 0.0003135346870547978,
  "nmx": 125,
  "nkv": 7,
  "nmr": 20,
  "ncy": 4,
  "sdtype": "float32",
  "ddtype": "float64",
  "cdtype": "float32",
  "rn": [
    27.50850132058317,
    11.94627585605525,
    6.446764721623614,
    3.6747786312090254,
    2.2137574500755246,
    1.3057401743840673,
    0.8160860183967994,
    0.816086162242177,
    0.5267632361688744,
    0.33531915918222904,
    0.21327414815237306,
    0.12886906116589947,
    0.07980297856980509,
    0.04609509859914137,
    0.026760075493265586,
    0.02676007877786663,
    0.015635069313587446,
    0.009442985233057163,
    0.006051644000312899,
    0.003783475958579501,
    0.002353416784839692,
    0.0014574965794644323,
    0.0008981775918410095,
    0.0008981776189946453,
    0.0005807151347139457,
    0.0003800675876404695,
    0.00024905373068030646,
    0.00024905372778239056
  ],
  "i": [
    0,
    1,
    2,
    3,
    4,
    5,
    6,
    7,
    8,
    9,
    10,
    11,
    12,
    13,
    14,
    15,
    16,
    17,
    18,
    19,
    20,
    21,
    22,
    23,
    24,
    25,
    26,
    27
  ],
  "reset": [
    7,
    15,
    23,
    27
  ],
  "duration": [
    12.527424335479736,
    12.521628141403198,
    12.521657228469849,
    12.510782957077026,
    12.527731657028198,
    12.52487301826477,
    12.525303840637207,
    12.522125720977783,
    12.522618532180786,
    12.530830383300781,
    12.524140119552612,
    12.527414083480835,
    12.52033019065857,
    12.52813982963562,
    12.522929191589355,
    12.526689767837524,
    12.522730350494385,
    12.528183221817017,
    12.524960279464722,
    12.52281904220581
  ],
  "status": 24
}