{
  "gpu": false,
  "device": "hybrid",
  "infile": "../matrix/cgne_init_4096_dble_csr.dat",
  "matfile": null,
  "k": 0.0,
  "kc": 0.0,
  "reordering": false,
  "preconditioning": true,
  "vol": 4096,
  "dim": 49152,
  "lattice": "8x8x8x8",
  "blk_dim": 3072,
  "bs": "4x4x4x4",
  "res": 1e-06,
  "tol": 0.0003135346870547978,
  "nmx": 250,
  "nkv": 7,
  "nmr": 10,
  "ncy": 4,
  "sdtype": "float32",
  "ddtype": "float64",
  "cdtype": "float32",
  "rn": [
    55.52939723474897,
    36.37646718549825,
    23.90475028584569,
    14.729385632141197,
    9.722791855122518,
    6.0343862617824815,
    3.870892831398821,
    3.8708926726147133,
    2.572149737886934,
    1.5567179684038364,
    0.9985024887060389,
    0.6027480469144662,
    0.38672524366851846,
    0.2414060296529284,
    0.1544877444594294,
    0.15448775032017645,
    0.10278852533180949,
    0.061458493251397385,
    0.038068224880825195,
    0.023801023068958368,
    0.015491688275866692,
    0.009696326952819698,
    0.006238712526436461,
    0.0062387128821463,
    0.004220524958849468,
    0.0026316593782289258,
    0.0016961017671689878,
    0.0010641038188891044,
    0.0007001022045242124,
    0.0004442735558329001,
    0.0002941076605640693,
    0.00029410765061642277
  ],
  "i": [
    0,
    1,
    2,
    3,
    4,
    5,
    6,
    7,
    8,
    9,
    10,
    11,
    12,
    13,
    14,
    15,
    16,
    17,
    18,
    19,
    20,
    21,
    22,
    23,
    24,
    25,
    26,
    27,
    28,
    29,
    30,
    31
  ],
  "reset": [
    7,
    15,
    23,
    31
  ],
  "duration": [
    10.165166854858398,
    10.15556287765503,
    10.121132135391235,
    10.099205493927002,
    10.103911638259888,
    10.105243921279907,
    10.101011276245117,
    10.104236364364624,
    10.102307796478271,
    10.106266021728516,
    10.100093841552734,
    10.105736494064331,
    10.101342678070068,
    10.103857278823853,
    10.102434396743774,
    10.102299451828003,
    10.091970920562744,
    10.082871198654175,
    10.089190006256104,
    10.093496561050415
  ],
  "status": 28
}