{
  "gpu": false,
  "device": "cpu",
  "infile": "../matrix/cgne_init_4096_dble_csr.dat",
  "matfile": "../matrix/conf6_0-8x8-30/conf6.0-00l8x8-3000.mtx",
  "k": 0.05,
  "kc": 0.15649,
  "reordering": true,
  "preconditioning": true,
  "vol": 4096,
  "dim": 49152,
  "lattice": "8x8x8x8",
  "blk_dim": 6144,
  "bs": "8x4x4x4",
  "res": 1e-06,
  "tol": 0.0003135346870762468,
  "nmx": 1250,
  "nkv": 7,
  "nmr": 2,
  "ncy": 4,
  "sdtype": "float64",
  "ddtype": "float64",
  "cdtype": "float64",
  "rn": [
    0.004871084480186533,
    1.2035875650768925e-07,
    1.2035875604495565e-07
  ],
  "i": [
    0,
    1,
    2
  ],
  "reset": [
    2
  ],
  "duration": [
    0.17624735832214355,
    0.23259806632995605,
    0.19763755798339844,
    0.21057820320129395,
    0.2311546802520752,
    0.23202848434448242,
    0.21994352340698242,
    0.19318604469299316,
    0.18728184700012207,
    0.23103713989257812,
    0.20465779304504395,
    0.23682236671447754,
    0.214585542678833,
    0.21971416473388672,
    0.26609253883361816,
    0.23194336891174316,
    0.22616338729858398,
    0.22488093376159668,
    0.247849702835083,
    0.24968290328979492
  ],
  "status": 2
}