{
  "gpu": false,
  "device": "hybrid",
  "infile": "../matrix/cgne_init_4096_dble_csr.dat",
  "matfile": "../matrix/conf6_0-8x8-20/conf6_0-8x8-20.mtx",
  "k": 0.15,
  "kc": 0.15717,
  "reordering": true,
  "preconditioning": true,
  "vol": 4096,
  "dim": 49152,
  "lattice": "8x8x8x8",
  "blk_dim": 24576,
  "bs": "8x8x8x4",
  "res": 1e-06,
  "tol": 0.0003135346870762468,
  "nmx": 417,
  "nkv": 7,
  "nmr": 12,
  "ncy": 2,
  "sdtype": "float64",
  "ddtype": "float64",
  "cdtype": "float64",
  "rn": [
    11.788342113992059,
    2.3987149207024876,
    0.5298739863055805,
    0.12057630044614254,
    0.029217491675480607,
    0.006814210391838924,
    0.0018368613988680679,
    0.0018368613988679872,
    0.00047125008591697437,
    0.00012050664925172331,
    0.00012050664925242057
  ],
  "i": [
    0,
    1,
    2,
    3,
    4,
    5,
    6,
    7,
    8,
    9,
    10
  ],
  "reset": [
    7,
    10
  ],
  "duration": [
    0.41806674003601074,
    0.6170434951782227,
    0.5653493404388428,
    0.5389389991760254,
    0.5015926361083984,
    0.4682910442352295,
    0.4228682518005371,
    0.4862639904022217,
    0.44069886207580566,
    0.4629018306732178,
    0.3635413646697998,
    0.5365786552429199,
    0.5185611248016357,
    0.5153293609619141,
    0.506598711013794,
    0.6356287002563477,
    0.4250760078430176,
    0.35971856117248535,
    0.456035852432251,
    0.3587055206298828
  ],
  "status": 9
}