{
  "gpu": false,
  "device": "cpu",
  "infile": "../matrix/cgne_init_4096_dble_csr.dat",
  "matfile": "../matrix/conf6_0-8x8-30/conf6.0-00l8x8-3000.mtx",
  "k": 0.15649,
  "kc": 0.15649,
  "reordering": true,
  "preconditioning": true,
  "vol": 4096,
  "dim": 49152,
  "lattice": "8x8x8x8",
  "blk_dim": 24576,
  "bs": "8x8x8x4",
  "res": 1e-06,
  "tol": 0.0003135346870547978,
  "nmx": 417,
  "nkv": 7,
  "nmr": 12,
  "ncy": 2,
  "sdtype": "float32",
  "ddtype": "float64",
  "cdtype": "float32",
  "rn": [
    23.691180337008763,
    11.374300417904605,
    6.386983679545443,
    3.8692764928941887,
    2.442368655674183,
    1.532942469374722,
    0.9710924604568301,
    0.9710924312434832,
    0.6573631210230183,
    0.4577241525616606,
    0.3123175954204547,
    0.20114100773258156,
    0.12531902242464635,
    0.07530962673528352,
    0.04898353435916239,
    0.04898353435525603,
    0.03225431864097137,
    0.02382096466824715,
    0.015921020092929387,
    0.010202597589996762,
    0.007227613888688246,
    0.004584965776164739,
    0.002849487660400362,
    0.0028494874070739335,
    0.0017854731449480396,
    0.001165310166198872,
    0.0008456523626293425,
    0.0006003302395929974,
    0.000384039376200188,
    0.00026898161329101216,
    0.00026898161536016913
  ],
  "i": [
    0,
    1,
    2,
    3,
    4,
    5,
    6,
    7,
    8,
    9,
    10,
    11,
    12,
    13,
    14,
    15,
    16,
    17,
    18,
    19,
    20,
    21,
    22,
    23,
    24,
    25,
    26,
    27,
    28,
    29,
    30
  ],
  "reset": [
    7,
    15,
    23,
    30
  ],
  "duration": [
    6.660445928573608,
    6.656940937042236,
    6.680785179138184,
    6.662208318710327,
    6.668890714645386,
    6.673747301101685,
    6.680358409881592,
    6.6790993213653564,
    6.672593116760254,
    6.671644926071167,
    6.675712823867798,
    6.661831617355347,
    6.657688617706299,
    6.658383369445801,
    6.653882741928101,
    6.673645496368408,
    6.67147421836853,
    6.671538829803467,
    6.672451019287109,
    6.684698820114136
  ],
  "status": 27
}