{
  "gpu": false,
  "infile": "../matrix/cgne_init_4096_dble_csr.dat",
  "matfile": null,
  "k": 0.0,
  "kc": 0.0,
  "reordering": false,
  "preconditioning": true,
  "vol": 4096,
  "dim": 49152,
  "lattice": "8x8x8x8",
  "blk_dim": 12288,
  "bs": "8x8x4x4",
  "res": 1e-06,
  "tol": 0.0003135346870547978,
  "nmx": 417,
  "nkv": 7,
  "nmr": 4,
  "ncy": 6,
  "sdtype": "float32",
  "ddtype": "float64",
  "cdtype": "float64",
  "rn": [
    82.19899055009705,
    32.913160940082854,
    15.851412500800606,
    7.363552941948169,
    3.482577088708278,
    1.7065530986091515,
    0.8560709529397795,
    0.8560710727917762,
    0.5172788378311152,
    0.25812921581311876,
    0.12647145629898457,
    0.06391719678160279,
    0.0315076646744042,
    0.014086929227210963,
    0.00630872409754525,
    0.006308722961769501,
    0.003657519540313254,
    0.0016763977960292994,
    0.0007818804909176649,
    0.00039056600108377404,
    0.00018815722536445626,
    0.00018815722069741276
  ],
  "i": [
    0,
    1,
    2,
    3,
    4,
    5,
    6,
    7,
    8,
    9,
    10,
    11,
    12,
    13,
    14,
    15,
    16,
    17,
    18,
    19,
    20,
    21
  ],
  "reset": [
    7,
    15,
    21
  ],
  "duration": [
    2.3209545612335205,
    2.3211512565612793,
    2.3231561183929443,
    2.3217952251434326,
    2.3204071521759033,
    2.328378200531006,
    2.3262836933135986,
    2.3188281059265137,
    2.320955991744995,
    2.3264029026031494,
    2.3263542652130127,
    2.3272249698638916,
    2.324639081954956,
    2.325424909591675,
    2.3290393352508545,
    2.324458360671997,
    2.3239166736602783,
    2.3295364379882812,
    2.325267791748047,
    2.3252344131469727
  ],
  "status": 19
}