{
  "gpu": false,
  "device": "hybrid",
  "infile": "../matrix/cgne_init_4096_dble_csr.dat",
  "matfile": "../matrix/conf6_0-8x8-30/conf6.0-00l8x8-3000.mtx",
  "k": 0.05,
  "kc": 0.15649,
  "reordering": true,
  "preconditioning": true,
  "vol": 4096,
  "dim": 49152,
  "lattice": "8x8x8x8",
  "blk_dim": 12288,
  "bs": "8x8x4x4",
  "res": 1e-06,
  "tol": 0.0003135346870547978,
  "nmx": 417,
  "nkv": 7,
  "nmr": 2,
  "ncy": 12,
  "sdtype": "float32",
  "ddtype": "float64",
  "cdtype": "float64",
  "rn": [
    2.416561663738784e-05,
    3.415453453742133e-05
  ],
  "i": [
    0,
    1
  ],
  "reset": [
    1
  ],
  "duration": [
    0.09642148017883301,
    0.09632277488708496,
    0.09689760208129883,
    0.10534834861755371,
    0.0964810848236084,
    0.09652400016784668,
    0.09598803520202637,
    0.0957951545715332,
    0.10013771057128906,
    0.09604454040527344,
    0.09619355201721191,
    0.09654021263122559,
    0.09616827964782715,
    0.09672188758850098,
    0.10333108901977539,
    0.0964517593383789,
    0.09607553482055664,
    0.09592914581298828,
    0.09643888473510742,
    0.09604477882385254
  ],
  "status": 1
}