{
  "gpu": false,
  "device": "hybrid",
  "infile": "../matrix/cgne_init_4096_dble_csr.dat",
  "matfile": "../matrix/conf6_0-8x8-30/conf6.0-00l8x8-3000.mtx",
  "k": 0.15649,
  "kc": 0.15649,
  "reordering": true,
  "preconditioning": true,
  "vol": 4096,
  "dim": 49152,
  "lattice": "8x8x8x8",
  "blk_dim": 12288,
  "bs": "8x8x4x4",
  "res": 1e-06,
  "tol": 0.0003135346870762468,
  "nmx": 125,
  "nkv": 7,
  "nmr": 20,
  "ncy": 4,
  "sdtype": "float64",
  "ddtype": "float64",
  "cdtype": "float64",
  "rn": [
    15.989305822805592,
    7.428455943991364,
    3.7426931395990106,
    1.8367786433032391,
    0.9952360220833,
    0.5137899722117899,
    0.25149529339243254,
    0.2514952933924327,
    0.1378435739160878,
    0.08448810189341346,
    0.050284780746543134,
    0.022990950551060662,
    0.009461538624049023,
    0.003729898150484517,
    0.0015942727433674996,
    0.0015942727433673433,
    0.0008045843932657555,
    0.00036054506457577765,
    0.00018358718089384648,
    0.00018358718089362736
  ],
  "i": [
    0,
    1,
    2,
    3,
    4,
    5,
    6,
    7,
    8,
    9,
    10,
    11,
    12,
    13,
    14,
    15,
    16,
    17,
    18,
    19
  ],
  "reset": [
    7,
    15,
    19
  ],
  "duration": [
    3.15513014793396,
    3.1591906547546387,
    3.1575820446014404,
    3.155531883239746,
    3.15946102142334,
    3.158904790878296,
    3.1571600437164307,
    3.160033941268921,
    3.152433156967163,
    3.1543774604797363,
    3.1565005779266357,
    3.1532886028289795,
    3.1576550006866455,
    3.1556479930877686,
    3.1591341495513916,
    3.159421443939209,
    3.1552984714508057,
    3.1558797359466553,
    3.158318042755127,
    3.1591289043426514
  ],
  "status": 17
}