{
  "gpu": false,
  "device": "hybrid",
  "infile": "../matrix/cgne_init_4096_dble_csr.dat",
  "matfile": "../matrix/conf6_0-8x8-20/conf6_0-8x8-20.mtx",
  "k": 0.15,
  "kc": 0.15717,
  "reordering": true,
  "preconditioning": true,
  "vol": 4096,
  "dim": 49152,
  "lattice": "8x8x8x8",
  "blk_dim": 12288,
  "bs": "8x8x4x4",
  "res": 1e-06,
  "tol": 0.0003135346870762468,
  "nmx": 417,
  "nkv": 7,
  "nmr": 12,
  "ncy": 2,
  "sdtype": "float64",
  "ddtype": "float64",
  "cdtype": "float64",
  "rn": [
    16.341319002403758,
    3.6362714087816586,
    0.8082858905584578,
    0.20166164386999572,
    0.04976578086200027,
    0.013062750219654935,
    0.00345825791736518,
    0.0034582579173658406,
    0.000963780891610104,
    0.00024977957056357273,
    0.00024977957056327143
  ],
  "i": [
    0,
    1,
    2,
    3,
    4,
    5,
    6,
    7,
    8,
    9,
    10
  ],
  "reset": [
    7,
    10
  ],
  "duration": [
    0.6000134944915771,
    0.7083292007446289,
    0.8236854076385498,
    0.8706545829772949,
    0.8222715854644775,
    0.6736128330230713,
    0.9343516826629639,
    0.864300012588501,
    0.8355364799499512,
    0.9731383323669434,
    0.8490157127380371,
    0.7449061870574951,
    0.9775032997131348,
    0.9488310813903809,
    0.8932054042816162,
    0.9759654998779297,
    0.7547965049743652,
    0.806365966796875,
    0.8309628963470459,
    0.8563539981842041
  ],
  "status": 9
}