{
  "gpu": false,
  "device": "hybrid",
  "infile": "../matrix/cgne_init_4096_dble_csr.dat",
  "matfile": null,
  "k": 0.0,
  "kc": 0.0,
  "reordering": false,
  "preconditioning": true,
  "vol": 4096,
  "dim": 49152,
  "lattice": "8x8x8x8",
  "blk_dim": 6144,
  "bs": "8x4x4x4",
  "res": 1e-06,
  "tol": 0.0003135346870762468,
  "nmx": 2500,
  "nkv": 7,
  "nmr": 4,
  "ncy": 1,
  "sdtype": "float64",
  "ddtype": "float64",
  "cdtype": "float64",
  "rn": [
    145.96482998315668,
    53.684023877744615,
    22.60374091848118,
    10.138979492583461,
    4.339473371160459,
    2.0611027727145177,
    0.9576316299595494,
    0.9576316299595493,
    0.4691802174436146,
    0.23143494583115012,
    0.11622407194966432,
    0.051721887040871016,
    0.023791811118780943,
    0.010773287328781925,
    0.005112865689615619,
    0.005112865689615006,
    0.0024916933989218002,
    0.0012203957624198104,
    0.0006209745572477232,
    0.00028219693346786824,
    0.0002821969334668388
  ],
  "i": [
    0,
    1,
    2,
    3,
    4,
    5,
    6,
    7,
    8,
    9,
    10,
    11,
    12,
    13,
    14,
    15,
    16,
    17,
    18,
    19,
    20
  ],
  "reset": [
    7,
    15,
    20
  ],
  "duration": [
    0.7931394577026367,
    0.7876312732696533,
    0.8827810287475586,
    0.9162702560424805,
    0.9823446273803711,
    0.9686651229858398,
    0.8633251190185547,
    0.9351692199707031,
    0.7534408569335938,
    0.8990657329559326,
    0.894392728805542,
    0.8615353107452393,
    1.0675303936004639,
    0.9008164405822754,
    0.9111816883087158,
    0.9909482002258301,
    0.8763916492462158,
    0.8390800952911377,
    0.7572321891784668,
    0.7594845294952393
  ],
  "status": 18
}