{
  "gpu": false,
  "device": "hybrid",
  "infile": "../matrix/cgne_init_4096_dble_csr.dat",
  "matfile": "../matrix/conf6_0-8x8-30/conf6.0-00l8x8-3000.mtx",
  "k": 0.15649,
  "kc": 0.15649,
  "reordering": true,
  "preconditioning": true,
  "vol": 4096,
  "dim": 49152,
  "lattice": "8x8x8x8",
  "blk_dim": 12288,
  "bs": "8x8x4x4",
  "res": 1e-06,
  "tol": 0.0003135346870547978,
  "nmx": 417,
  "nkv": 7,
  "nmr": 12,
  "ncy": 2,
  "sdtype": "float32",
  "ddtype": "float64",
  "cdtype": "float64",
  "rn": [
    31.82337100985428,
    16.555128636743024,
    9.42405840374103,
    6.139371700525375,
    4.225617573909801,
    2.7243005927785062,
    1.7761686036354185,
    1.776168427561187,
    1.2076725944615023,
    0.8574298146010599,
    0.6181830568820438,
    0.4109044855682331,
    0.26344535319779205,
    0.18384930314779885,
    0.1282057316314491,
    0.128205732789047,
    0.0870199851121412,
    0.06230676853818232,
    0.04765405722363947,
    0.035423587481818994,
    0.02537185256953404,
    0.017390593663068332,
    0.012343546410886311,
    0.012343546176330615,
    0.008685043105040207,
    0.006234009127470392,
    0.00429045991746426,
    0.003046343591730842,
    0.0022414813760237703,
    0.0015571405354308941,
    0.0010516024917979969,
    0.0010516025235118593,
    0.000768783978701764,
    0.0005911231006085703,
    0.000424101889570634,
    0.00028362534234404983,
    0.00028362534389127626
  ],
  "i": [
    0,
    1,
    2,
    3,
    4,
    5,
    6,
    7,
    8,
    9,
    10,
    11,
    12,
    13,
    14,
    15,
    16,
    17,
    18,
    19,
    20,
    21,
    22,
    23,
    24,
    25,
    26,
    27,
    28,
    29,
    30,
    31,
    32,
    33,
    34,
    35,
    36
  ],
  "reset": [
    7,
    15,
    23,
    31,
    36
  ],
  "duration": [
    2.0050697326660156,
    2.0067379474639893,
    2.005624294281006,
    2.0070478916168213,
    2.008312702178955,
    2.0056028366088867,
    2.0061306953430176,
    2.0069520473480225,
    2.0091235637664795,
    2.005516767501831,
    2.0079715251922607,
    2.007006883621216,
    2.0067825317382812,
    2.008514404296875,
    2.0062508583068848,
    2.0045554637908936,
    2.00480318069458,
    2.004772424697876,
    2.0068578720092773,
    2.006944179534912
  ],
  "status": 32
}