{
  "gpu": true,
  "infile": "../matrix/cgne_init_65536_dble_csr.dat",
  "matfile": null,
  "k": 0.0,
  "kc": 0.0,
  "reordering": false,
  "preconditioning": true,
  "vol": 65536,
  "dim": 786048,
  "lattice": "16x16x16x16",
  "blk_dim": 3070,
  "bs": "4x4x4x4",
  "res": 1e-06,
  "tol": 0.0012541387482808122,
  "nmx": 125,
  "nkv": 7,
  "nmr": 4,
  "ncy": 20,
  "sdtype": "float32",
  "ddtype": "float64",
  "cdtype": "float64",
  "rn": [
    31.151584513861447,
    15.56730065536724,
    15.546023604076787,
    15.546008903623658,
    15.546008855525304,
    15.54587893194128,
    15.52019802899115,
    16.239198402477967,
    15.524158063756145,
    15.524098194409394,
    15.524098230907708,
    15.523895958670527,
    15.4224730035141,
    15.394853558486586,
    15.394831105304014,
    15.553650125639184,
    15.524825406148913,
    15.524819209814273,
    15.52478686427219,
    15.49394358101461,
    15.066821257681784,
    15.064062749281783,
    15.064061526064332,
    15.5262650652469,
    15.52496046800223,
    15.524959714863007,
    15.524871731912972,
    15.476716842551303,
    15.441408796141367,
    15.441380022675924,
    15.441377917294302,
    15.525019251679508,
    15.524959874654234,
    15.52495981264665,
    15.524585765245394,
    15.457904766501919,
    15.45369115439408,
    15.453690517897636,
    15.453495802012657,
    15.525147204391976,
    15.52497428932219,
    15.524974048323823,
    15.524946977549574,
    15.508598270475387,
    15.502704651838751,
    15.502700357641492,
    15.502694839131552,
    15.524979301211896,
    15.52497658963345,
    15.524929544218539,
    15.462310352822135,
    15.291739592409014,
    15.291458885328813,
    15.291458262351872,
    15.291373483254521,
    15.525058845244752,
    15.524979213947153,
    15.524977925214051,
    15.524643496991764,
    15.446537205792323,
    15.438334441752932,
    15.438329641242644,
    15.438325909649526,
    15.524982878575074,
    15.524979102037126,
    15.524978405797835,
    15.524322447819475,
    15.51370924823966,
    15.513618093249626,
    15.513617433320318,
    15.513537862574433,
    15.525055757305422,
    15.524978532833115,
    15.524978362149499,
    15.524666885363997,
    15.431156704074349,
    15.423934878401813,
    15.42393307562514,
    15.423932031974907,
    15.524978607946359,
    15.524978318036116,
    15.524889912265733,
    15.464988670000247,
    15.442705542544397,
    15.44269278378526,
    15.442692671561566,
    15.442560086738993,
    15.525101069640584,
    15.524978790179116,
    15.524978852346234,
    15.524829573187311,
    15.492588131288532,
    15.491084316577858,
    15.491083218989969,
    15.491074972783366,
    15.524986548923103,
    15.52497898815041,
    15.524978106243738,
    15.523000022861652,
    15.483069243473564,
    15.482692245125694,
    15.482691958442308,
    15.48260155650213,
    15.525070125228364,
    15.524979293960717,
    15.524978873046763,
    15.524951917887195,
    15.510298791380517,
    15.506178792437026,
    15.506174324759847,
    15.506161146371229,
    15.524990733643513,
    15.524979113048767,
    15.524978413742758,
    15.522690977653214,
    15.325479446589934,
    15.316591698176357,
    15.316586979086635,
    15.316576730696507,
    15.52499015252703,
    15.524979600966613,
    15.52497829338238,
    15.523755776199684,
    15.31002581528685,
    15.287757201583426,
    15.28774356805435,
    15.287741805879877,
    15.524981183920847,
    15.52497914083748,
    15.524974961436298,
    15.517455063010496,
    15.3284742644249,
    15.325802907739506,
    15.325801730975854,
    15.325790804462203,
    15.524988704554225,
    15.524979427943606,
    15.524978309302165,
    15.523846373074663,
    15.393900758042133,
    15.386972201319331,
    15.386968823397106,
    15.524978883561879
  ],
  "i": [
    0,
    1,
    2,
    3,
    4,
    5,
    6,
    7,
    8,
    9,
    10,
    11,
    12,
    13,
    14,
    15,
    16,
    17,
    18,
    19,
    20,
    21,
    22,
    23,
    24,
    25,
    26,
    27,
    28,
    29,
    30,
    31,
    32,
    33,
    34,
    35,
    36,
    37,
    38,
    39,
    40,
    41,
    42,
    43,
    44,
    45,
    46,
    47,
    48,
    49,
    50,
    51,
    52,
    53,
    54,
    55,
    56,
    57,
    58,
    59,
    60,
    61,
    62,
    63,
    64,
    65,
    66,
    67,
    68,
    69,
    70,
    71,
    72,
    73,
    74,
    75,
    76,
    77,
    78,
    79,
    80,
    81,
    82,
    83,
    84,
    85,
    86,
    87,
    88,
    89,
    90,
    91,
    92,
    93,
    94,
    95,
    96,
    97,
    98,
    99,
    100,
    101,
    102,
    103,
    104,
    105,
    106,
    107,
    108,
    109,
    110,
    111,
    112,
    113,
    114,
    115,
    116,
    117,
    118,
    119,
    120,
    121,
    122,
    123,
    124,
    125,
    126,
    127,
    128,
    129,
    130,
    131,
    132,
    133,
    134,
    135,
    136,
    137,
    138,
    139,
    140,
    141,
    142
  ],
  "reset": [
    7,
    15,
    23,
    31,
    39,
    47,
    55,
    63,
    71,
    79,
    87,
    95,
    103,
    111,
    119,
    127,
    135,
    142
  ],
  "duration": 1320.972655057907,
  "status": -1
}