{
  "gpu": false,
  "infile": "../matrix/cgne_init_4096_dble_csr.dat",
  "matfile": "../matrix/conf6_0-8x8-20/conf6_0-8x8-20.mtx",
  "k": 0.15,
  "kc": 0.15717,
  "reordering": true,
  "preconditioning": true,
  "vol": 4096,
  "dim": 49152,
  "lattice": "8x8x8x8",
  "blk_dim": 6144,
  "bs": "8x4x4x4",
  "res": 1e-06,
  "tol": 0.0003135346870547978,
  "nmx": 125,
  "nkv": 7,
  "nmr": 4,
  "ncy": 20,
  "sdtype": "float32",
  "ddtype": "float64",
  "cdtype": "float32",
  "rn": [
    0.21381330250155056,
    0.002231137508097588,
    6.378094826514891e-05,
    0.00010822084104143729
  ],
  "i": [
    0,
    1,
    2,
    3
  ],
  "reset": [
    3
  ],
  "duration": 1.618037223815918,
  "status": 3
}