{
  "gpu": true,
  "device": "gpu",
  "infile": "../matrix/cgne_init_4096_dble_csr.dat",
  "matfile": "../matrix/conf6_0-8x8-30/conf6.0-00l8x8-3000.mtx",
  "k": 0.15649,
  "kc": 0.15649,
  "reordering": true,
  "preconditioning": true,
  "vol": 4096,
  "dim": 49152,
  "lattice": "8x8x8x8",
  "blk_dim": 12288,
  "bs": "8x8x4x4",
  "res": 1e-06,
  "tol": 0.00031353468703945405,
  "nmx": 417,
  "nkv": 7,
  "nmr": 2,
  "ncy": 12,
  "sdtype": "float32",
  "ddtype": "float64",
  "cdtype": "float64",
  "rn": [
    16.105181794712937,
    8.544650517423428,
    5.148442074415801,
    3.2481475839572473,
    1.999452009166952,
    1.267437287908962,
    0.8545701710694771,
    0.8545699694250203,
    0.592044696549258,
    0.41515509280059243,
    0.28295318767714045,
    0.17360941485735817,
    0.10645144115073678,
    0.07076371052822988,
    0.04858694203999996,
    0.04858694246031518,
    0.03338420251817065,
    0.02417676040049753,
    0.01656638038947936,
    0.011102065544735286,
    0.0075504637623174985,
    0.005104465644744978,
    0.0030818893564366805,
    0.003081889253194221,
    0.001899911525683435,
    0.0011991514305146086,
    0.0008669029530132006,
    0.0006201328861118226,
    0.000421669936473665,
    0.0002782197957380316,
    0.0002782197923959333
  ],
  "i": [
    0,
    1,
    2,
    3,
    4,
    5,
    6,
    7,
    8,
    9,
    10,
    11,
    12,
    13,
    14,
    15,
    16,
    17,
    18,
    19,
    20,
    21,
    22,
    23,
    24,
    25,
    26,
    27,
    28,
    29,
    30
  ],
  "reset": [
    7,
    15,
    23,
    30
  ],
  "duration": [
    1.8891270160675049,
    1.6983089447021484,
    1.7196071147918701,
    1.7164437770843506,
    1.71199369430542,
    1.7313318252563477,
    1.710937261581421,
    1.7216541767120361,
    1.7173569202423096,
    1.698730230331421,
    1.7148680686950684,
    1.7176568508148193,
    1.7045631408691406,
    1.7178411483764648,
    1.7142391204833984,
    1.7066905498504639,
    1.7208008766174316,
    1.719752550125122,
    1.718332290649414,
    1.7132141590118408
  ],
  "status": 27
}