{
  "gpu": false,
  "device": "hybrid",
  "infile": "../matrix/cgne_init_4096_dble_csr.dat",
  "matfile": "../matrix/conf6_0-8x8-30/conf6.0-00l8x8-3000.mtx",
  "k": 0.15649,
  "kc": 0.15649,
  "reordering": true,
  "preconditioning": true,
  "vol": 4096,
  "dim": 49152,
  "lattice": "8x8x8x8",
  "blk_dim": 3072,
  "bs": "4x4x4x4",
  "res": 1e-06,
  "tol": 0.0003135346870547978,
  "nmx": 250,
  "nkv": 7,
  "nmr": 10,
  "ncy": 4,
  "sdtype": "float32",
  "ddtype": "float64",
  "cdtype": "float64",
  "rn": [
    22.90305381621925,
    9.95446422034539,
    5.085847639324172,
    3.120614752114705,
    2.032970579948826,
    1.2524028732565677,
    0.7344502271369302,
    0.7344503530240755,
    0.473487541956581,
    0.3189841523097103,
    0.21157266351667472,
    0.12381197501200826,
    0.06533902808166563,
    0.034948401244462926,
    0.01880882765309413,
    0.018808827527556454,
    0.011966566122979791,
    0.008055060526081126,
    0.005317039822528639,
    0.003492215420416582,
    0.0023487351448193564,
    0.0014835568849152442,
    0.0009305912444019938,
    0.0009305912641337747,
    0.0005951959755959341,
    0.0003908319356213157,
    0.0002656670906117022,
    0.0002656670933483827
  ],
  "i": [
    0,
    1,
    2,
    3,
    4,
    5,
    6,
    7,
    8,
    9,
    10,
    11,
    12,
    13,
    14,
    15,
    16,
    17,
    18,
    19,
    20,
    21,
    22,
    23,
    24,
    25,
    26,
    27
  ],
  "reset": [
    7,
    15,
    23,
    27
  ],
  "duration": [
    8.220144987106323,
    8.21601915359497,
    8.222590923309326,
    8.216077327728271,
    8.222171068191528,
    8.216283321380615,
    8.23051643371582,
    8.223183631896973,
    8.222192287445068,
    8.217806816101074,
    8.223605155944824,
    8.219304084777832,
    8.222525596618652,
    8.21375846862793,
    8.216063022613525,
    8.219831705093384,
    8.222289085388184,
    8.221475601196289,
    8.22944712638855,
    8.226171970367432
  ],
  "status": 24
}