{
  "gpu": false,
  "infile": "../matrix/cgne_init_4096_dble_csr.dat",
  "matfile": null,
  "k": 0.0,
  "kc": 0.0,
  "reordering": false,
  "preconditioning": true,
  "vol": 4096,
  "dim": 49152,
  "lattice": "8x8x8x8",
  "blk_dim": 6144,
  "bs": "8x4x4x4",
  "res": 1e-06,
  "tol": 0.0003135346870762468,
  "nmx": 1250,
  "nkv": 7,
  "nmr": 4,
  "ncy": 2,
  "sdtype": "float64",
  "ddtype": "float64",
  "cdtype": "float64",
  "rn": [
    170.29795612340735,
    100.72160825905559,
    67.6781180292191,
    47.53529526286106,
    34.73445975494777,
    25.597462774835247,
    19.05808029648828,
    19.05808029648828,
    15.748342568400101,
    12.328268880760726,
    9.516425568647982,
    6.922047444001967,
    4.976647371200998,
    3.4992542989540363,
    2.5574259693165127,
    2.5574259693165127,
    2.1698305562807807,
    1.7620581357813776,
    1.332372524610558,
    1.0215444448814883,
    0.7957309615502441,
    0.632206363008571,
    0.5009364383290633,
    0.5009364383290634,
    0.42215219775529633,
    0.3382088940575014,
    0.25833021624735,
    0.19595718025869455,
    0.14929025811057087,
    0.12132496527018077,
    0.10096362874952768,
    0.10096362874952788,
    0.08765860553950422,
    0.07166145478848647,
    0.05401694908866621,
    0.04102082839778545,
    0.03203115296202138,
    0.02625173028417345,
    0.021904005259054688,
    0.021904005259054327,
    0.018932025831607868,
    0.015548389039815065,
    0.012233533658759102,
    0.009411323958132815,
    0.007273947002793277,
    0.005954881722035655,
    0.004985530368924215,
    0.004985530368923416,
    0.004272425282401516,
    0.0035026402692706422,
    0.002716892177570952,
    0.002130291973027269,
    0.0016967053178318502,
    0.0013907518873682715,
    0.00113687733779646,
    0.00113687733779715,
    0.0009525337580680807,
    0.0007714230049385549,
    0.0006116835226869931,
    0.00047573117304583056,
    0.0003707147498910989,
    0.0003062693369933384,
    0.0003062693369941423
  ],
  "i": [
    0,
    1,
    2,
    3,
    4,
    5,
    6,
    7,
    8,
    9,
    10,
    11,
    12,
    13,
    14,
    15,
    16,
    17,
    18,
    19,
    20,
    21,
    22,
    23,
    24,
    25,
    26,
    27,
    28,
    29,
    30,
    31,
    32,
    33,
    34,
    35,
    36,
    37,
    38,
    39,
    40,
    41,
    42,
    43,
    44,
    45,
    46,
    47,
    48,
    49,
    50,
    51,
    52,
    53,
    54,
    55,
    56,
    57,
    58,
    59,
    60,
    61,
    62
  ],
  "reset": [
    7,
    15,
    23,
    31,
    39,
    47,
    55,
    62
  ],
  "duration": 3.0765795707702637,
  "status": 55
}