{
  "gpu": true,
  "device": "gpu",
  "infile": "../matrix/cgne_init_4096_dble_csr.dat",
  "matfile": "../matrix/conf6_0-8x8-20/conf6_0-8x8-20.mtx",
  "k": 0.15,
  "kc": 0.15717,
  "reordering": true,
  "preconditioning": true,
  "vol": 4096,
  "dim": 49152,
  "lattice": "8x8x8x8",
  "blk_dim": 6144,
  "bs": "8x4x4x4",
  "res": 1e-06,
  "tol": 0.00031353468703945405,
  "nmx": 417,
  "nkv": 7,
  "nmr": 4,
  "ncy": 6,
  "sdtype": "float32",
  "ddtype": "float64",
  "cdtype": "float32",
  "rn": [
    6.754207776839356,
    1.2288318908134592,
    0.2474023594187858,
    0.04873467153191872,
    0.01059720132849776,
    0.0022475274096972453,
    0.00047685125923447387,
    0.00047965163887201214,
    0.00010869929288810121,
    0.00010869929298091382
  ],
  "i": [
    0,
    1,
    2,
    3,
    4,
    5,
    6,
    7,
    8,
    9
  ],
  "reset": [
    7,
    9
  ],
  "duration": [
    1.0046491622924805,
    0.8446087837219238,
    0.8440930843353271,
    0.8239667415618896,
    0.8317525386810303,
    0.8428966999053955,
    0.843303918838501,
    0.8440248966217041,
    0.830620527267456,
    0.8447728157043457,
    0.8461017608642578,
    0.8419983386993408,
    0.8385872840881348,
    0.8314054012298584,
    0.8366236686706543,
    0.8277876377105713,
    0.838087797164917,
    0.8370184898376465,
    0.837263822555542,
    0.8403434753417969
  ],
  "status": 8
}