{
  "gpu": false,
  "device": "cpu",
  "infile": "../matrix/cgne_init_4096_dble_csr.dat",
  "matfile": "../matrix/conf6_0-8x8-20/conf6_0-8x8-20.mtx",
  "k": 0.15717,
  "kc": 0.15717,
  "reordering": true,
  "preconditioning": true,
  "vol": 4096,
  "dim": 49152,
  "lattice": "8x8x8x8",
  "blk_dim": 12288,
  "bs": "8x8x4x4",
  "res": 1e-06,
  "tol": 0.0003135346870547978,
  "nmx": 250,
  "nkv": 7,
  "nmr": 10,
  "ncy": 4,
  "sdtype": "float32",
  "ddtype": "float64",
  "cdtype": "float32",
  "rn": [
    25.33378659618262,
    13.451799429834734,
    8.764023015339076,
    5.538683167471214,
    3.4729961489159544,
    2.2782193056776396,
    1.4371558244945264,
    1.4371557527358236,
    1.0083099740991066,
    0.680072486192685,
    0.44600219467601027,
    0.28906402325246755,
    0.19897428813955081,
    0.13553362863966795,
    0.08973097365463417,
    0.0897309816628114,
    0.061242235700843944,
    0.04451823291633039,
    0.02947262758093356,
    0.020537729851527704,
    0.012130755329928303,
    0.007494314987132202,
    0.004230213968388967,
    0.004230214072139246,
    0.0027792873159114876,
    0.0018285087378846878,
    0.0012619694335271536,
    0.0008468561231941194,
    0.0004857324616302877,
    0.0002882396936350508,
    0.00028823970279907884
  ],
  "i": [
    0,
    1,
    2,
    3,
    4,
    5,
    6,
    7,
    8,
    9,
    10,
    11,
    12,
    13,
    14,
    15,
    16,
    17,
    18,
    19,
    20,
    21,
    22,
    23,
    24,
    25,
    26,
    27,
    28,
    29,
    30
  ],
  "reset": [
    7,
    15,
    23,
    30
  ],
  "duration": [
    11.15953540802002,
    11.164391279220581,
    11.119284629821777,
    11.104839086532593,
    11.136121034622192,
    11.119147777557373,
    11.110087156295776,
    11.097040176391602,
    11.104789733886719,
    11.106005430221558,
    11.107191324234009,
    11.108042478561401,
    11.130606651306152,
    11.125939130783081,
    11.131946802139282,
    11.140306234359741,
    11.13360857963562,
    11.14916443824768,
    11.1382315158844,
    11.134762048721313
  ],
  "status": 27
}