{
  "gpu": false,
  "device": "cpu",
  "infile": "../matrix/cgne_init_4096_dble_csr.dat",
  "matfile": "../matrix/conf6_0-8x8-20/conf6_0-8x8-20.mtx",
  "k": 0.15,
  "kc": 0.15717,
  "reordering": true,
  "preconditioning": true,
  "vol": 4096,
  "dim": 49152,
  "lattice": "8x8x8x8",
  "blk_dim": 6144,
  "bs": "8x4x4x4",
  "res": 1e-06,
  "tol": 0.0003135346870762468,
  "nmx": 250,
  "nkv": 7,
  "nmr": 10,
  "ncy": 4,
  "sdtype": "float64",
  "ddtype": "float64",
  "cdtype": "float64",
  "rn": [
    9.129974394350285,
    1.4333509477572246,
    0.27042151458455155,
    0.05159416194917081,
    0.010764256137607425,
    0.00215712351580061,
    0.00045118325917479704,
    0.0004511832591741391,
    9.365745217134583e-05,
    9.365745217153099e-05
  ],
  "i": [
    0,
    1,
    2,
    3,
    4,
    5,
    6,
    7,
    8,
    9
  ],
  "reset": [
    7,
    9
  ],
  "duration": [
    2.3393654823303223,
    2.33872389793396,
    2.337038993835449,
    2.335552930831909,
    2.337054967880249,
    2.3386483192443848,
    2.3375229835510254,
    2.338867664337158,
    2.3381922245025635,
    2.337796211242676,
    2.337639331817627,
    2.335859775543213,
    2.3381612300872803,
    2.335524082183838,
    2.3363945484161377,
    2.3366777896881104,
    2.337501287460327,
    2.337719440460205,
    2.336125373840332,
    2.336110830307007
  ],
  "status": 8
}