{
  "gpu": false,
  "device": "cpu",
  "infile": "../matrix/fgcr_check3_4096_dble_csr.dat",
  "matfile": null,
  "k": 0.0,
  "kc": 0.0,
  "reordering": false,
  "preconditioning": true,
  "vol": 4096,
  "dim": 49152,
  "lattice": "8x8x8x8",
  "blk_dim": 3072,
  "bs": "4x4x4x4",
  "res": 1e-06,
  "tol": 0.0003135346870762468,
  "nmx": 417,
  "nkv": 7,
  "nmr": 4,
  "ncy": 6,
  "sdtype": "float64",
  "ddtype": "float64",
  "cdtype": "float64",
  "rn": [
    15.454666224737062,
    4.982218590396071,
    1.494483687127176,
    0.46903358941459244,
    0.14122694823844703,
    0.04242855056428309,
    0.012564112072059576,
    0.012564112072059343,
    0.004131163938910207,
    0.001360265264769131,
    0.0004419898797484199,
    0.0001344924336443167,
    0.00013449243364449526
  ],
  "i": [
    0,
    1,
    2,
    3,
    4,
    5,
    6,
    7,
    8,
    9,
    10,
    11,
    12
  ],
  "reset": [
    7,
    12
  ],
  "duration": [
    2.133605718612671,
    2.131913185119629,
    2.1331381797790527,
    2.1330368518829346,
    2.1311538219451904,
    2.133261203765869,
    2.131349802017212,
    2.1310720443725586,
    2.133298635482788,
    2.1348018646240234,
    2.1316707134246826,
    2.131192922592163,
    2.132709503173828,
    2.131465196609497,
    2.1300549507141113,
    2.1313302516937256,
    2.1294031143188477,
    2.131072521209717,
    2.1325273513793945,
    2.1316027641296387
  ],
  "status": 11
}