{
  "gpu": false,
  "device": "cpu",
  "infile": "../matrix/cgne_init_4096_dble_csr.dat",
  "matfile": "../matrix/conf6_0-8x8-20/conf6_0-8x8-20.mtx",
  "k": 0.15,
  "kc": 0.15717,
  "reordering": true,
  "preconditioning": true,
  "vol": 4096,
  "dim": 49152,
  "lattice": "8x8x8x8",
  "blk_dim": 12288,
  "bs": "8x8x4x4",
  "res": 1e-06,
  "tol": 0.0003135346870762468,
  "nmx": 1250,
  "nkv": 7,
  "nmr": 4,
  "ncy": 2,
  "sdtype": "float64",
  "ddtype": "float64",
  "cdtype": "float64",
  "rn": [
    29.139586981980734,
    9.424393446398371,
    4.533608267707694,
    2.320137456406993,
    1.2818566824509026,
    0.6939960613475941,
    0.3919546669307602,
    0.39195466693076,
    0.2363306440277107,
    0.1390468371298499,
    0.08358915230806878,
    0.047587861440777875,
    0.026557641692580094,
    0.01340687498048634,
    0.007758505697422256,
    0.007758505697422202,
    0.004843251437218413,
    0.0028400857673146797,
    0.001689716679159227,
    0.000977017207932576,
    0.0005614859713290795,
    0.00032251116015925764,
    0.00019176843915583172,
    0.00019176843915606593
  ],
  "i": [
    0,
    1,
    2,
    3,
    4,
    5,
    6,
    7,
    8,
    9,
    10,
    11,
    12,
    13,
    14,
    15,
    16,
    17,
    18,
    19,
    20,
    21,
    22,
    23
  ],
  "reset": [
    7,
    15,
    23
  ],
  "duration": [
    2.1857388019561768,
    1.9976959228515625,
    2.303032875061035,
    2.0013484954833984,
    2.406764268875122,
    2.375485897064209,
    2.4593002796173096,
    2.3887040615081787,
    2.106288433074951,
    2.191850185394287,
    2.5356333255767822,
    2.291238307952881,
    2.3761682510375977,
    2.2721431255340576,
    2.435999631881714,
    2.500518560409546,
    2.2044119834899902,
    2.123490333557129,
    2.194056987762451,
    2.4462857246398926
  ],
  "status": 21
}