{
  "gpu": true,
  "device": "gpu",
  "infile": "../matrix/cgne_init_4096_dble_csr.dat",
  "matfile": null,
  "k": 0.0,
  "kc": 0.0,
  "reordering": false,
  "preconditioning": true,
  "vol": 4096,
  "dim": 49152,
  "lattice": "8x8x8x8",
  "blk_dim": 6144,
  "bs": "8x4x4x4",
  "res": 1e-06,
  "tol": 0.00031353468703945405,
  "nmx": 417,
  "nkv": 7,
  "nmr": 2,
  "ncy": 12,
  "sdtype": "float32",
  "ddtype": "float64",
  "cdtype": "float32",
  "rn": [
    53.32834663673593,
    13.297026470337213,
    4.042676458052552,
    1.3057918694703223,
    0.42492478587649485,
    0.14041925068117111,
    0.04780340437713629,
    0.04780291022503604,
    0.01857040247727912,
    0.0065078494582702685,
    0.002236760463286596,
    0.0007365112205791744,
    0.00023930534767982846,
    0.00023930528090544752
  ],
  "i": [
    0,
    1,
    2,
    3,
    4,
    5,
    6,
    7,
    8,
    9,
    10,
    11,
    12,
    13
  ],
  "reset": [
    7,
    13
  ],
  "duration": [
    1.5316643714904785,
    1.3606691360473633,
    1.3698186874389648,
    1.3718397617340088,
    1.367016077041626,
    1.364758014678955,
    1.368166446685791,
    1.3698368072509766,
    1.372741460800171,
    1.3630099296569824,
    1.3695878982543945,
    1.3750355243682861,
    1.3670501708984375,
    1.3649544715881348,
    1.3687810897827148,
    1.3672468662261963,
    1.3536665439605713,
    1.3719298839569092,
    1.3690598011016846,
    1.3735787868499756
  ],
  "status": 12
}