{
  "gpu": true,
  "device": "gpu",
  "infile": "../matrix/cgne_init_65536_dble_csr.dat",
  "matfile": null,
  "k": 0.0,
  "kc": 0.0,
  "reordering": false,
  "preconditioning": true,
  "vol": 65536,
  "dim": 786048,
  "lattice": "16x16x16x16",
  "blk_dim": 12282,
  "bs": "8x8x4x4",
  "res": 1e-06,
  "tol": 0.0012541387482808122,
  "nmx": 210,
  "nkv": 7,
  "nmr": 12,
  "ncy": 4,
  "sdtype": "float32",
  "ddtype": "float64",
  "cdtype": "float32",
  "rn": [
    60.08894658337879,
    4.53307529904841,
    0.3646758606103686,
    0.030388433200890134,
    0.002636000882292598,
    0.0002469935928978379,
    0.00037273205931586
  ],
  "i": [
    0,
    1,
    2,
    3,
    4,
    5,
    6
  ],
  "reset": [
    6
  ],
  "duration": [
    9.087767839431763,
    8.89512038230896,
    8.873478889465332,
    8.861450672149658,
    8.835787773132324,
    8.854368925094604,
    8.867966175079346,
    8.855238676071167,
    8.838163137435913,
    8.8796067237854,
    8.835548877716064,
    8.852986812591553,
    8.845217943191528,
    8.893280506134033,
    8.880534410476685,
    8.876317739486694,
    8.878637075424194,
    8.865060091018677,
    8.871740102767944,
    8.867991209030151
  ],
  "status": 6
}