{
  "gpu": true,
  "infile": "../matrix/cgne_init_4096_dble_csr.dat",
  "matfile": null,
  "k": 0.0,
  "kc": 0.0,
  "reordering": false,
  "preconditioning": true,
  "vol": 4096,
  "dim": 49152,
  "lattice": "8x8x8x8",
  "blk_dim": 24576,
  "bs": "8x8x8x4",
  "res": 1e-06,
  "tol": 0.00031353468703945405,
  "nmx": 500,
  "nkv": 7,
  "nmr": 4,
  "ncy": 5,
  "sdtype": "float32",
  "ddtype": "float64",
  "cdtype": "float64",
  "rn": [
    100.24555245437368,
    48.535984965486115,
    26.038806158953136,
    13.835908824038924,
    7.52424136465648,
    4.140359397655432,
    2.287532886190464,
    2.2875330193356285,
    1.3335853041156036,
    0.7471009771175134,
    0.4235657028083721,
    0.22826990681602805,
    0.12766132971961558,
    0.06873188500398765,
    0.03683957396437841,
    0.03683957303040591,
    0.021556656763155883,
    0.012046827872157917,
    0.006825218954474725,
    0.003682378916329548,
    0.0020611818973669286,
    0.0011417561877836598,
    0.0006510923679957172,
    0.0006510923937201512,
    0.000382776767046046,
    0.00021436676814392739,
    0.00021436676797709578
  ],
  "i": [
    0,
    1,
    2,
    3,
    4,
    5,
    6,
    7,
    8,
    9,
    10,
    11,
    12,
    13,
    14,
    15,
    16,
    17,
    18,
    19,
    20,
    21,
    22,
    23,
    24,
    25,
    26
  ],
  "reset": [
    7,
    15,
    23,
    26
  ],
  "duration": 0.7393109798431396,
  "status": 23
}