{
  "gpu": false,
  "device": "hybrid",
  "infile": "../matrix/cgne_init_4096_dble_csr.dat",
  "matfile": "../matrix/conf6_0-8x8-20/conf6_0-8x8-20.mtx",
  "k": 0.15,
  "kc": 0.15717,
  "reordering": true,
  "preconditioning": true,
  "vol": 4096,
  "dim": 49152,
  "lattice": "8x8x8x8",
  "blk_dim": 24576,
  "bs": "8x8x8x4",
  "res": 1e-06,
  "tol": 0.0003135346870762468,
  "nmx": 2500,
  "nkv": 7,
  "nmr": 0.5,
  "ncy": 0.5,
  "sdtype": "float64",
  "ddtype": "float64",
  "cdtype": "float64",
  "rn": [
    61.75347882945265,
    25.76397483488637,
    9.264582069948657,
    4.704002300527819,
    2.513865402049694,
    1.4426663048026411,
    0.8280538662158067,
    0.8280538662158071,
    0.5223184743210146,
    0.31966478331178,
    0.19048923453140612,
    0.11108680086207696,
    0.06415892132939044,
    0.036074991020397434,
    0.021759476228892825,
    0.021759476228892734,
    0.01374367282350057,
    0.00867343676517192,
    0.005334142209000894,
    0.003163571136260582,
    0.001973226127906328,
    0.0011831316486746626,
    0.0007149844047361933,
    0.0007149844047362241,
    0.0004566862234511501,
    0.00028173822191126385,
    0.0002817382219118446
  ],
  "i": [
    0,
    1,
    2,
    3,
    4,
    5,
    6,
    7,
    8,
    9,
    10,
    11,
    12,
    13,
    14,
    15,
    16,
    17,
    18,
    19,
    20,
    21,
    22,
    23,
    24,
    25,
    26
  ],
  "reset": [
    7,
    15,
    23,
    26
  ],
  "duration": [
    0.45371341705322266,
    0.45166707038879395,
    0.5630111694335938,
    0.5673494338989258,
    0.6642305850982666,
    0.508561372756958,
    0.5789172649383545,
    0.7379324436187744,
    0.6805260181427002,
    0.7494418621063232,
    0.8871235847473145,
    0.6310875415802002,
    0.6440591812133789,
    0.5096325874328613,
    0.6845762729644775,
    0.637371301651001,
    0.6302251815795898,
    0.7102940082550049,
    0.6825027465820312,
    0.8106918334960938
  ],
  "status": 23
}