{
  "gpu": false,
  "device": "cpu",
  "infile": "../matrix/fgcr_check3_4096_dble_csr.dat",
  "matfile": null,
  "k": 0.0,
  "kc": 0.0,
  "reordering": false,
  "preconditioning": true,
  "vol": 4096,
  "dim": 49152,
  "lattice": "8x8x8x8",
  "blk_dim": 24576,
  "bs": "8x8x8x4",
  "res": 1e-06,
  "tol": 0.0003135346870762468,
  "nmx": 1250,
  "nkv": 7,
  "nmr": 4,
  "ncy": 2,
  "sdtype": "float64",
  "ddtype": "float64",
  "cdtype": "float64",
  "rn": [
    61.50213312531288,
    21.231419785223412,
    9.559509586091972,
    3.947452419711079,
    1.773193625545697,
    0.7611340489677904,
    0.33648745169986516,
    0.336487451699866,
    0.18917470126075614,
    0.08100042435896523,
    0.03403431505835303,
    0.014517609710918226,
    0.006379462826958134,
    0.002559591379591186,
    0.0009571061951206835,
    0.0009571061951207976,
    0.0005458254258461632,
    0.000234415540613411,
    0.00023441554061348627
  ],
  "i": [
    0,
    1,
    2,
    3,
    4,
    5,
    6,
    7,
    8,
    9,
    10,
    11,
    12,
    13,
    14,
    15,
    16,
    17,
    18
  ],
  "reset": [
    7,
    15,
    18
  ],
  "duration": [
    2.0100903511047363,
    1.6921238899230957,
    1.9036505222320557,
    1.8608078956604004,
    1.9698116779327393,
    1.8492684364318848,
    2.0048065185546875,
    1.7768878936767578,
    1.7282075881958008,
    1.6576368808746338,
    1.968606948852539,
    1.8589577674865723,
    1.756847858428955,
    1.7461979389190674,
    1.6850807666778564,
    1.600888729095459,
    1.8163840770721436,
    1.811736822128296,
    1.534938097000122,
    1.4991440773010254
  ],
  "status": 16
}