{
  "gpu": false,
  "device": "hybrid",
  "infile": "../matrix/cgne_init_65536_dble_csr.dat",
  "matfile": null,
  "k": 0.0,
  "kc": 0.0,
  "reordering": false,
  "preconditioning": true,
  "vol": 65536,
  "dim": 786432,
  "lattice": "16x16x16x16",
  "blk_dim": 12288,
  "bs": "8x8x4x4",
  "res": 1e-06,
  "tol": 0.0012541387482794752,
  "nmx": 625,
  "nkv": 7,
  "nmr": 8,
  "ncy": 2,
  "sdtype": "float32",
  "ddtype": "float64",
  "cdtype": "float32",
  "rn": [
    714.4052911474081,
    471.7929301408891,
    300.6815779084068,
    188.00258198358125,
    116.67685929379378,
    72.98406620502847,
    46.73148458873514,
    46.73148426725884,
    30.641982370242168,
    20.61640693322433,
    13.961569533446665,
    9.627360412189596,
    6.726330030325369,
    4.721651718072469,
    3.3442726100719633,
    3.3442726217963084,
    2.372303885218704,
    1.712545613397077,
    1.2174202357579191,
    0.8803623930543341,
    0.6326469754938895,
    0.44706396816365923,
    0.3185214734477956,
    0.3185214736851066,
    0.2278121191845335,
    0.16564469895550527,
    0.1186045676212523,
    0.08635046663454911,
    0.06281242448359395,
    0.04477191625603402,
    0.03226887168696759,
    0.032268871759298295,
    0.023275363155449265,
    0.017006318064575247,
    0.012257333830095835,
    0.008952398214475599,
    0.006517339637801521,
    0.004654465194325239,
    0.0033490405835858634,
    0.003349040616804611,
    0.0024207694755184004,
    0.0017749672783781952,
    0.00127943322503705,
    0.0009366973686946271,
    0.0009366973704746709
  ],
  "i": [
    0,
    1,
    2,
    3,
    4,
    5,
    6,
    7,
    8,
    9,
    10,
    11,
    12,
    13,
    14,
    15,
    16,
    17,
    18,
    19,
    20,
    21,
    22,
    23,
    24,
    25,
    26,
    27,
    28,
    29,
    30,
    31,
    32,
    33,
    34,
    35,
    36,
    37,
    38,
    39,
    40,
    41,
    42,
    43,
    44
  ],
  "reset": [
    7,
    15,
    23,
    31,
    39,
    44
  ],
  "duration": [
    31.132112503051758,
    31.10459804534912,
    31.119222164154053,
    31.150810956954956,
    31.133087873458862,
    31.164067268371582,
    31.1350998878479,
    31.178195238113403,
    31.146936655044556,
    31.136638402938843,
    31.16625142097473,
    31.154111862182617,
    31.128304481506348,
    31.16093945503235,
    31.208280563354492,
    31.157955646514893,
    31.16001272201538,
    31.194527864456177,
    31.196380376815796,
    31.159048795700073
  ],
  "status": 39
}