{
  "gpu": true,
  "device": "gpu",
  "infile": "../matrix/cgne_init_4096_dble_csr.dat",
  "matfile": "../matrix/conf6_0-8x8-30/conf6.0-00l8x8-3000.mtx",
  "k": 0.05,
  "kc": 0.15649,
  "reordering": true,
  "preconditioning": true,
  "vol": 4096,
  "dim": 49152,
  "lattice": "8x8x8x8",
  "blk_dim": 12288,
  "bs": "8x8x4x4",
  "res": 1e-06,
  "tol": 0.00031353468703945405,
  "nmx": 417,
  "nkv": 7,
  "nmr": 12,
  "ncy": 2,
  "sdtype": "float32",
  "ddtype": "float64",
  "cdtype": "float64",
  "rn": [
    0.00474773857163201,
    1.3685328423386562e-07,
    4.094414213334686e-05
  ],
  "i": [
    0,
    1,
    2
  ],
  "reset": [
    2
  ],
  "duration": [
    0.2688260078430176,
    0.09770059585571289,
    0.09466886520385742,
    0.10105419158935547,
    0.09603309631347656,
    0.09369468688964844,
    0.09393477439880371,
    0.09547781944274902,
    0.09772729873657227,
    0.10376763343811035,
    0.09370827674865723,
    0.09732580184936523,
    0.09448647499084473,
    0.09739470481872559,
    0.09849858283996582,
    0.09773731231689453,
    0.09547185897827148,
    0.09606671333312988,
    0.09435296058654785,
    0.0966036319732666
  ],
  "status": 2
}