{
  "gpu": false,
  "device": "hybrid",
  "infile": "../matrix/cgne_init_65536_dble_csr.dat",
  "matfile": null,
  "k": 0.0,
  "kc": 0.0,
  "reordering": false,
  "preconditioning": true,
  "vol": 65536,
  "dim": 786432,
  "lattice": "16x16x16x16",
  "blk_dim": 196608,
  "bs": "16x16x8x8",
  "res": 1e-06,
  "tol": 0.0012541387483049865,
  "nmx": 2500,
  "nkv": 7,
  "nmr": 4,
  "ncy": 1,
  "sdtype": "float64",
  "ddtype": "float64",
  "cdtype": "float64",
  "rn": [
    610.7050841555017,
    234.90069113966973,
    104.62147571591572,
    47.70559762370654,
    21.648095925413667,
    10.209210373613892,
    4.788455713338488,
    4.788455713338488,
    2.3888623703889067,
    1.1820984180663048,
    0.569006642421185,
    0.27466940223246405,
    0.13070630815098394,
    0.05705661053381957,
    0.026501605263197288,
    0.02650160526319681,
    0.013120667287425189,
    0.006466009085936724,
    0.003121297079138542,
    0.0015421660936621921,
    0.0007470311884302901,
    0.0007470311884302994
  ],
  "i": [
    0,
    1,
    2,
    3,
    4,
    5,
    6,
    7,
    8,
    9,
    10,
    11,
    12,
    13,
    14,
    15,
    16,
    17,
    18,
    19,
    20,
    21
  ],
  "reset": [
    7,
    15,
    21
  ],
  "duration": [
    4.842386245727539,
    4.8240602016448975,
    4.805420398712158,
    4.808061838150024,
    4.859411716461182,
    4.8323447704315186,
    4.908703804016113,
    4.837599754333496,
    4.863015174865723,
    5.016437530517578,
    4.790059804916382,
    4.9270339012146,
    4.82204794883728,
    4.810471773147583,
    4.958721876144409,
    4.7829484939575195,
    4.855057716369629,
    4.878366231918335,
    4.827116966247559,
    4.839177846908569
  ],
  "status": 19
}