{
  "gpu": false,
  "device": "cpu",
  "infile": "../matrix/cgne_init_65536_dble_csr.dat",
  "matfile": null,
  "k": 0.0,
  "kc": 0.0,
  "reordering": false,
  "preconditioning": true,
  "vol": 65536,
  "dim": 786432,
  "lattice": "16x16x16x16",
  "blk_dim": 393216,
  "bs": "16x16x16x8",
  "res": 1e-06,
  "tol": 0.0012541387482794752,
  "nmx": 2500,
  "nkv": 7,
  "nmr": 0.5,
  "ncy": 0.5,
  "sdtype": "float32",
  "ddtype": "float64",
  "cdtype": "float32",
  "rn": [
    496.40609405973936,
    220.27219821220277,
    75.20591031560953,
    35.84321996276848,
    11.271589995900397,
    5.7537030119017425,
    1.9955689287935756,
    1.9955689477222287,
    1.0938907891645167,
    0.4498802045369134,
    0.2580093386300056,
    0.09843236751068708,
    0.054169077492598784,
    0.020965620659219933,
    0.011353937250139185,
    0.01135393746186059,
    0.0049830546325497944,
    0.0027339538140459634,
    0.0011958621499170213,
    0.0011958621487094755
  ],
  "i": [
    0,
    1,
    2,
    3,
    4,
    5,
    6,
    7,
    8,
    9,
    10,
    11,
    12,
    13,
    14,
    15,
    16,
    17,
    18,
    19
  ],
  "reset": [
    7,
    15,
    19
  ],
  "duration": [
    6.883566617965698,
    6.833676815032959,
    6.84743332862854,
    6.821535348892212,
    6.875009298324585,
    6.835355043411255,
    6.8884117603302,
    6.837442636489868,
    6.841955184936523,
    6.839576482772827,
    6.841004371643066,
    6.827472925186157,
    6.835332155227661,
    6.831676483154297,
    6.864091396331787,
    6.843097448348999,
    6.878777503967285,
    6.838623762130737,
    6.84220027923584,
    6.844094514846802
  ],
  "status": 17
}