{
  "gpu": false,
  "device": "hybrid",
  "infile": "../matrix/cgne_init_4096_dble_csr.dat",
  "matfile": null,
  "k": 0.0,
  "kc": 0.0,
  "reordering": false,
  "preconditioning": true,
  "vol": 4096,
  "dim": 49152,
  "lattice": "8x8x8x8",
  "blk_dim": 6144,
  "bs": "8x4x4x4",
  "res": 1e-06,
  "tol": 0.0003135346870547978,
  "nmx": 417,
  "nkv": 7,
  "nmr": 2,
  "ncy": 12,
  "sdtype": "float32",
  "ddtype": "float64",
  "cdtype": "float32",
  "rn": [
    53.328347469942145,
    13.297024984758067,
    4.042675272864048,
    1.3057907423924773,
    0.42492381382878436,
    0.14041883072489023,
    0.04780350917529904,
    0.04780410299748097,
    0.018570567887859386,
    0.006507960682231519,
    0.002236787319428248,
    0.0007365123432138899,
    0.00023931732757731118,
    0.0002393173215944429
  ],
  "i": [
    0,
    1,
    2,
    3,
    4,
    5,
    6,
    7,
    8,
    9,
    10,
    11,
    12,
    13
  ],
  "reset": [
    7,
    13
  ],
  "duration": [
    2.8543028831481934,
    2.8674306869506836,
    2.862683057785034,
    2.8651745319366455,
    2.8604254722595215,
    2.8641765117645264,
    2.8565211296081543,
    2.851107597351074,
    2.8670403957366943,
    2.8467352390289307,
    2.8633010387420654,
    2.845628261566162,
    2.865842819213867,
    2.845613718032837,
    2.865994453430176,
    2.8542182445526123,
    2.855513334274292,
    2.853027820587158,
    2.8577868938446045,
    2.8537039756774902
  ],
  "status": 12
}