{
  "gpu": false,
  "device": "cpu",
  "infile": "../matrix/cgne_init_4096_dble_csr.dat",
  "matfile": "../matrix/conf6_0-8x8-30/conf6.0-00l8x8-3000.mtx",
  "k": 0.05,
  "kc": 0.15649,
  "reordering": true,
  "preconditioning": true,
  "vol": 4096,
  "dim": 49152,
  "lattice": "8x8x8x8",
  "blk_dim": 3072,
  "bs": "4x4x4x4",
  "res": 1e-06,
  "tol": 0.0003135346870762468,
  "nmx": 417,
  "nkv": 7,
  "nmr": 6,
  "ncy": 4,
  "sdtype": "float64",
  "ddtype": "float64",
  "cdtype": "float64",
  "rn": [
    9.799699460510748e-05,
    9.799699460529926e-05
  ],
  "i": [
    0,
    1
  ],
  "reset": [
    1
  ],
  "duration": [
    0.19596529006958008,
    0.19440031051635742,
    0.19427919387817383,
    0.19406461715698242,
    0.19412612915039062,
    0.19388651847839355,
    0.19582366943359375,
    0.19429755210876465,
    0.19433331489562988,
    0.19434213638305664,
    0.19419455528259277,
    0.19558286666870117,
    0.19429969787597656,
    0.19405388832092285,
    0.19411492347717285,
    0.19396543502807617,
    0.1951606273651123,
    0.19406914710998535,
    0.19447112083435059,
    0.200026273727417
  ],
  "status": 1
}