{
  "gpu": true,
  "device": "gpu",
  "infile": "../matrix/cgne_init_65536_dble_csr.dat",
  "matfile": null,
  "k": 0.0,
  "kc": 0.0,
  "reordering": false,
  "preconditioning": true,
  "vol": 65536,
  "dim": 786048,
  "lattice": "16x16x16x16",
  "blk_dim": 98256,
  "bs": "16x8x8x8",
  "res": 1e-06,
  "tol": 0.0012541387483049871,
  "nmx": 210,
  "nkv": 7,
  "nmr": 12,
  "ncy": 4,
  "sdtype": "float64",
  "ddtype": "float64",
  "cdtype": "float64",
  "rn": [
    60.18052991187309,
    4.582073191837043,
    0.38840628084901274,
    0.03552087226924237,
    0.0034869314759765108,
    0.00034957966079325376,
    0.0003495796607926754
  ],
  "i": [
    0,
    1,
    2,
    3,
    4,
    5,
    6
  ],
  "reset": [
    6
  ],
  "duration": [
    1.4452595710754395,
    1.28849196434021,
    1.2976510524749756,
    1.2888503074645996,
    1.2799291610717773,
    1.2760779857635498,
    1.2726950645446777,
    1.286463737487793,
    1.2716360092163086,
    1.2773993015289307,
    1.2808339595794678,
    1.2855675220489502,
    1.2840995788574219,
    1.2750120162963867,
    1.2879917621612549,
    1.2832086086273193,
    1.2790899276733398,
    1.2824857234954834,
    1.281235694885254,
    1.2855303287506104
  ],
  "status": 6
}