{
  "gpu": false,
  "infile": "../matrix/cgne_init_4096_dble_csr.dat",
  "matfile": null,
  "k": 0.0,
  "kc": 0.0,
  "reordering": false,
  "preconditioning": true,
  "vol": 4096,
  "dim": 49152,
  "lattice": "8x8x8x8",
  "blk_dim": 12288,
  "bs": "8x8x4x4",
  "res": 1e-06,
  "tol": 0.0003135346870762468,
  "nmx": 417,
  "nkv": 7,
  "nmr": 6,
  "ncy": 4,
  "sdtype": "float64",
  "ddtype": "float64",
  "cdtype": "float64",
  "rn": [
    214.74261779369434,
    169.30061332836166,
    145.73436030825886,
    130.7314376791596,
    119.58882168862561,
    110.62689594524419,
    103.64176903090123,
    103.64176903090123,
    98.93046728371539,
    95.11632475090768,
    92.48829092164738,
    89.48105311141451,
    86.57893114183113,
    80.69946036759939,
    76.14865806005146,
    76.14865806005146,
    73.42648559365776,
    71.34151687937413,
    69.96082854280998,
    68.8241682237634,
    67.87023526646313,
    66.41440969057355,
    64.82861046253477,
    64.82861046253477,
    63.391079422330506,
    62.12210367791121,
    61.08721603055117,
    59.92270677387798,
    58.788551121264874,
    56.57799984018154,
    53.982959515078555,
    53.982959515078555,
    51.405064800437714,
    49.49152019030693,
    47.87020197653685,
    46.34335480843626,
    44.908399919678466,
    43.664403801327026,
    42.31761752249446,
    42.31761752249446,
    41.03295351632552,
    39.74715030873425,
    38.21724083039623,
    36.68267985844715,
    35.19588057418294,
    33.399472394231104,
    31.361821195611096,
    31.3618211956111,
    29.3029906801106,
    28.01898990393889,
    26.844328591676287,
    25.566870953960485,
    24.299944078085684,
    23.61201957012918,
    22.8401536480007,
    22.8401536480007,
    22.216250236705132,
    21.56688619417714,
    20.78679784327697,
    19.991518335930653,
    19.200046882884784,
    18.012866470478123,
    16.78964274538271,
    16.78964274538271,
    15.658073393039802,
    14.927928039132775,
    14.28787370713484,
    13.594795430801579,
    12.913088474101809,
    12.52206704745323,
    12.078240292468239,
    12.078240292468239,
    11.717120598367014,
    11.350504048285103,
    10.909340005460816,
    10.430257791861157,
    9.977804278692403,
    9.34599134575155,
    8.78360107374718,
    8.78360107374718,
    8.288665510695564,
    7.916214049539437,
    7.5673966847415075,
    7.227440415479326,
    6.912693046099104,
    6.717408925349678,
    6.502019020595186,
    6.502019020595185,
    6.319639815785606,
    6.133036527916273,
    5.906736138054126,
    5.655663537426253,
    5.407675413557111,
    5.085406138628896,
    4.792248917253162,
    4.792248917253161,
    4.51913494173834,
    4.311872198867336,
    4.097050545682975,
    3.868606784730622,
    3.668630194708599,
    3.556277671097352,
    3.4311411019307982,
    3.4311411019307982,
    3.324384063881109,
    3.2241811340770243,
    3.109207988141104,
    2.9882510199883345,
    2.882740369387378,
    2.74547461731114,
    2.630521986204469,
    2.6305219862044695,
    2.5174958207386315,
    2.4213294606625957,
    2.3196203931157964,
    2.2130161903339123,
    2.1125228615811427,
    2.0476600339479805,
    1.973384234943551,
    1.9733842349435515,
    1.9064138307601066,
    1.8454471425907362,
    1.7767956817516295,
    1.6970355800315662,
    1.6243268195948388,
    1.544052873203196,
    1.4663806090617746,
    1.4663806090617741,
    1.3838865306282382,
    1.3231375686568336,
    1.2546688072783887,
    1.1848436717177198,
    1.1259503055539644,
    1.0936219306810355,
    1.0558049929968532,
    1.0558049929968534,
    1.0241331845512194,
    0.9957790651997459,
    0.9642486793876162,
    0.9221921333622434,
    0.8854217757126864,
    0.8288975396494509,
    0.7775902694039953,
    0.7775902694039948,
    0.7246128102005319,
    0.6873900696702578,
    0.6550383845400511,
    0.6198890588167059,
    0.5867345949955852,
    0.5707631700861443,
    0.5513659197481218,
    0.551365919748122,
    0.5367721034267092,
    0.5229275987952761,
    0.5089848725333782,
    0.48986013230942305,
    0.47261933921533156,
    0.4380493842389164,
    0.403869863179511,
    0.4038698631795107,
    0.37336789285589067,
    0.3543120005120153,
    0.33714662390940237,
    0.32034713014540933,
    0.30377321525894646,
    0.2946363997762359,
    0.2847136236267753,
    0.28471362362677527,
    0.2767173577711073,
    0.268882502114433,
    0.25978564855316333,
    0.2504863568214001,
    0.24194710352646576,
    0.23109420991371205,
    0.2189818270654125,
    0.2189818270654124,
    0.20822529066840734,
    0.2001149529516681,
    0.1909359900523556,
    0.18110757242789025,
    0.17276622860609545,
    0.16789135417357293,
    0.16234059851767332,
    0.16234059851767335,
    0.15728510766213874,
    0.15255356058293737,
    0.146487476153369,
    0.13989769019685588,
    0.1338703521238711,
    0.12687785749636663,
    0.11984097284240613,
    0.11984097284240579,
    0.11313949749181361,
    0.10814946470188717,
    0.10321545452187916,
    0.09716490932288546,
    0.09160285731476987,
    0.08867314014494102,
    0.08535222670242262,
    0.08535222670242258,
    0.08264255893890189,
    0.0802523032336025,
    0.07753472974641062,
    0.07425917187771132,
    0.07148876340643426,
    0.06698270121525779,
    0.06334871015908737,
    0.06334871015908783,
    0.05986951567027519,
    0.057096080813841196,
    0.05442777763012067,
    0.05121148856733335,
    0.048516702484155315,
    0.04680902616054165,
    0.04482373109489057,
    0.04482373109489041,
    0.04314800527579574,
    0.041780474662535615,
    0.040446217853072695,
    0.038602277334036574,
    0.03717210766257955,
    0.034906958437057184,
    0.03293104088339003,
    0.032931040883389655,
    0.03107104753797272,
    0.029722028885055683,
    0.028385208866779546,
    0.02699157104447776,
    0.025672446426999066,
    0.024848785312988106,
    0.023912677414892516,
    0.023912677414892693,
    0.023011186386041993,
    0.022280225995607684,
    0.02132735505898014,
    0.020242104930259776,
    0.019418584133086246,
    0.018473747667410407,
    0.017317552113964234,
    0.017317552113964005,
    0.01618025775277893,
    0.015477089432800238,
    0.014706512499363372,
    0.013662195791419553,
    0.012853635208326898,
    0.012461226386646903,
    0.0120281275024741,
    0.012028127502474166,
    0.01167074788602262,
    0.01135073778019601,
    0.010988190186655476,
    0.010554182904573854,
    0.01018007687373291,
    0.00949934854653678,
    0.008829146329307515,
    0.008829146329307185,
    0.008242045164178547,
    0.007858628073965626,
    0.007533493920527633,
    0.007146569337078427,
    0.006836431709381522,
    0.006639313017713107,
    0.006426618458100952,
    0.006426618458100881,
    0.006242637145108039,
    0.00607855607996169,
    0.005899039445842883,
    0.0056650595078015665,
    0.005468287373895414,
    0.005086858181737578,
    0.004706194356077431,
    0.004706194356077675,
    0.004390607716431833,
    0.004187054550519247,
    0.004015535938420122,
    0.00381507803172583,
    0.0036311766461717696,
    0.0035221371901950744,
    0.0033998779835002126,
    0.00339987798349979,
    0.0032922628746384366,
    0.003195203987151719,
    0.003078937064832169,
    0.0029327515640411765,
    0.0028182283316850127,
    0.002650343163612079,
    0.0024645340331535194,
    0.002464534033153707,
    0.002309279326036556,
    0.002208089175553079,
    0.002115120894030232,
    0.0019908076865119495,
    0.0018871242705383305,
    0.0018266498975668484,
    0.0017620565756560082,
    0.001762056575655892,
    0.0017091063369548062,
    0.0016620212623728481,
    0.001607655398001391,
    0.0015398672784497896,
    0.001486432746422794,
    0.0014005385700530159,
    0.0013184398185982344,
    0.0013184398185973733,
    0.0012494165856123587,
    0.0011968616640811063,
    0.0011496072363521856,
    0.001084742868354405,
