{
  "gpu": true,
  "device": "gpu",
  "infile": "../matrix/cgne_init_65536_dble_csr.dat",
  "matfile": null,
  "k": 0.0,
  "kc": 0.0,
  "reordering": false,
  "preconditioning": true,
  "vol": 65536,
  "dim": 786048,
  "lattice": "16x16x16x16",
  "blk_dim": 24564,
  "bs": "8x8x8x4",
  "res": 1e-06,
  "tol": 0.0012541387482808122,
  "nmx": 313,
  "nkv": 7,
  "nmr": 4,
  "ncy": 8,
  "sdtype": "float32",
  "ddtype": "float64",
  "cdtype": "float32",
  "rn": [
    224.81840735265445,
    47.53355066653431,
    9.085646261677542,
    2.032976710037231,
    0.3849896585085069,
    0.08229587393536333,
    0.016010303920254845,
    0.01601185532359136,
    0.0034225471704456526,
    0.0006504093689598584,
    0.0006504093373114742
  ],
  "i": [
    0,
    1,
    2,
    3,
    4,
    5,
    6,
    7,
    8,
    9,
    10
  ],
  "reset": [
    7,
    10
  ],
  "duration": [
    5.015184164047241,
    4.869639158248901,
    4.878644227981567,
    4.845568656921387,
    4.8841822147369385,
    4.886304616928101,
    4.852109670639038,
    4.867201328277588,
    4.849993467330933,
    4.873643159866333,
    4.865761756896973,
    4.881679058074951,
    4.856744289398193,
    4.867631196975708,
    4.832926273345947,
    4.876537561416626,
    4.975135564804077,
    4.867245435714722,
    4.872385740280151,
    4.8531506061553955
  ],
  "status": 9
}