{
  "gpu": false,
  "device": "hybrid",
  "infile": "../matrix/cgne_init_4096_dble_csr.dat",
  "matfile": "../matrix/conf6_0-8x8-30/conf6.0-00l8x8-3000.mtx",
  "k": 0.15649,
  "kc": 0.15649,
  "reordering": true,
  "preconditioning": true,
  "vol": 4096,
  "dim": 49152,
  "lattice": "8x8x8x8",
  "blk_dim": 24576,
  "bs": "8x8x8x4",
  "res": 1e-06,
  "tol": 0.0003135346870547978,
  "nmx": 250,
  "nkv": 7,
  "nmr": 4,
  "ncy": 10,
  "sdtype": "float32",
  "ddtype": "float64",
  "cdtype": "float64",
  "rn": [
    11.684125600762224,
    6.354279907065534,
    4.149984313092769,
    2.8701806459489565,
    2.130966852546388,
    1.5398181242350502,
    1.0954861572822132,
    1.0954860823373127,
    0.7967511101058777,
    0.5791517314906964,
    0.37575823921261337,
    0.2718854410594948,
    0.17669047891613737,
    0.12874231110342,
    0.09031641642199563,
    0.09031641550350561,
    0.06690874180200469,
    0.04759916332790827,
    0.03351807826294422,
    0.02508634307989115,
    0.016933667153822874,
    0.01121158321799266,
    0.007822066011931642,
    0.007822066116350232,
    0.00593005700490328,
    0.004501409249831057,
    0.003315530055606228,
    0.0025388505318454284,
    0.0019781567858147327,
    0.0013953964633988513,
    0.0010152623857133752,
    0.0010152624375757487,
    0.0007350730886607637,
    0.0005545257095365963,
    0.0004199907712148053,
    0.0003070878501929926,
    0.00030708785027191315
  ],
  "i": [
    0,
    1,
    2,
    3,
    4,
    5,
    6,
    7,
    8,
    9,
    10,
    11,
    12,
    13,
    14,
    15,
    16,
    17,
    18,
    19,
    20,
    21,
    22,
    23,
    24,
    25,
    26,
    27,
    28,
    29,
    30,
    31,
    32,
    33,
    34,
    35,
    36
  ],
  "reset": [
    7,
    15,
    23,
    31,
    36
  ],
  "duration": [
    2.1355514526367188,
    2.1332554817199707,
    2.134840488433838,
    2.131627082824707,
    2.1338655948638916,
    2.1357028484344482,
    2.132171392440796,
    2.129628896713257,
    2.1286580562591553,
    2.1297361850738525,
    2.1309003829956055,
    2.1325128078460693,
    2.130976438522339,
    2.1307196617126465,
    2.1309752464294434,
    2.132136344909668,
    2.1307570934295654,
    2.1310737133026123,
    2.1302244663238525,
    2.128333330154419
  ],
  "status": 32
}