{
  "gpu": false,
  "device": "hybrid",
  "infile": "../matrix/cgne_init_65536_dble_csr.dat",
  "matfile": null,
  "k": 0.0,
  "kc": 0.0,
  "reordering": false,
  "preconditioning": true,
  "vol": 65536,
  "dim": 786432,
  "lattice": "16x16x16x16",
  "blk_dim": 393216,
  "bs": "16x16x16x8",
  "res": 1e-06,
  "tol": 0.0012541387482794752,
  "nmx": 313,
  "nkv": 7,
  "nmr": 4,
  "ncy": 8,
  "sdtype": "float32",
  "ddtype": "float64",
  "cdtype": "float32",
  "rn": [
    224.9558409678661,
    47.591264498310665,
    9.09952503993396,
    2.0307323697552775,
    0.37235294799920193,
    0.07530705896942667,
    0.013778528839121605,
    0.013787089704671629,
    0.002966594261144991,
    0.0005958392999930182,
    0.0005958392530475313
  ],
  "i": [
    0,
    1,
    2,
    3,
    4,
    5,
    6,
    7,
    8,
    9,
    10
  ],
  "reset": [
    7,
    10
  ],
  "duration": [
    9.868664503097534,
    9.87763261795044,
    9.88563585281372,
    9.881908416748047,
    9.890326261520386,
    9.87841272354126,
    9.889931201934814,
    9.888500928878784,
    9.889687299728394,
    9.87524938583374,
    9.895600080490112,
    9.891324281692505,
    9.889583587646484,
    9.880908489227295,
    9.894057035446167,
    9.884190320968628,
    9.899425745010376,
    9.905495405197144,
    9.896480321884155,
    9.896493434906006
  ],
  "status": 9
}