{
  "gpu": false,
  "device": "cpu",
  "infile": "../matrix/cgne_init_4096_dble_csr.dat",
  "matfile": "../matrix/conf6_0-8x8-20/conf6_0-8x8-20.mtx",
  "k": 0.15,
  "kc": 0.15717,
  "reordering": true,
  "preconditioning": true,
  "vol": 4096,
  "dim": 49152,
  "lattice": "8x8x8x8",
  "blk_dim": 3072,
  "bs": "4x4x4x4",
  "res": 1e-06,
  "tol": 0.0003135346870762468,
  "nmx": 417,
  "nkv": 7,
  "nmr": 12,
  "ncy": 2,
  "sdtype": "float64",
  "ddtype": "float64",
  "cdtype": "float64",
  "rn": [
    31.80757118354794,
    9.154449531121324,
    3.7169964802572206,
    1.644690712101045,
    0.7576593293637064,
    0.35459468643467035,
    0.1713692065989943,
    0.17136920659899468,
    0.08776806057236358,
    0.04366998121823653,
    0.021795559764382688,
    0.010931980311172266,
    0.005067852248559099,
    0.0020898923955992897,
    0.0009864038425558604,
    0.000986403842556374,
    0.0005205222846117986,
    0.00023437326775474073,
    0.0002343732677535697
  ],
  "i": [
    0,
    1,
    2,
    3,
    4,
    5,
    6,
    7,
    8,
    9,
    10,
    11,
    12,
    13,
    14,
    15,
    16,
    17,
    18
  ],
  "reset": [
    7,
    15,
    18
  ],
  "duration": [
    2.881845235824585,
    2.8826704025268555,
    2.880868434906006,
    2.8812077045440674,
    2.880242347717285,
    2.8811028003692627,
    2.8798813819885254,
    2.88076114654541,
    2.8794562816619873,
    2.881028413772583,
    2.8784778118133545,
    2.881096839904785,
    2.8801705837249756,
    2.8787639141082764,
    2.8802411556243896,
    2.880100965499878,
    2.8792428970336914,
    2.8793137073516846,
    2.880758047103882,
    2.8785669803619385
  ],
  "status": 16
}