{
  "gpu": true,
  "device": "gpu",
  "infile": "../matrix/cgne_init_4096_dble_csr.dat",
  "matfile": "../matrix/conf6_0-8x8-20/conf6_0-8x8-20.mtx",
  "k": 0.15,
  "kc": 0.15717,
  "reordering": true,
  "preconditioning": true,
  "vol": 4096,
  "dim": 49152,
  "lattice": "8x8x8x8",
  "blk_dim": 12288,
  "bs": "8x8x4x4",
  "res": 1e-06,
  "tol": 0.00031353468703945405,
  "nmx": 417,
  "nkv": 7,
  "nmr": 4,
  "ncy": 6,
  "sdtype": "float32",
  "ddtype": "float64",
  "cdtype": "float64",
  "rn": [
    6.096453157733958,
    1.0853486616249444,
    0.22145182656528684,
    0.04288718668175147,
    0.009110637425007857,
    0.001902010997885909,
    0.0003974447162113796,
    0.00040048208536228817,
    9.091856997673326e-05,
    9.091857006894084e-05
  ],
  "i": [
    0,
    1,
    2,
    3,
    4,
    5,
    6,
    7,
    8,
    9
  ],
  "reset": [
    7,
    9
  ],
  "duration": [
    0.5996644496917725,
    0.43698883056640625,
    0.4305555820465088,
    0.4312725067138672,
    0.43737053871154785,
    0.4375185966491699,
    0.4370691776275635,
    0.43720340728759766,
    0.4369540214538574,
    0.42525291442871094,
    0.43720269203186035,
    0.43343687057495117,
    0.4374392032623291,
    0.43019819259643555,
    0.4355037212371826,
    0.43610644340515137,
    0.42629051208496094,
    0.43691563606262207,
    0.4376258850097656,
    0.43767547607421875
  ],
  "status": 8
}