{
  "gpu": true,
  "device": "gpu",
  "infile": "../matrix/cgne_init_4096_dble_csr.dat",
  "matfile": "../matrix/conf6_0-8x8-30/conf6.0-00l8x8-3000.mtx",
  "k": 0.05,
  "kc": 0.15649,
  "reordering": true,
  "preconditioning": true,
  "vol": 4096,
  "dim": 49152,
  "lattice": "8x8x8x8",
  "blk_dim": 24576,
  "bs": "8x8x8x4",
  "res": 1e-06,
  "tol": 0.00031353468703945405,
  "nmx": 1250,
  "nkv": 7,
  "nmr": 2,
  "ncy": 4,
  "sdtype": "float32",
  "ddtype": "float64",
  "cdtype": "float32",
  "rn": [
    0.005737438811115359,
    4.835215964519441e-05,
    6.858034533081949e-05
  ],
  "i": [
    0,
    1,
    2
  ],
  "reset": [
    2
  ],
  "duration": [
    0.18885540962219238,
    0.025803565979003906,
    0.02509450912475586,
    0.025127887725830078,
    0.024972200393676758,
    0.025059223175048828,
    0.025043964385986328,
    0.025200366973876953,
    0.025167226791381836,
    0.025118112564086914,
    0.03187274932861328,
    0.025202274322509766,
    0.02512216567993164,
    0.025268077850341797,
    0.02515888214111328,
    0.024117469787597656,
    0.024100303649902344,
    0.024075984954833984,
    0.025158166885375977,
    0.025036334991455078
  ],
  "status": 2
}