{
  "gpu": true,
  "infile": "../matrix/cgne_init_65536_dble_csr.dat",
  "matfile": null,
  "k": 0.0,
  "kc": 0.0,
  "reordering": false,
  "preconditioning": true,
  "vol": 65536,
  "dim": 786048,
  "lattice": "16x16x16x16",
  "blk_dim": 3070,
  "bs": "4x4x4x4",
  "res": 1e-06,
  "tol": 0.0012541387482808122,
  "nmx": 250,
  "nkv": 7,
  "nmr": 4,
  "ncy": 10,
  "sdtype": "float32",
  "ddtype": "float64",
  "cdtype": "float32",
  "rn": [
    154.8557192441432,
    30.622431619713936,
    16.2489996478446,
    15.567128272004837,
    15.546532583997184,
    15.546022190493904,
    15.546007883033065,
    16.237469461034166,
    15.526894337038168,
    15.524140347917117,
    15.524095700166695,
    15.524091703071425,
    15.524088150934148,
    15.524087725055582,
    15.52408100106461,
    15.553593463699865,
    15.524916821444965,
    15.524825379892784,
    15.524819100913383,
    15.524817630985657,
    15.524808367685823,
    15.524361348814795,
    15.50385245207372,
    15.5451643115751,
    15.525444468515618,
    15.5249765858232,
    15.524958368650276,
    15.524958074663857,
    15.524957299398523,
    15.524941134170199,
    15.524111283733179,
    15.525825312217997,
    15.524995498945447,
    15.524977822124368,
    15.524977195676742,
    15.524976915897659,
    15.524948949617906,
    15.523847032991323,
    15.508268734443389,
    15.530043470655098,
    15.525119778434316,
    15.52498188670882,
    15.524980609717787,
    15.524979924620817,
    15.524976910075381,
    15.524654279802549,
    15.515161878073783,
    15.53048957084732,
    15.525106764093618,
    15.524979375883143,
    15.524977888032735,
    15.524977481598409,
    15.52497688273413,
    15.524867652649645,
    15.522119914509727,
    15.526412589036163,
    15.525014721289201,
    15.524978698348951,
    15.524978415582682,
    15.52497716383365,
    15.524923068272557,
    15.522456236873321,
    15.454414683139257,
    15.561362379448202,
    15.525812144761218,
    15.524986133630222,
    15.524975053784097,
    15.524974836719823,
    15.524971339338608,
    15.524868636503223,
    15.52044904590033,
    15.529303003229714,
    15.525088363305985,
    15.524981990332416,
    15.52498023513949,
    15.524979765555257,
    15.524943746036232,
    15.522631254366827,
    15.462811901712644,
    15.561414476633503,
    15.525846253180692,
    15.524995741296882,
    15.524981056943375,
    15.524980548027079,
    15.524978161669122,
    15.52483678209859,
    15.517885428666629,
    15.531786070793183,
    15.52514434050268,
    15.52498185280854,
    15.524979087355296,
    15.524978913328406,
    15.52497735003656,
    15.524912695190643,
    15.522165616046774,
    15.527587347643331,
    15.525046803598554,
    15.524980876980063,
    15.524979531934612,
    15.524979404196673,
    15.524960502538605,
    15.523877978764997,
    15.483745375721753,
    15.559586758069047,
    15.525780926032208,
    15.524992434370171,
    15.524977056494107,
    15.524976711439942,
    15.524975981877173,
    15.524903143539298,
    15.521703051145687,
    15.528070863106194,
    15.525056571890666,
    15.524979534943869,
    15.524978642569327,
    15.524978111181605,
    15.524956073669243,
    15.52355124024479,
    15.489132445393599,
    15.545864794579765,
    15.52549437602779,
    15.524988541748545,
    15.524978253366998,
    15.524978023760525,
    15.524977796123835,
    15.524932984335702,
    15.52274560723225,
    15.527157055279565,
    15.525030611692625,
    15.524980361591245,
    15.524979478115243,
    15.524979453091477,
    15.52497488387654,
    15.524631913653296,
    15.509945202915913,
    15.53790556227509,
    15.525292349631526,
    15.524984979111572,
    15.524978345440632,
    15.524978269155225,
    15.524971039430403,
    15.524640529455683,
    15.509718569931222,
    15.539593132380697,
    15.525333925144874,
    15.5249854409447,
    15.524979996188629,
    15.524979456415332,
    15.524970016245517,
    15.524574633154772,
    15.506612537996917,
    15.542207114110717,
    15.525359630075222,
    15.524987059353649,
    15.524980509099903,
    15.524980337824758,
    15.524979530084797,
    15.52494849837699,
    15.52366229125181,
    15.526166127179296,
    15.52500864552265,
    15.524979166554909,
    15.524978320094391,
    15.524978199034239,
    15.524943745976984,
    15.522970935123597,
    15.492226674244174,
    15.535536608260768,
    15.525202996345376,
    15.5249827436314,
    15.524979191872696,
    15.524978923665676,
    15.524971303822042,
    15.524355797116883,
    15.504199618366298,
    15.538863475300213,
    15.525304440265478,
    15.524986596732042,
    15.524979579984151,
    15.524979454098741,
    15.524975899535063,
    15.52472759904541,
    15.518830332286376,
    15.528210896932693,
    15.525061498023101,
    15.524981784678232,
    15.524979842279617,
    15.524979819320277,
    15.524979089890953,
    15.524888552786999,
    15.521257833536856,
    15.52827321177723,
    15.525062432033517,
    15.524980551739347,
    15.524979351687136,
    15.524979029644266,
    15.524973059157261,
    15.524605775783126,
    15.508047464713243,
    15.538399918128748,
    15.525258491387401,
    15.524984580684047,
    15.524979234221178,
    15.52497908519815,
    15.524977760956082,
    15.524912790950799,
    15.521455819175953,
    15.528354253984443,
    15.525055769457001,
    15.524978282589851,
    15.524977315346165,
    15.5249762733246,
    15.52497594637467,
    15.52491965259122,
    15.52307765955259,
    15.526269495895797,
    15.525014758126321,
    15.524980392330166,
    15.524979044179478,
    15.524978694490786,
    15.524936111656006,
    15.523115779225723,
    15.495905756517137,
    15.533123984245435,
    15.525165363004163,
    15.524981575703094,
    15.524976905044923,
    15.524975696727886,
    15.524901799990783,
    15.52149971940506,
    15.404184299492043,
    15.617600659520294,
    15.527547140914773,
    15.525030654129012,
    15.524979497292192,
    15.524978380974886,
    15.524978115800542,
    15.524972378159593,
    15.524715841069188,
    15.525234631946066,
    15.52498644372284,
    15.52497911265042,
    15.52497885809514,
    15.524977616190924,
    15.524911710094061,
    15.521643042635636,
    15.466356899607971,
    15.54441942691624,
    15.525386172758017,
    15.524986702506686,
    15.524979365005382,
    15.524978896117842,
    15.52497415761794,
    15.52470121088204,
    15.512267826663008,
    15.536768510375914,
    15.525269292739175,
    15.524983471957894,
    15.524978635047006,
    15.524978610238964,
    15.524970605651344,
    15.524495689972884,
    15.507823978154796,
    15.540981699884759,
    15.52538958927272,
    15.524985459904453,
    15.524977953071277,
    15.524977752727821,
    15.52497703328497,
    15.52493112122775,
    15.52286673859011,
    15.526953574622354,
    15.5250328625605,
    15.524979006037213,
    15.524978441528718,
    15.524977386031823,
    15.524732499904282,
    15.508306796188652,
    15.378921336994056,
    15.548141883676907,
    15.525569507094218,
    15.52498890875963,
    15.524979773066491,
    15.524979695746431,
    15.524971083543749,
    15.52498754042493
  ],