{
  "gpu": false,
  "device": "hybrid",
  "infile": "../matrix/fgcr_check3_4096_dble_csr.dat",
  "matfile": null,
  "k": 0.0,
  "kc": 0.0,
  "reordering": false,
  "preconditioning": true,
  "vol": 4096,
  "dim": 49152,
  "lattice": "8x8x8x8",
  "blk_dim": 6144,
  "bs": "8x4x4x4",
  "res": 1e-06,
  "tol": 0.0003135346870762468,
  "nmx": 2500,
  "nkv": 7,
  "nmr": 1,
  "ncy": 4,
  "sdtype": "float64",
  "ddtype": "float64",
  "cdtype": "float64",
  "rn": [
    63.9707971193336,
    32.5240287380509,
    18.98063771382455,
    10.227870867412772,
    5.909569116137303,
    3.263591561539247,
    1.917571246581265,
    1.9175712465812664,
    1.3358856859158792,
    0.8092235649882419,
    0.4406983528646129,
    0.2736083552066026,
    0.1522820682048324,
    0.08834581513228712,
    0.041861347432472745,
    0.041861347432472565,
    0.030805760176066205,
    0.018129339946588503,
    0.010006220119658571,
    0.006075572635837764,
    0.0033202469329983116,
    0.002058651190388649,
    0.0011669853652911538,
    0.0011669853652910907,
    0.0008332155611929338,
    0.0005008661524260252,
    0.0002804255357640881,
    0.00028042553576423793
  ],
  "i": [
    0,
    1,
    2,
    3,
    4,
    5,
    6,
    7,
    8,
    9,
    10,
    11,
    12,
    13,
    14,
    15,
    16,
    17,
    18,
    19,
    20,
    21,
    22,
    23,
    24,
    25,
    26,
    27
  ],
  "reset": [
    7,
    15,
    23,
    27
  ],
  "duration": [
    3.7928361892700195,
    3.6937713623046875,
    3.7121527194976807,
    3.357912540435791,
    3.74276065826416,
    3.714050054550171,
    3.516977310180664,
    3.6961474418640137,
    3.7029049396514893,
    3.6488122940063477,
    3.7074339389801025,
    3.574674367904663,
    3.4027419090270996,
    3.65103816986084,
    3.5714972019195557,
    3.5271964073181152,
    3.6989433765411377,
    3.640023708343506,
    3.7441000938415527,
    4.05732274055481
  ],
  "status": 24
}