{
  "gpu": true,
  "device": "gpu",
  "infile": "../matrix/cgne_init_4096_dble_csr.dat",
  "matfile": "../matrix/conf6_0-8x8-30/conf6.0-00l8x8-3000.mtx",
  "k": 0.05,
  "kc": 0.15649,
  "reordering": true,
  "preconditioning": true,
  "vol": 4096,
  "dim": 49152,
  "lattice": "8x8x8x8",
  "blk_dim": 24576,
  "bs": "8x8x8x4",
  "res": 1e-06,
  "tol": 0.0003135346870762468,
  "nmx": 417,
  "nkv": 7,
  "nmr": 2,
  "ncy": 12,
  "sdtype": "float64",
  "ddtype": "float64",
  "cdtype": "float64",
  "rn": [
    2.459895102484313e-11,
    2.4599066802554326e-11
  ],
  "i": [
    0,
    1
  ],
  "reset": [
    1
  ],
  "duration": [
    0.03682422637939453,
    0.03682279586791992,
    0.036684513092041016,
    0.03673601150512695,
    0.03655266761779785,
    0.03673100471496582,
    0.03754425048828125,
    0.03634166717529297,
    0.035485029220581055,
    0.03546285629272461,
    0.03587675094604492,
    0.03670835494995117,
    0.03651165962219238,
    0.035614967346191406,
    0.035445451736450195,
    0.03542470932006836,
    0.036458492279052734,
    0.03657221794128418,
    0.03678393363952637,
    0.03668975830078125
  ],
  "status": 1
}