{
  "gpu": false,
  "device": "cpu",
  "infile": "../matrix/fgcr_check3_4096_dble_csr.dat",
  "matfile": null,
  "k": 0.0,
  "kc": 0.0,
  "reordering": false,
  "preconditioning": true,
  "vol": 4096,
  "dim": 49152,
  "lattice": "8x8x8x8",
  "blk_dim": 3072,
  "bs": "4x4x4x4",
  "res": 1e-06,
  "tol": 0.0003135346870762468,
  "nmx": 1250,
  "nkv": 7,
  "nmr": 2,
  "ncy": 4,
  "sdtype": "float64",
  "ddtype": "float64",
  "cdtype": "float64",
  "rn": [
    43.37300183459148,
    13.493812077955507,
    5.521737161711774,
    2.184047941061431,
    0.8290427378264251,
    0.33073715221192346,
    0.12941327993970494,
    0.12941327993970456,
    0.05611096886515136,
    0.02714399256015947,
    0.009667360504057176,
    0.003948859295763422,
    0.001661876379350909,
    0.0005423723576049688,
    0.0002009188178568538,
    0.00020091881785671664
  ],
  "i": [
    0,
    1,
    2,
    3,
    4,
    5,
    6,
    7,
    8,
    9,
    10,
    11,
    12,
    13,
    14,
    15
  ],
  "reset": [
    7,
    15
  ],
  "duration": [
    2.1061413288116455,
    2.322819709777832,
    2.0616939067840576,
    2.053769111633301,
    2.231172561645508,
    2.126866340637207,
    2.1248676776885986,
    2.282918691635132,
    1.950714111328125,
    2.1214213371276855,
    2.1188182830810547,
    2.4068493843078613,
    2.0129172801971436,
    2.108120918273926,
    2.1366806030273438,
    2.1554484367370605,
    2.1700849533081055,
    2.091332197189331,
    1.8623335361480713,
    2.04656982421875
  ],
  "status": 14
}