{
  "gpu": false,
  "device": "cpu",
  "infile": "../matrix/cgne_init_4096_dble_csr.dat",
  "matfile": "../matrix/conf6_0-8x8-30/conf6.0-00l8x8-3000.mtx",
  "k": 0.15649,
  "kc": 0.15649,
  "reordering": true,
  "preconditioning": true,
  "vol": 4096,
  "dim": 49152,
  "lattice": "8x8x8x8",
  "blk_dim": 6144,
  "bs": "8x4x4x4",
  "res": 1e-06,
  "tol": 0.0003135346870762468,
  "nmx": 417,
  "nkv": 7,
  "nmr": 2,
  "ncy": 12,
  "sdtype": "float64",
  "ddtype": "float64",
  "cdtype": "float64",
  "rn": [
    16.426133383442536,
    8.922315144209442,
    5.742804883792119,
    3.61974102977087,
    2.235987623153808,
    1.3599669779765717,
    0.8577389493617527,
    0.857738949361753,
    0.6203755049870374,
    0.42194355167294045,
    0.2871803361471973,
    0.19539406494374062,
    0.12712106388483752,
    0.08259549493837048,
    0.05726960939600767,
    0.05726960939600722,
    0.04169810311877727,
    0.02950536404573261,
    0.02034950641019213,
    0.01331179418177858,
    0.008877304095290268,
    0.005749628853822434,
    0.003542864356787473,
    0.0035428643567881977,
    0.002332775908389503,
    0.0015983187300286233,
    0.001187650156202457,
    0.0008567776663934541,
    0.0006086604998817772,
    0.0004143953045170087,
    0.0002672161052552011,
    0.00026721610525586893
  ],
  "i": [
    0,
    1,
    2,
    3,
    4,
    5,
    6,
    7,
    8,
    9,
    10,
    11,
    12,
    13,
    14,
    15,
    16,
    17,
    18,
    19,
    20,
    21,
    22,
    23,
    24,
    25,
    26,
    27,
    28,
    29,
    30,
    31
  ],
  "reset": [
    7,
    15,
    23,
    31
  ],
  "duration": [
    5.848078489303589,
    5.842872858047485,
    5.8468968868255615,
    5.843379020690918,
    5.853780269622803,
    5.847511529922485,
    5.844691276550293,
    5.839765548706055,
    5.836920738220215,
    5.837207555770874,
    5.835167407989502,
    5.836359977722168,
    5.8323140144348145,
    5.839174032211304,
    5.8345301151275635,
    5.829116582870483,
    5.8389246463775635,
    5.821237802505493,
    5.815345287322998,
    5.800848484039307
  ],
  "status": 28
}