{
  "gpu": true,
  "infile": "../matrix/cgne_init_4096_dble_csr.dat",
  "matfile": null,
  "k": 0.0,
  "kc": 0.0,
  "reordering": false,
  "preconditioning": true,
  "vol": 4096,
  "dim": 49152,
  "lattice": "8x8x8x8",
  "blk_dim": 6144,
  "bs": "8x4x4x4",
  "res": 1e-06,
  "tol": 0.00031353468703945405,
  "nmx": 250,
  "nkv": 7,
  "nmr": 4,
  "ncy": 10,
  "sdtype": "float32",
  "ddtype": "float64",
  "cdtype": "float32",
  "rn": [
    51.8562021064366,
    15.199606430467677,
    4.932527826132423,
    1.7113768602558905,
    0.6235790478951043,
    0.2228297444820549,
    0.07464689810378487,
    0.07464687959800467,
    0.025660570543763462,
    0.009181820755080644,
    0.002984217157738381,
    0.0009510947766662751,
    0.0003432117264487541,
    0.00011514703765202877,
    0.00011514705707180651
  ],
  "i": [
    0,
    1,
    2,
    3,
    4,
    5,
    6,
    7,
    8,
    9,
    10,
    11,
    12,
    13,
    14
  ],
  "reset": [
    7,
    14
  ],
  "duration": 2.4177353382110596,
  "status": 13
}