{
  "gpu": false,
  "device": "cpu",
  "infile": "../matrix/fgcr_check3_4096_dble_csr.dat",
  "matfile": null,
  "k": 0.0,
  "kc": 0.0,
  "reordering": false,
  "preconditioning": true,
  "vol": 4096,
  "dim": 49152,
  "lattice": "8x8x8x8",
  "blk_dim": 12288,
  "bs": "8x8x4x4",
  "res": 1e-06,
  "tol": 0.00031353468710831124,
  "nmx": 417,
  "nkv": 7,
  "nmr": 4,
  "ncy": 6,
  "sdtype": "float32",
  "ddtype": "float64",
  "cdtype": "float32",
  "rn": [
    15.453174393331082,
    4.9822376601345875,
    1.4956128923006686,
    0.46933676068099806,
    0.1411863916985633,
    0.0424019710148165,
    0.012549173401839826,
    0.012549280787551041,
    0.004127320503505159,
    0.0013579124954854287,
    0.00044151684820980944,
    0.00013456948509635639,
    0.0001345694813130446
  ],
  "i": [
    0,
    1,
    2,
    3,
    4,
    5,
    6,
    7,
    8,
    9,
    10,
    11,
    12
  ],
  "reset": [
    7,
    12
  ],
  "duration": [
    2.38223934173584,
    2.3851265907287598,
    2.3818509578704834,
    2.382986068725586,
    2.3821511268615723,
    2.384845018386841,
    2.382693290710449,
    2.381235361099243,
    2.382578134536743,
    2.383899450302124,
    2.3816521167755127,
    2.3824024200439453,
    2.382319927215576,
    2.378217935562134,
    2.382488250732422,
    2.3822619915008545,
    2.379197359085083,
    2.3819408416748047,
    2.381324052810669,
    2.3800127506256104
  ],
  "status": 11
}