{
  "gpu": true,
  "infile": "../matrix/cgne_init_4096_dble_csr.dat",
  "matfile": "../matrix/conf6_0-8x8-20/conf6_0-8x8-20.mtx",
  "k": 0.15,
  "kc": 0.15717,
  "reordering": true,
  "preconditioning": true,
  "vol": 4096,
  "dim": 49152,
  "lattice": "8x8x8x8",
  "blk_dim": 12288,
  "bs": "8x8x4x4",
  "res": 1e-06,
  "tol": 0.00031353468703945405,
  "nmx": 1250,
  "nkv": 7,
  "nmr": 4,
  "ncy": 2,
  "sdtype": "float32",
  "ddtype": "float64",
  "cdtype": "float64",
  "rn": [
    29.13958702410524,
    9.424393390990536,
    4.533608252142982,
    2.320137456141348,
    1.281856696045398,
    0.6939960812488583,
    0.39195467937260015,
    0.39195459505207153,
    0.2363306128387626,
    0.1390468507011115,
    0.08358913688456464,
    0.04758786258945797,
    0.0265576457260435,
    0.01340687795795108,
    0.007758508614971321,
    0.007758508602820441,
    0.0048432533312270576,
    0.0028400885180842727,
    0.001689718243363975,
    0.000977017864413892,
    0.0005614861134274078,
    0.00032251138794599693,
    0.00019176846450971236,
    0.0001917684555135836
  ],
  "i": [
    0,
    1,
    2,
    3,
    4,
    5,
    6,
    7,
    8,
    9,
    10,
    11,
    12,
    13,
    14,
    15,
    16,
    17,
    18,
    19,
    20,
    21,
    22,
    23
  ],
  "reset": [
    7,
    15,
    23
  ],
  "duration": 1.4874823093414307,
  "status": 21
}