{
  "gpu": false,
  "device": "cpu",
  "infile": "../matrix/fgcr_check3_4096_dble_csr.dat",
  "matfile": null,
  "k": 0.0,
  "kc": 0.0,
  "reordering": false,
  "preconditioning": true,
  "vol": 4096,
  "dim": 49152,
  "lattice": "8x8x8x8",
  "blk_dim": 3072,
  "bs": "4x4x4x4",
  "res": 1e-06,
  "tol": 0.00031353468710831124,
  "nmx": 250,
  "nkv": 7,
  "nmr": 10,
  "ncy": 4,
  "sdtype": "float32",
  "ddtype": "float64",
  "cdtype": "float64",
  "rn": [
    25.648787645983226,
    5.208544751864991,
    1.4498693379398901,
    0.37101468659402836,
    0.09328062817719805,
    0.024386416722734675,
    0.005975729394064897,
    0.005975927463498545,
    0.00174310619379153,
    0.0005776624129087896,
    0.00012868849744798128,
    0.0001286884975664198
  ],
  "i": [
    0,
    1,
    2,
    3,
    4,
    5,
    6,
    7,
    8,
    9,
    10,
    11
  ],
  "reset": [
    7,
    11
  ],
  "duration": [
    2.2725982666015625,
    2.2701375484466553,
    2.270324945449829,
    2.271557569503784,
    2.2701094150543213,
    2.2716147899627686,
    2.2711899280548096,
    2.2698094844818115,
    2.2688379287719727,
    2.2730157375335693,
    2.2681703567504883,
    2.267531156539917,
    2.267488956451416,
    2.270040512084961,
    2.268666982650757,
    2.268441677093506,
    2.2693052291870117,
    2.2693254947662354,
    2.267566204071045,
    2.2679009437561035
  ],
  "status": 10
}