{
  "gpu": false,
  "device": "cpu",
  "infile": "../matrix/cgne_init_4096_dble_csr.dat",
  "matfile": "../matrix/conf6_0-8x8-20/conf6_0-8x8-20.mtx",
  "k": 0.15,
  "kc": 0.15717,
  "reordering": true,
  "preconditioning": true,
  "vol": 4096,
  "dim": 49152,
  "lattice": "8x8x8x8",
  "blk_dim": 6144,
  "bs": "8x4x4x4",
  "res": 1e-06,
  "tol": 0.0003135346870762468,
  "nmx": 1250,
  "nkv": 7,
  "nmr": 2,
  "ncy": 4,
  "sdtype": "float64",
  "ddtype": "float64",
  "cdtype": "float64",
  "rn": [
    24.55479082453345,
    7.888351935740743,
    3.6547976288319384,
    1.8495845979864736,
    0.9771146687464602,
    0.5189172029137119,
    0.2758791254181992,
    0.27587912541819887,
    0.15987908062068273,
    0.09180043111438162,
    0.05137284194541815,
    0.02797089795561583,
    0.014549228512537244,
    0.0071836664003267605,
    0.003870777118507389,
    0.003870777118507602,
    0.0023015114497702597,
    0.0012767874325981842,
    0.0007266619702486313,
    0.0003937462371286856,
    0.00022401415562485607,
    0.00022401415562551708
  ],
  "i": [
    0,
    1,
    2,
    3,
    4,
    5,
    6,
    7,
    8,
    9,
    10,
    11,
    12,
    13,
    14,
    15,
    16,
    17,
    18,
    19,
    20,
    21
  ],
  "reset": [
    7,
    15,
    21
  ],
  "duration": [
    2.0648512840270996,
    2.010890007019043,
    2.1059458255767822,
    2.1309287548065186,
    1.9536316394805908,
    1.942124366760254,
    1.9741528034210205,
    2.092228889465332,
    2.1161110401153564,
    2.1431686878204346,
    2.1903233528137207,
    2.282250165939331,
    2.048685073852539,
    1.9992351531982422,
    2.1344070434570312,
    1.9823410511016846,
    2.110877752304077,
    2.1827592849731445,
    2.144681453704834,
    2.029296636581421
  ],
  "status": 19
}