{
  "gpu": true,
  "device": "gpu",
  "infile": "../matrix/fgcr_check3_4096_dble_csr.dat",
  "matfile": null,
  "k": 0.0,
  "kc": 0.0,
  "reordering": false,
  "preconditioning": true,
  "vol": 4096,
  "dim": 49152,
  "lattice": "8x8x8x8",
  "blk_dim": 6144,
  "bs": "8x4x4x4",
  "res": 1e-06,
  "tol": 0.00031353468715082124,
  "nmx": 2500,
  "nkv": 7,
  "nmr": 4,
  "ncy": 1,
  "sdtype": "float32",
  "ddtype": "float64",
  "cdtype": "float32",
  "rn": [
    131.17221804505948,
    58.63867561993433,
    31.775088549760962,
    19.439337354856836,
    11.589828629450805,
    7.195336610945219,
    4.341728744796196,
    4.341728482346069,
    3.1410591009712894,
    2.151507283928786,
    1.2972213715665009,
    0.7775569239395405,
    0.4738042394705767,
    0.25142616110302984,
    0.15701355015845658,
    0.15701354804267442,
    0.11870015598851863,
    0.07971978773825725,
    0.04598279279698207,
    0.026471386856700512,
    0.016341794740266986,
    0.009985204045319567,
    0.006821638158770309,
    0.006821638213049766,
    0.005170819599049439,
    0.003551797353904164,
    0.002105859375048118,
    0.0012433635733276448,
    0.000765351934942274,
    0.000479026040307085,
    0.0003408382935464093,
    0.00034083829607324317,
    0.00025876239433772957,
    0.0002587623942762955
  ],
  "i": [
    0,
    1,
    2,
    3,
    4,
    5,
    6,
    7,
    8,
    9,
    10,
    11,
    12,
    13,
    14,
    15,
    16,
    17,
    18,
    19,
    20,
    21,
    22,
    23,
    24,
    25,
    26,
    27,
    28,
    29,
    30,
    31,
    32,
    33
  ],
  "reset": [
    7,
    15,
    23,
    31,
    33
  ],
  "duration": [
    0.8099029064178467,
    0.5908353328704834,
    0.5917794704437256,
    0.591148853302002,
    0.5909335613250732,
    0.5929040908813477,
    0.5892055034637451,
    0.5895931720733643,
    0.5892655849456787,
    0.5898370742797852,
    0.5901579856872559,
    0.5893368721008301,
    0.5899038314819336,
    0.5896375179290771,
    0.5893065929412842,
    0.5894489288330078,
    0.5893754959106445,
    0.589310884475708,
    0.5889391899108887,
    0.5894978046417236
  ],
  "status": 29
}