{
  "gpu": false,
  "device": "hybrid",
  "infile": "../matrix/cgne_init_4096_dble_csr.dat",
  "matfile": "../matrix/conf6_0-8x8-30/conf6.0-00l8x8-3000.mtx",
  "k": 0.15649,
  "kc": 0.15649,
  "reordering": true,
  "preconditioning": true,
  "vol": 4096,
  "dim": 49152,
  "lattice": "8x8x8x8",
  "blk_dim": 24576,
  "bs": "8x8x8x4",
  "res": 1e-06,
  "tol": 0.0003135346870547978,
  "nmx": 250,
  "nkv": 7,
  "nmr": 10,
  "ncy": 4,
  "sdtype": "float32",
  "ddtype": "float64",
  "cdtype": "float64",
  "rn": [
    14.550887536349915,
    7.21576309453569,
    4.08357232573011,
    2.480258840981601,
    1.552951976801096,
    1.0268252743271953,
    0.6297070978787221,
    0.6297071331077815,
    0.3998247193705006,
    0.26276625452670355,
    0.1566924813804041,
    0.09866828534938155,
    0.059019471368913924,
    0.036330953005609755,
    0.02075119777279373,
    0.020751199314834903,
    0.013876913508518496,
    0.009490558416751223,
    0.005862636782942092,
    0.0041914379597287055,
    0.0025690733706736604,
    0.0015351909772451271,
    0.0009015871180442565,
    0.0009015871464387174,
    0.0006136934115724823,
    0.0004127027188915439,
    0.0002781969176543309,
    0.00027819691774276907
  ],
  "i": [
    0,
    1,
    2,
    3,
    4,
    5,
    6,
    7,
    8,
    9,
    10,
    11,
    12,
    13,
    14,
    15,
    16,
    17,
    18,
    19,
    20,
    21,
    22,
    23,
    24,
    25,
    26,
    27
  ],
  "reset": [
    7,
    15,
    23,
    27
  ],
  "duration": [
    1.3646390438079834,
    1.3626983165740967,
    1.3602700233459473,
    1.3606500625610352,
    1.361374855041504,
    1.361534595489502,
    1.3618428707122803,
    1.3632557392120361,
    1.363417387008667,
    1.3588635921478271,
    1.3606791496276855,
    1.3605821132659912,
    1.360429286956787,
    1.3600378036499023,
    1.36061692237854,
    1.3601386547088623,
    1.3618896007537842,
    1.3588299751281738,
    1.35933518409729,
    1.35636568069458
  ],
  "status": 24
}