{
  "gpu": false,
  "device": "cpu",
  "infile": "../matrix/cgne_init_4096_dble_csr.dat",
  "matfile": "../matrix/conf6_0-8x8-30/conf6.0-00l8x8-3000.mtx",
  "k": 0.15649,
  "kc": 0.15649,
  "reordering": true,
  "preconditioning": true,
  "vol": 4096,
  "dim": 49152,
  "lattice": "8x8x8x8",
  "blk_dim": 12288,
  "bs": "8x8x4x4",
  "res": 1e-06,
  "tol": 0.0003135346870547978,
  "nmx": 417,
  "nkv": 7,
  "nmr": 2,
  "ncy": 12,
  "sdtype": "float32",
  "ddtype": "float64",
  "cdtype": "float32",
  "rn": [
    16.105181895136404,
    8.544650698023775,
    5.148442218619357,
    3.2481476089166303,
    1.9994520604443928,
    1.2674373123927807,
    0.854570207382944,
    0.854570410483757,
    0.5920453762847878,
    0.4151557037631823,
    0.282954084767332,
    0.17360993205231834,
    0.10645179013021241,
    0.07076392840492518,
    0.048587118541146224,
    0.04858711739384364,
    0.0333843362520681,
    0.02417684433880634,
    0.016566435665768334,
    0.011102115119966739,
    0.007550502242652667,
    0.0051044888452256975,
    0.003081908574495904,
    0.0030819086318037256,
    0.0018999232587642698,
    0.0011991583886043,
    0.0008669093177888111,
    0.0006201376038560531,
    0.00042167286690737574,
    0.00027822201846326803,
    0.0002782220256875094
  ],
  "i": [
    0,
    1,
    2,
    3,
    4,
    5,
    6,
    7,
    8,
    9,
    10,
    11,
    12,
    13,
    14,
    15,
    16,
    17,
    18,
    19,
    20,
    21,
    22,
    23,
    24,
    25,
    26,
    27,
    28,
    29,
    30
  ],
  "reset": [
    7,
    15,
    23,
    30
  ],
  "duration": [
    7.16302490234375,
    7.181002378463745,
    7.157862186431885,
    7.176173448562622,
    7.175770044326782,
    7.1619226932525635,
    7.160642147064209,
    7.161326169967651,
    7.160865068435669,
    7.154394149780273,
    7.177851676940918,
    7.141392946243286,
    7.154405355453491,
    7.154234886169434,
    7.144589185714722,
    7.157086133956909,
    7.169390439987183,
    7.1481897830963135,
    7.141708850860596,
    7.159357786178589
  ],
  "status": 27
}