{
  "gpu": true,
  "device": "gpu",
  "infile": "../matrix/fgcr_check3_4096_dble_csr.dat",
  "matfile": null,
  "k": 0.0,
  "kc": 0.0,
  "reordering": false,
  "preconditioning": true,
  "vol": 4096,
  "dim": 49152,
  "lattice": "8x8x8x8",
  "blk_dim": 3072,
  "bs": "4x4x4x4",
  "res": 1e-06,
  "tol": 0.0003135346870762468,
  "nmx": 417,
  "nkv": 7,
  "nmr": 12,
  "ncy": 2,
  "sdtype": "float64",
  "ddtype": "float64",
  "cdtype": "float64",
  "rn": [
    59.00606855410264,
    22.231129729863255,
    10.212358907850417,
    4.442929012312457,
    2.066335974616151,
    0.9174075723698889,
    0.4234683553316249,
    0.42346835533162447,
    0.25108393660763256,
    0.1141078548551043,
    0.05035761484283687,
    0.02233732847200255,
    0.010211647920740296,
    0.004253964326328258,
    0.0015934160270190938,
    0.0015934160270190518,
    0.0009597306721886691,
    0.0004230311126081244,
    0.00019747404273146816,
    0.00019747404273162895
  ],
  "i": [
    0,
    1,
    2,
    3,
    4,
    5,
    6,
    7,
    8,
    9,
    10,
    11,
    12,
    13,
    14,
    15,
    16,
    17,
    18,
    19
  ],
  "reset": [
    7,
    15,
    19
  ],
  "duration": [
    3.662674903869629,
    3.4409799575805664,
    3.437066078186035,
    3.4375150203704834,
    3.435896635055542,
    3.433530330657959,
    3.433541774749756,
    3.437199592590332,
    3.435521364212036,
    3.436579704284668,
    3.439650058746338,
    3.4336390495300293,
    3.437978982925415,
    3.437761068344116,
    3.4355013370513916,
    3.4363491535186768,
    3.4379987716674805,
    3.4371886253356934,
    3.4343175888061523,
    3.436500072479248
  ],
  "status": 17
}