{
  "gpu": true,
  "device": "gpu",
  "infile": "../matrix/cgne_init_4096_dble_csr.dat",
  "matfile": "../matrix/conf6_0-8x8-20/conf6_0-8x8-20.mtx",
  "k": 0.15717,
  "kc": 0.15717,
  "reordering": true,
  "preconditioning": true,
  "vol": 4096,
  "dim": 49152,
  "lattice": "8x8x8x8",
  "blk_dim": 6144,
  "bs": "8x4x4x4",
  "res": 1e-06,
  "tol": 0.00031353468703945405,
  "nmx": 417,
  "nkv": 7,
  "nmr": 4,
  "ncy": 6,
  "sdtype": "float32",
  "ddtype": "float64",
  "cdtype": "float32",
  "rn": [
    21.467001756344064,
    10.896913854496896,
    6.3160078768666335,
    3.6424459568988086,
    2.255458302489059,
    1.405197580211868,
    0.888247224601419,
    0.8882472457706092,
    0.5588849806972248,
    0.3651072101682657,
    0.23730510485408407,
    0.15303392632476054,
    0.09392772029444622,
    0.05632306336765501,
    0.03271277431208665,
    0.03271277910886348,
    0.019423265411621742,
    0.011515430817367799,
    0.006386870387864526,
    0.004071991217005953,
    0.0025546501377988954,
    0.0016816233527876332,
    0.0010769505234126335,
    0.0010769505598024936,
    0.0007085996586166487,
    0.00046209836455574966,
    0.00030097897776066587,
    0.000300978975604755
  ],
  "i": [
    0,
    1,
    2,
    3,
    4,
    5,
    6,
    7,
    8,
    9,
    10,
    11,
    12,
    13,
    14,
    15,
    16,
    17,
    18,
    19,
    20,
    21,
    22,
    23,
    24,
    25,
    26,
    27
  ],
  "reset": [
    7,
    15,
    23,
    27
  ],
  "duration": [
    2.648407459259033,
    2.475733757019043,
    2.474489450454712,
    2.4770030975341797,
    2.471738576889038,
    2.4704091548919678,
    2.4795262813568115,
    2.478292226791382,
    2.484111785888672,
    2.4745633602142334,
    2.4814062118530273,
    2.4861996173858643,
    2.4778244495391846,
    2.462029218673706,
    2.494081974029541,
    2.4706788063049316,
    2.497917652130127,
    2.4707913398742676,
    2.4810950756073,
    2.472930669784546
  ],
  "status": 24
}