{
  "gpu": false,
  "device": "cpu",
  "infile": "../matrix/fgcr_check3_4096_dble_csr.dat",
  "matfile": null,
  "k": 0.0,
  "kc": 0.0,
  "reordering": false,
  "preconditioning": true,
  "vol": 4096,
  "dim": 49152,
  "lattice": "8x8x8x8",
  "blk_dim": 12288,
  "bs": "8x8x4x4",
  "res": 1e-06,
  "tol": 0.0003135346870762468,
  "nmx": 250,
  "nkv": 7,
  "nmr": 10,
  "ncy": 4,
  "sdtype": "float64",
  "ddtype": "float64",
  "cdtype": "float64",
  "rn": [
    25.649368029673468,
    5.208952485763368,
    1.4500618710668989,
    0.3711077551941727,
    0.09332003368575251,
    0.024397366997237914,
    0.005978296355437499,
    0.005978296355437629,
    0.0017437044033142988,
    0.0005778758973013263,
    0.0001287840758935138,
    0.00012878407589275818
  ],
  "i": [
    0,
    1,
    2,
    3,
    4,
    5,
    6,
    7,
    8,
    9,
    10,
    11
  ],
  "reset": [
    7,
    11
  ],
  "duration": [
    3.652860641479492,
    3.4251999855041504,
    3.654359817504883,
    3.3609917163848877,
    3.619595527648926,
    3.450518846511841,
    3.442075729370117,
    3.3932948112487793,
    3.308729410171509,
    3.7406017780303955,
    3.4080896377563477,
    3.3764922618865967,
    3.7252557277679443,
    3.261380434036255,
    3.6168212890625,
    3.238358497619629,
    3.3448221683502197,
    3.2347817420959473,
    3.435194253921509,
    3.377885341644287
  ],
  "status": 10
}