{
  "gpu": false,
  "infile": "../matrix/cgne_init_4096_dble_csr.dat",
  "matfile": null,
  "k": 0.0,
  "kc": 0.0,
  "reordering": false,
  "preconditioning": true,
  "vol": 4096,
  "dim": 49152,
  "lattice": "8x8x8x8",
  "blk_dim": 24576,
  "bs": "8x8x8x4",
  "res": 1e-06,
  "tol": 0.0003135346870547978,
  "nmx": 250,
  "nkv": 7,
  "nmr": 10,
  "ncy": 4,
  "sdtype": "float32",
  "ddtype": "float64",
  "cdtype": "float32",
  "rn": [
    55.80317901088262,
    37.03964930942665,
    24.67761817194765,
    15.369387025919833,
    10.308519099129192,
    6.652975585854284,
    4.395558601155872,
    4.395558313103836,
    3.0256186912297065,
    1.9095613933855664,
    1.264672679482792,
    0.8018431976671166,
    0.5316199163701382,
    0.3393938907209543,
    0.2224513551831506,
    0.22245136645506702,
    0.1527316124389461,
    0.09507972911273783,
    0.06189390655172539,
    0.03948794732699114,
    0.026246862561850635,
    0.016816717668811883,
    0.011231070507011673,
    0.011231070702227341,
    0.0078043163216190104,
    0.005041611350121344,
    0.003338745123616347,
    0.0021538067298704027,
    0.0014398100530918583,
    0.0009291911578807651,
    0.0006230140255093898,
    0.0006230140377672472,
    0.00042937939881831076,
    0.0002712733601325261,
    0.00027127335861535745
  ],
  "i": [
    0,
    1,
    2,
    3,
    4,
    5,
    6,
    7,
    8,
    9,
    10,
    11,
    12,
    13,
    14,
    15,
    16,
    17,
    18,
    19,
    20,
    21,
    22,
    23,
    24,
    25,
    26,
    27,
    28,
    29,
    30,
    31,
    32,
    33,
    34
  ],
  "reset": [
    7,
    15,
    23,
    31,
    34
  ],
  "duration": [
    3.4014172554016113,
    3.420473098754883,
    3.4097626209259033,
    3.4091837406158447,
    3.410569667816162,
    3.3935649394989014,
    3.4047486782073975,
    3.4082934856414795,
    3.3876380920410156,
    3.3992271423339844,
    3.3917713165283203,
    3.398789644241333,
    3.4055583477020264,
    3.3877673149108887,
    3.402538776397705,
    3.4025356769561768,
    3.3819944858551025,
    3.407898187637329,
    3.4006528854370117,
    3.387026786804199
  ],
  "status": 30
}