{
  "gpu": true,
  "device": "gpu",
  "infile": "../matrix/cgne_init_4096_dble_csr.dat",
  "matfile": null,
  "k": 0.0,
  "kc": 0.0,
  "reordering": false,
  "preconditioning": true,
  "vol": 4096,
  "dim": 49152,
  "lattice": "8x8x8x8",
  "blk_dim": 3072,
  "bs": "4x4x4x4",
  "res": 1e-06,
  "tol": 0.00031353468703945405,
  "nmx": 417,
  "nkv": 7,
  "nmr": 4,
  "ncy": 6,
  "sdtype": "float32",
  "ddtype": "float64",
  "cdtype": "float64",
  "rn": [
    81.84756646221265,
    32.61113056328269,
    15.334572545650294,
    6.76158117031414,
    3.0980414608233753,
    1.4646639506142287,
    0.7152871286906458,
    0.7152870282430916,
    0.4151777041407861,
    0.1995024291869133,
    0.08811949534278185,
    0.03757082142132606,
    0.017030483116973954,
    0.0073811865355561165,
    0.0032733246083349954,
    0.0032733249191378806,
    0.0016646380175468635,
    0.0006967432488241302,
    0.0002938486262099912,
    0.0002938486247779742
  ],
  "i": [
    0,
    1,
    2,
    3,
    4,
    5,
    6,
    7,
    8,
    9,
    10,
    11,
    12,
    13,
    14,
    15,
    16,
    17,
    18,
    19
  ],
  "reset": [
    7,
    15,
    19
  ],
  "duration": [
    3.630922555923462,
    3.482693910598755,
    3.469893217086792,
    3.4742939472198486,
    3.4692442417144775,
    3.4764416217803955,
    3.4722797870635986,
    3.468878746032715,
    3.4567313194274902,
    3.4602608680725098,
    3.469231605529785,
    3.434422254562378,
    3.447563886642456,
    3.440669536590576,
    3.4343936443328857,
    3.449406385421753,
    3.4264156818389893,
    3.43538498878479,
    3.4435133934020996,
    3.4341542720794678
  ],
  "status": 17
}