{
  "gpu": false,
  "device": "hybrid",
  "infile": "../matrix/cgne_init_4096_dble_csr.dat",
  "matfile": "../matrix/conf6_0-8x8-20/conf6_0-8x8-20.mtx",
  "k": 0.15,
  "kc": 0.15717,
  "reordering": true,
  "preconditioning": true,
  "vol": 4096,
  "dim": 49152,
  "lattice": "8x8x8x8",
  "blk_dim": 12288,
  "bs": "8x8x4x4",
  "res": 1e-06,
  "tol": 0.0003135346870547978,
  "nmx": 417,
  "nkv": 7,
  "nmr": 4,
  "ncy": 6,
  "sdtype": "float32",
  "ddtype": "float64",
  "cdtype": "float32",
  "rn": [
    6.096453041734916,
    1.0853486640570138,
    0.22145186959440022,
    0.04288732631020969,
    0.009111145012255902,
    0.0019043110298311726,
    0.000408343824001495,
    0.0004160608149170179,
    9.13329200059337e-05,
    9.133292070454547e-05
  ],
  "i": [
    0,
    1,
    2,
    3,
    4,
    5,
    6,
    7,
    8,
    9
  ],
  "reset": [
    7,
    9
  ],
  "duration": [
    0.5794901847839355,
    0.5786488056182861,
    0.5792174339294434,
    0.5785748958587646,
    0.5789716243743896,
    0.5787732601165771,
    0.5789525508880615,
    0.5779359340667725,
    0.5771353244781494,
    0.5777390003204346,
    0.5774562358856201,
    0.5776262283325195,
    0.5800628662109375,
    0.5782942771911621,
    0.5776681900024414,
    0.5795454978942871,
    0.5798046588897705,
    0.5797152519226074,
    0.5795269012451172,
    0.5793788433074951
  ],
  "status": 8
}