{
  "gpu": true,
  "infile": "../matrix/cgne_init_4096_dble_csr.dat",
  "matfile": "../matrix/conf6_0-8x8-20/conf6_0-8x8-20.mtx",
  "k": 0.15717,
  "kc": 0.15717,
  "reordering": true,
  "preconditioning": true,
  "vol": 4096,
  "dim": 49152,
  "lattice": "8x8x8x8",
  "blk_dim": 24576,
  "bs": "8x8x8x4",
  "res": 1e-06,
  "tol": 0.0003135346870762468,
  "nmx": 500,
  "nkv": 7,
  "nmr": 4,
  "ncy": 5,
  "sdtype": "float64",
  "ddtype": "float64",
  "cdtype": "float64",
  "rn": [
    21.416922875290865,
    10.371221394464953,
    5.816778202473936,
    3.451296598410512,
    2.1855954835479277,
    1.3734741528317453,
    0.9073793176352472,
    0.9073793176352469,
    0.6479944906574224,
    0.433127317030068,
    0.27932639563999223,
    0.17768799618523254,
    0.10911021243445858,
    0.06652157311309702,
    0.03841013995536954,
    0.03841013995536992,
    0.023273951932473426,
    0.014246810831835167,
    0.0091920613551327,
    0.005805841759144617,
    0.0037065061608826406,
    0.002446100857110656,
    0.0016762563767280547,
    0.0016762563767277908,
    0.001193759177118669,
    0.0007866742164806507,
    0.0005079660262344856,
    0.0003255319225215041,
    0.00019280693195505486,
    0.00019280693195526227
  ],
  "i": [
    0,
    1,
    2,
    3,
    4,
    5,
    6,
    7,
    8,
    9,
    10,
    11,
    12,
    13,
    14,
    15,
    16,
    17,
    18,
    19,
    20,
    21,
    22,
    23,
    24,
    25,
    26,
    27,
    28,
    29
  ],
  "reset": [
    7,
    15,
    23,
    29
  ],
  "duration": 1.5234148502349854,
  "status": 26
}