{
  "gpu": false,
  "device": "hybrid",
  "infile": "../matrix/cgne_init_4096_dble_csr.dat",
  "matfile": null,
  "k": 0.0,
  "kc": 0.0,
  "reordering": false,
  "preconditioning": true,
  "vol": 4096,
  "dim": 49152,
  "lattice": "8x8x8x8",
  "blk_dim": 3072,
  "bs": "4x4x4x4",
  "res": 1e-06,
  "tol": 0.0003135346870547978,
  "nmx": 2500,
  "nkv": 7,
  "nmr": 1,
  "ncy": 4,
  "sdtype": "float32",
  "ddtype": "float64",
  "cdtype": "float32",
  "rn": [
    118.49416744031137,
    46.1923645764992,
    19.169401908913745,
    8.354849380186572,
    3.779925218364434,
    1.755093421591054,
    0.8374723154007948,
    0.8374722979724569,
    0.41451524268233525,
    0.20972738839839894,
    0.10702280155541517,
    0.04872674856143673,
    0.023562508442951026,
    0.011406952562826263,
    0.0054357215877860274,
    0.0054357212580463405,
    0.0027297259762613306,
    0.0013802809301626336,
    0.0006936700939111313,
    0.00032335368077490527,
    0.00015930984235688347,
    0.00015930984382706056
  ],
  "i": [
    0,
    1,
    2,
    3,
    4,
    5,
    6,
    7,
    8,
    9,
    10,
    11,
    12,
    13,
    14,
    15,
    16,
    17,
    18,
    19,
    20,
    21
  ],
  "reset": [
    7,
    15,
    21
  ],
  "duration": [
    1.961332082748413,
    1.981405258178711,
    1.9633848667144775,
    1.968271255493164,
    1.9763386249542236,
    1.9607386589050293,
    1.97831392288208,
    1.9633800983428955,
    1.9648222923278809,
    1.9841814041137695,
    1.9622249603271484,
    1.9623515605926514,
    1.9835290908813477,
    1.96104097366333,
    1.9695000648498535,
    1.9733669757843018,
    1.958693265914917,
    1.981675148010254,
    1.9620959758758545,
    1.962529182434082
  ],
  "status": 19
}