{
  "gpu": false,
  "device": "cpu",
  "infile": "../matrix/cgne_init_4096_dble_csr.dat",
  "matfile": "../matrix/conf6_0-8x8-30/conf6.0-00l8x8-3000.mtx",
  "k": 0.15649,
  "kc": 0.15649,
  "reordering": true,
  "preconditioning": true,
  "vol": 4096,
  "dim": 49152,
  "lattice": "8x8x8x8",
  "blk_dim": 12288,
  "bs": "8x8x4x4",
  "res": 1e-06,
  "tol": 0.0003135346870547978,
  "nmx": 250,
  "nkv": 7,
  "nmr": 10,
  "ncy": 4,
  "sdtype": "float32",
  "ddtype": "float64",
  "cdtype": "float32",
  "rn": [
    20.1078304533886,
    10.067689334137015,
    6.260595663839579,
    3.990291526524579,
    2.8089134421832713,
    1.8177242025438425,
    1.174062404118759,
    1.1740626263036293,
    0.7656007866776858,
    0.5098404860603942,
    0.32848769330477556,
    0.21332343654459526,
    0.13128224463234475,
    0.08844744321665594,
    0.05873853462567596,
    0.05873853469740326,
    0.04170079324777489,
    0.029331109530042747,
    0.020189705192868578,
    0.013811135193365364,
    0.009120174285755726,
    0.005643957896477068,
    0.003397436776615377,
    0.0033974366747817905,
    0.002311263243541735,
    0.001511576795989701,
    0.001029203012950474,
    0.0006659788815220946,
    0.0004354695708540355,
    0.00027082673857999496,
    0.0002708267489120622
  ],
  "i": [
    0,
    1,
    2,
    3,
    4,
    5,
    6,
    7,
    8,
    9,
    10,
    11,
    12,
    13,
    14,
    15,
    16,
    17,
    18,
    19,
    20,
    21,
    22,
    23,
    24,
    25,
    26,
    27,
    28,
    29,
    30
  ],
  "reset": [
    7,
    15,
    23,
    30
  ],
  "duration": [
    11.152889966964722,
    11.179131031036377,
    11.17289686203003,
    11.168991565704346,
    11.144037246704102,
    11.166841983795166,
    11.14458441734314,
    11.144262313842773,
    11.145832061767578,
    11.15993356704712,
    11.143813133239746,
    11.155900716781616,
    11.13529634475708,
    11.117743492126465,
    11.139498710632324,
    11.118988275527954,
    11.153841495513916,
    11.137789726257324,
    11.142091512680054,
    11.13821792602539
  ],
  "status": 27
}