{
  "gpu": false,
  "device": "hybrid",
  "infile": "../matrix/cgne_init_4096_dble_csr.dat",
  "matfile": "../matrix/conf6_0-8x8-20/conf6_0-8x8-20.mtx",
  "k": 0.15,
  "kc": 0.15717,
  "reordering": true,
  "preconditioning": true,
  "vol": 4096,
  "dim": 49152,
  "lattice": "8x8x8x8",
  "blk_dim": 24576,
  "bs": "8x8x8x4",
  "res": 1e-06,
  "tol": 0.0003135346870547978,
  "nmx": 417,
  "nkv": 7,
  "nmr": 2,
  "ncy": 12,
  "sdtype": "float32",
  "ddtype": "float64",
  "cdtype": "float32",
  "rn": [
    6.174943482980868,
    1.2414054012791282,
    0.2757803426493094,
    0.062280218178749,
    0.0149180805049733,
    0.003586969273799333,
    0.0008757071769405967,
    0.0008780840908812384,
    0.00022620683886490233,
    0.00022620683614807294
  ],
  "i": [
    0,
    1,
    2,
    3,
    4,
    5,
    6,
    7,
    8,
    9
  ],
  "reset": [
    7,
    9
  ],
  "duration": [
    0.40836000442504883,
    0.4075016975402832,
    0.4084606170654297,
    0.40793323516845703,
    0.4095325469970703,
    0.4077742099761963,
    0.408022403717041,
    0.4076683521270752,
    0.40937042236328125,
    0.40767669677734375,
    0.4093606472015381,
    0.40796709060668945,
    0.40856051445007324,
    0.40821003913879395,
    0.4089231491088867,
    0.4087347984313965,
    0.40759992599487305,
    0.40873193740844727,
    0.409329891204834,
    0.4082069396972656
  ],
  "status": 8
}