{
  "gpu": true,
  "device": "gpu",
  "infile": "../matrix/cgne_init_4096_dble_csr.dat",
  "matfile": "../matrix/conf6_0-8x8-20/conf6_0-8x8-20.mtx",
  "k": 0.15,
  "kc": 0.15717,
  "reordering": true,
  "preconditioning": true,
  "vol": 4096,
  "dim": 49152,
  "lattice": "8x8x8x8",
  "blk_dim": 3072,
  "bs": "4x4x4x4",
  "res": 1e-06,
  "tol": 0.00031353468703945405,
  "nmx": 2500,
  "nkv": 7,
  "nmr": 1,
  "ncy": 4,
  "sdtype": "float32",
  "ddtype": "float64",
  "cdtype": "float64",
  "rn": [
    47.460991672965484,
    20.317704239664113,
    11.607102891666432,
    7.209986490927126,
    4.739024267047803,
    3.2029059630628334,
    2.2174841397099794,
    2.2174842775743056,
    1.6327023033754753,
    1.1912034429584075,
    0.8560446512263222,
    0.6074182712798111,
    0.4237061144016773,
    0.28863560134698785,
    0.20031183093897648,
    0.2003118327896923,
    0.1504700134859896,
    0.11304751496151628,
    0.08229954339600717,
    0.0597217386414228,
    0.04260435072170283,
    0.03082579434728118,
    0.022477267929956503,
    0.02247726857815877,
    0.01675960371204799,
    0.01252796898080945,
    0.009197435870819053,
    0.006824519194677833,
    0.005008945560721547,
    0.0036680962904337673,
    0.0027097990117170285,
    0.002709799045599129,
    0.002023897685781043,
    0.0014901502287031818,
    0.0011004836885680905,
    0.0008163249011003438,
    0.0006071493759213957,
    0.0004579272241449644,
    0.0003412190276198279,
    0.0003412190240979487,
    0.000255050102548811,
    0.00025505010282978645
  ],
  "i": [
    0,
    1,
    2,
    3,
    4,
    5,
    6,
    7,
    8,
    9,
    10,
    11,
    12,
    13,
    14,
    15,
    16,
    17,
    18,
    19,
    20,
    21,
    22,
    23,
    24,
    25,
    26,
    27,
    28,
    29,
    30,
    31,
    32,
    33,
    34,
    35,
    36,
    37,
    38,
    39,
    40,
    41
  ],
  "reset": [
    7,
    15,
    23,
    31,
    39,
    41
  ],
  "duration": [
    1.8222532272338867,
    1.6700565814971924,
    1.6546001434326172,
    1.6631882190704346,
    1.6489770412445068,
    1.6574304103851318,
    1.6525466442108154,
    1.6604459285736084,
    1.6519250869750977,
    1.6490306854248047,
    1.6508824825286865,
    1.6568419933319092,
    1.6459991931915283,
    1.6531457901000977,
    1.641190528869629,
    1.6606626510620117,
    1.6491236686706543,
    1.6490366458892822,
    1.6547439098358154,
    1.6477434635162354
  ],
  "status": 36
}