{
  "gpu": false,
  "device": "cpu",
  "infile": "../matrix/fgcr_check3_4096_dble_csr.dat",
  "matfile": null,
  "k": 0.0,
  "kc": 0.0,
  "reordering": false,
  "preconditioning": true,
  "vol": 4096,
  "dim": 49152,
  "lattice": "8x8x8x8",
  "blk_dim": 24576,
  "bs": "8x8x8x4",
  "res": 1e-06,
  "tol": 0.00031353468710831124,
  "nmx": 1250,
  "nkv": 7,
  "nmr": 4,
  "ncy": 2,
  "sdtype": "float32",
  "ddtype": "float64",
  "cdtype": "float32",
  "rn": [
    61.50213329767715,
    21.231419916979682,
    9.559509488496882,
    3.947452398885334,
    1.773193600252561,
    0.7611340144458035,
    0.33648743221769295,
    0.3364874652515395,
    0.1891758665848595,
    0.08100068492065618,
    0.034034343403429576,
    0.014517763390156613,
    0.006379602646158988,
    0.0025596213568876477,
    0.0009571181826870578,
    0.0009571185064020666,
    0.0005458454234024616,
    0.00023439609081433104,
    0.00023439609167113986
  ],
  "i": [
    0,
    1,
    2,
    3,
    4,
    5,
    6,
    7,
    8,
    9,
    10,
    11,
    12,
    13,
    14,
    15,
    16,
    17,
    18
  ],
  "reset": [
    7,
    15,
    18
  ],
  "duration": [
    1.1738901138305664,
    1.1752476692199707,
    1.173560380935669,
    1.1739485263824463,
    1.1739404201507568,
    1.173511028289795,
    1.1735103130340576,
    1.1735351085662842,
    1.174004077911377,
    1.1744694709777832,
    1.1768224239349365,
    1.1732778549194336,
    1.172964334487915,
    1.1731560230255127,
    1.1733531951904297,
    1.1735663414001465,
    1.1726412773132324,
    1.173532485961914,
    1.1727490425109863,
    1.1755568981170654
  ],
  "status": 16
}