{
  "gpu": true,
  "device": "gpu",
  "infile": "../matrix/cgne_init_4096_dble_csr.dat",
  "matfile": "../matrix/conf6_0-8x8-30/conf6.0-00l8x8-3000.mtx",
  "k": 0.05,
  "kc": 0.15649,
  "reordering": false,
  "preconditioning": false,
  "vol": 4096,
  "dim": 49152,
  "lattice": "8x8x8x8",
  "blk_dim": 24576,
  "bs": "8x8x8x4",
  "res": 1e-06,
  "tol": 0.00031353468703945405,
  "nmx": 10000,
  "nkv": 7,
  "nmr": 0,
  "ncy": 0,
  "sdtype": "float32",
  "ddtype": "float64",
  "cdtype": "float32",
  "rn": [
    61.62500505118144,
    13.571582821701847,
    3.2152912246140946,
    0.781650209520944,
    0.19458505984364188,
    0.04872017680451426,
    0.012307519243136611,
    0.012307408911268077,
    0.0032385743327133882,
    0.0008040880813260864,
    0.0002080118291138019,
    0.000208011828546964
  ],
  "i": [
    0,
    1,
    2,
    3,
    4,
    5,
    6,
    7,
    8,
    9,
    10,
    11
  ],
  "reset": [
    7,
    11
  ],
  "duration": [
    0.17943429946899414,
    0.015769481658935547,
    0.015674114227294922,
    0.015712738037109375,
    0.015445232391357422,
    0.015170812606811523,
    0.015063047409057617,
    0.014996767044067383,
    0.015218019485473633,
    0.015197038650512695,
    0.01503896713256836,
    0.014974355697631836,
    0.015069246292114258,
    0.01503443717956543,
    0.015102624893188477,
    0.01527094841003418,
    0.015016555786132812,
    0.015050172805786133,
    0.015101194381713867,
    0.015312671661376953
  ],
  "status": 10
}