{
  "gpu": false,
  "device": "hybrid",
  "infile": "../matrix/cgne_init_4096_dble_csr.dat",
  "matfile": null,
  "k": 0.0,
  "kc": 0.0,
  "reordering": false,
  "preconditioning": true,
  "vol": 4096,
  "dim": 49152,
  "lattice": "8x8x8x8",
  "blk_dim": 6144,
  "bs": "8x4x4x4",
  "res": 1e-06,
  "tol": 0.0003135346870547978,
  "nmx": 125,
  "nkv": 7,
  "nmr": 20,
  "ncy": 4,
  "sdtype": "float32",
  "ddtype": "float64",
  "cdtype": "float32",
  "rn": [
    9.642157835972322,
    1.5341369673538288,
    0.3989369427366957,
    0.08181548334712502,
    0.018975364766460872,
    0.004549654981307511,
    0.0010293996280837914,
    0.001031675389496531,
    0.0002950702364503305,
    0.00029507023939431175
  ],
  "i": [
    0,
    1,
    2,
    3,
    4,
    5,
    6,
    7,
    8,
    9
  ],
  "reset": [
    7,
    9
  ],
  "duration": [
    2.8683106899261475,
    2.870028495788574,
    2.872607707977295,
    2.8765926361083984,
    2.866006374359131,
    2.881283760070801,
    2.8669512271881104,
    2.8779456615448,
    2.866433620452881,
    2.8727047443389893,
    2.8688254356384277,
    2.8758037090301514,
    2.8698480129241943,
    2.8750250339508057,
    2.8701746463775635,
    2.8723559379577637,
    2.8776040077209473,
    2.8670191764831543,
    2.878528356552124,
    2.8687596321105957
  ],
  "status": 8
}