{
  "gpu": false,
  "device": "hybrid",
  "infile": "../matrix/cgne_init_4096_dble_csr.dat",
  "matfile": "../matrix/conf6_0-8x8-20/conf6_0-8x8-20.mtx",
  "k": 0.15,
  "kc": 0.15717,
  "reordering": true,
  "preconditioning": true,
  "vol": 4096,
  "dim": 49152,
  "lattice": "8x8x8x8",
  "blk_dim": 6144,
  "bs": "8x4x4x4",
  "res": 1e-06,
  "tol": 0.0003135346870547978,
  "nmx": 417,
  "nkv": 7,
  "nmr": 4,
  "ncy": 6,
  "sdtype": "float32",
  "ddtype": "float64",
  "cdtype": "float32",
  "rn": [
    6.754207873092953,
    1.2288319189735974,
    0.2474024292660879,
    0.04873480364733953,
    0.010597655019698735,
    0.002249506367826932,
    0.00048603717957671177,
    0.0004988019762071232,
    0.00010951564567891104,
    0.0001095156457776339
  ],
  "i": [
    0,
    1,
    2,
    3,
    4,
    5,
    6,
    7,
    8,
    9
  ],
  "reset": [
    7,
    9
  ],
  "duration": [
    1.0639100074768066,
    1.063891887664795,
    1.0651729106903076,
    1.0647716522216797,
    1.0641875267028809,
    1.0633971691131592,
    1.0625991821289062,
    1.0637388229370117,
    1.0628440380096436,
    1.0644876956939697,
    1.0632107257843018,
    1.0619704723358154,
    1.0630881786346436,
    1.0622572898864746,
    1.0616137981414795,
    1.0628089904785156,
    1.0627186298370361,
    1.0608627796173096,
    1.0641334056854248,
    1.0567498207092285
  ],
  "status": 8
}