{
  "gpu": false,
  "infile": "../matrix/cgne_init_4096_dble_csr.dat",
  "matfile": null,
  "k": 0.0,
  "kc": 0.0,
  "reordering": false,
  "preconditioning": true,
  "vol": 4096,
  "dim": 49152,
  "lattice": "8x8x8x8",
  "blk_dim": 3072,
  "bs": "4x4x4x4",
  "res": 1e-06,
  "tol": 0.0003135346870547978,
  "nmx": 1250,
  "nkv": 7,
  "nmr": 2,
  "ncy": 4,
  "sdtype": "float32",
  "ddtype": "float64",
  "cdtype": "float32",
  "rn": [
    141.8311453607029,
    76.70375766034752,
    44.234383981085315,
    26.888940604446898,
    16.899378788117787,
    10.800979840914446,
    6.930203583215488,
    6.9302036069876625,
    4.836709357938715,
    3.265784400616261,
    2.1892567225988673,
    1.4089598347286223,
    0.8959171681531798,
    0.552418560566786,
    0.346562838718769,
    0.346562844878911,
    0.24637308753925283,
    0.17280360371820952,
    0.11706955924449933,
    0.07758358991540741,
    0.05142320085736138,
    0.0341845760926364,
    0.02295403203819205,
    0.02295403121745428,
    0.016093703577991243,
    0.011084775296753316,
    0.007432952633503568,
    0.0049190325469258295,
    0.0032820955736006683,
    0.002212267118840425,
    0.0015301599250369953,
    0.0015301599049019775,
    0.0010943235114074406,
    0.0007622912331632896,
    0.0005124030992596858,
    0.0003381964951417364,
    0.00022651025312874314,
    0.00022651025024078634
  ],
  "i": [
    0,
    1,
    2,
    3,
    4,
    5,
    6,
    7,
    8,
    9,
    10,
    11,
    12,
    13,
    14,
    15,
    16,
    17,
    18,
    19,
    20,
    21,
    22,
    23,
    24,
    25,
    26,
    27,
    28,
    29,
    30,
    31,
    32,
    33,
    34,
    35,
    36,
    37
  ],
  "reset": [
    7,
    15,
    23,
    31,
    37
  ],
  "duration": [
    2.289919376373291,
    2.287121534347534,
    2.28663969039917,
    2.289702892303467,
    2.288992404937744,
    2.2922065258026123,
    2.2916455268859863,
    2.290215492248535,
    2.2918272018432617,
    2.2926299571990967,
    2.2901690006256104,
    2.292484760284424,
    2.2901651859283447,
    2.287259340286255,
    2.2873787879943848,
    2.2924160957336426,
    2.2877888679504395,
    2.294710636138916,
    2.2929391860961914,
    2.2968969345092773
  ],
  "status": 33
}