{
  "gpu": true,
  "device": "gpu",
  "infile": "../matrix/cgne_init_65536_dble_csr.dat",
  "matfile": null,
  "k": 0.0,
  "kc": 0.0,
  "reordering": false,
  "preconditioning": true,
  "vol": 65536,
  "dim": 786432,
  "lattice": "16x16x16x16",
  "blk_dim": 393216,
  "bs": "16x16x16x8",
  "res": 1e-06,
  "tol": 0.0012541387482808122,
  "nmx": 2500,
  "nkv": 7,
  "nmr": 0.5,
  "ncy": 0.5,
  "sdtype": "float32",
  "ddtype": "float64",
  "cdtype": "float64",
  "rn": [
    610.7087960241091,
    234.90228726471994,
    104.62214841356261,
    47.70608295594255,
    21.648338298740516,
    10.209413576134923,
    4.788542043927362,
    4.788542124795197,
    2.38895485317003,
    1.1821396274222493,
    0.5690173362837377,
    0.27468209063089954,
    0.13071339176464455,
    0.05705402364882779,
    0.026499361505885683,
    0.02649936103286061,
    0.013119775664004378,
    0.006465386413736654,
    0.0031203494908466013,
    0.0015424892133776736,
    0.0007470740340559936,
    0.0007470740373583653
  ],
  "i": [
    0,
    1,
    2,
    3,
    4,
    5,
    6,
    7,
    8,
    9,
    10,
    11,
    12,
    13,
    14,
    15,
    16,
    17,
    18,
    19,
    20,
    21
  ],
  "reset": [
    7,
    15,
    21
  ],
  "duration": [
    0.5266118049621582,
    0.3619835376739502,
    0.36307477951049805,
    0.36219096183776855,
    0.36252260208129883,
    0.36283254623413086,
    0.36187171936035156,
    0.362229585647583,
    0.3621485233306885,
    0.3626582622528076,
    0.3628120422363281,
    0.36267852783203125,
    0.3637559413909912,
    0.363361120223999,
    0.3626382350921631,
    0.3624589443206787,
    0.3620431423187256,
    0.3627183437347412,
    0.3619990348815918,
    0.3619077205657959
  ],
  "status": 19
}