{
  "gpu": true,
  "device": "gpu",
  "infile": "../matrix/cgne_init_4096_dble_csr.dat",
  "matfile": "../matrix/conf6_0-8x8-20/conf6_0-8x8-20.mtx",
  "k": 0.15717,
  "kc": 0.15717,
  "reordering": true,
  "preconditioning": true,
  "vol": 4096,
  "dim": 49152,
  "lattice": "8x8x8x8",
  "blk_dim": 24576,
  "bs": "8x8x8x4",
  "res": 1e-06,
  "tol": 0.0003135346870762468,
  "nmx": 417,
  "nkv": 7,
  "nmr": 4,
  "ncy": 6,
  "sdtype": "float64",
  "ddtype": "float64",
  "cdtype": "float64",
  "rn": [
    19.425228500340197,
    9.850620403145932,
    5.689369454338332,
    3.339902066179025,
    2.0574850671018368,
    1.3193437967773716,
    0.8543313583532572,
    0.8543313583532572,
    0.5550560754751996,
    0.36579747940663865,
    0.23473906039503162,
    0.15268705200911892,
    0.09821721143614562,
    0.057572138320687395,
    0.03529132673127664,
    0.03529132673127659,
    0.022302398820543506,
    0.014224270009686022,
    0.008635074132628151,
    0.005500288102689061,
    0.00344233404214712,
    0.00221689708189151,
    0.0014902215273603014,
    0.0014902215273600637,
    0.00105475296431045,
    0.000682374269205708,
    0.0004260106647985117,
    0.0002653612693761589,
    0.00026536126937626845
  ],
  "i": [
    0,
    1,
    2,
    3,
    4,
    5,
    6,
    7,
    8,
    9,
    10,
    11,
    12,
    13,
    14,
    15,
    16,
    17,
    18,
    19,
    20,
    21,
    22,
    23,
    24,
    25,
    26,
    27,
    28
  ],
  "reset": [
    7,
    15,
    23,
    28
  ],
  "duration": [
    0.903961181640625,
    0.738900899887085,
    0.7373373508453369,
    0.741443395614624,
    0.7446703910827637,
    0.7378413677215576,
    0.7375109195709229,
    0.7415008544921875,
    0.7455987930297852,
    0.7293877601623535,
    0.7409367561340332,
    0.7369735240936279,
    0.7346153259277344,
    0.7388818264007568,
    0.7435805797576904,
    0.7311320304870605,
    0.7369952201843262,
    0.736583948135376,
    0.7399227619171143,
    0.738081693649292
  ],
  "status": 25
}