{
  "gpu": true,
  "infile": "../matrix/cgne_init_4096_dble_csr.dat",
  "matfile": null,
  "k": 0.0,
  "kc": 0.0,
  "reordering": false,
  "preconditioning": true,
  "vol": 4096,
  "dim": 49152,
  "lattice": "8x8x8x8",
  "blk_dim": 24576,
  "bs": "8x8x8x4",
  "res": 1e-06,
  "tol": 0.00031353468703945405,
  "nmx": 250,
  "nkv": 7,
  "nmr": 4,
  "ncy": 10,
  "sdtype": "float32",
  "ddtype": "float64",
  "cdtype": "float64",
  "rn": [
    52.075149459497275,
    15.42274385352521,
    5.307086395222112,
    1.9511852319893037,
    0.72615047592838,
    0.2725387045620013,
    0.1030107225382797,
    0.10301070444070919,
    0.04095172609817742,
    0.017343289334533902,
    0.006392971000916279,
    0.002471146689077689,
    0.0009295470721056357,
    0.0002957462627859724,
    0.0002957462987578008
  ],
  "i": [
    0,
    1,
    2,
    3,
    4,
    5,
    6,
    7,
    8,
    9,
    10,
    11,
    12,
    13,
    14
  ],
  "reset": [
    7,
    14
  ],
  "duration": 0.7965586185455322,
  "status": 13
}