{
  "gpu": false,
  "device": "hybrid",
  "infile": "../matrix/cgne_init_4096_dble_csr.dat",
  "matfile": "../matrix/conf6_0-8x8-30/conf6.0-00l8x8-3000.mtx",
  "k": 0.05,
  "kc": 0.15649,
  "reordering": true,
  "preconditioning": true,
  "vol": 4096,
  "dim": 49152,
  "lattice": "8x8x8x8",
  "blk_dim": 3072,
  "bs": "4x4x4x4",
  "res": 1e-06,
  "tol": 0.0003135346870547978,
  "nmx": 125,
  "nkv": 7,
  "nmr": 20,
  "ncy": 4,
  "sdtype": "float32",
  "ddtype": "float64",
  "cdtype": "float64",
  "rn": [
    0.00010311744872963886,
    0.00010962070082343905
  ],
  "i": [
    0,
    1
  ],
  "reset": [
    1
  ],
  "duration": [
    0.6423759460449219,
    0.6433296203613281,
    0.6415853500366211,
    0.6492404937744141,
    0.6456558704376221,
    0.6418654918670654,
    0.6438858509063721,
    0.6442935466766357,
    0.6400511264801025,
    0.6411757469177246,
    0.6416773796081543,
    0.6383893489837646,
    0.6450848579406738,
    0.6432366371154785,
    0.6418280601501465,
    0.641315221786499,
    0.6378412246704102,
    0.6404180526733398,
    0.6396267414093018,
    0.6393496990203857
  ],
  "status": 1
}