{
  "gpu": false,
  "device": "cpu",
  "infile": "../matrix/cgne_init_4096_dble_csr.dat",
  "matfile": "../matrix/conf6_0-8x8-30/conf6.0-00l8x8-3000.mtx",
  "k": 0.15649,
  "kc": 0.15649,
  "reordering": true,
  "preconditioning": true,
  "vol": 4096,
  "dim": 49152,
  "lattice": "8x8x8x8",
  "blk_dim": 24576,
  "bs": "8x8x8x4",
  "res": 1e-06,
  "tol": 0.0003135346870762468,
  "nmx": 417,
  "nkv": 7,
  "nmr": 4,
  "ncy": 6,
  "sdtype": "float64",
  "ddtype": "float64",
  "cdtype": "float64",
  "rn": [
    16.48807664939528,
    8.12418370728717,
    4.5310045822511915,
    2.745414626725551,
    1.757145728902545,
    1.1082529573184317,
    0.7374159537185738,
    0.7374159537185747,
    0.5024857764785873,
    0.34941074844343306,
    0.22995708231651457,
    0.14519022100598983,
    0.0910678476563536,
    0.05397156092890762,
    0.03458182672587615,
    0.03458182672587638,
    0.024344734922251123,
    0.01756527498447758,
    0.011883762748102529,
    0.007652622357278022,
    0.00532179038683333,
    0.003612048451912404,
    0.0022252094662507864,
    0.002225209466251164,
    0.0012709496708708781,
    0.0008487177694762879,
    0.0006206607626496563,
    0.0004524978541958732,
    0.0002904786469822154,
    0.00029047864698214163
  ],
  "i": [
    0,
    1,
    2,
    3,
    4,
    5,
    6,
    7,
    8,
    9,
    10,
    11,
    12,
    13,
    14,
    15,
    16,
    17,
    18,
    19,
    20,
    21,
    22,
    23,
    24,
    25,
    26,
    27,
    28,
    29
  ],
  "reset": [
    7,
    15,
    23,
    29
  ],
  "duration": [
    8.651858806610107,
    8.28134036064148,
    8.637955904006958,
    8.371911764144897,
    8.252729654312134,
    8.54767107963562,
    7.9332616329193115,
    8.768784046173096,
    8.651158332824707,
    8.475434303283691,
    8.185117244720459,
    8.352169513702393,
    8.671071529388428,
    8.40690302848816,
    8.782536268234253,
    8.109708547592163,
    8.489224195480347,
    8.507405519485474,
    8.173446416854858,
    8.204604148864746
  ],
  "status": 26
}