{
  "gpu": false,
  "device": "hybrid",
  "infile": "../matrix/fgcr_check3_4096_dble_csr.dat",
  "matfile": null,
  "k": 0.0,
  "kc": 0.0,
  "reordering": false,
  "preconditioning": true,
  "vol": 4096,
  "dim": 49152,
  "lattice": "8x8x8x8",
  "blk_dim": 24576,
  "bs": "8x8x8x4",
  "res": 1e-06,
  "tol": 0.0003135346870762468,
  "nmx": 2500,
  "nkv": 7,
  "nmr": 4,
  "ncy": 1,
  "sdtype": "float64",
  "ddtype": "float64",
  "cdtype": "float64",
  "rn": [
    131.1721081494356,
    58.63820033638443,
    31.774713505742202,
    19.43916872137813,
    11.587921866834561,
    7.1929739276074,
    4.340278784504601,
    4.340278784504601,
    3.1400277938918353,
    2.1507056885482654,
    1.296579019631766,
    0.7770529960236753,
    0.4735824917921183,
    0.2513356302276854,
    0.1569879922742098,
    0.15698799227421065,
    0.11868696063258714,
    0.07969504904566767,
    0.045960933527901954,
    0.02645203959360922,
    0.016324753907955063,
    0.009970551539240646,
    0.0068121667679375,
    0.006812166767938194,
    0.005164677198118243,
    0.0035459049805929275,
    0.0021007654540806434,
    0.0012400703482283984,
    0.0007635474888748907,
    0.00047786159249313046,
    0.0003398748224678477,
    0.0003398748224676486,
    0.0002579221052374158,
    0.0002579221052370178
  ],
  "i": [
    0,
    1,
    2,
    3,
    4,
    5,
    6,
    7,
    8,
    9,
    10,
    11,
    12,
    13,
    14,
    15,
    16,
    17,
    18,
    19,
    20,
    21,
    22,
    23,
    24,
    25,
    26,
    27,
    28,
    29,
    30,
    31,
    32,
    33
  ],
  "reset": [
    7,
    15,
    23,
    31,
    33
  ],
  "duration": [
    1.290947675704956,
    1.572072982788086,
    1.4523022174835205,
    1.5162675380706787,
    1.3284173011779785,
    1.4271135330200195,
    1.4640185832977295,
    1.6102607250213623,
    1.6193954944610596,
    1.6723625659942627,
    1.5083117485046387,
    1.7207310199737549,
    1.4553122520446777,
    1.4307782649993896,
    1.4764490127563477,
    1.4221405982971191,
    1.4402127265930176,
    1.416419506072998,
    1.6268815994262695,
    1.595318078994751
  ],
  "status": 29
}