{
  "gpu": false,
  "device": "hybrid",
  "infile": "../matrix/cgne_init_4096_dble_csr.dat",
  "matfile": "../matrix/conf6_0-8x8-30/conf6.0-00l8x8-3000.mtx",
  "k": 0.15649,
  "kc": 0.15649,
  "reordering": true,
  "preconditioning": true,
  "vol": 4096,
  "dim": 49152,
  "lattice": "8x8x8x8",
  "blk_dim": 24576,
  "bs": "8x8x8x4",
  "res": 1e-06,
  "tol": 0.0003135346870547978,
  "nmx": 125,
  "nkv": 7,
  "nmr": 20,
  "ncy": 4,
  "sdtype": "float32",
  "ddtype": "float64",
  "cdtype": "float32",
  "rn": [
    21.02105377489022,
    12.299384155663287,
    6.2937279774837105,
    2.894385487769177,
    1.6368240063482318,
    0.913777880681235,
    0.44552576960022433,
    0.44552620304834434,
    0.2747937614273726,
    0.18573084579700339,
    0.10442073636992423,
    0.039253422651820066,
    0.024661258578699323,
    0.01562169399623088,
    0.007399186475431178,
    0.007399184707000571,
    0.004788912873312679,
    0.003555491746417715,
    0.001814647930403421,
    0.00078167871589844,
    0.000536294514518768,
    0.0003121271272620871,
    0.00031212711575177274
  ],
  "i": [
    0,
    1,
    2,
    3,
    4,
    5,
    6,
    7,
    8,
    9,
    10,
    11,
    12,
    13,
    14,
    15,
    16,
    17,
    18,
    19,
    20,
    21,
    22
  ],
  "reset": [
    7,
    15,
    22
  ],
  "duration": [
    2.0431642532348633,
    2.0318820476531982,
    2.0386691093444824,
    2.0344088077545166,
    2.0323565006256104,
    2.0307061672210693,
    2.005988121032715,
    2.0277318954467773,
    2.0261497497558594,
    2.026862859725952,
    2.0391430854797363,
    2.023858070373535,
    2.0257909297943115,
    2.0293874740600586,
    2.030705213546753,
    2.0328938961029053,
    2.0227415561676025,
    2.023667335510254,
    2.0343213081359863,
    2.032428026199341
  ],
  "status": 20
}