{
  "gpu": true,
  "device": "gpu",
  "infile": "../matrix/cgne_init_4096_dble_csr.dat",
  "matfile": "../matrix/conf6_0-8x8-20/conf6_0-8x8-20.mtx",
  "k": 0.15,
  "kc": 0.15717,
  "reordering": true,
  "preconditioning": true,
  "vol": 4096,
  "dim": 49152,
  "lattice": "8x8x8x8",
  "blk_dim": 6144,
  "bs": "8x4x4x4",
  "res": 1e-06,
  "tol": 0.00031353468703945405,
  "nmx": 1250,
  "nkv": 7,
  "nmr": 2,
  "ncy": 4,
  "sdtype": "float32",
  "ddtype": "float64",
  "cdtype": "float64",
  "rn": [
    24.5547908969907,
    7.88835199275845,
    3.654797663309834,
    1.8495846167879204,
    0.9771146803335751,
    0.5189172137404194,
    0.2758791339718174,
    0.2758791129867394,
    0.15987917663672035,
    0.09180046552393153,
    0.05137283646266449,
    0.02797090770186205,
    0.014549240948302941,
    0.0071836689559374185,
    0.003870782483666762,
    0.0038707824809369015,
    0.002301514865988711,
    0.0012767890559292872,
    0.000726663051997676,
    0.0003937468320232801,
    0.000224014579931235,
    0.00022401457335674668
  ],
  "i": [
    0,
    1,
    2,
    3,
    4,
    5,
    6,
    7,
    8,
    9,
    10,
    11,
    12,
    13,
    14,
    15,
    16,
    17,
    18,
    19,
    20,
    21
  ],
  "reset": [
    7,
    15,
    21
  ],
  "duration": [
    0.9203529357910156,
    0.7520804405212402,
    0.7533864974975586,
    0.7438488006591797,
    0.7572822570800781,
    0.7551066875457764,
    0.7550873756408691,
    0.7546589374542236,
    0.7597579956054688,
    0.753610372543335,
    0.754737377166748,
    0.7570838928222656,
    0.7463529109954834,
    0.7543573379516602,
    0.7579491138458252,
    0.7573733329772949,
    0.7608070373535156,
    0.7496387958526611,
    0.7513022422790527,
    0.7502739429473877
  ],
  "status": 19
}