{
  "gpu": false,
  "infile": "../matrix/cgne_init_4096_dble_csr.dat",
  "matfile": null,
  "k": 0.0,
  "kc": 0.0,
  "reordering": false,
  "preconditioning": true,
  "vol": 4096,
  "dim": 49152,
  "lattice": "8x8x8x8",
  "blk_dim": 12288,
  "bs": "8x8x4x4",
  "res": 1e-06,
  "tol": 0.0003135346870547978,
  "nmx": 250,
  "nkv": 7,
  "nmr": 4,
  "ncy": 10,
  "sdtype": "float32",
  "ddtype": "float64",
  "cdtype": "float32",
  "rn": [
    52.06058569765472,
    15.411725456791215,
    5.184678563653381,
    1.8598374332583292,
    0.6883815729008971,
    0.2596510705443675,
    0.09214797768252381,
    0.09214825834254027,
    0.031803409392218075,
    0.010524712586255373,
    0.0036074557665000777,
    0.001246933232515371,
    0.00045385504368081534,
    0.000137665243978655,
    0.0001376650643327468
  ],
  "i": [
    0,
    1,
    2,
    3,
    4,
    5,
    6,
    7,
    8,
    9,
    10,
    11,
    12,
    13,
    14
  ],
  "reset": [
    7,
    14
  ],
  "duration": 2.422819137573242,
  "status": 13
}