{
  "gpu": false,
  "device": "hybrid",
  "infile": "../matrix/fgcr_check3_4096_dble_csr.dat",
  "matfile": null,
  "k": 0.0,
  "kc": 0.0,
  "reordering": false,
  "preconditioning": true,
  "vol": 4096,
  "dim": 49152,
  "lattice": "8x8x8x8",
  "blk_dim": 12288,
  "bs": "8x8x4x4",
  "res": 1e-06,
  "tol": 0.0003135346870762468,
  "nmx": 250,
  "nkv": 7,
  "nmr": 10,
  "ncy": 4,
  "sdtype": "float64",
  "ddtype": "float64",
  "cdtype": "float64",
  "rn": [
    25.649368029673468,
    5.208952485763367,
    1.4500618710668989,
    0.3711077551941727,
    0.09332003368575252,
    0.024397366997237917,
    0.005978296355437499,
    0.00597829635543789,
    0.0017437044033135657,
    0.0005778758973010933,
    0.0001287840758935399,
    0.0001287840758929089
  ],
  "i": [
    0,
    1,
    2,
    3,
    4,
    5,
    6,
    7,
    8,
    9,
    10,
    11
  ],
  "reset": [
    7,
    11
  ],
  "duration": [
    1.9218621253967285,
    1.9189844131469727,
    1.916396141052246,
    1.9178626537322998,
    1.922975778579712,
    1.919337272644043,
    1.9223158359527588,
    1.918550968170166,
    1.9179036617279053,
    1.9179491996765137,
    1.9166686534881592,
    1.914855718612671,
    1.912116527557373,
    1.9152002334594727,
    1.9171323776245117,
    1.914566993713379,
    1.913572072982788,
    1.907331943511963,
    1.9072487354278564,
    1.9106380939483643
  ],
  "status": 10
}