{
  "gpu": true,
  "infile": "../matrix/cgne_init_4096_dble_csr.dat",
  "matfile": "../matrix/conf6_0-8x8-20/conf6_0-8x8-20.mtx",
  "k": 0.15,
  "kc": 0.15717,
  "reordering": true,
  "preconditioning": true,
  "vol": 4096,
  "dim": 49152,
  "lattice": "8x8x8x8",
  "blk_dim": 3072,
  "bs": "4x4x4x4",
  "res": 1e-06,
  "tol": 0.00031353468703945405,
  "nmx": 1250,
  "nkv": 7,
  "nmr": 4,
  "ncy": 2,
  "sdtype": "float32",
  "ddtype": "float64",
  "cdtype": "float64",
  "rn": [
    37.48046354381662,
    12.044223573520386,
    5.87305752655389,
    3.0717464301900184,
    1.7018797210133136,
    0.9290964316140367,
    0.5201707032840882,
    0.5201704853691425,
    0.31807633888945613,
    0.18944365801647514,
    0.11494680074800306,
    0.06493389275147562,
    0.03724175291229652,
    0.01860798704633504,
    0.010767783151016527,
    0.010767783351149175,
    0.006863350848458213,
    0.004021035244228269,
    0.0024328989834810355,
    0.0014094482730919987,
    0.0008539401183099219,
    0.0004816979008185285,
    0.00028655099766694184,
    0.00028655097668656604
  ],
  "i": [
    0,
    1,
    2,
    3,
    4,
    5,
    6,
    7,
    8,
    9,
    10,
    11,
    12,
    13,
    14,
    15,
    16,
    17,
    18,
    19,
    20,
    21,
    22,
    23
  ],
  "reset": [
    7,
    15,
    23
  ],
  "duration": 2.5208287239074707,
  "status": 21
}