{
  "gpu": true,
  "device": "gpu",
  "infile": "../matrix/cgne_init_4096_dble_csr.dat",
  "matfile": "../matrix/conf6_0-8x8-30/conf6.0-00l8x8-3000.mtx",
  "k": 0.05,
  "kc": 0.15649,
  "reordering": true,
  "preconditioning": true,
  "vol": 4096,
  "dim": 49152,
  "lattice": "8x8x8x8",
  "blk_dim": 12288,
  "bs": "8x8x4x4",
  "res": 1e-06,
  "tol": 0.0003135346870762468,
  "nmx": 417,
  "nkv": 7,
  "nmr": 4,
  "ncy": 6,
  "sdtype": "float64",
  "ddtype": "float64",
  "cdtype": "float64",
  "rn": [
    1.559386545874267e-10,
    1.559383145258455e-10
  ],
  "i": [
    0,
    1
  ],
  "reset": [
    1
  ],
  "duration": [
    0.05577540397644043,
    0.05582308769226074,
    0.055710554122924805,
    0.05590176582336426,
    0.053772926330566406,
    0.05346322059631348,
    0.05577421188354492,
    0.055586814880371094,
    0.060248374938964844,
    0.05554938316345215,
    0.05570507049560547,
    0.05572319030761719,
    0.054601192474365234,
    0.05359935760498047,
    0.05473947525024414,
    0.055585384368896484,
    0.055788278579711914,
    0.061437129974365234,
    0.05574536323547363,
    0.05559587478637695
  ],
  "status": 1
}