{
  "gpu": false,
  "device": "hybrid",
  "infile": "../matrix/cgne_init_4096_dble_csr.dat",
  "matfile": "../matrix/conf6_0-8x8-20/conf6_0-8x8-20.mtx",
  "k": 0.15717,
  "kc": 0.15717,
  "reordering": true,
  "preconditioning": true,
  "vol": 4096,
  "dim": 49152,
  "lattice": "8x8x8x8",
  "blk_dim": 24576,
  "bs": "8x8x8x4",
  "res": 1e-06,
  "tol": 0.0003135346870547978,
  "nmx": 417,
  "nkv": 7,
  "nmr": 2,
  "ncy": 12,
  "sdtype": "float32",
  "ddtype": "float64",
  "cdtype": "float32",
  "rn": [
    19.045712749236316,
    9.844197828928406,
    5.774265598995981,
    3.455477134906202,
    2.1571595943840376,
    1.4059195683957182,
    0.9144601135369609,
    0.9144601951061223,
    0.6032850158496917,
    0.4026610021758929,
    0.26255786601381553,
    0.17347388204180458,
    0.11335895696479775,
    0.0678443578920758,
    0.042436626879887904,
    0.04243662541145899,
    0.027337124483098777,
    0.01760877885239388,
    0.010982523868433515,
    0.007123182702351076,
    0.004503673652472774,
    0.0029320873910458,
    0.0019833491978947923,
    0.001983349071868251,
    0.0014173838012999207,
    0.0009342231098797083,
    0.0005870005478328603,
    0.00036383146590573354,
    0.00022559702945981224,
    0.00022559703003513092
  ],
  "i": [
    0,
    1,
    2,
    3,
    4,
    5,
    6,
    7,
    8,
    9,
    10,
    11,
    12,
    13,
    14,
    15,
    16,
    17,
    18,
    19,
    20,
    21,
    22,
    23,
    24,
    25,
    26,
    27,
    28,
    29
  ],
  "reset": [
    7,
    15,
    23,
    29
  ],
  "duration": [
    1.310457468032837,
    1.3088860511779785,
    1.310239315032959,
    1.31003999710083,
    1.3103909492492676,
    1.3138740062713623,
    1.3090095520019531,
    1.309467077255249,
    1.3092880249023438,
    1.311518669128418,
    1.3110368251800537,
    1.311650276184082,
    1.3097667694091797,
    1.3099641799926758,
    1.3102331161499023,
    1.309889554977417,
    1.313720703125,
    1.311513900756836,
    1.3113055229187012,
    1.3114876747131348
  ],
  "status": 26
}