{
  "gpu": false,
  "device": "hybrid",
  "infile": "../matrix/cgne_init_4096_dble_csr.dat",
  "matfile": "../matrix/conf6_0-8x8-30/conf6.0-00l8x8-3000.mtx",
  "k": 0.05,
  "kc": 0.15649,
  "reordering": true,
  "preconditioning": true,
  "vol": 4096,
  "dim": 49152,
  "lattice": "8x8x8x8",
  "blk_dim": 6144,
  "bs": "8x4x4x4",
  "res": 1e-06,
  "tol": 0.0003135346870762468,
  "nmx": 417,
  "nkv": 7,
  "nmr": 4,
  "ncy": 6,
  "sdtype": "float64",
  "ddtype": "float64",
  "cdtype": "float64",
  "rn": [
    5.400717081696848e-09,
    5.400717183331978e-09
  ],
  "i": [
    0,
    1
  ],
  "reset": [
    1
  ],
  "duration": [
    0.14702987670898438,
    0.1466846466064453,
    0.14732670783996582,
    0.17972683906555176,
    0.14731621742248535,
    0.17550230026245117,
    0.1941230297088623,
    0.14732050895690918,
    0.15978193283081055,
    0.14693045616149902,
    0.17840147018432617,
    0.14672422409057617,
    0.15146923065185547,
    0.19750189781188965,
    0.20071816444396973,
    0.15216279029846191,
    0.16271257400512695,
    0.18784475326538086,
    0.19764995574951172,
    0.16543984413146973
  ],
  "status": 1
}