{
  "gpu": false,
  "device": "cpu",
  "infile": "../matrix/cgne_init_4096_dble_csr.dat",
  "matfile": "../matrix/conf6_0-8x8-30/conf6.0-00l8x8-3000.mtx",
  "k": 0.15649,
  "kc": 0.15649,
  "reordering": true,
  "preconditioning": true,
  "vol": 4096,
  "dim": 49152,
  "lattice": "8x8x8x8",
  "blk_dim": 6144,
  "bs": "8x4x4x4",
  "res": 1e-06,
  "tol": 0.0003135346870547978,
  "nmx": 417,
  "nkv": 7,
  "nmr": 2,
  "ncy": 12,
  "sdtype": "float32",
  "ddtype": "float64",
  "cdtype": "float32",
  "rn": [
    16.42613360067821,
    8.922315261521996,
    5.742804613524735,
    3.61974073423449,
    2.2359872962421585,
    1.3599666964874604,
    0.8577387690460241,
    0.8577389153782597,
    0.6203757671994793,
    0.42194345456278737,
    0.2871801982664379,
    0.1953941244457073,
    0.12712105591279627,
    0.08259553605981469,
    0.05726964626974049,
    0.05726964692891021,
    0.04169814245361549,
    0.02950538872206899,
    0.020349518518757565,
    0.013311783261370242,
    0.00887729894681559,
    0.005749627747243514,
    0.003542864115476314,
    0.0035428639824665966,
    0.0023327749714669977,
    0.0015983170276967467,
    0.0011876495238273635,
    0.0008567767283767477,
    0.0006086595420264246,
    0.00041439479908174403,
    0.00026721579868616577,
    0.00026721580114931156
  ],
  "i": [
    0,
    1,
    2,
    3,
    4,
    5,
    6,
    7,
    8,
    9,
    10,
    11,
    12,
    13,
    14,
    15,
    16,
    17,
    18,
    19,
    20,
    21,
    22,
    23,
    24,
    25,
    26,
    27,
    28,
    29,
    30,
    31
  ],
  "reset": [
    7,
    15,
    23,
    31
  ],
  "duration": [
    5.753399610519409,
    5.744622468948364,
    5.754724502563477,
    5.755001068115234,
    5.7530224323272705,
    5.746918678283691,
    5.746384859085083,
    5.742626667022705,
    5.737823724746704,
    5.751096963882446,
    5.768440008163452,
    5.754636526107788,
    5.773778915405273,
    5.772811651229858,
    5.763504505157471,
    5.742244243621826,
    5.735191106796265,
    5.741532325744629,
    5.7696778774261475,
    5.767564535140991
  ],
  "status": 28
}