{
  "gpu": false,
  "device": "cpu",
  "infile": "../matrix/cgne_init_4096_dble_csr.dat",
  "matfile": "../matrix/conf6_0-8x8-20/conf6_0-8x8-20.mtx",
  "k": 0.15717,
  "kc": 0.15717,
  "reordering": true,
  "preconditioning": true,
  "vol": 4096,
  "dim": 49152,
  "lattice": "8x8x8x8",
  "blk_dim": 6144,
  "bs": "8x4x4x4",
  "res": 1e-06,
  "tol": 0.0003135346870547978,
  "nmx": 417,
  "nkv": 7,
  "nmr": 6,
  "ncy": 4,
  "sdtype": "float32",
  "ddtype": "float64",
  "cdtype": "float32",
  "rn": [
    26.857028213505604,
    12.74592426548783,
    7.031663121763828,
    4.1890909170073,
    2.53396745157541,
    1.6175978313190702,
    1.0300152635818542,
    1.0300154255242486,
    0.672992094335422,
    0.4176675150806089,
    0.2563276166268464,
    0.16344983622763928,
    0.10141679517624286,
    0.05652051946099185,
    0.032370423830796774,
    0.032370421914909034,
    0.01942330655204959,
    0.011507023356292344,
    0.006977104196150868,
    0.004334894731468326,
    0.0027642972247519833,
    0.0018159992731946338,
    0.0011516940270191102,
    0.0011516940260158865,
    0.0007601869009446213,
    0.0004748712928944379,
    0.0002939293082432491,
    0.000293929310037895
  ],
  "i": [
    0,
    1,
    2,
    3,
    4,
    5,
    6,
    7,
    8,
    9,
    10,
    11,
    12,
    13,
    14,
    15,
    16,
    17,
    18,
    19,
    20,
    21,
    22,
    23,
    24,
    25,
    26,
    27
  ],
  "reset": [
    7,
    15,
    23,
    27
  ],
  "duration": [
    4.7123377323150635,
    4.712325096130371,
    4.709564208984375,
    4.708051443099976,
    4.710894584655762,
    4.708526611328125,
    4.709635019302368,
    4.709784746170044,
    4.707491874694824,
    4.708068370819092,
    4.706964731216431,
    4.703634977340698,
    4.7021472454071045,
    4.703873872756958,
    4.702721834182739,
    4.7037672996521,
    4.7033140659332275,
    4.705602407455444,
    4.703099250793457,
    4.702829122543335
  ],
  "status": 24
}