{
  "gpu": true,
  "device": "gpu",
  "infile": "../matrix/cgne_init_4096_dble_csr.dat",
  "matfile": "../matrix/conf6_0-8x8-30/conf6.0-00l8x8-3000.mtx",
  "k": 0.05,
  "kc": 0.15649,
  "reordering": true,
  "preconditioning": true,
  "vol": 4096,
  "dim": 49152,
  "lattice": "8x8x8x8",
  "blk_dim": 3072,
  "bs": "4x4x4x4",
  "res": 1e-06,
  "tol": 0.00031353468703945405,
  "nmx": 125,
  "nkv": 7,
  "nmr": 4,
  "ncy": 20,
  "sdtype": "float32",
  "ddtype": "float64",
  "cdtype": "float64",
  "rn": [
    7.961069616008208e-06,
    3.423425797290257e-05
  ],
  "i": [
    0,
    1
  ],
  "reset": [
    1
  ],
  "duration": [
    0.4709959030151367,
    0.4642515182495117,
    0.46384215354919434,
    0.4691617488861084,
    0.46813440322875977,
    0.46944236755371094,
    0.4637420177459717,
    0.4648001194000244,
    0.46321654319763184,
    0.4641275405883789,
    0.46624088287353516,
    0.46526336669921875,
    0.4647953510284424,
    0.4683406352996826,
    0.47203755378723145,
    0.4704010486602783,
    0.4625589847564697,
    0.4648251533508301,
    0.46080589294433594,
    0.4661707878112793
  ],
  "status": 1
}