{
  "gpu": false,
  "device": "cpu",
  "infile": "../matrix/fgcr_check3_4096_dble_csr.dat",
  "matfile": null,
  "k": 0.0,
  "kc": 0.0,
  "reordering": false,
  "preconditioning": true,
  "vol": 4096,
  "dim": 49152,
  "lattice": "8x8x8x8",
  "blk_dim": 6144,
  "bs": "8x4x4x4",
  "res": 1e-06,
  "tol": 0.00031353468710831124,
  "nmx": 417,
  "nkv": 7,
  "nmr": 6,
  "ncy": 4,
  "sdtype": "float32",
  "ddtype": "float64",
  "cdtype": "float64",
  "rn": [
    24.595777243207213,
    4.830575694075036,
    1.3047156314949346,
    0.32096318779599653,
    0.07858461586766977,
    0.019928209573725663,
    0.004680203272970492,
    0.004680374237829436,
    0.0013222028205675553,
    0.000423351794179141,
    9.102453460326381e-05,
    9.102453919538669e-05
  ],
  "i": [
    0,
    1,
    2,
    3,
    4,
    5,
    6,
    7,
    8,
    9,
    10,
    11
  ],
  "reset": [
    7,
    11
  ],
  "duration": [
    1.7113816738128662,
    1.711181879043579,
    1.7113056182861328,
    1.7112922668457031,
    1.7112789154052734,
    1.7112083435058594,
    1.711798906326294,
    1.7102725505828857,
    1.7113535404205322,
    1.7103710174560547,
    1.7112555503845215,
    1.7103562355041504,
    1.7110731601715088,
    1.7104032039642334,
    1.710975170135498,
    1.7101941108703613,
    1.7103729248046875,
    1.7103798389434814,
    1.7117021083831787,
    1.7104146480560303
  ],
  "status": 10
}