{
  "gpu": false,
  "device": "hybrid",
  "infile": "../matrix/cgne_init_65536_dble_csr.dat",
  "matfile": null,
  "k": 0.0,
  "kc": 0.0,
  "reordering": false,
  "preconditioning": true,
  "vol": 65536,
  "dim": 786432,
  "lattice": "16x16x16x16",
  "blk_dim": 3072,
  "bs": "4x4x4x4",
  "res": 1e-06,
  "tol": 0.0012541387483049865,
  "nmx": 210,
  "nkv": 7,
  "nmr": 12,
  "ncy": 4,
  "sdtype": "float64",
  "ddtype": "float64",
  "cdtype": "float64",
  "rn": [
    59.7804044477938,
    4.416735815485664,
    0.3383598031186381,
    0.026268845342886406,
    0.00210844597064241,
    0.00017151065862552303,
    0.00017151065862520203
  ],
  "i": [
    0,
    1,
    2,
    3,
    4,
    5,
    6
  ],
  "reset": [
    6
  ],
  "duration": [
    39.06927990913391,
    39.092841386795044,
    39.20114994049072,
    39.42682409286499,
    39.158414125442505,
    39.0555214881897,
    39.0469810962677,
    39.0434455871582,
    39.05875372886658,
    39.06270122528076,
    39.014610290527344,
    39.03782272338867,
    39.032423973083496,
    39.03674936294556,
    39.02228569984436,
    39.05021905899048,
    39.04244899749756,
    38.94589424133301,
    38.90900707244873,
    38.912131786346436
  ],
  "status": 6
}