{
  "gpu": false,
  "device": "hybrid",
  "infile": "../matrix/cgne_init_4096_dble_csr.dat",
  "matfile": "../matrix/conf6_0-8x8-20/conf6_0-8x8-20.mtx",
  "k": 0.15717,
  "kc": 0.15717,
  "reordering": true,
  "preconditioning": true,
  "vol": 4096,
  "dim": 49152,
  "lattice": "8x8x8x8",
  "blk_dim": 24576,
  "bs": "8x8x8x4",
  "res": 1e-06,
  "tol": 0.0003135346870547978,
  "nmx": 250,
  "nkv": 7,
  "nmr": 4,
  "ncy": 10,
  "sdtype": "float32",
  "ddtype": "float64",
  "cdtype": "float64",
  "rn": [
    14.841889526411748,
    8.904084669252953,
    6.338332652629603,
    4.243784816604067,
    2.8513135972885637,
    1.9831341725013936,
    1.4108575803929686,
    1.4108576826050927,
    1.0923404828136443,
    0.841419353090232,
    0.6339250153173143,
    0.458615915381429,
    0.33013509549170517,
    0.23753954821891576,
    0.1699132621406949,
    0.16991325823246112,
    0.1250891401773184,
    0.09268835442744786,
    0.06771979788294023,
    0.0486860484225637,
    0.03428676422018598,
    0.025087885991253587,
    0.017208956190392838,
    0.01720895665767692,
    0.011878565218713132,
    0.008591569618903762,
    0.006064459364518625,
    0.004567102651960096,
    0.0032733882234662237,
    0.002253570834646739,
    0.0015693404790216305,
    0.0015693405194051157,
    0.0011938306290603753,
    0.0009398032654835189,
    0.0007546162915356598,
    0.0005883068296965889,
    0.00043442332010606104,
    0.0003031332068724935,
    0.00030313320695130557
  ],
  "i": [
    0,
    1,
    2,
    3,
    4,
    5,
    6,
    7,
    8,
    9,
    10,
    11,
    12,
    13,
    14,
    15,
    16,
    17,
    18,
    19,
    20,
    21,
    22,
    23,
    24,
    25,
    26,
    27,
    28,
    29,
    30,
    31,
    32,
    33,
    34,
    35,
    36,
    37,
    38
  ],
  "reset": [
    7,
    15,
    23,
    31,
    38
  ],
  "duration": [
    2.2322072982788086,
    2.23362398147583,
    2.2296345233917236,
    2.228541851043701,
    2.230227470397949,
    2.2304904460906982,
    2.234661340713501,
    2.2312114238739014,
    2.232672691345215,
    2.2326290607452393,
    2.2317376136779785,
    2.2305469512939453,
    2.227381944656372,
    2.22957706451416,
    2.2258150577545166,
    2.2247934341430664,
    2.2264750003814697,
    2.225560188293457,
    2.233712673187256,
    2.226062536239624
  ],
  "status": 34
}