{
  "gpu": false,
  "device": "hybrid",
  "infile": "../matrix/cgne_init_65536_dble_csr.dat",
  "matfile": null,
  "k": 0.0,
  "kc": 0.0,
  "reordering": false,
  "preconditioning": true,
  "vol": 65536,
  "dim": 786432,
  "lattice": "16x16x16x16",
  "blk_dim": 393216,
  "bs": "16x16x16x8",
  "res": 1e-06,
  "tol": 0.0012541387483049865,
  "nmx": 210,
  "nkv": 7,
  "nmr": 12,
  "ncy": 4,
  "sdtype": "float64",
  "ddtype": "float64",
  "cdtype": "float64",
  "rn": [
    60.186900024633566,
    4.585886259643423,
    0.3972781445206374,
    0.040162126649757275,
    0.004643203200935057,
    0.0005026684070083517,
    0.0005026684070082218
  ],
  "i": [
    0,
    1,
    2,
    3,
    4,
    5,
    6
  ],
  "reset": [
    6
  ],
  "duration": [
    4.676987409591675,
    4.698227167129517,
    4.7153544425964355,
    4.727550029754639,
    4.683782339096069,
    4.682320594787598,
    4.686854124069214,
    4.756419658660889,
    4.733356237411499,
    4.67853856086731,
    4.6865010261535645,
    4.691712141036987,
    4.685443878173828,
    4.686947822570801,
    4.6845948696136475,
    4.695510149002075,
    4.737094402313232,
    4.68682861328125,
    4.697786569595337,
    4.748239517211914
  ],
  "status": 6
}