{
  "gpu": true,
  "device": "gpu",
  "infile": "../matrix/cgne_init_65536_dble_csr.dat",
  "matfile": null,
  "k": 0.0,
  "kc": 0.0,
  "reordering": false,
  "preconditioning": true,
  "vol": 65536,
  "dim": 786048,
  "lattice": "16x16x16x16",
  "blk_dim": 49128,
  "bs": "8x8x8x8",
  "res": 1e-06,
  "tol": 0.0012541387483049871,
  "nmx": 625,
  "nkv": 7,
  "nmr": 8,
  "ncy": 2,
  "sdtype": "float64",
  "ddtype": "float64",
  "cdtype": "float64",
  "rn": [
    714.5613533205278,
    472.0842019212004,
    301.04249040265205,
    188.2918865894574,
    116.90738696065655,
    73.17674084546896,
    46.945755238605365,
    46.94575523860536,
    30.924457457294086,
    20.971326588300386,
    14.385904669997473,
    10.115854562847831,
    7.231396483045016,
    5.2199012042790125,
    3.811883997403259,
    3.8118839974032594,
    2.784836635191372,
    2.0768986541751064,
    1.5246151696558539,
    1.1453699586759416,
    0.841295703535558,
    0.6072705310551609,
    0.44593582930948633,
    0.4459358293094862,
    0.32676328544597444,
    0.24475454113388256,
    0.18098367702646276,
    0.13647488318218434,
    0.10139633624998867,
    0.07429533593699474,
    0.055146029793378605,
    0.055146029793378605,
    0.04072773357012041,
    0.03070157252738401,
    0.022766622972422892,
    0.017206024500464503,
    0.012804756406283379,
    0.009357806191684137,
    0.006950839376488375,
    0.006950839376488408,
    0.005140712303346253,
    0.003876943255233942,
    0.002877713710656863,
    0.0021756614866773327,
    0.0016168961623396498,
    0.0011857278418340262,
    0.00118572784183374
  ],
  "i": [
    0,
    1,
    2,
    3,
    4,
    5,
    6,
    7,
    8,
    9,
    10,
    11,
    12,
    13,
    14,
    15,
    16,
    17,
    18,
    19,
    20,
    21,
    22,
    23,
    24,
    25,
    26,
    27,
    28,
    29,
    30,
    31,
    32,
    33,
    34,
    35,
    36,
    37,
    38,
    39,
    40,
    41,
    42,
    43,
    44,
    45,
    46
  ],
  "reset": [
    7,
    15,
    23,
    31,
    39,
    46
  ],
  "duration": [
    5.9266602993011475,
    5.7375311851501465,
    5.715317010879517,
    5.7342259883880615,
    5.739922046661377,
    5.720919847488403,
    5.746017217636108,
    5.712156534194946,
    5.691951751708984,
    5.709605693817139,
    5.67994236946106,
    5.679352045059204,
    5.680800914764404,
    5.696322441101074,
    5.694733142852783,
    5.683407306671143,
    5.68078351020813,
    5.684364557266235,
    5.692563056945801,
    5.703257322311401
  ],
  "status": 41
}