{
  "gpu": true,
  "device": "gpu",
  "infile": "../matrix/cgne_init_4096_dble_csr.dat",
  "matfile": null,
  "k": 0.0,
  "kc": 0.0,
  "reordering": false,
  "preconditioning": true,
  "vol": 4096,
  "dim": 49152,
  "lattice": "8x8x8x8",
  "blk_dim": 24576,
  "bs": "8x8x8x4",
  "res": 1e-06,
  "tol": 0.0003135346870762468,
  "nmx": 2500,
  "nkv": 7,
  "nmr": 0.5,
  "ncy": 0.5,
  "sdtype": "float64",
  "ddtype": "float64",
  "cdtype": "float64",
  "rn": [
    145.98874493602952,
    53.70000660165148,
    22.616367376288746,
    10.145084095828167,
    4.345405762502953,
    2.0647544705170104,
    0.9598435205754275,
    0.9598435205754277,
    0.47066364906795355,
    0.23212398032581985,
    0.11679690103369714,
    0.05202177566773583,
    0.023913220528021324,
    0.010783143667176703,
    0.005120659424016813,
    0.005120659424016813,
    0.002491534656685725,
    0.0012217948121651067,
    0.0006215142125357946,
    0.00028343486706232395,
    0.00028343486706236434
  ],
  "i": [
    0,
    1,
    2,
    3,
    4,
    5,
    6,
    7,
    8,
    9,
    10,
    11,
    12,
    13,
    14,
    15,
    16,
    17,
    18,
    19,
    20
  ],
  "reset": [
    7,
    15,
    20
  ],
  "duration": [
    0.312039852142334,
    0.13356637954711914,
    0.13600897789001465,
    0.13503599166870117,
    0.13443541526794434,
    0.13513517379760742,
    0.1365213394165039,
    0.1359086036682129,
    0.1359724998474121,
    0.13233590126037598,
    0.1330859661102295,
    0.13535499572753906,
    0.13356733322143555,
    0.13482308387756348,
    0.1357252597808838,
    0.13519763946533203,
    0.13553094863891602,
    0.1355597972869873,
    0.13105154037475586,
    0.13147497177124023
  ],
  "status": 18
}