{
  "gpu": true,
  "device": "gpu",
  "infile": "../matrix/cgne_init_4096_dble_csr.dat",
  "matfile": "../matrix/conf6_0-8x8-20/conf6_0-8x8-20.mtx",
  "k": 0.15,
  "kc": 0.15717,
  "reordering": true,
  "preconditioning": true,
  "vol": 4096,
  "dim": 49152,
  "lattice": "8x8x8x8",
  "blk_dim": 6144,
  "bs": "8x4x4x4",
  "res": 1e-06,
  "tol": 0.0003135346870762468,
  "nmx": 125,
  "nkv": 7,
  "nmr": 20,
  "ncy": 4,
  "sdtype": "float64",
  "ddtype": "float64",
  "cdtype": "float64",
  "rn": [
    8.654037448431216,
    1.2815171297962928,
    0.22337482956558988,
    0.04046983439531075,
    0.007661812288936589,
    0.001460851216707937,
    0.0002758794550946748,
    0.00027587945509425853
  ],
  "i": [
    0,
    1,
    2,
    3,
    4,
    5,
    6,
    7
  ],
  "reset": [
    7
  ],
  "duration": [
    2.3228471279144287,
    2.152907133102417,
    2.1420769691467285,
    2.1657516956329346,
    2.1544415950775146,
    2.153806209564209,
    2.1691346168518066,
    2.1545681953430176,
    2.1515331268310547,
    2.1602766513824463,
    2.161592721939087,
    2.1434061527252197,
    2.1558148860931396,
    2.1571080684661865,
    2.1634433269500732,
    2.146009922027588,
    2.171973705291748,
    2.134498119354248,
    2.1635184288024902,
    2.1586124897003174
  ],
  "status": 7
}