{
  "gpu": false,
  "device": "cpu",
  "infile": "../matrix/cgne_init_4096_dble_csr.dat",
  "matfile": "../matrix/conf6_0-8x8-30/conf6.0-00l8x8-3000.mtx",
  "k": 0.15649,
  "kc": 0.15649,
  "reordering": true,
  "preconditioning": true,
  "vol": 4096,
  "dim": 49152,
  "lattice": "8x8x8x8",
  "blk_dim": 12288,
  "bs": "8x8x4x4",
  "res": 1e-06,
  "tol": 0.0003135346870547978,
  "nmx": 125,
  "nkv": 7,
  "nmr": 4,
  "ncy": 20,
  "sdtype": "float32",
  "ddtype": "float64",
  "cdtype": "float64",
  "rn": [
    7.819731932842224,
    3.917035486611931,
    2.299713694929293,
    1.1470560356404083,
    0.6822271552484607,
    0.4290386618755538,
    0.23736852099590747,
    0.23736840000186474,
    0.13890042634416025,
    0.08884130958457394,
    0.046422437873466574,
    0.027413894328700287,
    0.014763711237229315,
    0.007756152955336446,
    0.0030838817074495726,
    0.003083881609286699,
    0.0016304195520960947,
    0.0010852987562299278,
    0.0006253139771501766,
    0.00036543799357042654,
    0.00020870035518580533,
    0.00020870034663066564
  ],
  "i": [
    0,
    1,
    2,
    3,
    4,
    5,
    6,
    7,
    8,
    9,
    10,
    11,
    12,
    13,
    14,
    15,
    16,
    17,
    18,
    19,
    20,
    21
  ],
  "reset": [
    7,
    15,
    21
  ],
  "duration": [
    16.46917176246643,
    16.45337986946106,
    16.453696489334106,
    16.444805145263672,
    16.43753957748413,
    16.452520608901978,
    16.444976329803467,
    16.461073398590088,
    16.45201826095581,
    16.437015056610107,
    16.417046546936035,
    16.44345998764038,
    16.408993244171143,
    16.44128131866455,
    16.433477640151978,
    16.429713249206543,
    16.425614595413208,
    16.42300009727478,
    16.417561531066895,
    16.43827199935913
  ],
  "status": 19
}