{
  "gpu": false,
  "device": "cpu",
  "infile": "../matrix/fgcr_check3_4096_dble_csr.dat",
  "matfile": null,
  "k": 0.0,
  "kc": 0.0,
  "reordering": false,
  "preconditioning": true,
  "vol": 4096,
  "dim": 49152,
  "lattice": "8x8x8x8",
  "blk_dim": 12288,
  "bs": "8x8x4x4",
  "res": 1e-06,
  "tol": 0.00031353468710831124,
  "nmx": 1250,
  "nkv": 7,
  "nmr": 2,
  "ncy": 4,
  "sdtype": "float32",
  "ddtype": "float64",
  "cdtype": "float32",
  "rn": [
    43.385224089351155,
    13.524435643607841,
    5.536358458320722,
    2.192651834033403,
    0.8375276099210467,
    0.33498475502265407,
    0.1313596060984498,
    0.13135966512975678,
    0.05691581376220212,
    0.02750577856291108,
    0.009852050882297948,
    0.004045471531487817,
    0.001705345546304918,
    0.0005577318131730206,
    0.00020694945524339355,
    0.00020694936158247834
  ],
  "i": [
    0,
    1,
    2,
    3,
    4,
    5,
    6,
    7,
    8,
    9,
    10,
    11,
    12,
    13,
    14,
    15
  ],
  "reset": [
    7,
    15
  ],
  "duration": [
    1.6358416080474854,
    1.6342051029205322,
    1.6357941627502441,
    1.635340690612793,
    1.6356022357940674,
    1.6369078159332275,
    1.6372857093811035,
    1.635913610458374,
    1.634934902191162,
    1.6356770992279053,
    1.636064052581787,
    1.6358730792999268,
    1.6394693851470947,
    1.6355617046356201,
    1.636260747909546,
    1.635099172592163,
    1.6336884498596191,
    1.6345853805541992,
    1.6352968215942383,
    1.63447904586792
  ],
  "status": 14
}