{
  "gpu": false,
  "infile": "../matrix/cgne_init_65536_dble_csr.dat",
  "matfile": null,
  "k": 0.0,
  "kc": 0.0,
  "reordering": false,
  "preconditioning": true,
  "vol": 65536,
  "dim": 786048,
  "lattice": "16x16x16x16",
  "blk_dim": 12282,
  "bs": "8x8x4x4",
  "res": 1e-06,
  "tol": 0.0012541387483049865,
  "nmx": 1250,
  "nkv": 7,
  "nmr": 4,
  "ncy": 2,
  "sdtype": "float64",
  "ddtype": "float64",
  "cdtype": "float64",
  "rn": [
    723.1552668827129,
    405.02667815589575,
    206.30763042264857,
    99.43423036971826,
    47.52210585734138,
    22.57703804700841,
    10.828704606193792,
    10.828704606193794,
    6.486143380675301,
    2.7664728527465594,
    1.301217082093934,
    0.603697200958819,
    0.29518804714156527,
    0.1446846814143363,
    0.06785485021861552,
    0.06785485021861581,
    0.0402184156728063,
    0.019090912845779823,
    0.008268011843841743,
    0.004076310913934045,
    0.002108747107735644,
    0.0010897521758565767,
    0.001089752175857452
  ],
  "i": [
    0,
    1,
    2,
    3,
    4,
    5,
    6,
    7,
    8,
    9,
    10,
    11,
    12,
    13,
    14,
    15,
    16,
    17,
    18,
    19,
    20,
    21,
    22
  ],
  "reset": [
    7,
    15,
    22
  ],
  "duration": 17.411677837371826,
  "status": 20
}