{
  "gpu": false,
  "device": "hybrid",
  "infile": "../matrix/cgne_init_65536_dble_csr.dat",
  "matfile": null,
  "k": 0.0,
  "kc": 0.0,
  "reordering": false,
  "preconditioning": true,
  "vol": 65536,
  "dim": 786432,
  "lattice": "16x16x16x16",
  "blk_dim": 98304,
  "bs": "16x8x8x8",
  "res": 1e-06,
  "tol": 0.0012541387483049865,
  "nmx": 2500,
  "nkv": 7,
  "nmr": 4,
  "ncy": 1,
  "sdtype": "float64",
  "ddtype": "float64",
  "cdtype": "float64",
  "rn": [
    610.7032241233981,
    234.8991189026538,
    104.62081486194789,
    47.70500503985442,
    21.647569635458208,
    10.208919790823112,
    4.788312529885395,
    4.788312529885394,
    2.3887430815248383,
    1.1820388485308595,
    0.5689793790764888,
    0.27464998908253774,
    0.1306964306419468,
    0.057050391520272005,
    0.02649657008721299,
    0.02649657008721308,
    0.013116819423278072,
    0.006463225756137889,
    0.0031196504163661077,
    0.0015407700307796064,
    0.0007460407397226015,
    0.0007460407397220291
  ],
  "i": [
    0,
    1,
    2,
    3,
    4,
    5,
    6,
    7,
    8,
    9,
    10,
    11,
    12,
    13,
    14,
    15,
    16,
    17,
    18,
    19,
    20,
    21
  ],
  "reset": [
    7,
    15,
    21
  ],
  "duration": [
    4.865307807922363,
    4.847449064254761,
    4.80649995803833,
    4.920078277587891,
    4.929439306259155,
    4.8766257762908936,
    4.809274911880493,
    4.843214511871338,
    4.900271415710449,
    4.98546576499939,
    4.946126461029053,
    4.982177972793579,
    4.852773189544678,
    4.885209798812866,
    4.81833815574646,
    4.846849203109741,
    4.8035807609558105,
    4.843770742416382,
    5.001487970352173,
    4.912572383880615
  ],
  "status": 19
}