{
  "gpu": true,
  "device": "gpu",
  "infile": "../matrix/cgne_init_4096_dble_csr.dat",
  "matfile": "../matrix/conf6_0-8x8-20/conf6_0-8x8-20.mtx",
  "k": 0.15717,
  "kc": 0.15717,
  "reordering": true,
  "preconditioning": true,
  "vol": 4096,
  "dim": 49152,
  "lattice": "8x8x8x8",
  "blk_dim": 6144,
  "bs": "8x4x4x4",
  "res": 1e-06,
  "tol": 0.00031353468703945405,
  "nmx": 417,
  "nkv": 7,
  "nmr": 4,
  "ncy": 6,
  "sdtype": "float32",
  "ddtype": "float64",
  "cdtype": "float64",
  "rn": [
    21.46700162618033,
    10.896913683369217,
    6.316007829394223,
    3.642445913841716,
    2.2554582840512007,
    1.405197573679684,
    0.8882472325213842,
    0.8882472300549848,
    0.5588850919613128,
    0.36510713326478267,
    0.2373051039846472,
    0.15303385702478398,
    0.09392765309762643,
    0.05632304849179991,
    0.032712749741825614,
    0.03271275387343866,
    0.0194232616603799,
    0.011515434885947567,
    0.006386867296590368,
    0.004071992819850752,
    0.002554652738932089,
    0.0016816264264636002,
    0.0010769515149757583,
    0.001076951536121986,
    0.0007086000873843906,
    0.0004620992540860419,
    0.0003009798058627558,
    0.00030097980820895993
  ],
  "i": [
    0,
    1,
    2,
    3,
    4,
    5,
    6,
    7,
    8,
    9,
    10,
    11,
    12,
    13,
    14,
    15,
    16,
    17,
    18,
    19,
    20,
    21,
    22,
    23,
    24,
    25,
    26,
    27
  ],
  "reset": [
    7,
    15,
    23,
    27
  ],
  "duration": [
    2.6330370903015137,
    2.474794387817383,
    2.4774792194366455,
    2.463989734649658,
    2.470170259475708,
    2.4642608165740967,
    2.4598090648651123,
    2.4687299728393555,
    2.4726433753967285,
    2.461136817932129,
    2.455329656600952,
    2.4682111740112305,
    2.4657278060913086,
    2.4611058235168457,
    2.461656093597412,
    2.468097448348999,
    2.448662519454956,
    2.466596841812134,
    2.4708056449890137,
    2.461738109588623
  ],
  "status": 24
}