{
  "gpu": false,
  "device": "hybrid",
  "infile": "../matrix/cgne_init_4096_dble_csr.dat",
  "matfile": null,
  "k": 0.0,
  "kc": 0.0,
  "reordering": false,
  "preconditioning": true,
  "vol": 4096,
  "dim": 49152,
  "lattice": "8x8x8x8",
  "blk_dim": 3072,
  "bs": "4x4x4x4",
  "res": 1e-06,
  "tol": 0.0003135346870547978,
  "nmx": 250,
  "nkv": 7,
  "nmr": 10,
  "ncy": 4,
  "sdtype": "float32",
  "ddtype": "float64",
  "cdtype": "float64",
  "rn": [
    55.529397167079225,
    36.376465270696755,
    23.904747056243647,
    14.729382708593874,
    9.722787916044453,
    6.034383580438832,
    3.8708904585080437,
    3.8708904215361573,
    2.5721468944740273,
    1.5567161812673007,
    0.9985014021910067,
    0.60274742349122,
    0.38672484916906064,
    0.24140589990584022,
    0.15448763269897192,
    0.15448763791635248,
    0.10278846804788283,
    0.06145848634483609,
    0.038068206327034074,
    0.02380100777572446,
    0.015491677650295438,
    0.009696318757843153,
    0.006238705077459656,
    0.006238704930031569,
    0.004220521709294317,
    0.0026316595774696786,
    0.001696102088776036,
    0.001064104387856844,
    0.0007001024937979353,
    0.0004442737604753276,
    0.00029410761362824175,
    0.0002941076108868414
  ],
  "i": [
    0,
    1,
    2,
    3,
    4,
    5,
    6,
    7,
    8,
    9,
    10,
    11,
    12,
    13,
    14,
    15,
    16,
    17,
    18,
    19,
    20,
    21,
    22,
    23,
    24,
    25,
    26,
    27,
    28,
    29,
    30,
    31
  ],
  "reset": [
    7,
    15,
    23,
    31
  ],
  "duration": [
    10.222681999206543,
    10.209897518157959,
    10.190946340560913,
    10.196789026260376,
    10.195716142654419,
    10.196122169494629,
    10.191383361816406,
    10.198599338531494,
    10.195500135421753,
    10.198673248291016,
    10.195788860321045,
    10.205612659454346,
    10.195314168930054,
    10.192547798156738,
    10.188171625137329,
    10.190650939941406,
    10.185452222824097,
    10.188227653503418,
    10.192889213562012,
    10.181736707687378
  ],
  "status": 28
}