{
  "gpu": false,
  "device": "hybrid",
  "infile": "../matrix/fgcr_check3_4096_dble_csr.dat",
  "matfile": null,
  "k": 0.0,
  "kc": 0.0,
  "reordering": false,
  "preconditioning": true,
  "vol": 4096,
  "dim": 49152,
  "lattice": "8x8x8x8",
  "blk_dim": 24576,
  "bs": "8x8x8x4",
  "res": 1e-06,
  "tol": 0.00031353468710831124,
  "nmx": 2500,
  "nkv": 7,
  "nmr": 0.5,
  "ncy": 0.5,
  "sdtype": "float32",
  "ddtype": "float64",
  "cdtype": "float64",
  "rn": [
    130.9267800485301,
    33.562324910275,
    15.196515691997186,
    6.584061664515037,
    3.031736481626793,
    1.3596281644896322,
    0.6221411058458287,
    0.6221414710875861,
    0.36894143569927235,
    0.1685682451707678,
    0.07506440610699106,
    0.032865421068673406,
    0.014990250933973435,
    0.005582319795714883,
    0.0024895629874961823,
    0.00248956414469862,
    0.001473389522208315,
    0.0006176054460578509,
    0.00032598204435482287,
    0.00019253248342067543,
    0.00019253248235482682
  ],
  "i": [
    0,
    1,
    2,
    3,
    4,
    5,
    6,
    7,
    8,
    9,
    10,
    11,
    12,
    13,
    14,
    15,
    16,
    17,
    18,
    19,
    20
  ],
  "reset": [
    7,
    15,
    20
  ],
  "duration": [
    1.7039532661437988,
    1.7051427364349365,
    1.7009291648864746,
    1.701965093612671,
    1.7014720439910889,
    1.7005083560943604,
    1.701150894165039,
    1.7017531394958496,
    1.6985085010528564,
    1.6996104717254639,
    1.6996986865997314,
    1.6997644901275635,
    1.6996054649353027,
    1.700228214263916,
    1.6950883865356445,
    1.6936640739440918,
    1.6938426494598389,
    1.6941590309143066,
    1.6935701370239258,
    1.694145917892456
  ],
  "status": 18
}