{
  "gpu": true,
  "device": "gpu",
  "infile": "../matrix/cgne_init_4096_dble_csr.dat",
  "matfile": "../matrix/conf6_0-8x8-20/conf6_0-8x8-20.mtx",
  "k": 0.15,
  "kc": 0.15717,
  "reordering": true,
  "preconditioning": true,
  "vol": 4096,
  "dim": 49152,
  "lattice": "8x8x8x8",
  "blk_dim": 12288,
  "bs": "8x8x4x4",
  "res": 1e-06,
  "tol": 0.0003135346870762468,
  "nmx": 417,
  "nkv": 7,
  "nmr": 4,
  "ncy": 6,
  "sdtype": "float64",
  "ddtype": "float64",
  "cdtype": "float64",
  "rn": [
    6.096453097041816,
    1.0853486474619674,
    0.22145182328958943,
    0.04288718493091116,
    0.009110636958903216,
    0.0019020108617157781,
    0.0003974447013216789,
    0.000397444701321877,
    9.081510109648146e-05,
    9.0815101096118e-05
  ],
  "i": [
    0,
    1,
    2,
    3,
    4,
    5,
    6,
    7,
    8,
    9
  ],
  "reset": [
    7,
    9
  ],
  "duration": [
    0.6022446155548096,
    0.4302663803100586,
    0.43143725395202637,
    0.4319939613342285,
    0.426074743270874,
    0.4303281307220459,
    0.43506646156311035,
    0.4332904815673828,
    0.43116140365600586,
    0.42714715003967285,
    0.4311065673828125,
    0.4360771179199219,
    0.4358234405517578,
    0.4351534843444824,
    0.4337623119354248,
    0.43023109436035156,
    0.42833399772644043,
    0.43254542350769043,
    0.43157339096069336,
    0.43003201484680176
  ],
  "status": 8
}