{
  "gpu": false,
  "device": "cpu",
  "infile": "../matrix/cgne_init_4096_dble_csr.dat",
  "matfile": "../matrix/conf6_0-8x8-30/conf6.0-00l8x8-3000.mtx",
  "k": 0.05,
  "kc": 0.15649,
  "reordering": true,
  "preconditioning": true,
  "vol": 4096,
  "dim": 49152,
  "lattice": "8x8x8x8",
  "blk_dim": 12288,
  "bs": "8x8x4x4",
  "res": 1e-06,
  "tol": 0.0003135346870762468,
  "nmx": 1250,
  "nkv": 7,
  "nmr": 4,
  "ncy": 2,
  "sdtype": "float64",
  "ddtype": "float64",
  "cdtype": "float64",
  "rn": [
    0.05367960869724415,
    2.1857746305720466e-06,
    2.185774630534737e-06
  ],
  "i": [
    0,
    1,
    2
  ],
  "reset": [
    2
  ],
  "duration": [
    0.21002435684204102,
    0.22319531440734863,
    0.20987606048583984,
    0.2260279655456543,
    0.3285520076751709,
    0.2570178508758545,
    0.23985719680786133,
    0.21156787872314453,
    0.3382105827331543,
    0.2933380603790283,
    0.1859297752380371,
    0.3420999050140381,
    0.33661508560180664,
    0.22214722633361816,
    0.3337862491607666,
    0.21125102043151855,
    0.27305150032043457,
    0.20898151397705078,
    0.33612918853759766,
    0.21285510063171387
  ],
  "status": 2
}