{
  "gpu": true,
  "infile": "../matrix/cgne_init_65536_dble_csr.dat",
  "matfile": null,
  "k": 0.0,
  "kc": 0.0,
  "reordering": false,
  "preconditioning": true,
  "vol": 65536,
  "dim": 786048,
  "lattice": "16x16x16x16",
  "blk_dim": 98256,
  "bs": "16x8x8x8",
  "res": 1e-06,
  "tol": 0.0012541387483049871,
  "nmx": 2500,
  "nkv": 7,
  "nmr": 4,
  "ncy": 1,
  "sdtype": "float64",
  "ddtype": "float64",
  "cdtype": "float64",
  "rn": [
    610.7032241233977,
    234.8991189026538,
    104.6208148619479,
    47.70500503985441,
    21.64756963545821,
    10.20891979082311,
    4.788312529885393,
    4.788312529885393,
    2.388743081524859,
    1.1820388485308686,
    0.5689793790764925,
    0.2746499890825394,
    0.1306964306419463,
    0.05705039152026999,
    0.02649657008721222,
    0.026496570087212214,
    0.013116819423277845,
    0.0064632257561378255,
    0.003119650416366083,
    0.001540770030779553,
    0.000746040739722588,
    0.0007460407397225037
  ],
  "i": [
    0,
    1,
    2,
    3,
    4,
    5,
    6,
    7,
    8,
    9,
    10,
    11,
    12,
    13,
    14,
    15,
    16,
    17,
    18,
    19,
    20,
    21
  ],
  "reset": [
    7,
    15,
    21
  ],
  "duration": 1.5990910530090332,
  "status": 19
}