{
  "gpu": true,
  "device": "gpu",
  "infile": "../matrix/cgne_init_4096_dble_csr.dat",
  "matfile": null,
  "k": 0.0,
  "kc": 0.0,
  "reordering": false,
  "preconditioning": true,
  "vol": 4096,
  "dim": 49152,
  "lattice": "8x8x8x8",
  "blk_dim": 24576,
  "bs": "8x8x8x4",
  "res": 1e-06,
  "tol": 0.00031353468703945405,
  "nmx": 2500,
  "nkv": 7,
  "nmr": 1,
  "ncy": 4,
  "sdtype": "float32",
  "ddtype": "float64",
  "cdtype": "float64",
  "rn": [
    118.55265242905557,
    46.24492222856303,
    19.20251903386355,
    8.382525777646185,
    3.8018205445057496,
    1.7708712019827044,
    0.8475199166255052,
    0.84751974227004,
    0.42089692106966353,
    0.213884657242605,
    0.10974228192713459,
    0.05021168195379291,
    0.02447966679276364,
    0.011940559594401877,
    0.005712264030400277,
    0.005712264046197493,
    0.0028950594124197205,
    0.0014775528179378577,
    0.0007542799203162791,
    0.0003560454441896761,
    0.00017790276441212395,
    0.00017790277055541198
  ],
  "i": [
    0,
    1,
    2,
    3,
    4,
    5,
    6,
    7,
    8,
    9,
    10,
    11,
    12,
    13,
    14,
    15,
    16,
    17,
    18,
    19,
    20,
    21
  ],
  "reset": [
    7,
    15,
    21
  ],
  "duration": [
    0.33675503730773926,
    0.17098164558410645,
    0.16910362243652344,
    0.17159366607666016,
    0.1745140552520752,
    0.1719498634338379,
    0.17071080207824707,
    0.17154788970947266,
    0.1702289581298828,
    0.1733686923980713,
    0.17090606689453125,
    0.17124652862548828,
    0.16823577880859375,
    0.16912031173706055,
    0.16784000396728516,
    0.1685802936553955,
    0.16996097564697266,
    0.16898512840270996,
    0.17229819297790527,
    0.16918063163757324
  ],
  "status": 19
}