{
  "gpu": false,
  "device": "cpu",
  "infile": "../matrix/cgne_init_4096_dble_csr.dat",
  "matfile": "../matrix/conf6_0-8x8-20/conf6_0-8x8-20.mtx",
  "k": 0.15,
  "kc": 0.15717,
  "reordering": true,
  "preconditioning": true,
  "vol": 4096,
  "dim": 49152,
  "lattice": "8x8x8x8",
  "blk_dim": 24576,
  "bs": "8x8x8x4",
  "res": 1e-06,
  "tol": 0.0003135346870762468,
  "nmx": 125,
  "nkv": 7,
  "nmr": 4,
  "ncy": 20,
  "sdtype": "float64",
  "ddtype": "float64",
  "cdtype": "float64",
  "rn": [
    0.24799925520748053,
    0.003444640031800124,
    5.132651949634035e-05,
    5.132651949647677e-05
  ],
  "i": [
    0,
    1,
    2,
    3
  ],
  "reset": [
    3
  ],
  "duration": [
    3.4414055347442627,
    3.507763624191284,
    3.2147974967956543,
    3.2894721031188965,
    3.1240217685699463,
    3.401167392730713,
    3.4405651092529297,
    3.3039610385894775,
    3.426795721054077,
    3.5177667140960693,
    3.4194791316986084,
    3.1848013401031494,
    3.3783137798309326,
    3.1705119609832764,
    3.3319265842437744,
    3.111853837966919,
    3.1154987812042236,
    3.2345147132873535,
    2.8942220211029053,
    3.1214497089385986
  ],
  "status": 3
}