{
  "gpu": false,
  "device": "hybrid",
  "infile": "../matrix/fgcr_check3_4096_dble_csr.dat",
  "matfile": null,
  "k": 0.0,
  "kc": 0.0,
  "reordering": false,
  "preconditioning": true,
  "vol": 4096,
  "dim": 49152,
  "lattice": "8x8x8x8",
  "blk_dim": 12288,
  "bs": "8x8x4x4",
  "res": 1e-06,
  "tol": 0.00031353468710831124,
  "nmx": 2500,
  "nkv": 7,
  "nmr": 1,
  "ncy": 4,
  "sdtype": "float32",
  "ddtype": "float64",
  "cdtype": "float32",
  "rn": [
    63.970574303666275,
    32.55146718210051,
    19.020283234778816,
    10.228753537132597,
    5.91052073548413,
    3.2513153726934925,
    1.913744413790091,
    1.913744540530923,
    1.336354588929245,
    0.8099923921183956,
    0.44139801678055024,
    0.2739037795921941,
    0.15273954448580337,
    0.08885805204712609,
    0.042546993309825726,
    0.04254699295074872,
    0.03153000597192866,
    0.018389192924783245,
    0.010109443346176266,
    0.006166925487209792,
    0.0033828414688170795,
    0.002077434627468375,
    0.0011799298855784195,
    0.0011799299208038337,
    0.0008484417968841764,
    0.0005047185252087467,
    0.00028230946579709974,
    0.0002823094663991291
  ],
  "i": [
    0,
    1,
    2,
    3,
    4,
    5,
    6,
    7,
    8,
    9,
    10,
    11,
    12,
    13,
    14,
    15,
    16,
    17,
    18,
    19,
    20,
    21,
    22,
    23,
    24,
    25,
    26,
    27
  ],
  "reset": [
    7,
    15,
    23,
    27
  ],
  "duration": [
    2.6124653816223145,
    2.6129355430603027,
    2.6134443283081055,
    2.6129202842712402,
    2.613903760910034,
    2.6127490997314453,
    2.613783121109009,
    2.6133503913879395,
    2.613661050796509,
    2.612388849258423,
    2.6135990619659424,
    2.613060474395752,
    2.6130027770996094,
    2.613537311553955,
    2.6131272315979004,
    2.613102436065674,
    2.6126816272735596,
    2.611854076385498,
    2.6135635375976562,
    2.6130518913269043
  ],
  "status": 24
}