{
  "gpu": false,
  "infile": "../matrix/cgne_init_4096_dble_csr.dat",
  "matfile": null,
  "k": 0.0,
  "kc": 0.0,
  "reordering": false,
  "preconditioning": true,
  "vol": 4096,
  "dim": 49152,
  "lattice": "8x8x8x8",
  "blk_dim": 12288,
  "bs": "8x8x4x4",
  "res": 1e-06,
  "tol": 0.0003135346870547978,
  "nmx": 2500,
  "nkv": 7,
  "nmr": 1,
  "ncy": 4,
  "sdtype": "float32",
  "ddtype": "float64",
  "cdtype": "float64",
  "rn": [
    118.55172573872576,
    46.24140583557665,
    19.200799196375808,
    8.379876956748944,
    3.798724592724922,
    1.7686417701385622,
    0.8459328829106765,
    0.845932734176364,
    0.41999065652585255,
    0.2133060852765316,
    0.10936527371623468,
    0.049990979612652295,
    0.024362162292263373,
    0.011878082682278763,
    0.00567855650283409,
    0.0056785567927608895,
    0.002873803538638259,
    0.0014637171110461428,
    0.0007444237489465192,
    0.0003501101677293299,
    0.0001737571107183537,
    0.00017375710931356837
  ],
  "i": [
    0,
    1,
    2,
    3,
    4,
    5,
    6,
    7,
    8,
    9,
    10,
    11,
    12,
    13,
    14,
    15,
    16,
    17,
    18,
    19,
    20,
    21
  ],
  "reset": [
    7,
    15,
    21
  ],
  "duration": [
    1.081282138824463,
    1.0865592956542969,
    1.0844779014587402,
    1.081700086593628,
    1.082576036453247,
    1.081803560256958,
    1.081268072128296,
    1.082866907119751,
    1.085369348526001,
    1.084104061126709,
    1.0857698917388916,
    1.085526466369629,
    1.0836882591247559,
    1.0846898555755615,
    1.083686351776123,
    1.0816411972045898,
    1.0823876857757568,
    1.083977460861206,
    1.0854082107543945,
    1.0849287509918213
  ],
  "status": 19
}