{
  "gpu": true,
  "device": "gpu",
  "infile": "../matrix/cgne_init_4096_dble_csr.dat",
  "matfile": "../matrix/conf6_0-8x8-20/conf6_0-8x8-20.mtx",
  "k": 0.15717,
  "kc": 0.15717,
  "reordering": true,
  "preconditioning": true,
  "vol": 4096,
  "dim": 49152,
  "lattice": "8x8x8x8",
  "blk_dim": 3072,
  "bs": "4x4x4x4",
  "res": 1e-06,
  "tol": 0.00031353468703945405,
  "nmx": 250,
  "nkv": 7,
  "nmr": 4,
  "ncy": 10,
  "sdtype": "float32",
  "ddtype": "float64",
  "cdtype": "float64",
  "rn": [
    17.474660936286096,
    10.207429108114434,
    6.892311527237594,
    4.631547845733548,
    3.0810695997113933,
    2.032170134875924,
    1.5174174430994594,
    1.5174175459440986,
    1.2371317359017122,
    1.0106984317715553,
    0.7808158170699401,
    0.5366193684734952,
    0.37335624426944464,
    0.24147479287389065,
    0.16871617204060205,
    0.16871616651129578,
    0.12612281920904275,
    0.09415712232711536,
    0.06938082185183042,
    0.05559967902874516,
    0.043906572454514126,
    0.034757254481257646,
    0.025169243285703954,
    0.02516924369396598,
    0.01808137614633664,
    0.014433245516090345,
    0.010478798040664306,
    0.007443499757039311,
    0.004538044335253,
    0.0027657378498994107,
    0.0018976045269133333,
    0.0018976044879689242,
    0.0013875631836918912,
    0.0010470493433146588,
    0.0008253025818078147,
    0.0006731652278584912,
    0.0005199877459542164,
    0.0004135033047760067,
    0.0002852122562767564,
    0.00028521225908295525
  ],
  "i": [
    0,
    1,
    2,
    3,
    4,
    5,
    6,
    7,
    8,
    9,
    10,
    11,
    12,
    13,
    14,
    15,
    16,
    17,
    18,
    19,
    20,
    21,
    22,
    23,
    24,
    25,
    26,
    27,
    28,
    29,
    30,
    31,
    32,
    33,
    34,
    35,
    36,
    37,
    38,
    39
  ],
  "reset": [
    7,
    15,
    23,
    31,
    39
  ],
  "duration": [
    11.942065954208374,
    11.77028751373291,
    11.760324478149414,
    11.780661344528198,
    11.762906312942505,
    11.759767055511475,
    11.771945714950562,
    11.788127422332764,
    11.745298147201538,
    11.775403022766113,
    11.74799919128418,
    11.775214910507202,
    11.7880539894104,
    11.775855541229248,
    11.776664972305298,
    11.775594472885132,
    11.746129274368286,
    11.770350933074951,
    11.764644145965576,
    11.785296201705933
  ],
  "status": 35
}