{
  "gpu": false,
  "device": "cpu",
  "infile": "../matrix/cgne_init_4096_dble_csr.dat",
  "matfile": "../matrix/conf6_0-8x8-20/conf6_0-8x8-20.mtx",
  "k": 0.15,
  "kc": 0.15717,
  "reordering": true,
  "preconditioning": true,
  "vol": 4096,
  "dim": 49152,
  "lattice": "8x8x8x8",
  "blk_dim": 24576,
  "bs": "8x8x8x4",
  "res": 1e-06,
  "tol": 0.0003135346870547978,
  "nmx": 417,
  "nkv": 7,
  "nmr": 6,
  "ncy": 4,
  "sdtype": "float32",
  "ddtype": "float64",
  "cdtype": "float64",
  "rn": [
    6.920588594094854,
    1.3287198534090565,
    0.285532995380476,
    0.06400866587705059,
    0.015305878715365534,
    0.003599542090573727,
    0.0009104997900982914,
    0.0009125513866567818,
    0.00022955224651447295,
    0.00022955224492734262
  ],
  "i": [
    0,
    1,
    2,
    3,
    4,
    5,
    6,
    7,
    8,
    9
  ],
  "reset": [
    7,
    9
  ],
  "duration": [
    2.0733842849731445,
    2.075239658355713,
    2.07128643989563,
    2.072417736053467,
    2.0745363235473633,
    2.0747551918029785,
    2.0720911026000977,
    2.074310779571533,
    2.075054883956909,
    2.077406883239746,
    2.0733468532562256,
    2.072479486465454,
    2.0739424228668213,
    2.074557065963745,
    2.073270082473755,
    2.0748870372772217,
    2.074024200439453,
    2.073108673095703,
    2.0723893642425537,
    2.0701334476470947
  ],
  "status": 8
}