{
  "gpu": true,
  "device": "gpu",
  "infile": "../matrix/cgne_init_4096_dble_csr.dat",
  "matfile": "../matrix/conf6_0-8x8-30/conf6.0-00l8x8-3000.mtx",
  "k": 0.05,
  "kc": 0.15649,
  "reordering": false,
  "preconditioning": false,
  "vol": 4096,
  "dim": 49152,
  "lattice": "8x8x8x8",
  "blk_dim": 3072,
  "bs": "4x4x4x4",
  "res": 1e-06,
  "tol": 0.00031353468703945405,
  "nmx": 10000,
  "nkv": 7,
  "nmr": 0,
  "ncy": 0,
  "sdtype": "float32",
  "ddtype": "float64",
  "cdtype": "float32",
  "rn": [
    61.62500505118144,
    13.571582821701847,
    3.2152912246140946,
    0.781650209520944,
    0.19458505984364188,
    0.04872017680451426,
    0.012307519243136611,
    0.012307408911268077,
    0.0032385743327133882,
    0.0008040880813260864,
    0.0002080118291138019,
    0.000208011828546964
  ],
  "i": [
    0,
    1,
    2,
    3,
    4,
    5,
    6,
    7,
    8,
    9,
    10,
    11
  ],
  "reset": [
    7,
    11
  ],
  "duration": [
    0.223891019821167,
    0.015453100204467773,
    0.015171051025390625,
    0.014911413192749023,
    0.014841079711914062,
    0.01490926742553711,
    0.016944408416748047,
    0.01488041877746582,
    0.014876842498779297,
    0.014969348907470703,
    0.014831304550170898,
    0.014948844909667969,
    0.014882802963256836,
    0.014880180358886719,
    0.014732122421264648,
    0.014914274215698242,
    0.01486659049987793,
    0.014672517776489258,
    0.014704227447509766,
    0.014710426330566406
  ],
  "status": 10
}