{
  "gpu": true,
  "device": "gpu",
  "infile": "../matrix/cgne_init_4096_dble_csr.dat",
  "matfile": "../matrix/conf6_0-8x8-30/conf6.0-00l8x8-3000.mtx",
  "k": 0.05,
  "kc": 0.15649,
  "reordering": true,
  "preconditioning": true,
  "vol": 4096,
  "dim": 49152,
  "lattice": "8x8x8x8",
  "blk_dim": 24576,
  "bs": "8x8x8x4",
  "res": 1e-06,
  "tol": 0.00031353468703945405,
  "nmx": 417,
  "nkv": 7,
  "nmr": 2,
  "ncy": 12,
  "sdtype": "float32",
  "ddtype": "float64",
  "cdtype": "float64",
  "rn": [
    7.961069616013131e-06,
    3.3910466455337455e-05
  ],
  "i": [
    0,
    1
  ],
  "reset": [
    1
  ],
  "duration": [
    0.03779482841491699,
    0.036577701568603516,
    0.036223411560058594,
    0.03591036796569824,
    0.035703182220458984,
    0.03582572937011719,
    0.03572535514831543,
    0.03573274612426758,
    0.0358579158782959,
    0.03664112091064453,
    0.0360112190246582,
    0.035910844802856445,
    0.03610730171203613,
    0.036090850830078125,
    0.03606820106506348,
    0.035996437072753906,
    0.03606915473937988,
    0.035912513732910156,
    0.03609943389892578,
    0.03579354286193848
  ],
  "status": 1
}