{
  "gpu": true,
  "device": "gpu",
  "infile": "../matrix/cgne_init_4096_dble_csr.dat",
  "matfile": null,
  "k": 0.0,
  "kc": 0.0,
  "reordering": false,
  "preconditioning": true,
  "vol": 4096,
  "dim": 49152,
  "lattice": "8x8x8x8",
  "blk_dim": 3072,
  "bs": "4x4x4x4",
  "res": 1e-06,
  "tol": 0.00031353468703945405,
  "nmx": 125,
  "nkv": 7,
  "nmr": 4,
  "ncy": 20,
  "sdtype": "float32",
  "ddtype": "float64",
  "cdtype": "float64",
  "rn": [
    23.82144501727999,
    6.827570285070728,
    2.3737659971499836,
    0.9730730953343218,
    0.3353119359404997,
    0.0952096423221674,
    0.025676111277573337,
    0.02567590847238676,
    0.006514073955063056,
    0.0020611443981610237,
    0.0006497264049821784,
    0.00018660719685979074,
    0.00018660718132934662
  ],
  "i": [
    0,
    1,
    2,
    3,
    4,
    5,
    6,
    7,
    8,
    9,
    10,
    11,
    12
  ],
  "reset": [
    7,
    12
  ],
  "duration": [
    7.5171849727630615,
    7.353233575820923,
    7.314857721328735,
    7.296329498291016,
    7.310937404632568,
    7.278080701828003,
    7.3048095703125,
    7.284431457519531,
    7.2963292598724365,
    7.306897163391113,
    7.321552991867065,
    7.297162771224976,
    7.286098480224609,
    7.276463747024536,
    7.279273509979248,
    7.3039329051971436,
    7.282272100448608,
    7.2851035594940186,
    7.308586597442627,
    7.282398462295532
  ],
  "status": 11
}