{
  "gpu": false,
  "infile": "../matrix/cgne_init_65536_dble_csr.dat",
  "matfile": null,
  "k": 0.0,
  "kc": 0.0,
  "reordering": false,
  "preconditioning": true,
  "vol": 65536,
  "dim": 786048,
  "lattice": "16x16x16x16",
  "blk_dim": 24564,
  "bs": "8x8x8x4",
  "res": 1e-06,
  "tol": 0.0012541387482794752,
  "nmx": 2500,
  "nkv": 7,
  "nmr": 4,
  "ncy": 1,
  "sdtype": "float32",
  "ddtype": "float64",
  "cdtype": "float64",
  "rn": [
    610.6802952238706,
    234.88497981159634,
    104.61068351416051,
    47.69867959046292,
    21.644177068748274,
    10.20705319650406,
    4.787188169081003,
    4.787188188857953,
    2.3880012564974056,
    1.18157601170432,
    0.5687539810726764,
    0.2745000702596799,
    0.1306070137953733,
    0.057015137814792526,
    0.026473060521748266,
    0.026473060121332066,
    0.013101085872284658,
    0.006452666165399497,
    0.003114255744571205,
    0.0015364085186245872,
    0.0007431495782686658,
    0.0007431495779714714
  ],
  "i": [
    0,
    1,
    2,
    3,
    4,
    5,
    6,
    7,
    8,
    9,
    10,
    11,
    12,
    13,
    14,
    15,
    16,
    17,
    18,
    19,
    20,
    21
  ],
  "reset": [
    7,
    15,
    21
  ],
  "duration": 6.966497182846069,
  "status": 19
}