{
  "gpu": false,
  "infile": "../matrix/cgne_init_4096_dble_csr.dat",
  "matfile": "../matrix/conf6_0-8x8-20/conf6_0-8x8-20.mtx",
  "k": 0.15,
  "kc": 0.15717,
  "reordering": true,
  "preconditioning": true,
  "vol": 4096,
  "dim": 49152,
  "lattice": "8x8x8x8",
  "blk_dim": 3072,
  "bs": "4x4x4x4",
  "res": 1e-06,
  "tol": 0.0003135346870547978,
  "nmx": 500,
  "nkv": 7,
  "nmr": 4,
  "ncy": 5,
  "sdtype": "float32",
  "ddtype": "float64",
  "cdtype": "float64",
  "rn": [
    10.201604419949424,
    2.1795483496827486,
    0.535795476898275,
    0.14436695310032055,
    0.03908192649399316,
    0.010990977826933528,
    0.0030682017009169295,
    0.0030689353145645043,
    0.0009199774688508176,
    0.00026751386440625755,
    0.00026751386591450664
  ],
  "i": [
    0,
    1,
    2,
    3,
    4,
    5,
    6,
    7,
    8,
    9,
    10
  ],
  "reset": [
    7,
    10
  ],
  "duration": 1.6132781505584717,
  "status": 9
}