{
  "gpu": true,
  "device": "gpu",
  "infile": "../matrix/cgne_init_4096_dble_csr.dat",
  "matfile": "../matrix/conf6_0-8x8-30/conf6.0-00l8x8-3000.mtx",
  "k": 0.15649,
  "kc": 0.15649,
  "reordering": true,
  "preconditioning": true,
  "vol": 4096,
  "dim": 49152,
  "lattice": "8x8x8x8",
  "blk_dim": 12288,
  "bs": "8x8x4x4",
  "res": 1e-06,
  "tol": 0.00031353468703945405,
  "nmx": 417,
  "nkv": 7,
  "nmr": 4,
  "ncy": 6,
  "sdtype": "float32",
  "ddtype": "float64",
  "cdtype": "float64",
  "rn": [
    16.470680526679722,
    8.324832512229117,
    4.848968715939195,
    3.01854262327835,
    1.815035336854509,
    1.1193946174048122,
    0.7181005378353367,
    0.7181006458783097,
    0.4793696057696155,
    0.33635878159958915,
    0.22537505017508455,
    0.1342319198502093,
    0.07845735533034043,
    0.05018056578429596,
    0.03347819391386754,
    0.03347819488794795,
    0.022533770957024662,
    0.0159790043124932,
    0.010566021410121489,
    0.006996848607750521,
    0.004644328744965183,
    0.0030902470452785842,
    0.001806606566231804,
    0.0018066066612551178,
    0.0011016033045222033,
    0.0006688389116148946,
    0.00048167992816890355,
    0.00033620780040035514,
    0.00022556831454111645,
    0.00022556831709669378
  ],
  "i": [
    0,
    1,
    2,
    3,
    4,
    5,
    6,
    7,
    8,
    9,
    10,
    11,
    12,
    13,
    14,
    15,
    16,
    17,
    18,
    19,
    20,
    21,
    22,
    23,
    24,
    25,
    26,
    27,
    28,
    29
  ],
  "reset": [
    7,
    15,
    23,
    29
  ],
  "duration": [
    1.5837864875793457,
    1.4161953926086426,
    1.4234895706176758,
    1.4059858322143555,
    1.4062800407409668,
    1.4117672443389893,
    1.411546230316162,
    1.4237086772918701,
    1.4109878540039062,
    1.4043035507202148,
    1.4079782962799072,
    1.4077510833740234,
    1.4174699783325195,
    1.4101824760437012,
    1.4292526245117188,
    1.4007527828216553,
    1.4255216121673584,
    1.4110949039459229,
    1.4084270000457764,
    1.4083168506622314
  ],
  "status": 26
}