{
  "gpu": false,
  "device": "hybrid",
  "infile": "../matrix/cgne_init_4096_dble_csr.dat",
  "matfile": "../matrix/conf6_0-8x8-30/conf6.0-00l8x8-3000.mtx",
  "k": 0.15649,
  "kc": 0.15649,
  "reordering": true,
  "preconditioning": true,
  "vol": 4096,
  "dim": 49152,
  "lattice": "8x8x8x8",
  "blk_dim": 6144,
  "bs": "8x4x4x4",
  "res": 1e-06,
  "tol": 0.0003135346870762468,
  "nmx": 417,
  "nkv": 7,
  "nmr": 6,
  "ncy": 4,
  "sdtype": "float64",
  "ddtype": "float64",
  "cdtype": "float64",
  "rn": [
    23.116542903085808,
    10.152611684615811,
    5.129550751020675,
    3.0749319219096276,
    2.1002851754081173,
    1.2913692811500808,
    0.7946615869777327,
    0.7946615869777319,
    0.5426386042904692,
    0.39446258004848567,
    0.2466811594686299,
    0.15207543874700627,
    0.0945391903386369,
    0.0578999302614268,
    0.03492692963056148,
    0.03492692963056168,
    0.024458783916510286,
    0.01792690688544413,
    0.012279746202175484,
    0.008475617644594233,
    0.005738905322850714,
    0.003921884910011364,
    0.002355138708672105,
    0.002355138708672269,
    0.0014453736263016503,
    0.0009190751529561017,
    0.000622461126412318,
    0.0004608307409264707,
    0.00033249130860591244,
    0.0002321308151624483,
    0.00023213081516260199
  ],
  "i": [
    0,
    1,
    2,
    3,
    4,
    5,
    6,
    7,
    8,
    9,
    10,
    11,
    12,
    13,
    14,
    15,
    16,
    17,
    18,
    19,
    20,
    21,
    22,
    23,
    24,
    25,
    26,
    27,
    28,
    29,
    30
  ],
  "reset": [
    7,
    15,
    23,
    30
  ],
  "duration": [
    3.9638235569000244,
    4.121171712875366,
    4.008175373077393,
    3.905893087387085,
    3.954454183578491,
    4.023282766342163,
    3.921311855316162,
    4.006876707077026,
    4.134994745254517,
    4.015319585800171,
    3.952993631362915,
    3.8490958213806152,
    3.9247262477874756,
    4.102346897125244,
    4.2034807205200195,
    4.032728672027588,
    3.986081838607788,
    4.068183660507202,
    4.080491542816162,
    4.115285396575928
  ],
  "status": 27
}