{
  "gpu": false,
  "device": "hybrid",
  "infile": "../matrix/cgne_init_4096_dble_csr.dat",
  "matfile": "../matrix/conf6_0-8x8-30/conf6.0-00l8x8-3000.mtx",
  "k": 0.05,
  "kc": 0.15649,
  "reordering": true,
  "preconditioning": true,
  "vol": 4096,
  "dim": 49152,
  "lattice": "8x8x8x8",
  "blk_dim": 24576,
  "bs": "8x8x8x4",
  "res": 1e-06,
  "tol": 0.0003135346870547978,
  "nmx": 417,
  "nkv": 7,
  "nmr": 6,
  "ncy": 4,
  "sdtype": "float32",
  "ddtype": "float64",
  "cdtype": "float64",
  "rn": [
    2.4165616671559835e-05,
    3.410910369615298e-05
  ],
  "i": [
    0,
    1
  ],
  "reset": [
    1
  ],
  "duration": [
    0.046090126037597656,
    0.04590272903442383,
    0.04597139358520508,
    0.04632282257080078,
    0.04601597785949707,
    0.04648470878601074,
    0.04622459411621094,
    0.045917510986328125,
    0.04584789276123047,
    0.045964717864990234,
    0.04615163803100586,
    0.04645514488220215,
    0.04633069038391113,
    0.0464022159576416,
    0.0460658073425293,
    0.04589223861694336,
    0.04620194435119629,
    0.0467376708984375,
    0.04607033729553223,
    0.04593181610107422
  ],
  "status": 1
}