{
  "gpu": true,
  "device": "gpu",
  "infile": "../matrix/cgne_init_65536_dble_csr.dat",
  "matfile": null,
  "k": 0.0,
  "kc": 0.0,
  "reordering": false,
  "preconditioning": true,
  "vol": 65536,
  "dim": 786048,
  "lattice": "16x16x16x16",
  "blk_dim": 196512,
  "bs": "16x16x8x8",
  "res": 1e-06,
  "tol": 0.0012541387482808122,
  "nmx": 625,
  "nkv": 7,
  "nmr": 8,
  "ncy": 2,
  "sdtype": "float32",
  "ddtype": "float64",
  "cdtype": "float32",
  "rn": [
    714.6605971044293,
    472.18394048113146,
    301.1312187470007,
    188.35826406975409,
    116.96277551970245,
    73.22190437932063,
    47.01314201265984,
    47.013141898497295,
    31.060116199471263,
    21.22190540623679,
    14.772365168991143,
    10.615083366820757,
    7.783641129705355,
    5.776582468656394,
    4.332156310936544,
    4.332156329062848,
    3.247567312325448,
    2.4879936947493198,
    1.8748454507852927,
    1.4465770934670004,
    1.0740683199982228,
    0.787281913881024,
    0.5878241587845269,
    0.5878241636631703,
    0.43195165075796954,
    0.32792414839391254,
    0.246132567665744,
    0.18923501601312218,
    0.14312998728485826,
    0.10641487337611565,
    0.0803535426954022,
    0.08035354229397533,
    0.05983442392121663,
    0.04580454298304181,
    0.03448044393781151,
    0.026603101735790627,
    0.020090966601548403,
    0.014927771841137383,
    0.011277079964241203,
    0.011277079838650986,
    0.008372582475007084,
    0.006402911748531866,
    0.004820164714067088,
    0.0037193634218555486,
    0.0028153132113005203,
    0.0020989006666928376,
    0.001589321887729186,
    0.0015893218667025837,
    0.0011862053120499365,
    0.001186205313896272
  ],
  "i": [
    0,
    1,
    2,
    3,
    4,
    5,
    6,
    7,
    8,
    9,
    10,
    11,
    12,
    13,
    14,
    15,
    16,
    17,
    18,
    19,
    20,
    21,
    22,
    23,
    24,
    25,
    26,
    27,
    28,
    29,
    30,
    31,
    32,
    33,
    34,
    35,
    36,
    37,
    38,
    39,
    40,
    41,
    42,
    43,
    44,
    45,
    46,
    47,
    48,
    49
  ],
  "reset": [
    7,
    15,
    23,
    31,
    39,
    47,
    49
  ],
  "duration": [
    2.1875483989715576,
    2.0135324001312256,
    2.0111634731292725,
    2.010962963104248,
    2.0154600143432617,
    2.0195505619049072,
    2.020084857940674,
    2.01994252204895,
    2.0190742015838623,
    2.0223636627197266,
    2.0244760513305664,
    2.0180747509002686,
    2.018162250518799,
    2.0173511505126953,
    2.0204527378082275,
    2.019895076751709,
    2.0196895599365234,
    2.0200889110565186,
    2.0221755504608154,
    2.0202221870422363
  ],
  "status": 43
}