{
  "gpu": true,
  "device": "gpu",
  "infile": "../matrix/cgne_init_4096_dble_csr.dat",
  "matfile": "../matrix/conf6_0-8x8-30/conf6.0-00l8x8-3000.mtx",
  "k": 0.05,
  "kc": 0.15649,
  "reordering": true,
  "preconditioning": true,
  "vol": 4096,
  "dim": 49152,
  "lattice": "8x8x8x8",
  "blk_dim": 12288,
  "bs": "8x8x4x4",
  "res": 1e-06,
  "tol": 0.0003135346870762468,
  "nmx": 417,
  "nkv": 7,
  "nmr": 12,
  "ncy": 2,
  "sdtype": "float64",
  "ddtype": "float64",
  "cdtype": "float64",
  "rn": [
    0.004747749239929424,
    5.837550836532189e-10,
    5.837552574896553e-10
  ],
  "i": [
    0,
    1,
    2
  ],
  "reset": [
    2
  ],
  "duration": [
    0.26209473609924316,
    0.09869813919067383,
    0.09601473808288574,
    0.09680056571960449,
    0.09715390205383301,
    0.0987846851348877,
    0.0984194278717041,
    0.09664034843444824,
    0.09555578231811523,
    0.09887003898620605,
    0.09655332565307617,
    0.09656572341918945,
    0.09960603713989258,
    0.0990898609161377,
    0.0964210033416748,
    0.09739398956298828,
    0.09887909889221191,
    0.09917640686035156,
    0.10080409049987793,
    0.09887027740478516
  ],
  "status": 2
}