{
  "gpu": true,
  "infile": "../matrix/cgne_init_65536_dble_csr.dat",
  "matfile": null,
  "k": 0.0,
  "kc": 0.0,
  "reordering": false,
  "preconditioning": true,
  "vol": 65536,
  "dim": 786048,
  "lattice": "16x16x16x16",
  "blk_dim": 49128,
  "bs": "8x8x8x8",
  "res": 1e-06,
  "tol": 0.0012541387483049871,
  "nmx": 500,
  "nkv": 7,
  "nmr": 4,
  "ncy": 5,
  "sdtype": "float64",
  "ddtype": "float64",
  "cdtype": "float64",
  "rn": [
    399.24211244228036,
    145.68603378596703,
    54.29972573620867,
    20.596095133649776,
    7.950040905070609,
    3.1269963238122775,
    1.2505984339309881,
    1.250598433930988,
    0.5124723643188368,
    0.20882732809585403,
    0.08114473971520944,
    0.030350418722083907,
    0.011155410035309017,
    0.004042744778321093,
    0.001454424615986078,
    0.0014544246159858703,
    0.0005903950279821178,
    0.0005903950279821075
  ],
  "i": [
    0,
    1,
    2,
    3,
    4,
    5,
    6,
    7,
    8,
    9,
    10,
    11,
    12,
    13,
    14,
    15,
    16,
    17
  ],
  "reset": [
    7,
    15,
    17
  ],
  "duration": 3.831359386444092,
  "status": 15
}