{
  "gpu": true,
  "device": "gpu",
  "infile": "../matrix/cgne_init_65536_dble_csr.dat",
  "matfile": null,
  "k": 0.0,
  "kc": 0.0,
  "reordering": false,
  "preconditioning": true,
  "vol": 65536,
  "dim": 786048,
  "lattice": "16x16x16x16",
  "blk_dim": 393024,
  "bs": "16x16x16x8",
  "res": 1e-06,
  "tol": 0.0012541387483049871,
  "nmx": 2500,
  "nkv": 7,
  "nmr": 4,
  "ncy": 1,
  "sdtype": "float64",
  "ddtype": "float64",
  "cdtype": "float64",
  "rn": [
    610.708795884689,
    234.90228722698504,
    104.62214843383897,
    47.70608295288395,
    21.648338307470024,
    10.209413580119342,
    4.7885420460804236,
    4.788542046080424,
    2.3889548099669535,
    1.1821396138225193,
    0.5690173489877624,
    0.2746820804279108,
    0.13071339175881705,
    0.057054022784947034,
    0.026499360129795004,
    0.026499360129794893,
    0.01311977521033761,
    0.006465386265061284,
    0.0031203495370669076,
    0.0015424891649792195,
    0.0007470740244707985,
    0.0007470740244705419
  ],
  "i": [
    0,
    1,
    2,
    3,
    4,
    5,
    6,
    7,
    8,
    9,
    10,
    11,
    12,
    13,
    14,
    15,
    16,
    17,
    18,
    19,
    20,
    21
  ],
  "reset": [
    7,
    15,
    21
  ],
  "duration": [
    0.560631275177002,
    0.39740729331970215,
    0.39666199684143066,
    0.39678215980529785,
    0.3959794044494629,
    0.39751100540161133,
    0.3967559337615967,
    0.39622068405151367,
    0.3961062431335449,
    0.3974742889404297,
    0.39641332626342773,
    0.3966183662414551,
    0.39782023429870605,
    0.39772534370422363,
    0.39646220207214355,
    0.39626502990722656,
    0.39720797538757324,
    0.39726901054382324,
    0.3975410461425781,
    0.3970012664794922
  ],
  "status": 19
}