{
  "gpu": true,
  "device": "gpu",
  "infile": "../matrix/cgne_init_4096_dble_csr.dat",
  "matfile": null,
  "k": 0.0,
  "kc": 0.0,
  "reordering": false,
  "preconditioning": true,
  "vol": 4096,
  "dim": 49152,
  "lattice": "8x8x8x8",
  "blk_dim": 24576,
  "bs": "8x8x8x4",
  "res": 1e-06,
  "tol": 0.00031353468703945405,
  "nmx": 2500,
  "nkv": 7,
  "nmr": 0.5,
  "ncy": 0.5,
  "sdtype": "float32",
  "ddtype": "float64",
  "cdtype": "float32",
  "rn": [
    117.79640499068991,
    51.95730305165656,
    14.126769398295858,
    6.659063007500642,
    3.65772632177529,
    1.7754154088219436,
    0.7428146127717602,
    0.7428143141320042,
    0.4835465476519429,
    0.3399473091023657,
    0.15801552961295204,
    0.07496200124026076,
    0.03576800447788004,
    0.01687042650881676,
    0.00867410142694813,
    0.008674101605713263,
    0.004075520266403146,
    0.001836245452476734,
    0.0013283931447914147,
    0.0007769751804686443,
    0.00031509692085104646,
    0.0001536679244766969,
    0.00015366792604559689
  ],
  "i": [
    0,
    1,
    2,
    3,
    4,
    5,
    6,
    7,
    8,
    9,
    10,
    11,
    12,
    13,
    14,
    15,
    16,
    17,
    18,
    19,
    20,
    21,
    22
  ],
  "reset": [
    7,
    15,
    22
  ],
  "duration": [
    0.4141840934753418,
    0.24939370155334473,
    0.253664493560791,
    0.24936366081237793,
    0.2467811107635498,
    0.24600005149841309,
    0.246138334274292,
    0.2512643337249756,
    0.251204252243042,
    0.24634718894958496,
    0.2502877712249756,
    0.2518162727355957,
    0.24684786796569824,
    0.24641799926757812,
    0.252152681350708,
    0.2496042251586914,
    0.2522428035736084,
    0.24889349937438965,
    0.2484292984008789,
    0.2480301856994629
  ],
  "status": 20
}