{
  "gpu": false,
  "device": "hybrid",
  "infile": "../matrix/cgne_init_4096_dble_csr.dat",
  "matfile": "../matrix/conf6_0-8x8-20/conf6_0-8x8-20.mtx",
  "k": 0.15,
  "kc": 0.15717,
  "reordering": true,
  "preconditioning": true,
  "vol": 4096,
  "dim": 49152,
  "lattice": "8x8x8x8",
  "blk_dim": 6144,
  "bs": "8x4x4x4",
  "res": 1e-06,
  "tol": 0.0003135346870547978,
  "nmx": 417,
  "nkv": 7,
  "nmr": 6,
  "ncy": 4,
  "sdtype": "float32",
  "ddtype": "float64",
  "cdtype": "float64",
  "rn": [
    10.393592236958947,
    2.0061252077317975,
    0.4597098913213891,
    0.11593927846047429,
    0.029480247972652845,
    0.007735204579808943,
    0.001997808319875741,
    0.0019985993932349704,
    0.0005422557222694676,
    0.00014532921162819671,
    0.0001453292139505943
  ],
  "i": [
    0,
    1,
    2,
    3,
    4,
    5,
    6,
    7,
    8,
    9,
    10
  ],
  "reset": [
    7,
    10
  ],
  "duration": [
    1.1335058212280273,
    1.1357731819152832,
    1.1330628395080566,
    1.1331613063812256,
    1.1336467266082764,
    1.133847713470459,
    1.1327824592590332,
    1.134399175643921,
    1.134434461593628,
    1.1351561546325684,
    1.1329874992370605,
    1.1328396797180176,
    1.1324951648712158,
    1.1346087455749512,
    1.134570837020874,
    1.1339669227600098,
    1.1350452899932861,
    1.133000135421753,
    1.1349434852600098,
    1.134817123413086
  ],
  "status": 9
}