{
  "gpu": true,
  "device": "gpu",
  "infile": "../matrix/cgne_init_65536_dble_csr.dat",
  "matfile": null,
  "k": 0.0,
  "kc": 0.0,
  "reordering": false,
  "preconditioning": true,
  "vol": 65536,
  "dim": 786048,
  "lattice": "16x16x16x16",
  "blk_dim": 196512,
  "bs": "16x16x8x8",
  "res": 1e-06,
  "tol": 0.0012541387482808122,
  "nmx": 1250,
  "nkv": 7,
  "nmr": 2,
  "ncy": 4,
  "sdtype": "float32",
  "ddtype": "float64",
  "cdtype": "float32",
  "rn": [
    565.7990281020409,
    272.5271983721557,
    120.22343059780364,
    52.48312544070952,
    23.145512358456774,
    10.30090861163985,
    4.632813970299041,
    4.6328140364691475,
    2.5635661205610343,
    1.0595399935420236,
    0.4542327776750795,
    0.19940439580288682,
    0.09280434175804324,
    0.04368951146080063,
    0.0199756712248142,
    0.01997567042575648,
    0.011001633449796181,
    0.005021829499683035,
    0.0020989821819963742,
    0.000949291917016771,
    0.0009492918913333761
  ],
  "i": [
    0,
    1,
    2,
    3,
    4,
    5,
    6,
    7,
    8,
    9,
    10,
    11,
    12,
    13,
    14,
    15,
    16,
    17,
    18,
    19,
    20
  ],
  "reset": [
    7,
    15,
    20
  ],
  "duration": [
    0.7485969066619873,
    0.5813250541687012,
    0.5803971290588379,
    0.5814864635467529,
    0.5842642784118652,
    0.5823297500610352,
    0.5798733234405518,
    0.5805714130401611,
    0.5816178321838379,
    0.5808334350585938,
    0.5790870189666748,
    0.5803017616271973,
    0.5806643962860107,
    0.580559492111206,
    0.5822935104370117,
    0.580176591873169,
    0.580935001373291,
    0.5812535285949707,
    0.5815248489379883,
    0.5800161361694336
  ],
  "status": 18
}