{
  "gpu": false,
  "infile": "../matrix/cgne_init_65536_dble_csr.dat",
  "matfile": null,
  "k": 0.0,
  "kc": 0.0,
  "reordering": false,
  "preconditioning": true,
  "vol": 65536,
  "dim": 786048,
  "lattice": "16x16x16x16",
  "blk_dim": 12282,
  "bs": "8x8x4x4",
  "res": 1e-06,
  "tol": 0.0012541387483049865,
  "nmx": 625,
  "nkv": 7,
  "nmr": 8,
  "ncy": 2,
  "sdtype": "float64",
  "ddtype": "float64",
  "cdtype": "float64",
  "rn": [
    714.4052926976718,
    471.79285555480953,
    300.68114411690595,
    188.0020599341115,
    116.67645028029548,
    72.98372981912122,
    46.73121236496342,
    46.731212364963426,
    30.641831525071066,
    20.61627399062524,
    13.96147446093845,
    9.627294801058916,
    6.726280516988657,
    4.721621268457004,
    3.3442450580943266,
    3.344245058094328,
    2.372279706551508,
    1.712526601962973,
    1.2174070500807905,
    0.8803513572123587,
    0.6326382541107172,
    0.4470589603944713,
    0.31851656155937774,
    0.31851656155937763,
    0.22780915858032494,
    0.16564267500072144,
    0.11860308632106877,
    0.0863493661424573,
    0.06281154876176916,
    0.04477131763429254,
    0.03226834511037065,
    0.032268345110370474,
    0.023275005104233488,
    0.017006046263159713,
    0.012257150648692813,
    0.00895225922459818,
    0.0065172244407982315,
    0.004654398458541527,
    0.00334897287284467,
    0.0033489728728438462,
    0.0024207219796959297,
    0.0017749333377818247,
    0.0012794089766667502,
    0.0009366780858219007,
    0.0009366780858219192
  ],
  "i": [
    0,
    1,
    2,
    3,
    4,
    5,
    6,
    7,
    8,
    9,
    10,
    11,
    12,
    13,
    14,
    15,
    16,
    17,
    18,
    19,
    20,
    21,
    22,
    23,
    24,
    25,
    26,
    27,
    28,
    29,
    30,
    31,
    32,
    33,
    34,
    35,
    36,
    37,
    38,
    39,
    40,
    41,
    42,
    43,
    44
  ],
  "reset": [
    7,
    15,
    23,
    31,
    39,
    44
  ],
  "duration": [
    47.71460771560669,
    47.65386366844177,
    47.53556036949158,
    47.82564377784729,
    48.850894927978516,
    48.89822006225586,
    47.65145516395569,
    47.9896776676178,
    47.735968589782715,
    47.59653949737549,
    48.29035949707031,
    46.955493688583374,
    47.22332429885864,
    47.80951952934265,
    48.07713532447815,
    48.44837975502014,
    47.40282201766968,
    47.78376770019531,
    48.659433126449585,
    48.17474889755249
  ],
  "status": 39
}