{
  "gpu": false,
  "device": "hybrid",
  "infile": "../matrix/cgne_init_4096_dble_csr.dat",
  "matfile": "../matrix/conf6_0-8x8-30/conf6.0-00l8x8-3000.mtx",
  "k": 0.05,
  "kc": 0.15649,
  "reordering": true,
  "preconditioning": true,
  "vol": 4096,
  "dim": 49152,
  "lattice": "8x8x8x8",
  "blk_dim": 24576,
  "bs": "8x8x8x4",
  "res": 1e-06,
  "tol": 0.0003135346870547978,
  "nmx": 250,
  "nkv": 7,
  "nmr": 4,
  "ncy": 10,
  "sdtype": "float32",
  "ddtype": "float64",
  "cdtype": "float32",
  "rn": [
    2.4165610280721344e-05,
    4.973843047858347e-05
  ],
  "i": [
    0,
    1
  ],
  "reset": [
    1
  ],
  "duration": [
    0.07313060760498047,
    0.07277822494506836,
    0.07308459281921387,
    0.0736091136932373,
    0.07313084602355957,
    0.07309675216674805,
    0.07297325134277344,
    0.07260942459106445,
    0.07327008247375488,
    0.07258200645446777,
    0.07311105728149414,
    0.0730898380279541,
    0.07235574722290039,
    0.07245612144470215,
    0.07264328002929688,
    0.07330155372619629,
    0.07258176803588867,
    0.07305097579956055,
    0.07299923896789551,
    0.0728750228881836
  ],
  "status": 1
}