{
  "gpu": false,
  "device": "cpu",
  "infile": "../matrix/cgne_init_4096_dble_csr.dat",
  "matfile": "../matrix/conf6_0-8x8-20/conf6_0-8x8-20.mtx",
  "k": 0.15,
  "kc": 0.15717,
  "reordering": true,
  "preconditioning": true,
  "vol": 4096,
  "dim": 49152,
  "lattice": "8x8x8x8",
  "blk_dim": 3072,
  "bs": "4x4x4x4",
  "res": 1e-06,
  "tol": 0.0003135346870547978,
  "nmx": 417,
  "nkv": 7,
  "nmr": 12,
  "ncy": 2,
  "sdtype": "float32",
  "ddtype": "float64",
  "cdtype": "float32",
  "rn": [
    31.80757097770069,
    9.154449415345864,
    3.7169964132464597,
    1.6446906985306422,
    0.7576593295901847,
    0.35459468475834705,
    0.17136920684591114,
    0.17136934043000523,
    0.08776833979571408,
    0.043670144346183375,
    0.02179566160179597,
    0.01093200396081233,
    0.005067843084636027,
    0.0020899080123690347,
    0.000986413285474828,
    0.000986413106870039,
    0.0005205351605969446,
    0.00023438075511623196,
    0.00023438075755216186
  ],
  "i": [
    0,
    1,
    2,
    3,
    4,
    5,
    6,
    7,
    8,
    9,
    10,
    11,
    12,
    13,
    14,
    15,
    16,
    17,
    18
  ],
  "reset": [
    7,
    15,
    18
  ],
  "duration": [
    3.089022397994995,
    3.0875344276428223,
    3.088216781616211,
    3.0858094692230225,
    3.08364200592041,
    3.085339307785034,
    3.0889289379119873,
    3.086003303527832,
    3.086932420730591,
    3.0834290981292725,
    3.0848257541656494,
    3.0842854976654053,
    3.0858662128448486,
    3.084030866622925,
    3.0841221809387207,
    3.085749864578247,
    3.0826802253723145,
    3.0870144367218018,
    3.0846762657165527,
    3.0858373641967773
  ],
  "status": 16
}