{
  "gpu": false,
  "device": "cpu",
  "infile": "../matrix/cgne_init_65536_dble_csr.dat",
  "matfile": null,
  "k": 0.0,
  "kc": 0.0,
  "reordering": false,
  "preconditioning": true,
  "vol": 65536,
  "dim": 786432,
  "lattice": "16x16x16x16",
  "blk_dim": 3072,
  "bs": "4x4x4x4",
  "res": 1e-06,
  "tol": 0.0012541387482794752,
  "nmx": 1250,
  "nkv": 7,
  "nmr": 2,
  "ncy": 4,
  "sdtype": "float32",
  "ddtype": "float64",
  "cdtype": "float64",
  "rn": [
    565.1568880738442,
    271.8706534355883,
    119.76534198759657,
    52.17781507540429,
    22.962609782019,
    10.20129803768632,
    4.577090799124878,
    4.577090738416798,
    2.5215949750544757,
    1.0419599759956117,
    0.4447842806874391,
    0.19522151652604772,
    0.09045536994914713,
    0.04230980374401619,
    0.019088408636780067,
    0.019088407727210512,
    0.010263868151281878,
    0.004803172145353677,
    0.0020385763783302203,
    0.000935002263209344,
    0.0009350022571991086
  ],
  "i": [
    0,
    1,
    2,
    3,
    4,
    5,
    6,
    7,
    8,
    9,
    10,
    11,
    12,
    13,
    14,
    15,
    16,
    17,
    18,
    19,
    20
  ],
  "reset": [
    7,
    15,
    20
  ],
  "duration": [
    15.319128513336182,
    15.337302923202515,
    15.357113122940063,
    15.424352645874023,
    15.387894868850708,
    15.359462022781372,
    15.377706050872803,
    15.427639722824097,
    15.391428232192993,
    15.37918210029602,
    15.392705917358398,
    15.41636610031128,
    15.353612661361694,
    15.372823238372803,
    15.398205041885376,
    15.369675874710083,
    15.34319543838501,
    15.36892056465149,
    15.365820169448853,
    15.423669576644897
  ],
  "status": 18
}