{
  "gpu": false,
  "device": "cpu",
  "infile": "../matrix/fgcr_check3_4096_dble_csr.dat",
  "matfile": null,
  "k": 0.0,
  "kc": 0.0,
  "reordering": false,
  "preconditioning": true,
  "vol": 4096,
  "dim": 49152,
  "lattice": "8x8x8x8",
  "blk_dim": 6144,
  "bs": "8x4x4x4",
  "res": 1e-06,
  "tol": 0.00031353468710831124,
  "nmx": 417,
  "nkv": 7,
  "nmr": 4,
  "ncy": 6,
  "sdtype": "float32",
  "ddtype": "float64",
  "cdtype": "float64",
  "rn": [
    15.45551208625607,
    4.98315257021345,
    1.4944192137055436,
    0.4686436515613657,
    0.14100009471093397,
    0.04232885626266573,
    0.012522396516743707,
    0.012522590570479606,
    0.004115916802449018,
    0.0013537157387477634,
    0.0004403055606149416,
    0.00013402377904643642,
    0.00013402377943098044
  ],
  "i": [
    0,
    1,
    2,
    3,
    4,
    5,
    6,
    7,
    8,
    9,
    10,
    11,
    12
  ],
  "reset": [
    7,
    12
  ],
  "duration": [
    2.109180450439453,
    2.108867645263672,
    2.109394073486328,
    2.1095337867736816,
    2.109208583831787,
    2.1090917587280273,
    2.11002779006958,
    2.109908103942871,
    2.1098108291625977,
    2.108147621154785,
    2.107570171356201,
    2.1092708110809326,
    2.107426404953003,
    2.1088614463806152,
    2.1079845428466797,
    2.1073403358459473,
    2.1081156730651855,
    2.107905149459839,
    2.109140396118164,
    2.107659339904785
  ],
  "status": 11
}