{
  "gpu": false,
  "device": "hybrid",
  "infile": "../matrix/cgne_init_4096_dble_csr.dat",
  "matfile": null,
  "k": 0.0,
  "kc": 0.0,
  "reordering": false,
  "preconditioning": true,
  "vol": 4096,
  "dim": 49152,
  "lattice": "8x8x8x8",
  "blk_dim": 3072,
  "bs": "4x4x4x4",
  "res": 1e-06,
  "tol": 0.0003135346870762468,
  "nmx": 417,
  "nkv": 7,
  "nmr": 12,
  "ncy": 2,
  "sdtype": "float64",
  "ddtype": "float64",
  "cdtype": "float64",
  "rn": [
    57.53954083318642,
    17.024866687341273,
    6.3774978309269725,
    2.3647681767236888,
    0.8798726310655577,
    0.3314874774910951,
    0.12510860066580937,
    0.12510860066580926,
    0.05035443924670874,
    0.019988237730937754,
    0.007284265520169209,
    0.0028417361882512675,
    0.0010983389172607183,
    0.00042327392088825383,
    0.0001695881410846476,
    0.00016958814108505407
  ],
  "i": [
    0,
    1,
    2,
    3,
    4,
    5,
    6,
    7,
    8,
    9,
    10,
    11,
    12,
    13,
    14,
    15
  ],
  "reset": [
    7,
    15
  ],
  "duration": [
    3.185014009475708,
    3.1775975227355957,
    3.1762115955352783,
    3.177757978439331,
    3.173149585723877,
    3.1764590740203857,
    3.1776368618011475,
    3.1691181659698486,
    3.1646888256073,
    3.1663904190063477,
    3.1686952114105225,
    3.16570782661438,
    3.1668002605438232,
    3.1666195392608643,
    3.167961597442627,
    3.167990207672119,
    3.1656887531280518,
    3.165897846221924,
    3.16508150100708,
    3.1687047481536865
  ],
  "status": 14
}