{
  "gpu": true,
  "device": "gpu",
  "infile": "../matrix/cgne_init_4096_dble_csr.dat",
  "matfile": "../matrix/conf6_0-8x8-30/conf6.0-00l8x8-3000.mtx",
  "k": 0.05,
  "kc": 0.15649,
  "reordering": true,
  "preconditioning": true,
  "vol": 4096,
  "dim": 49152,
  "lattice": "8x8x8x8",
  "blk_dim": 24576,
  "bs": "8x8x8x4",
  "res": 1e-06,
  "tol": 0.00031353468703945405,
  "nmx": 2500,
  "nkv": 7,
  "nmr": 1,
  "ncy": 4,
  "sdtype": "float32",
  "ddtype": "float64",
  "cdtype": "float32",
  "rn": [
    0.7680083013799144,
    0.004338339764027256,
    2.8906480971820603e-05,
    4.504699612352573e-05
  ],
  "i": [
    0,
    1,
    2,
    3
  ],
  "reset": [
    3
  ],
  "duration": [
    0.18974566459655762,
    0.027456283569335938,
    0.026671648025512695,
    0.026767253875732422,
    0.026623010635375977,
    0.026772260665893555,
    0.026656389236450195,
    0.026783227920532227,
    0.0266571044921875,
    0.02659440040588379,
    0.026674270629882812,
    0.02690410614013672,
    0.026192188262939453,
    0.025558948516845703,
    0.025714397430419922,
    0.02608776092529297,
    0.02675175666809082,
    0.0263826847076416,
    0.025693416595458984,
    0.025565147399902344
  ],
  "status": 3
}