{
  "gpu": true,
  "device": "gpu",
  "infile": "../matrix/cgne_init_4096_dble_csr.dat",
  "matfile": "../matrix/conf6_0-8x8-30/conf6.0-00l8x8-3000.mtx",
  "k": 0.05,
  "kc": 0.15649,
  "reordering": false,
  "preconditioning": false,
  "vol": 4096,
  "dim": 49152,
  "lattice": "8x8x8x8",
  "blk_dim": 24576,
  "bs": "8x8x8x4",
  "res": 1e-06,
  "tol": 0.0003135346870762468,
  "nmx": 10000,
  "nkv": 7,
  "nmr": 0,
  "ncy": 0,
  "sdtype": "float64",
  "ddtype": "float64",
  "cdtype": "float64",
  "rn": [
    61.625004975411805,
    13.571582779908764,
    3.215291207863094,
    0.7816502030028136,
    0.19458505669769977,
    0.04872017135294122,
    0.012307499483668546,
    0.012307499483668707,
    0.003238605491598613,
    0.0008040986885943775,
    0.00020801755692177604,
    0.00020801755692223035
  ],
  "i": [
    0,
    1,
    2,
    3,
    4,
    5,
    6,
    7,
    8,
    9,
    10,
    11
  ],
  "reset": [
    7,
    11
  ],
  "duration": [
    0.17861557006835938,
    0.01613163948059082,
    0.015445470809936523,
    0.015048027038574219,
    0.014835596084594727,
    0.014992713928222656,
    0.014884710311889648,
    0.014726638793945312,
    0.014876127243041992,
    0.014811277389526367,
    0.014834165573120117,
    0.014790058135986328,
    0.014831066131591797,
    0.01487421989440918,
    0.014970064163208008,
    0.014828681945800781,
    0.014773130416870117,
    0.015048742294311523,
    0.015394449234008789,
    0.015385150909423828
  ],
  "status": 10
}