{
  "gpu": false,
  "device": "cpu",
  "infile": "../matrix/cgne_init_65536_dble_csr.dat",
  "matfile": null,
  "k": 0.0,
  "kc": 0.0,
  "reordering": false,
  "preconditioning": true,
  "vol": 65536,
  "dim": 786048,
  "lattice": "16x16x16x16",
  "blk_dim": 6141,
  "bs": "8x4x4x4",
  "res": 1e-06,
  "tol": 0.0012541387482794752,
  "nmx": 1250,
  "nkv": 7,
  "nmr": 2,
  "ncy": 4,
  "sdtype": "float32",
  "ddtype": "float64",
  "cdtype": "float32",
  "rn": [
    565.5105299016772,
    272.23398615861,
    120.02282209597425,
    52.3595732987366,
    23.068687724181046,
    10.25627167398212,
    4.608427187240937,
    4.608427106717882,
    2.5450577990260443,
    1.0529438303570338,
    0.4508012744510462,
    0.19804823143841754,
    0.09209917223360688,
    0.043255043893950525,
    0.019621939461525968,
    0.01962193873453873,
    0.010664780318939138,
    0.005013757228716456,
    0.002117005902146935,
    0.0009726720098353177,
    0.0009726720068933892
  ],
  "i": [
    0,
    1,
    2,
    3,
    4,
    5,
    6,
    7,
    8,
    9,
    10,
    11,
    12,
    13,
    14,
    15,
    16,
    17,
    18,
    19,
    20
  ],
  "reset": [
    7,
    15,
    20
  ],
  "duration": [
    13.350255966186523,
    13.301492691040039,
    13.358484745025635,
    13.31784987449646,
    13.300528287887573,
    13.325399160385132,
    13.308234453201294,
    13.3412446975708,
    13.270244598388672,
    13.374844074249268,
    13.35683798789978,
    13.347389459609985,
    13.308167934417725,
    13.341563940048218,
    13.27944564819336,
    13.287355899810791,
    13.293523788452148,
    13.330764532089233,
    13.281114101409912,
    13.37610387802124
  ],
  "status": 18
}