{
  "gpu": false,
  "device": "cpu",
  "infile": "../matrix/cgne_init_4096_dble_csr.dat",
  "matfile": "../matrix/conf6_0-8x8-20/conf6_0-8x8-20.mtx",
  "k": 0.15717,
  "kc": 0.15717,
  "reordering": true,
  "preconditioning": true,
  "vol": 4096,
  "dim": 49152,
  "lattice": "8x8x8x8",
  "blk_dim": 6144,
  "bs": "8x4x4x4",
  "res": 1e-06,
  "tol": 0.0003135346870547978,
  "nmx": 250,
  "nkv": 7,
  "nmr": 4,
  "ncy": 10,
  "sdtype": "float32",
  "ddtype": "float64",
  "cdtype": "float32",
  "rn": [
    16.481415248211277,
    10.089133531933932,
    7.112850993402975,
    4.8994974966454645,
    3.212477087989311,
    2.0522668803744124,
    1.4238982107560858,
    1.4238978686054924,
    1.0853281097260141,
    0.8575659209780434,
    0.6664093002730357,
    0.4835716346354375,
    0.37549843173112984,
    0.2593343374762648,
    0.17301877528901505,
    0.17301877122383277,
    0.12569672147396938,
    0.09211966811221942,
    0.06809026475922172,
    0.05003646301785119,
    0.038198788743612086,
    0.028598515493822294,
    0.021880080007635434,
    0.021880079260957266,
    0.016763438514816046,
    0.01335100870165035,
    0.010601599935042947,
    0.008033601951375889,
    0.0051005438895922765,
    0.003120945495707961,
    0.0021286099360128007,
    0.002128609927991982,
    0.0016163070416275994,
    0.0013523791248395386,
    0.0011573197491400909,
    0.000901661332534663,
    0.0006757292483470412,
    0.0005090551328759046,
    0.00036335926889951344,
    0.00036335925687586346,
    0.00025798677424890444,
    0.0002579867747465377
  ],
  "i": [
    0,
    1,
    2,
    3,
    4,
    5,
    6,
    7,
    8,
    9,
    10,
    11,
    12,
    13,
    14,
    15,
    16,
    17,
    18,
    19,
    20,
    21,
    22,
    23,
    24,
    25,
    26,
    27,
    28,
    29,
    30,
    31,
    32,
    33,
    34,
    35,
    36,
    37,
    38,
    39,
    40,
    41
  ],
  "reset": [
    7,
    15,
    23,
    31,
    39,
    41
  ],
  "duration": [
    10.751422882080078,
    10.753313302993774,
    10.751704216003418,
    10.748648643493652,
    10.724888324737549,
    10.734725952148438,
    10.732056617736816,
    10.733088254928589,
    10.729096174240112,
    10.732163190841675,
    10.731727123260498,
    10.732683897018433,
    10.726130723953247,
    10.726238012313843,
    10.721943140029907,
    10.734584331512451,
    10.729007959365845,
    10.725899457931519,
    10.729196071624756,
    10.733495235443115
  ],
  "status": 36
}