{
  "gpu": true,
  "device": "gpu",
  "infile": "../matrix/cgne_init_4096_dble_csr.dat",
  "matfile": "../matrix/conf6_0-8x8-30/conf6.0-00l8x8-3000.mtx",
  "k": 0.15649,
  "kc": 0.15649,
  "reordering": true,
  "preconditioning": true,
  "vol": 4096,
  "dim": 49152,
  "lattice": "8x8x8x8",
  "blk_dim": 3072,
  "bs": "4x4x4x4",
  "res": 1e-06,
  "tol": 0.0003135346870762468,
  "nmx": 417,
  "nkv": 7,
  "nmr": 4,
  "ncy": 6,
  "sdtype": "float64",
  "ddtype": "float64",
  "cdtype": "float64",
  "rn": [
    19.11190871958928,
    9.096532906339325,
    4.922993648711057,
    3.0288369799737365,
    1.8722790298804735,
    1.149294035890126,
    0.7297273344657005,
    0.7297273344657004,
    0.4697991956010301,
    0.31879358607078717,
    0.2144920184287592,
    0.12440407496280821,
    0.0709805166089104,
    0.04106263160915511,
    0.024565580429413463,
    0.024565580429413852,
    0.015800539578147393,
    0.010865951436193719,
    0.006712760183973014,
    0.004297502603297105,
    0.0028387816024319627,
    0.001845797800017559,
    0.0010436558427561944,
    0.0010436558427561248,
    0.0006344757167212015,
    0.0004217157826654096,
    0.0002900566245545232,
    0.0002900566245546399
  ],
  "i": [
    0,
    1,
    2,
    3,
    4,
    5,
    6,
    7,
    8,
    9,
    10,
    11,
    12,
    13,
    14,
    15,
    16,
    17,
    18,
    19,
    20,
    21,
    22,
    23,
    24,
    25,
    26,
    27
  ],
  "reset": [
    7,
    15,
    23,
    27
  ],
  "duration": [
    5.098821640014648,
    4.889373302459717,
    4.885733127593994,
    4.893020391464233,
    4.838898658752441,
    4.842776298522949,
    4.832223653793335,
    4.890023708343506,
    4.85732889175415,
    4.9062721729278564,
    4.886682987213135,
    4.890012502670288,
    4.909408807754517,
    4.860211372375488,
    4.858570098876953,
    4.838371515274048,
    4.892642974853516,
    4.897727727890015,
    4.916877746582031,
    4.871403455734253
  ],
  "status": 24
}