{
  "gpu": true,
  "device": "gpu",
  "infile": "../matrix/fgcr_check3_4096_dble_csr.dat",
  "matfile": null,
  "k": 0.0,
  "kc": 0.0,
  "reordering": false,
  "preconditioning": true,
  "vol": 4096,
  "dim": 49152,
  "lattice": "8x8x8x8",
  "blk_dim": 24576,
  "bs": "8x8x8x4",
  "res": 1e-06,
  "tol": 0.00031353468715082124,
  "nmx": 2500,
  "nkv": 7,
  "nmr": 0.5,
  "ncy": 0.5,
  "sdtype": "float32",
  "ddtype": "float64",
  "cdtype": "float32",
  "rn": [
    130.92678015015957,
    33.56232493649717,
    15.196515653562079,
    6.584061716718499,
    3.031736548975279,
    1.359628197030372,
    0.6221411240521743,
    0.6221415920108935,
    0.3689415509785987,
    0.16856825553891167,
    0.07506473660958164,
    0.03286541276908716,
    0.014990326865593451,
    0.005582370123481088,
    0.002489569591261391,
    0.002489569757719998,
    0.001473389414397766,
    0.0006176088629701884,
    0.00032598344252776385,
    0.00019253241129152862,
    0.0001925324087356862
  ],
  "i": [
    0,
    1,
    2,
    3,
    4,
    5,
    6,
    7,
    8,
    9,
    10,
    11,
    12,
    13,
    14,
    15,
    16,
    17,
    18,
    19,
    20
  ],
  "reset": [
    7,
    15,
    20
  ],
  "duration": [
    0.7522017955780029,
    0.5352823734283447,
    0.5346775054931641,
    0.5351316928863525,
    0.5344924926757812,
    0.5344898700714111,
    0.5340228080749512,
    0.5341751575469971,
    0.5380961894989014,
    0.532111406326294,
    0.5318920612335205,
    0.5320329666137695,
    0.5320713520050049,
    0.5315139293670654,
    0.5315237045288086,
    0.5309586524963379,
    0.5314140319824219,
    0.5310647487640381,
    0.5317573547363281,
    0.5318429470062256
  ],
  "status": 18
}