{
  "gpu": false,
  "device": "hybrid",
  "infile": "../matrix/cgne_init_4096_dble_csr.dat",
  "matfile": null,
  "k": 0.0,
  "kc": 0.0,
  "reordering": false,
  "preconditioning": true,
  "vol": 4096,
  "dim": 49152,
  "lattice": "8x8x8x8",
  "blk_dim": 12288,
  "bs": "8x8x4x4",
  "res": 1e-06,
  "tol": 0.0003135346870547978,
  "nmx": 417,
  "nkv": 7,
  "nmr": 12,
  "ncy": 2,
  "sdtype": "float32",
  "ddtype": "float64",
  "cdtype": "float32",
  "rn": [
    57.62250559311925,
    17.130096567018832,
    6.4868687781366265,
    2.4642339631486165,
    0.9352301094332867,
    0.35749551679056535,
    0.13718725133613915,
    0.13718724485853198,
    0.056304276659893446,
    0.022828226351198883,
    0.008556887591847593,
    0.0034166662187915314,
    0.0013640195374107352,
    0.0005341208115303131,
    0.00021779940361937603,
    0.00021779924043662923
  ],
  "i": [
    0,
    1,
    2,
    3,
    4,
    5,
    6,
    7,
    8,
    9,
    10,
    11,
    12,
    13,
    14,
    15
  ],
  "reset": [
    7,
    15
  ],
  "duration": [
    1.1594264507293701,
    1.1624839305877686,
    1.1573073863983154,
    1.1573822498321533,
    1.1583247184753418,
    1.15887451171875,
    1.1565783023834229,
    1.1559703350067139,
    1.1562020778656006,
    1.156294822692871,
    1.1574015617370605,
    1.1551146507263184,
    1.1551496982574463,
    1.1562936305999756,
    1.1564011573791504,
    1.1560664176940918,
    1.1564254760742188,
    1.1555829048156738,
    1.154935598373413,
    1.1567091941833496
  ],
  "status": 14
}