{
  "gpu": false,
  "device": "cpu",
  "infile": "../matrix/cgne_init_4096_dble_csr.dat",
  "matfile": "../matrix/conf6_0-8x8-20/conf6_0-8x8-20.mtx",
  "k": 0.15717,
  "kc": 0.15717,
  "reordering": true,
  "preconditioning": true,
  "vol": 4096,
  "dim": 49152,
  "lattice": "8x8x8x8",
  "blk_dim": 3072,
  "bs": "4x4x4x4",
  "res": 1e-06,
  "tol": 0.0003135346870762468,
  "nmx": 250,
  "nkv": 7,
  "nmr": 4,
  "ncy": 10,
  "sdtype": "float64",
  "ddtype": "float64",
  "cdtype": "float64",
  "rn": [
    17.474660879323903,
    10.207429102137388,
    6.892311476423166,
    4.631547755777752,
    3.0810694853436513,
    2.0321700195393197,
    1.5174173204051147,
    1.5174173204051153,
    1.2371314766827999,
    1.0106982040908083,
    0.7808156533190286,
    0.5366191596442712,
    0.37335608638808104,
    0.24147467392552596,
    0.16871608596490253,
    0.16871608596490253,
    0.12612276628045307,
    0.09415710372503064,
    0.06938080571551387,
    0.055599656807627025,
    0.04390654933944394,
    0.03475723390973004,
    0.025169224889938124,
    0.025169224889937208,
    0.018081363178999603,
    0.014433233707815957,
    0.010478788847900685,
    0.007443493315415876,
    0.00453804217373189,
    0.0027657377389299713,
    0.001897604664388249,
    0.001897604664388885,
    0.0013875630545662075,
    0.0010470493715792023,
    0.0008253028005975867,
    0.0006731654695122666,
    0.0005199878623823487,
    0.00041350336504752597,
    0.00028521224493663756,
    0.000285212244936527
  ],
  "i": [
    0,
    1,
    2,
    3,
    4,
    5,
    6,
    7,
    8,
    9,
    10,
    11,
    12,
    13,
    14,
    15,
    16,
    17,
    18,
    19,
    20,
    21,
    22,
    23,
    24,
    25,
    26,
    27,
    28,
    29,
    30,
    31,
    32,
    33,
    34,
    35,
    36,
    37,
    38,
    39
  ],
  "reset": [
    7,
    15,
    23,
    31,
    39
  ],
  "duration": [
    10.336414813995361,
    10.335880756378174,
    10.328814029693604,
    10.33218240737915,
    10.319325685501099,
    10.320342779159546,
    10.315458297729492,
    10.318835735321045,
    10.312704086303711,
    10.30028748512268,
    10.291172981262207,
    10.29443097114563,
    10.28479552268982,
    10.287420749664307,
    10.28598141670227,
    10.287904262542725,
    10.289018392562866,
    10.290121078491211,
    10.285423040390015,
    10.291682243347168
  ],
  "status": 35
}