{
  "gpu": false,
  "device": "cpu",
  "infile": "../matrix/cgne_init_4096_dble_csr.dat",
  "matfile": "../matrix/conf6_0-8x8-30/conf6.0-00l8x8-3000.mtx",
  "k": 0.15649,
  "kc": 0.15649,
  "reordering": true,
  "preconditioning": true,
  "vol": 4096,
  "dim": 49152,
  "lattice": "8x8x8x8",
  "blk_dim": 3072,
  "bs": "4x4x4x4",
  "res": 1e-06,
  "tol": 0.0003135346870762468,
  "nmx": 417,
  "nkv": 7,
  "nmr": 6,
  "ncy": 4,
  "sdtype": "float64",
  "ddtype": "float64",
  "cdtype": "float64",
  "rn": [
    24.33194012240601,
    10.322559409081233,
    5.1081799148872316,
    2.9388429975764963,
    2.112716115511101,
    1.396381074583508,
    0.8168421811996833,
    0.8168421811996835,
    0.5643629278965713,
    0.43819520880896534,
    0.30020188565763195,
    0.16916779942004012,
    0.09791734951673534,
    0.06315777750028144,
    0.04147472913347247,
    0.041474729133472575,
    0.028792770253101646,
    0.020323222631951472,
    0.013832436402979034,
    0.008974040977131625,
    0.006333043541636806,
    0.004554224628374269,
    0.002747106602017394,
    0.002747106602018189,
    0.0016897851831514734,
    0.0012123927426534226,
    0.0008813884248047899,
    0.0005637894319802851,
    0.0003522359137492246,
    0.00024883965193047406,
    0.00024883965192997387
  ],
  "i": [
    0,
    1,
    2,
    3,
    4,
    5,
    6,
    7,
    8,
    9,
    10,
    11,
    12,
    13,
    14,
    15,
    16,
    17,
    18,
    19,
    20,
    21,
    22,
    23,
    24,
    25,
    26,
    27,
    28,
    29,
    30
  ],
  "reset": [
    7,
    15,
    23,
    30
  ],
  "duration": [
    4.977418661117554,
    4.975907802581787,
    4.9757091999053955,
    4.9769275188446045,
    4.974013805389404,
    4.974517107009888,
    4.973834037780762,
    4.976375579833984,
    4.980971097946167,
    4.974834203720093,
    4.9726457595825195,
    4.977871656417847,
    4.9764933586120605,
    4.973649024963379,
    4.972754240036011,
    4.972701072692871,
    4.971407651901245,
    4.9723193645477295,
    4.9754157066345215,
    4.978876113891602
  ],
  "status": 27
}