{
  "gpu": false,
  "device": "hybrid",
  "infile": "../matrix/fgcr_check3_4096_dble_csr.dat",
  "matfile": null,
  "k": 0.0,
  "kc": 0.0,
  "reordering": false,
  "preconditioning": true,
  "vol": 4096,
  "dim": 49152,
  "lattice": "8x8x8x8",
  "blk_dim": 3072,
  "bs": "4x4x4x4",
  "res": 1e-06,
  "tol": 0.00031353468710831124,
  "nmx": 1250,
  "nkv": 7,
  "nmr": 2,
  "ncy": 4,
  "sdtype": "float32",
  "ddtype": "float64",
  "cdtype": "float32",
  "rn": [
    43.37300151481809,
    13.493811916602777,
    5.521737123670086,
    2.1840479666772956,
    0.8290427898101681,
    0.33073718561103566,
    0.12941331023435412,
    0.1294132301149426,
    0.056110262321205466,
    0.027143818821498675,
    0.00966750014190441,
    0.003948751526676405,
    0.0016618339969142356,
    0.0005423917257096617,
    0.0002009111643983448,
    0.00020091101434796177
  ],
  "i": [
    0,
    1,
    2,
    3,
    4,
    5,
    6,
    7,
    8,
    9,
    10,
    11,
    12,
    13,
    14,
    15
  ],
  "reset": [
    7,
    15
  ],
  "duration": [
    2.5977916717529297,
    2.593461036682129,
    2.5933103561401367,
    2.593886137008667,
    2.5952277183532715,
    2.593876600265503,
    2.5919017791748047,
    2.592665672302246,
    2.5888452529907227,
    2.5826785564422607,
    2.5820839405059814,
    2.5820298194885254,
    2.582282304763794,
    2.582071542739868,
    2.582918643951416,
    2.5828349590301514,
    2.5821170806884766,
    2.5820741653442383,
    2.5812599658966064,
    2.581617593765259
  ],
  "status": 14
}