{
  "gpu": true,
  "device": "gpu",
  "infile": "../matrix/cgne_init_4096_dble_csr.dat",
  "matfile": "../matrix/conf6_0-8x8-30/conf6.0-00l8x8-3000.mtx",
  "k": 0.15649,
  "kc": 0.15649,
  "reordering": true,
  "preconditioning": true,
  "vol": 4096,
  "dim": 49152,
  "lattice": "8x8x8x8",
  "blk_dim": 24576,
  "bs": "8x8x8x4",
  "res": 1e-06,
  "tol": 0.00031353468703945405,
  "nmx": 250,
  "nkv": 7,
  "nmr": 10,
  "ncy": 4,
  "sdtype": "float32",
  "ddtype": "float64",
  "cdtype": "float32",
  "rn": [
    14.550887831958311,
    7.215763217752378,
    4.083572451416518,
    2.4802589158250816,
    1.5529520088602675,
    1.0268252480267313,
    0.6297070252949171,
    0.6297071136896323,
    0.3998249772727961,
    0.26276634834135937,
    0.15669251606148885,
    0.0986683718462851,
    0.05901946847761028,
    0.036330945837300156,
    0.020751190244899565,
    0.020751191962774626,
    0.013876902485813343,
    0.00949055557734933,
    0.005862628837940115,
    0.004191427741070677,
    0.002569065444690392,
    0.0015351861432014765,
    0.0009015855981059773,
    0.0009015855237658035,
    0.0006136931387241533,
    0.0004127024826977338,
    0.0002781967123741549,
    0.00027819671553827027
  ],
  "i": [
    0,
    1,
    2,
    3,
    4,
    5,
    6,
    7,
    8,
    9,
    10,
    11,
    12,
    13,
    14,
    15,
    16,
    17,
    18,
    19,
    20,
    21,
    22,
    23,
    24,
    25,
    26,
    27
  ],
  "reset": [
    7,
    15,
    23,
    27
  ],
  "duration": [
    1.2060835361480713,
    1.040114402770996,
    1.0360054969787598,
    1.0214571952819824,
    1.0407013893127441,
    1.034461259841919,
    1.0381393432617188,
    1.0185906887054443,
    1.0409958362579346,
    1.0350630283355713,
    1.02994704246521,
    1.0135157108306885,
    1.0115470886230469,
    1.0219528675079346,
    1.03255033493042,
    1.0169320106506348,
    1.0385842323303223,
    1.039874792098999,
    1.0420618057250977,
    1.0082972049713135
  ],
  "status": 24
}