{
  "gpu": false,
  "device": "hybrid",
  "infile": "../matrix/cgne_init_4096_dble_csr.dat",
  "matfile": null,
  "k": 0.0,
  "kc": 0.0,
  "reordering": false,
  "preconditioning": true,
  "vol": 4096,
  "dim": 49152,
  "lattice": "8x8x8x8",
  "blk_dim": 24576,
  "bs": "8x8x8x4",
  "res": 1e-06,
  "tol": 0.0003135346870547978,
  "nmx": 125,
  "nkv": 7,
  "nmr": 20,
  "ncy": 4,
  "sdtype": "float32",
  "ddtype": "float64",
  "cdtype": "float32",
  "rn": [
    9.644264981267096,
    1.5281786796254135,
    0.3957502994517638,
    0.08147766080395286,
    0.01868888179686891,
    0.004539052661124833,
    0.0010233296195707466,
    0.0010247202545434274,
    0.00029035085574867676,
    0.00029035085731316565
  ],
  "i": [
    0,
    1,
    2,
    3,
    4,
    5,
    6,
    7,
    8,
    9
  ],
  "reset": [
    7,
    9
  ],
  "duration": [
    1.109917163848877,
    1.1092865467071533,
    1.110804796218872,
    1.110985517501831,
    1.1109309196472168,
    1.1111228466033936,
    1.1124205589294434,
    1.1103777885437012,
    1.11128830909729,
    1.108208179473877,
    1.1090357303619385,
    1.1115179061889648,
    1.1097304821014404,
    1.1093459129333496,
    1.1095139980316162,
    1.1089212894439697,
    1.1086511611938477,
    1.1106958389282227,
    1.107633352279663,
    1.1063241958618164
  ],
  "status": 8
}