{
  "gpu": false,
  "infile": "../matrix/cgne_init_65536_dble_csr.dat",
  "matfile": null,
  "k": 0.0,
  "kc": 0.0,
  "reordering": false,
  "preconditioning": true,
  "vol": 65536,
  "dim": 786048,
  "lattice": "16x16x16x16",
  "blk_dim": 12282,
  "bs": "8x8x4x4",
  "res": 1e-06,
  "tol": 0.0012541387483049865,
  "nmx": 2500,
  "nkv": 7,
  "nmr": 4,
  "ncy": 1,
  "sdtype": "float64",
  "ddtype": "float64",
  "cdtype": "float64",
  "rn": [
    610.6609629913395,
    234.87234710626635,
    104.60075401208387,
    47.69203028944389,
    21.64049125174125,
    10.204894038313435,
    4.7859175775881395,
    4.7859175775881395,
    2.387192260856463,
    1.1810584247494453,
    0.5684961132659738,
    0.2743327573342008,
    0.13051537136720617,
    0.056970789043079034,
    0.026444587261566194,
    0.026444587261565976,
    0.01308329563461396,
    0.006441980338691849,
    0.0031079259931575632,
    0.0015320150132244594,
    0.0007405024269032272,
    0.0007405024269032456
  ],
  "i": [
    0,
    1,
    2,
    3,
    4,
    5,
    6,
    7,
    8,
    9,
    10,
    11,
    12,
    13,
    14,
    15,
    16,
    17,
    18,
    19,
    20,
    21
  ],
  "reset": [
    7,
    15,
    21
  ],
  "duration": 9.294673919677734,
  "status": 19
}