{
  "gpu": false,
  "infile": "../matrix/cgne_init_4096_dble_csr.dat",
  "matfile": null,
  "k": 0.0,
  "kc": 0.0,
  "reordering": false,
  "preconditioning": true,
  "vol": 4096,
  "dim": 49152,
  "lattice": "8x8x8x8",
  "blk_dim": 3072,
  "bs": "4x4x4x4",
  "res": 1e-06,
  "tol": 0.0003135346870762468,
  "nmx": 125,
  "nkv": 7,
  "nmr": 4,
  "ncy": 20,
  "sdtype": "float64",
  "ddtype": "float64",
  "cdtype": "float64",
  "rn": [
    23.82144516654197,
    6.8275702944492025,
    2.373766079865871,
    0.9730731808069141,
    0.3353119290308162,
    0.09520963638978015,
    0.02567611095829211,
    0.025676110958291816,
    0.006513964776862134,
    0.002061233426604062,
    0.000649813439756132,
    0.0001866415206774487,
    0.00018664152067764852
  ],
  "i": [
    0,
    1,
    2,
    3,
    4,
    5,
    6,
    7,
    8,
    9,
    10,
    11,
    12
  ],
  "reset": [
    7,
    12
  ],
  "duration": 3.6976070404052734,
  "status": 11
}