{
  "gpu": true,
  "device": "gpu",
  "infile": "../matrix/cgne_init_4096_dble_csr.dat",
  "matfile": "../matrix/conf6_0-8x8-30/conf6.0-00l8x8-3000.mtx",
  "k": 0.05,
  "kc": 0.15649,
  "reordering": true,
  "preconditioning": true,
  "vol": 4096,
  "dim": 49152,
  "lattice": "8x8x8x8",
  "blk_dim": 24576,
  "bs": "8x8x8x4",
  "res": 1e-06,
  "tol": 0.00031353468703945405,
  "nmx": 250,
  "nkv": 7,
  "nmr": 10,
  "ncy": 4,
  "sdtype": "float32",
  "ddtype": "float64",
  "cdtype": "float32",
  "rn": [
    3.3518661740010505e-05,
    5.327179464510746e-05
  ],
  "i": [
    0,
    1
  ],
  "reset": [
    1
  ],
  "duration": [
    0.043741703033447266,
    0.04415631294250488,
    0.04377627372741699,
    0.043788909912109375,
    0.0435633659362793,
    0.04262089729309082,
    0.04236745834350586,
    0.042546749114990234,
    0.04354500770568848,
    0.04365658760070801,
    0.0436859130859375,
    0.04342389106750488,
    0.043509721755981445,
    0.04357624053955078,
    0.04444599151611328,
    0.04360604286193848,
    0.043550729751586914,
    0.043753862380981445,
    0.04380083084106445,
    0.04343986511230469
  ],
  "status": 1
}