{
  "gpu": false,
  "infile": "../matrix/cgne_init_4096_dble_csr.dat",
  "matfile": "../matrix/conf6_0-8x8-20/conf6_0-8x8-20.mtx",
  "k": 0.15717,
  "kc": 0.15717,
  "reordering": true,
  "preconditioning": true,
  "vol": 4096,
  "dim": 49152,
  "lattice": "8x8x8x8",
  "blk_dim": 24576,
  "bs": "8x8x8x4",
  "res": 1e-06,
  "tol": 0.0003135346870762468,
  "nmx": 250,
  "nkv": 7,
  "nmr": 4,
  "ncy": 10,
  "sdtype": "float64",
  "ddtype": "float64",
  "cdtype": "float64",
  "rn": [
    14.841889405295799,
    8.90408448691706,
    6.338332508067518,
    4.243784699018069,
    2.851313506345989,
    1.9831341349852518,
    1.4108576195471343,
    1.4108576195471343,
    1.0923406528814137,
    0.8414196185528856,
    0.6339252531235224,
    0.4586161256557764,
    0.3301352075842114,
    0.2375396268562513,
    0.16991331351356498,
    0.16991331351356453,
    0.12508917450679322,
    0.09268840610939044,
    0.06771983048420396,
    0.04868607537537049,
    0.0342867890052887,
    0.02508790231458711,
    0.017208969058938803,
    0.017208969058938053,
    0.01187857443682156,
    0.00859157497326015,
    0.006064461402908678,
    0.0045671031689626385,
    0.003273388435304609,
    0.002253571198530192,
    0.0015693411065800646,
    0.0015693411065802873,
    0.0011938306900283395,
    0.0009398030744028792,
    0.0007546159892778028,
    0.0005883066248356534,
    0.0004344230463517372,
    0.00030313307288022543,
    0.00030313307288048894
  ],
  "i": [
    0,
    1,
    2,
    3,
    4,
    5,
    6,
    7,
    8,
    9,
    10,
    11,
    12,
    13,
    14,
    15,
    16,
    17,
    18,
    19,
    20,
    21,
    22,
    23,
    24,
    25,
    26,
    27,
    28,
    29,
    30,
    31,
    32,
    33,
    34,
    35,
    36,
    37,
    38
  ],
  "reset": [
    7,
    15,
    23,
    31,
    38
  ],
  "duration": 20.129518032073975,
  "status": 34
}