{
  "gpu": true,
  "infile": "../matrix/cgne_init_4096_dble_csr.dat",
  "matfile": null,
  "k": 0.0,
  "kc": 0.0,
  "reordering": false,
  "preconditioning": true,
  "vol": 4096,
  "dim": 49152,
  "lattice": "8x8x8x8",
  "blk_dim": 12288,
  "bs": "8x8x4x4",
  "res": 1e-06,
  "tol": 0.00031353468703945405,
  "nmx": 500,
  "nkv": 7,
  "nmr": 4,
  "ncy": 5,
  "sdtype": "float32",
  "ddtype": "float64",
  "cdtype": "float64",
  "rn": [
    100.23771854043015,
    48.52925806920736,
    26.024265689125762,
    13.820007827131592,
    7.48856274982363,
    4.099174384803452,
    2.26346583934285,
    2.2634660426292332,
    1.317997606529096,
    0.7381289751653921,
    0.4180889003644654,
    0.22467661869648708,
    0.12477753873935214,
    0.06701436150237074,
    0.035737682414470624,
    0.035737680834161116,
    0.020882806262712973,
    0.01163152473248764,
    0.006567009502033507,
    0.003545739925501057,
    0.0019814365394083345,
    0.001094620363827682,
    0.0006197396075885654,
    0.0006197396637571964,
    0.00036267260658921064,
    0.00020239476912768784,
    0.00020239476894136585
  ],
  "i": [
    0,
    1,
    2,
    3,
    4,
    5,
    6,
    7,
    8,
    9,
    10,
    11,
    12,
    13,
    14,
    15,
    16,
    17,
    18,
    19,
    20,
    21,
    22,
    23,
    24,
    25,
    26
  ],
  "reset": [
    7,
    15,
    23,
    26
  ],
  "duration": 1.2270135879516602,
  "status": 23
}