{
  "gpu": false,
  "device": "hybrid",
  "infile": "../matrix/cgne_init_4096_dble_csr.dat",
  "matfile": "../matrix/conf6_0-8x8-30/conf6.0-00l8x8-3000.mtx",
  "k": 0.05,
  "kc": 0.15649,
  "reordering": true,
  "preconditioning": true,
  "vol": 4096,
  "dim": 49152,
  "lattice": "8x8x8x8",
  "blk_dim": 12288,
  "bs": "8x8x4x4",
  "res": 1e-06,
  "tol": 0.0003135346870547978,
  "nmx": 417,
  "nkv": 7,
  "nmr": 6,
  "ncy": 4,
  "sdtype": "float32",
  "ddtype": "float64",
  "cdtype": "float32",
  "rn": [
    2.416561041183702e-05,
    5.0528382661815546e-05
  ],
  "i": [
    0,
    1
  ],
  "reset": [
    1
  ],
  "duration": [
    0.07647037506103516,
    0.0762636661529541,
    0.07610464096069336,
    0.07599401473999023,
    0.07615208625793457,
    0.07606816291809082,
    0.07611560821533203,
    0.0759115219116211,
    0.07568812370300293,
    0.0764150619506836,
    0.07577276229858398,
    0.0756845474243164,
    0.07605385780334473,
    0.07668375968933105,
    0.07577085494995117,
    0.07552862167358398,
    0.07581424713134766,
    0.07569766044616699,
    0.07548189163208008,
    0.07579588890075684
  ],
  "status": 1
}