{
  "gpu": false,
  "infile": "../matrix/cgne_init_4096_dble_csr.dat",
  "matfile": null,
  "k": 0.0,
  "kc": 0.0,
  "reordering": false,
  "preconditioning": true,
  "vol": 4096,
  "dim": 49152,
  "lattice": "8x8x8x8",
  "blk_dim": 24576,
  "bs": "8x8x8x4",
  "res": 1e-06,
  "tol": 0.0003135346870547978,
  "nmx": 250,
  "nkv": 7,
  "nmr": 4,
  "ncy": 10,
  "sdtype": "float32",
  "ddtype": "float64",
  "cdtype": "float64",
  "rn": [
    52.075150180855694,
    15.422744158307395,
    5.307086468691519,
    1.9511849339616958,
    0.7261502312811351,
    0.27253864219755697,
    0.1030107338014645,
    0.10301130095117712,
    0.04095189151950995,
    0.017343367922412273,
    0.006393018893917064,
    0.0024711774447461286,
    0.0009295582535585197,
    0.00029574832663996554,
    0.0002957485160200683
  ],
  "i": [
    0,
    1,
    2,
    3,
    4,
    5,
    6,
    7,
    8,
    9,
    10,
    11,
    12,
    13,
    14
  ],
  "reset": [
    7,
    14
  ],
  "duration": [
    2.505953311920166,
    2.5109164714813232,
    2.514071464538574,
    2.5074219703674316,
    2.5095503330230713,
    2.5076494216918945,
    2.508960008621216,
    2.5118281841278076,
    2.507533311843872,
    2.5058786869049072,
    2.5046639442443848,
    2.507833480834961,
    2.502889394760132,
    2.509680986404419,
    2.5067007541656494,
    2.507094144821167,
    2.5045998096466064,
    2.504762887954712,
    2.505798101425171,
    2.5066652297973633
  ],
  "status": 13
}