{
  "gpu": true,
  "device": "gpu",
  "infile": "../matrix/cgne_init_4096_dble_csr.dat",
  "matfile": null,
  "k": 0.0,
  "kc": 0.0,
  "reordering": false,
  "preconditioning": true,
  "vol": 4096,
  "dim": 49152,
  "lattice": "8x8x8x8",
  "blk_dim": 3072,
  "bs": "4x4x4x4",
  "res": 1e-06,
  "tol": 0.00031353468703945405,
  "nmx": 250,
  "nkv": 7,
  "nmr": 10,
  "ncy": 4,
  "sdtype": "float32",
  "ddtype": "float64",
  "cdtype": "float32",
  "rn": [
    55.529397288503496,
    36.376465354090875,
    23.904746939657283,
    14.729382268721317,
    9.72278777674878,
    6.034383507706667,
    3.870890354230092,
    3.870890249060223,
    2.5721471431477183,
    1.5567160304984515,
    0.9985012555210294,
    0.6027473807037901,
    0.38672470302597295,
    0.24140577426264057,
    0.15448749404691597,
    0.15448749858181432,
    0.1027883002689824,
    0.06145833761897701,
    0.03806810009722927,
    0.023800940940490716,
    0.01549163646067992,
    0.00969629564416307,
    0.006238689947949437,
    0.006238690135389974,
    0.004220512297494823,
    0.002631654864002366,
    0.001696099586751481,
    0.0010641033648257068,
    0.0007001018635840667,
    0.0004442734545375913,
    0.0002941073996948901,
    0.00029410739814676
  ],
  "i": [
    0,
    1,
    2,
    3,
    4,
    5,
    6,
    7,
    8,
    9,
    10,
    11,
    12,
    13,
    14,
    15,
    16,
    17,
    18,
    19,
    20,
    21,
    22,
    23,
    24,
    25,
    26,
    27,
    28,
    29,
    30,
    31
  ],
  "reset": [
    7,
    15,
    23,
    31
  ],
  "duration": [
    8.841395854949951,
    8.694531202316284,
    8.690577983856201,
    8.667943477630615,
    8.663163185119629,
    8.663013935089111,
    8.670863151550293,
    8.6426842212677,
    8.65675139427185,
    8.652405023574829,
    8.662692070007324,
    8.66614842414856,
    8.668814659118652,
    8.656861305236816,
    8.659155368804932,
    8.670835018157959,
    8.664619445800781,
    8.664681196212769,
    8.660810232162476,
    8.674149751663208
  ],
  "status": 28
}