{
  "gpu": true,
  "device": "gpu",
  "infile": "../matrix/cgne_init_4096_dble_csr.dat",
  "matfile": "../matrix/conf6_0-8x8-30/conf6.0-00l8x8-3000.mtx",
  "k": 0.05,
  "kc": 0.15649,
  "reordering": true,
  "preconditioning": true,
  "vol": 4096,
  "dim": 49152,
  "lattice": "8x8x8x8",
  "blk_dim": 12288,
  "bs": "8x8x4x4",
  "res": 1e-06,
  "tol": 0.0003135346870762468,
  "nmx": 417,
  "nkv": 7,
  "nmr": 2,
  "ncy": 12,
  "sdtype": "float64",
  "ddtype": "float64",
  "cdtype": "float64",
  "rn": [
    1.2393882183754401e-11,
    1.2394090082806252e-11
  ],
  "i": [
    0,
    1
  ],
  "reset": [
    1
  ],
  "duration": [
    0.06511902809143066,
    0.0650627613067627,
    0.06361055374145508,
    0.06148862838745117,
    0.06536483764648438,
    0.06462788581848145,
    0.06380128860473633,
    0.06153297424316406,
    0.06248736381530762,
    0.06451749801635742,
    0.0647122859954834,
    0.06467318534851074,
    0.06520271301269531,
    0.0645146369934082,
    0.06475281715393066,
    0.06450748443603516,
    0.06473183631896973,
    0.06484484672546387,
    0.06447267532348633,
    0.06470704078674316
  ],
  "status": 1
}