{
  "gpu": false,
  "infile": "../matrix/cgne_init_4096_dble_csr.dat",
  "matfile": null,
  "k": 0.0,
  "kc": 0.0,
  "reordering": false,
  "preconditioning": true,
  "vol": 4096,
  "dim": 49152,
  "lattice": "8x8x8x8",
  "blk_dim": 24576,
  "bs": "8x8x8x4",
  "res": 1e-06,
  "tol": 0.0003135346870547978,
  "nmx": 417,
  "nkv": 7,
  "nmr": 2,
  "ncy": 12,
  "sdtype": "float32",
  "ddtype": "float64",
  "cdtype": "float32",
  "rn": [
    53.50263154576277,
    13.419490104419456,
    4.152274135194421,
    1.3650043078495335,
    0.45411295858362116,
    0.15421610703865712,
    0.05292914356776628,
    0.05292920656049971,
    0.020688213703433034,
    0.007315397873318226,
    0.0025410451717497754,
    0.0008529321321447259,
    0.00028148541468773363,
    0.00028148540402812594
  ],
  "i": [
    0,
    1,
    2,
    3,
    4,
    5,
    6,
    7,
    8,
    9,
    10,
    11,
    12,
    13
  ],
  "reset": [
    7,
    13
  ],
  "duration": [
    2.104414701461792,
    2.104433536529541,
    2.0983352661132812,
    2.1060073375701904,
    2.105100631713867,
    2.1089320182800293,
    2.1071155071258545,
    2.11055850982666,
    2.114330530166626,
    2.1025354862213135,
    2.1144721508026123,
    2.109998941421509,
    2.114393949508667,
    2.1131904125213623,
    2.1108922958374023,
    2.106086015701294,
    2.1140897274017334,
    2.1065425872802734,
    2.10406756401062,
    2.1013197898864746
  ],
  "status": 12
}