{
  "gpu": false,
  "infile": "../matrix/cgne_init_65536_dble_csr.dat",
  "matfile": null,
  "k": 0.0,
  "kc": 0.0,
  "reordering": false,
  "preconditioning": true,
  "vol": 65536,
  "dim": 786048,
  "lattice": "16x16x16x16",
  "blk_dim": 196512,
  "bs": "16x16x8x8",
  "res": 1e-06,
  "tol": 0.0012541387482794752,
  "nmx": 500,
  "nkv": 7,
  "nmr": 4,
  "ncy": 5,
  "sdtype": "float32",
  "ddtype": "float64",
  "cdtype": "float64",
  "rn": [
    399.3065424788005,
    145.75216000444263,
    54.34669990704664,
    20.62657572370559,
    7.974808743140528,
    3.1463903370376864,
    1.2658073792043743,
    1.2658069773227196,
    0.5241375057148904,
    0.2131023602035771,
    0.0796145866235215,
    0.028526807727117322,
    0.010060520583762838,
    0.0034579609927550717,
    0.0012013128145453135,
    0.0012013148762145633
  ],
  "i": [
    0,
    1,
    2,
    3,
    4,
    5,
    6,
    7,
    8,
    9,
    10,
    11,
    12,
    13,
    14,
    15
  ],
  "reset": [
    7,
    15
  ],
  "duration": 21.860581636428833,
  "status": 14
}