{
  "gpu": false,
  "device": "hybrid",
  "infile": "../matrix/cgne_init_4096_dble_csr.dat",
  "matfile": "../matrix/conf6_0-8x8-30/conf6.0-00l8x8-3000.mtx",
  "k": 0.05,
  "kc": 0.15649,
  "reordering": true,
  "preconditioning": true,
  "vol": 4096,
  "dim": 49152,
  "lattice": "8x8x8x8",
  "blk_dim": 24576,
  "bs": "8x8x8x4",
  "res": 1e-06,
  "tol": 0.0003135346870547978,
  "nmx": 417,
  "nkv": 7,
  "nmr": 4,
  "ncy": 6,
  "sdtype": "float32",
  "ddtype": "float64",
  "cdtype": "float32",
  "rn": [
    2.416561028080424e-05,
    4.973843047858347e-05
  ],
  "i": [
    0,
    1
  ],
  "reset": [
    1
  ],
  "duration": [
    0.04942917823791504,
    0.049257755279541016,
    0.04908871650695801,
    0.04960370063781738,
    0.04938936233520508,
    0.049239397048950195,
    0.049246788024902344,
    0.04895639419555664,
    0.049256086349487305,
    0.04994678497314453,
    0.049523115158081055,
    0.04945111274719238,
    0.049192190170288086,
    0.0491032600402832,
    0.048989295959472656,
    0.04884839057922363,
    0.048882246017456055,
    0.04906344413757324,
    0.04900932312011719,
    0.04904890060424805
  ],
  "status": 1
}