{
  "gpu": false,
  "device": "hybrid",
  "infile": "../matrix/cgne_init_4096_dble_csr.dat",
  "matfile": "../matrix/conf6_0-8x8-20/conf6_0-8x8-20.mtx",
  "k": 0.15,
  "kc": 0.15717,
  "reordering": true,
  "preconditioning": true,
  "vol": 4096,
  "dim": 49152,
  "lattice": "8x8x8x8",
  "blk_dim": 6144,
  "bs": "8x4x4x4",
  "res": 1e-06,
  "tol": 0.0003135346870547978,
  "nmx": 417,
  "nkv": 7,
  "nmr": 2,
  "ncy": 12,
  "sdtype": "float32",
  "ddtype": "float64",
  "cdtype": "float64",
  "rn": [
    5.175504791191874,
    0.8757309717341868,
    0.16364537881155525,
    0.029623172466575247,
    0.00539492464575395,
    0.0009911445157155254,
    0.0002005898593752446,
    0.0002092022624051652
  ],
  "i": [
    0,
    1,
    2,
    3,
    4,
    5,
    6,
    7
  ],
  "reset": [
    7
  ],
  "duration": [
    1.0577127933502197,
    1.0606918334960938,
    1.0573608875274658,
    1.0611622333526611,
    1.0588443279266357,
    1.0610933303833008,
    1.0603611469268799,
    1.060082197189331,
    1.0591800212860107,
    1.0605981349945068,
    1.0607247352600098,
    1.060746669769287,
    1.059147596359253,
    1.0590953826904297,
    1.0599360466003418,
    1.0601799488067627,
    1.062903642654419,
    1.0605719089508057,
    1.060875415802002,
    1.0594823360443115
  ],
  "status": 7
}