{
  "gpu": false,
  "device": "hybrid",
  "infile": "../matrix/cgne_init_65536_dble_csr.dat",
  "matfile": null,
  "k": 0.0,
  "kc": 0.0,
  "reordering": false,
  "preconditioning": true,
  "vol": 65536,
  "dim": 786432,
  "lattice": "16x16x16x16",
  "blk_dim": 24576,
  "bs": "8x8x8x4",
  "res": 1e-06,
  "tol": 0.0012541387483049865,
  "nmx": 1250,
  "nkv": 7,
  "nmr": 2,
  "ncy": 4,
  "sdtype": "float64",
  "ddtype": "float64",
  "cdtype": "float64",
  "rn": [
    565.733455704443,
    272.4600598067819,
    120.18187557089456,
    52.456683331038654,
    23.125287881875398,
    10.289305147539675,
    4.628326168321279,
    4.628326168321279,
    2.5612623020123495,
    1.0604786179982475,
    0.4551711082032219,
    0.20008611267055296,
    0.09322223005775947,
    0.04392594799213589,
    0.020048519182821082,
    0.02004851918282183,
    0.011021758061868506,
    0.005159185156927424,
    0.0021737387981801367,
    0.0010035343674067944,
    0.0010035343674073898
  ],
  "i": [
    0,
    1,
    2,
    3,
    4,
    5,
    6,
    7,
    8,
    9,
    10,
    11,
    12,
    13,
    14,
    15,
    16,
    17,
    18,
    19,
    20
  ],
  "reset": [
    7,
    15,
    20
  ],
  "duration": [
    14.618549346923828,
    14.59880518913269,
    14.63771939277649,
    14.611162900924683,
    14.7194344997406,
    14.730241775512695,
    14.611427068710327,
    14.473623037338257,
    14.539595603942871,
    14.666157484054565,
    14.583497285842896,
    14.687716484069824,
    14.53617262840271,
    14.622026681900024,
    14.593058824539185,
    14.607287406921387,
    14.595284700393677,
    14.618454933166504,
    14.571120500564575,
    14.623008728027344
  ],
  "status": 18
}