{
  "gpu": true,
  "device": "gpu",
  "infile": "../matrix/cgne_init_4096_dble_csr.dat",
  "matfile": "../matrix/conf6_0-8x8-20/conf6_0-8x8-20.mtx",
  "k": 0.15,
  "kc": 0.15717,
  "reordering": true,
  "preconditioning": true,
  "vol": 4096,
  "dim": 49152,
  "lattice": "8x8x8x8",
  "blk_dim": 6144,
  "bs": "8x4x4x4",
  "res": 1e-06,
  "tol": 0.00031353468703945405,
  "nmx": 417,
  "nkv": 7,
  "nmr": 12,
  "ncy": 2,
  "sdtype": "float32",
  "ddtype": "float64",
  "cdtype": "float32",
  "rn": [
    27.477147805899968,
    8.064666515282392,
    2.9698516439454608,
    1.1794377207595477,
    0.501236647018743,
    0.21525473006001736,
    0.08975745856378,
    0.0897576090543942,
    0.040548827703613635,
    0.018946555656742244,
    0.008589179636132618,
    0.003769782191544686,
    0.0016356077111111453,
    0.0007176983184311204,
    0.0003182701970471461,
    0.00031827024499754574,
    0.00013666423980975562,
    0.00013666423950965765
  ],
  "i": [
    0,
    1,
    2,
    3,
    4,
    5,
    6,
    7,
    8,
    9,
    10,
    11,
    12,
    13,
    14,
    15,
    16,
    17
  ],
  "reset": [
    7,
    15,
    17
  ],
  "duration": [
    1.5558948516845703,
    1.4051356315612793,
    1.3781037330627441,
    1.3939363956451416,
    1.3798549175262451,
    1.3817250728607178,
    1.3913297653198242,
    1.3804211616516113,
    1.3846917152404785,
    1.3896465301513672,
    1.3918261528015137,
    1.3926756381988525,
    1.398209571838379,
    1.3959643840789795,
    1.394303798675537,
    1.3992111682891846,
    1.3946034908294678,
    1.3942201137542725,
    1.3888940811157227,
    1.3948655128479004
  ],
  "status": 15
}