{
  "gpu": false,
  "device": "hybrid",
  "infile": "../matrix/cgne_init_4096_dble_csr.dat",
  "matfile": "../matrix/conf6_0-8x8-20/conf6_0-8x8-20.mtx",
  "k": 0.15,
  "kc": 0.15717,
  "reordering": true,
  "preconditioning": true,
  "vol": 4096,
  "dim": 49152,
  "lattice": "8x8x8x8",
  "blk_dim": 12288,
  "bs": "8x8x4x4",
  "res": 1e-06,
  "tol": 0.0003135346870547978,
  "nmx": 250,
  "nkv": 7,
  "nmr": 4,
  "ncy": 10,
  "sdtype": "float32",
  "ddtype": "float64",
  "cdtype": "float32",
  "rn": [
    1.9786423108594906,
    0.17918575013583757,
    0.01750905668495028,
    0.0016357495597358078,
    0.0002050053123650699,
    0.0002306232263546101
  ],
  "i": [
    0,
    1,
    2,
    3,
    4,
    5
  ],
  "reset": [
    5
  ],
  "duration": [
    0.5952005386352539,
    0.5952048301696777,
    0.5925707817077637,
    0.59173583984375,
    0.5919952392578125,
    0.5918281078338623,
    0.5917975902557373,
    0.5937819480895996,
    0.5927839279174805,
    0.5909304618835449,
    0.5902650356292725,
    0.5907068252563477,
    0.5905730724334717,
    0.5894863605499268,
    0.5889732837677002,
    0.5907225608825684,
    0.5910840034484863,
    0.5938405990600586,
    0.5940389633178711,
    0.5923454761505127
  ],
  "status": 5
}