{
  "gpu": false,
  "infile": "../matrix/cgne_init_65536_dble_csr.dat",
  "matfile": null,
  "k": 0.0,
  "kc": 0.0,
  "reordering": false,
  "preconditioning": true,
  "vol": 65536,
  "dim": 786048,
  "lattice": "16x16x16x16",
  "blk_dim": 98256,
  "bs": "16x8x8x8",
  "res": 1e-06,
  "tol": 0.0012541387482794752,
  "nmx": 1250,
  "nkv": 7,
  "nmr": 4,
  "ncy": 2,
  "sdtype": "float32",
  "ddtype": "float64",
  "cdtype": "float32",
  "rn": [
    723.2199226671094,
    405.0896351963845,
    206.34312249131247,
    99.44650260026076,
    47.525642401203015,
    22.578586913683434,
    10.824967937534868,
    10.824967618020928,
    6.48426218497461,
    2.7599059758249966,
    1.2950531047141758,
    0.5996793022231702,
    0.2920141202387436,
    0.14247547876384647,
    0.06664693483208926,
    0.0666469323915826,
    0.039317922163234015,
    0.018176133463562113,
    0.007760273246889231,
    0.0037878501752364657,
    0.0019865774088727597,
    0.0010361942898417015,
    0.0010361942090145407
  ],
  "i": [
    0,
    1,
    2,
    3,
    4,
    5,
    6,
    7,
    8,
    9,
    10,
    11,
    12,
    13,
    14,
    15,
    16,
    17,
    18,
    19,
    20,
    21,
    22
  ],
  "reset": [
    7,
    15,
    22
  ],
  "duration": 12.032792806625366,
  "status": 20
}