{
  "gpu": false,
  "infile": "../matrix/cgne_init_65536_dble_csr.dat",
  "matfile": null,
  "k": 0.0,
  "kc": 0.0,
  "reordering": false,
  "preconditioning": true,
  "vol": 65536,
  "dim": 786048,
  "lattice": "16x16x16x16",
  "blk_dim": 98256,
  "bs": "16x8x8x8",
  "res": 1e-06,
  "tol": 0.0012541387483049865,
  "nmx": 2500,
  "nkv": 7,
  "nmr": 4,
  "ncy": 1,
  "sdtype": "float64",
  "ddtype": "float64",
  "cdtype": "float64",
  "rn": [
    610.7032241233981,
    234.8991189026538,
    104.6208148619479,
    47.70500503985442,
    21.64756963545821,
    10.208919790823112,
    4.7883125298853955,
    4.788312529885395,
    2.38874308152484,
    1.1820388485308595,
    0.5689793790764893,
    0.2746499890825379,
    0.13069643064194705,
    0.05705039152027248,
    0.02649657008721321,
    0.02649657008721331,
    0.013116819423278301,
    0.006463225756137934,
    0.0031196504163661302,
    0.0015407700307795984,
    0.0007460407397225952,
    0.0007460407397222719
  ],
  "i": [
    0,
    1,
    2,
    3,
    4,
    5,
    6,
    7,
    8,
    9,
    10,
    11,
    12,
    13,
    14,
    15,
    16,
    17,
    18,
    19,
    20,
    21
  ],
  "reset": [
    7,
    15,
    21
  ],
  "duration": 8.7680823802948,
  "status": 19
}