{
  "gpu": false,
  "infile": "../matrix/cgne_init_4096_dble_csr.dat",
  "matfile": "../matrix/conf6_0-8x8-20/conf6_0-8x8-20.mtx",
  "k": 0.15,
  "kc": 0.15717,
  "reordering": true,
  "preconditioning": true,
  "vol": 4096,
  "dim": 49152,
  "lattice": "8x8x8x8",
  "blk_dim": 6144,
  "bs": "8x4x4x4",
  "res": 1e-06,
  "tol": 0.0003135346870547978,
  "nmx": 2500,
  "nkv": 7,
  "nmr": 4,
  "ncy": 1,
  "sdtype": "float32",
  "ddtype": "float64",
  "cdtype": "float32",
  "rn": [
    87.12783914352715,
    31.847863969970216,
    17.41155773534117,
    10.69736433790746,
    7.026363407414132,
    4.793064575136534,
    3.36284196009807,
    3.362841951553633,
    2.516453562036097,
    1.8614494274036848,
    1.3421723794469356,
    0.9565580133648748,
    0.665612042674582,
    0.46099104582588335,
    0.3361104428749409,
    0.3361104429468445,
    0.25717413481609086,
    0.19680925451388906,
    0.14822020426169985,
    0.109353668074806,
    0.08051158796394384,
    0.05975034471226351,
    0.04454905156292826,
    0.044549051952296255,
    0.03371647340600645,
    0.025547838944414588,
    0.019122302877795906,
    0.014287108125078829,
    0.01056125210750942,
    0.007919849929944652,
    0.006125140568200536,
    0.006125140382562217,
    0.0047561532943112645,
    0.0036206805430068216,
    0.0027060252042247317,
    0.0020435495787475212,
    0.0015285550232477674,
    0.0011494694527598025,
    0.0008742182585104228,
    0.000874218268634515,
    0.0006717321431973524,
    0.0005116150771402126,
    0.0003857827693263529,
    0.00028956157157644045,
    0.0002895615728503261
  ],
  "i": [
    0,
    1,
    2,
    3,
    4,
    5,
    6,
    7,
    8,
    9,
    10,
    11,
    12,
    13,
    14,
    15,
    16,
    17,
    18,
    19,
    20,
    21,
    22,
    23,
    24,
    25,
    26,
    27,
    28,
    29,
    30,
    31,
    32,
    33,
    34,
    35,
    36,
    37,
    38,
    39,
    40,
    41,
    42,
    43,
    44
  ],
  "reset": [
    7,
    15,
    23,
    31,
    39,
    44
  ],
  "duration": 1.68617844581604,
  "status": 39
}