{
  "gpu": false,
  "device": "hybrid",
  "infile": "../matrix/cgne_init_65536_dble_csr.dat",
  "matfile": null,
  "k": 0.0,
  "kc": 0.0,
  "reordering": false,
  "preconditioning": true,
  "vol": 65536,
  "dim": 786432,
  "lattice": "16x16x16x16",
  "blk_dim": 196608,
  "bs": "16x16x8x8",
  "res": 1e-06,
  "tol": 0.0012541387482794752,
  "nmx": 1250,
  "nkv": 7,
  "nmr": 2,
  "ncy": 4,
  "sdtype": "float32",
  "ddtype": "float64",
  "cdtype": "float64",
  "rn": [
    565.7990271457385,
    272.527200174813,
    120.22343662565832,
    52.48312431811306,
    23.14549782499637,
    10.3008916324352,
    4.632798842399199,
    4.6327990173269145,
    2.563558590825303,
    1.0595359464000633,
    0.45423046500539316,
    0.1994041510626153,
    0.09280405160813057,
    0.043689344666476934,
    0.019975629551184523,
    0.0199756320218527,
    0.011001612086498854,
    0.005021809754113087,
    0.002098984625296587,
    0.0009492920930728099,
    0.0009492920804938697
  ],
  "i": [
    0,
    1,
    2,
    3,
    4,
    5,
    6,
    7,
    8,
    9,
    10,
    11,
    12,
    13,
    14,
    15,
    16,
    17,
    18,
    19,
    20
  ],
  "reset": [
    7,
    15,
    20
  ],
  "duration": [
    10.65268349647522,
    10.591115236282349,
    10.605090856552124,
    10.574361085891724,
    10.607514381408691,
    10.625612258911133,
    10.613017559051514,
    10.620022773742676,
    10.600446224212646,
    10.635287761688232,
    10.641354322433472,
    10.640561819076538,
    10.602424621582031,
    10.612756729125977,
    10.605721712112427,
    10.627415657043457,
    10.611020803451538,
    10.608088493347168,
    10.575857400894165,
    10.62217402458191
  ],
  "status": 18
}