{
  "gpu": false,
  "device": "hybrid",
  "infile": "../matrix/cgne_init_4096_dble_csr.dat",
  "matfile": "../matrix/conf6_0-8x8-20/conf6_0-8x8-20.mtx",
  "k": 0.15717,
  "kc": 0.15717,
  "reordering": true,
  "preconditioning": true,
  "vol": 4096,
  "dim": 49152,
  "lattice": "8x8x8x8",
  "blk_dim": 6144,
  "bs": "8x4x4x4",
  "res": 1e-06,
  "tol": 0.0003135346870547978,
  "nmx": 417,
  "nkv": 7,
  "nmr": 4,
  "ncy": 6,
  "sdtype": "float32",
  "ddtype": "float64",
  "cdtype": "float32",
  "rn": [
    21.46700168331406,
    10.896913744238597,
    6.316007868751884,
    3.6424458955733563,
    2.255458236782148,
    1.4051975252191438,
    0.8882471767892962,
    0.8882470366475668,
    0.558885031777947,
    0.36510711691434283,
    0.23730512707858187,
    0.15303390468534261,
    0.09392767438409617,
    0.056323077646843495,
    0.03271277190198156,
    0.032712772445094566,
    0.01942327522063846,
    0.011515433825756111,
    0.00638686546387667,
    0.0040719893053444076,
    0.002554647849460147,
    0.0016816226042891047,
    0.0010769492622146812,
    0.0010769492477027218,
    0.000708599019097423,
    0.00046209844826143896,
    0.0003009790934628859,
    0.00030097909156927185
  ],
  "i": [
    0,
    1,
    2,
    3,
    4,
    5,
    6,
    7,
    8,
    9,
    10,
    11,
    12,
    13,
    14,
    15,
    16,
    17,
    18,
    19,
    20,
    21,
    22,
    23,
    24,
    25,
    26,
    27
  ],
  "reset": [
    7,
    15,
    23,
    27
  ],
  "duration": [
    3.155024290084839,
    3.1583900451660156,
    3.155456066131592,
    3.1522414684295654,
    3.156676769256592,
    3.155780076980591,
    3.1563751697540283,
    3.1603169441223145,
    3.1578369140625,
    3.154571294784546,
    3.162973642349243,
    3.1552584171295166,
    3.1570181846618652,
    3.1571121215820312,
    3.160484790802002,
    3.155930280685425,
    3.15270733833313,
    3.160327434539795,
    3.1587233543395996,
    3.1539852619171143
  ],
  "status": 24
}