{
  "gpu": false,
  "infile": "../matrix/cgne_init_4096_dble_csr.dat",
  "matfile": "../matrix/conf6_0-8x8-20/conf6_0-8x8-20.mtx",
  "k": 0.15,
  "kc": 0.15717,
  "reordering": true,
  "preconditioning": true,
  "vol": 4096,
  "dim": 49152,
  "lattice": "8x8x8x8",
  "blk_dim": 6144,
  "bs": "8x4x4x4",
  "res": 1e-06,
  "tol": 0.0003135346870547978,
  "nmx": 1250,
  "nkv": 7,
  "nmr": 4,
  "ncy": 2,
  "sdtype": "float32",
  "ddtype": "float64",
  "cdtype": "float64",
  "rn": [
    34.747538012494005,
    11.088646291582823,
    5.283943843478106,
    2.754825278839788,
    1.5171141475463963,
    0.8253522022045486,
    0.462577056516726,
    0.4625770362025443,
    0.27975207980450295,
    0.16582138424600057,
    0.09910556479730578,
    0.05580720070113606,
    0.031394464659534965,
    0.015540789783207666,
    0.008847857899074048,
    0.008847858035913002,
    0.005443055383509504,
    0.003178784639376746,
    0.0019051570145382788,
    0.0010950316562289826,
    0.0006403141726725374,
    0.0003580720367382357,
    0.0002080366915992133,
    0.00020803669006573032
  ],
  "i": [
    0,
    1,
    2,
    3,
    4,
    5,
    6,
    7,
    8,
    9,
    10,
    11,
    12,
    13,
    14,
    15,
    16,
    17,
    18,
    19,
    20,
    21,
    22,
    23
  ],
  "reset": [
    7,
    15,
    23
  ],
  "duration": 1.8388867378234863,
  "status": 21
}