{
  "gpu": true,
  "device": "gpu",
  "infile": "../matrix/fgcr_check3_4096_dble_csr.dat",
  "matfile": null,
  "k": 0.0,
  "kc": 0.0,
  "reordering": false,
  "preconditioning": true,
  "vol": 4096,
  "dim": 49152,
  "lattice": "8x8x8x8",
  "blk_dim": 3072,
  "bs": "4x4x4x4",
  "res": 1e-06,
  "tol": 0.0003135346870762468,
  "nmx": 417,
  "nkv": 7,
  "nmr": 4,
  "ncy": 6,
  "sdtype": "float64",
  "ddtype": "float64",
  "cdtype": "float64",
  "rn": [
    15.454666224737062,
    4.98221859039607,
    1.4944836871271758,
    0.46903358941459244,
    0.14122694823844698,
    0.042428550564283074,
    0.01256411207205958,
    0.012564112072059794,
    0.004131163938909716,
    0.0013602652647689282,
    0.00044198987974835896,
    0.00013449243364428733,
    0.00013449243364453475
  ],
  "i": [
    0,
    1,
    2,
    3,
    4,
    5,
    6,
    7,
    8,
    9,
    10,
    11,
    12
  ],
  "reset": [
    7,
    12
  ],
  "duration": [
    2.6489269733428955,
    2.4373903274536133,
    2.4350883960723877,
    2.4334442615509033,
    2.4336187839508057,
    2.435961961746216,
    2.4371321201324463,
    2.4352197647094727,
    2.4345366954803467,
    2.4323809146881104,
    2.4330010414123535,
    2.431786060333252,
    2.43308687210083,
    2.4344630241394043,
    2.434553623199463,
    2.4346988201141357,
    2.4340341091156006,
    2.4334986209869385,
    2.4328296184539795,
    2.4365313053131104
  ],
  "status": 11
}