{
  "gpu": false,
  "device": "cpu",
  "infile": "../matrix/cgne_init_4096_dble_csr.dat",
  "matfile": "../matrix/conf6_0-8x8-20/conf6_0-8x8-20.mtx",
  "k": 0.15,
  "kc": 0.15717,
  "reordering": true,
  "preconditioning": true,
  "vol": 4096,
  "dim": 49152,
  "lattice": "8x8x8x8",
  "blk_dim": 3072,
  "bs": "4x4x4x4",
  "res": 1e-06,
  "tol": 0.0003135346870547978,
  "nmx": 2500,
  "nkv": 7,
  "nmr": 1,
  "ncy": 4,
  "sdtype": "float32",
  "ddtype": "float64",
  "cdtype": "float32",
  "rn": [
    47.46099131732982,
    20.317702947558523,
    11.607102258616873,
    7.209985559787319,
    4.739023618513834,
    3.2029052113065406,
    2.2174835233864227,
    2.217483561252716,
    1.6327033797231336,
    1.1912037984754353,
    0.8560451893309762,
    0.6074183989671649,
    0.42370651828517963,
    0.2886356382179737,
    0.2003117079377438,
    0.20031171341105822,
    0.15046995343046687,
    0.1130474445567868,
    0.08229951520037394,
    0.059721704038497844,
    0.042604319531561845,
    0.03082577771192171,
    0.022477254414390715,
    0.02247725439447969,
    0.016759598272867444,
    0.012527962899651853,
    0.009197432057558496,
    0.006824515143272845,
    0.005008943064347775,
    0.003668093300709591,
    0.0027097970455834384,
    0.00270979706051441,
    0.002023896868462659,
    0.0014901493646521811,
    0.0011004832118909121,
    0.0008163245427418555,
    0.000607149228955116,
    0.0004579270611003697,
    0.0003412189684620488,
    0.000341218961318518,
    0.00025505012957615996,
    0.00025505013070250263
  ],
  "i": [
    0,
    1,
    2,
    3,
    4,
    5,
    6,
    7,
    8,
    9,
    10,
    11,
    12,
    13,
    14,
    15,
    16,
    17,
    18,
    19,
    20,
    21,
    22,
    23,
    24,
    25,
    26,
    27,
    28,
    29,
    30,
    31,
    32,
    33,
    34,
    35,
    36,
    37,
    38,
    39,
    40,
    41
  ],
  "reset": [
    7,
    15,
    23,
    31,
    39,
    41
  ],
  "duration": [
    1.902355670928955,
    1.897125005722046,
    1.8999197483062744,
    1.8953323364257812,
    1.8863673210144043,
    1.8950939178466797,
    1.8888025283813477,
    1.8939547538757324,
    1.893963098526001,
    1.9049091339111328,
    1.8957457542419434,
    1.8986866474151611,
    1.8944272994995117,
    1.8878304958343506,
    1.88871169090271,
    1.8927719593048096,
    1.8914084434509277,
    1.8912456035614014,
    1.8867053985595703,
    1.8894062042236328
  ],
  "status": 36
}