{
  "gpu": false,
  "device": "hybrid",
  "infile": "../matrix/cgne_init_4096_dble_csr.dat",
  "matfile": "../matrix/conf6_0-8x8-30/conf6.0-00l8x8-3000.mtx",
  "k": 0.05,
  "kc": 0.15649,
  "reordering": true,
  "preconditioning": true,
  "vol": 4096,
  "dim": 49152,
  "lattice": "8x8x8x8",
  "blk_dim": 6144,
  "bs": "8x4x4x4",
  "res": 1e-06,
  "tol": 0.0003135346870547978,
  "nmx": 250,
  "nkv": 7,
  "nmr": 4,
  "ncy": 10,
  "sdtype": "float32",
  "ddtype": "float64",
  "cdtype": "float32",
  "rn": [
    2.4165610280721344e-05,
    5.029381271626504e-05
  ],
  "i": [
    0,
    1
  ],
  "reset": [
    1
  ],
  "duration": [
    0.21134209632873535,
    0.20983576774597168,
    0.2102205753326416,
    0.20990800857543945,
    0.21072149276733398,
    0.21107101440429688,
    0.21080994606018066,
    0.21029067039489746,
    0.21088290214538574,
    0.21175670623779297,
    0.21080517768859863,
    0.21043109893798828,
    0.21136999130249023,
    0.21124553680419922,
    0.21184182167053223,
    0.21209406852722168,
    0.2117455005645752,
    0.21168017387390137,
    0.21185851097106934,
    0.211289644241333
  ],
  "status": 1
}