{
  "gpu": true,
  "device": "gpu",
  "infile": "../matrix/fgcr_check3_4096_dble_csr.dat",
  "matfile": null,
  "k": 0.0,
  "kc": 0.0,
  "reordering": false,
  "preconditioning": true,
  "vol": 4096,
  "dim": 49152,
  "lattice": "8x8x8x8",
  "blk_dim": 3072,
  "bs": "4x4x4x4",
  "res": 1e-06,
  "tol": 0.00031353468715082124,
  "nmx": 125,
  "nkv": 7,
  "nmr": 20,
  "ncy": 4,
  "sdtype": "float32",
  "ddtype": "float64",
  "cdtype": "float64",
  "rn": [
    25.528527601745008,
    5.167150491748076,
    1.4342692328337263,
    0.3654407640338692,
    0.09170679287046268,
    0.023918511094090884,
    0.005834632651212429,
    0.005834883453375891,
    0.0016968559546690846,
    0.0005606502528895098,
    0.00012453394992793584,
    0.0001245339678891085
  ],
  "i": [
    0,
    1,
    2,
    3,
    4,
    5,
    6,
    7,
    8,
    9,
    10,
    11
  ],
  "reset": [
    7,
    11
  ],
  "duration": [
    6.780672073364258,
    6.565216302871704,
    6.546792507171631,
    6.495731592178345,
    6.486056566238403,
    6.467025995254517,
    6.478386402130127,
    6.475754022598267,
    6.468015432357788,
    6.468664646148682,
    6.474420547485352,
    6.4729368686676025,
    6.466140985488892,
    6.457758188247681,
    6.4712584018707275,
    6.463141918182373,
    6.46512508392334,
    6.464721918106079,
    6.462467193603516,
    6.466955661773682
  ],
  "status": 10
}