{
  "gpu": false,
  "device": "hybrid",
  "infile": "../matrix/cgne_init_4096_dble_csr.dat",
  "matfile": "../matrix/conf6_0-8x8-20/conf6_0-8x8-20.mtx",
  "k": 0.15,
  "kc": 0.15717,
  "reordering": true,
  "preconditioning": true,
  "vol": 4096,
  "dim": 49152,
  "lattice": "8x8x8x8",
  "blk_dim": 24576,
  "bs": "8x8x8x4",
  "res": 1e-06,
  "tol": 0.0003135346870547978,
  "nmx": 125,
  "nkv": 7,
  "nmr": 4,
  "ncy": 20,
  "sdtype": "float32",
  "ddtype": "float64",
  "cdtype": "float64",
  "rn": [
    0.24799922399209234,
    0.0034447022717691415,
    5.555712220028339e-05,
    8.473174775737159e-05
  ],
  "i": [
    0,
    1,
    2,
    3
  ],
  "reset": [
    3
  ],
  "duration": [
    0.38670897483825684,
    0.38672351837158203,
    0.38686490058898926,
    0.38689088821411133,
    0.387037992477417,
    0.3866696357727051,
    0.38728952407836914,
    0.3870680332183838,
    0.387256383895874,
    0.3868074417114258,
    0.38710546493530273,
    0.3864908218383789,
    0.38752055168151855,
    0.38622450828552246,
    0.38677430152893066,
    0.38694047927856445,
    0.3862729072570801,
    0.3871762752532959,
    0.38715672492980957,
    0.3859584331512451
  ],
  "status": 3
}