{
  "gpu": true,
  "device": "gpu",
  "infile": "../matrix/cgne_init_65536_dble_csr.dat",
  "matfile": null,
  "k": 0.0,
  "kc": 0.0,
  "reordering": false,
  "preconditioning": true,
  "vol": 65536,
  "dim": 786432,
  "lattice": "16x16x16x16",
  "blk_dim": 393216,
  "bs": "16x16x16x8",
  "res": 1e-06,
  "tol": 0.0012541387483049871,
  "nmx": 2500,
  "nkv": 7,
  "nmr": 0.5,
  "ncy": 0.5,
  "sdtype": "float64",
  "ddtype": "float64",
  "cdtype": "float64",
  "rn": [
    496.4063273888429,
    220.27196768786933,
    75.2058297886761,
    35.84311357059066,
    11.27155308571641,
    5.753640886633955,
    1.9955375773213464,
    1.9955375773213462,
    1.0938588540242458,
    0.4498564980178122,
    0.25799886656445054,
    0.09842783933349913,
    0.054167091308033405,
    0.020964536860945866,
    0.011353256260176482,
    0.011353256260176555,
    0.00498279213865581,
    0.002733632290921401,
    0.0011957295415020274,
    0.0011957295415022731
  ],
  "i": [
    0,
    1,
    2,
    3,
    4,
    5,
    6,
    7,
    8,
    9,
    10,
    11,
    12,
    13,
    14,
    15,
    16,
    17,
    18,
    19
  ],
  "reset": [
    7,
    15,
    19
  ],
  "duration": [
    0.71543288230896,
    0.5489501953125,
    0.5516068935394287,
    0.5517828464508057,
    0.5519576072692871,
    0.5518548488616943,
    0.5520796775817871,
    0.5534427165985107,
    0.5529372692108154,
    0.5526316165924072,
    0.5525045394897461,
    0.5520317554473877,
    0.5522100925445557,
    0.5524196624755859,
    0.5529294013977051,
    0.5526161193847656,
    0.5531282424926758,
    0.5530176162719727,
    0.5520575046539307,
    0.5517044067382812
  ],
  "status": 17
}