{
  "gpu": true,
  "device": "gpu",
  "infile": "../matrix/fgcr_check3_4096_dble_csr.dat",
  "matfile": null,
  "k": 0.0,
  "kc": 0.0,
  "reordering": false,
  "preconditioning": true,
  "vol": 4096,
  "dim": 49152,
  "lattice": "8x8x8x8",
  "blk_dim": 12288,
  "bs": "8x8x4x4",
  "res": 1e-06,
  "tol": 0.00031353468715082124,
  "nmx": 125,
  "nkv": 7,
  "nmr": 4,
  "ncy": 20,
  "sdtype": "float32",
  "ddtype": "float64",
  "cdtype": "float32",
  "rn": [
    2.673969324132371,
    0.4136081253896023,
    0.062485000063571106,
    0.010638725476836268,
    0.001775379068027973,
    0.000317565033175673,
    5.987335704839958e-05,
    8.363855167104022e-05
  ],
  "i": [
    0,
    1,
    2,
    3,
    4,
    5,
    6,
    7
  ],
  "reset": [
    7
  ],
  "duration": [
    1.586090326309204,
    1.3824245929718018,
    1.378246784210205,
    1.3784167766571045,
    1.3774511814117432,
    1.3820345401763916,
    1.3748934268951416,
    1.37615966796875,
    1.3730523586273193,
    1.3766999244689941,
    1.3738348484039307,
    1.3753890991210938,
    1.3763844966888428,
    1.3667550086975098,
    1.3654770851135254,
    1.368217945098877,
    1.3656346797943115,
    1.3677551746368408,
    1.3652689456939697,
    1.3675570487976074
  ],
  "status": 7
}