{
  "gpu": false,
  "device": "cpu",
  "infile": "../matrix/cgne_init_4096_dble_csr.dat",
  "matfile": "../matrix/conf6_0-8x8-20/conf6_0-8x8-20.mtx",
  "k": 0.15717,
  "kc": 0.15717,
  "reordering": true,
  "preconditioning": true,
  "vol": 4096,
  "dim": 49152,
  "lattice": "8x8x8x8",
  "blk_dim": 3072,
  "bs": "4x4x4x4",
  "res": 1e-06,
  "tol": 0.0003135346870762468,
  "nmx": 125,
  "nkv": 7,
  "nmr": 20,
  "ncy": 4,
  "sdtype": "float64",
  "ddtype": "float64",
  "cdtype": "float64",
  "rn": [
    26.1888455851457,
    11.585827505192363,
    6.267241401503819,
    3.680572018808023,
    2.207312838969707,
    1.4175206749891738,
    0.8843839625431055,
    0.884383962543106,
    0.5569826296430436,
    0.3476420456654817,
    0.2167942915242978,
    0.13962889326928984,
    0.08521567445029396,
    0.047096263992668905,
    0.026949993670705535,
    0.026949993670705705,
    0.01641063068813704,
    0.009853990265900751,
    0.005983703020395291,
    0.0038161903550567675,
    0.002444275470679678,
    0.0015646853145922053,
    0.0009984286882661272,
    0.000998428688265957,
    0.0006536421570109976,
    0.0004031725930635513,
    0.0002451981174939158,
    0.0002451981174944589
  ],
  "i": [
    0,
    1,
    2,
    3,
    4,
    5,
    6,
    7,
    8,
    9,
    10,
    11,
    12,
    13,
    14,
    15,
    16,
    17,
    18,
    19,
    20,
    21,
    22,
    23,
    24,
    25,
    26,
    27
  ],
  "reset": [
    7,
    15,
    23,
    27
  ],
  "duration": [
    12.300992250442505,
    12.306719064712524,
    12.305259943008423,
    12.299948453903198,
    12.300642728805542,
    12.300502061843872,
    12.305081129074097,
    12.294255018234253,
    12.286338806152344,
    12.28231954574585,
    12.283878803253174,
    12.28278660774231,
    12.287030458450317,
    12.282984733581543,
    12.281035900115967,
    12.283411502838135,
    12.287181615829468,
    12.282829999923706,
    12.28226923942566,
    12.281078100204468
  ],
  "status": 24
}