{
  "gpu": false,
  "device": "hybrid",
  "infile": "../matrix/cgne_init_4096_dble_csr.dat",
  "matfile": "../matrix/conf6_0-8x8-30/conf6.0-00l8x8-3000.mtx",
  "k": 0.05,
  "kc": 0.15649,
  "reordering": true,
  "preconditioning": true,
  "vol": 4096,
  "dim": 49152,
  "lattice": "8x8x8x8",
  "blk_dim": 3072,
  "bs": "4x4x4x4",
  "res": 1e-06,
  "tol": 0.0003135346870547978,
  "nmx": 2500,
  "nkv": 7,
  "nmr": 4,
  "ncy": 1,
  "sdtype": "float32",
  "ddtype": "float64",
  "cdtype": "float64",
  "rn": [
    24.8277745478269,
    0.3531278953149446,
    0.005602244322683194,
    9.68767978963835e-05,
    0.00010105017782135706
  ],
  "i": [
    0,
    1,
    2,
    3,
    4
  ],
  "reset": [
    4
  ],
  "duration": [
    0.18726420402526855,
    0.18617606163024902,
    0.1873185634613037,
    0.18715882301330566,
    0.1863870620727539,
    0.1866896152496338,
    0.18612957000732422,
    0.1869676113128662,
    0.18758082389831543,
    0.18728303909301758,
    0.18712663650512695,
    0.1870877742767334,
    0.18788480758666992,
    0.18752598762512207,
    0.1874377727508545,
    0.18741607666015625,
    0.19629311561584473,
    0.18690943717956543,
    0.19189953804016113,
    0.1870558261871338
  ],
  "status": 4
}