{
  "gpu": false,
  "device": "hybrid",
  "infile": "../matrix/cgne_init_65536_dble_csr.dat",
  "matfile": null,
  "k": 0.0,
  "kc": 0.0,
  "reordering": false,
  "preconditioning": true,
  "vol": 65536,
  "dim": 786432,
  "lattice": "16x16x16x16",
  "blk_dim": 6144,
  "bs": "8x4x4x4",
  "res": 1e-06,
  "tol": 0.0012541387482794752,
  "nmx": 2500,
  "nkv": 7,
  "nmr": 4,
  "ncy": 1,
  "sdtype": "float32",
  "ddtype": "float64",
  "cdtype": "float32",
  "rn": [
    610.5909746279779,
    234.8319921591933,
    104.57145596832832,
    47.67452257035458,
    21.63124509913137,
    10.199409949605228,
    4.782712462876419,
    4.782712421784235,
    2.3851177234522902,
    1.179841453728532,
    0.5679032239166576,
    0.27395217637919655,
    0.1303005397990329,
    0.05688816687980267,
    0.026398268453608622,
    0.026398268252528983,
    0.013055275000851655,
    0.006425359246620102,
    0.00309940391124495,
    0.0015259257295733018,
    0.0007369244663653444,
    0.0007369244677427155
  ],
  "i": [
    0,
    1,
    2,
    3,
    4,
    5,
    6,
    7,
    8,
    9,
    10,
    11,
    12,
    13,
    14,
    15,
    16,
    17,
    18,
    19,
    20,
    21
  ],
  "reset": [
    7,
    15,
    21
  ],
  "duration": [
    8.533212900161743,
    8.512396574020386,
    8.514172315597534,
    8.507699251174927,
    8.51535153388977,
    8.506667613983154,
    8.516897916793823,
    8.517892837524414,
    8.522506713867188,
    8.51301884651184,
    8.519408941268921,
    8.510280132293701,
    8.510455131530762,
    8.501189470291138,
    8.502106428146362,
    8.497464179992676,
    8.50706148147583,
    8.502169132232666,
    8.510477781295776,
    8.504620790481567
  ],
  "status": 19
}