{
  "gpu": false,
  "device": "hybrid",
  "infile": "../matrix/cgne_init_65536_dble_csr.dat",
  "matfile": null,
  "k": 0.0,
  "kc": 0.0,
  "reordering": false,
  "preconditioning": true,
  "vol": 65536,
  "dim": 786432,
  "lattice": "16x16x16x16",
  "blk_dim": 49152,
  "bs": "8x8x8x8",
  "res": 1e-06,
  "tol": 0.0012541387482794752,
  "nmx": 313,
  "nkv": 7,
  "nmr": 4,
  "ncy": 8,
  "sdtype": "float32",
  "ddtype": "float64",
  "cdtype": "float32",
  "rn": [
    224.87254029875953,
    47.55619299736956,
    9.087829084544094,
    2.0328769147853003,
    0.3809492121039548,
    0.08091428327191667,
    0.015701894861756504,
    0.015701849984611594,
    0.0034009059478288706,
    0.0006384061855698416,
    0.0006384061856899018
  ],
  "i": [
    0,
    1,
    2,
    3,
    4,
    5,
    6,
    7,
    8,
    9,
    10
  ],
  "reset": [
    7,
    10
  ],
  "duration": [
    11.71573805809021,
    11.75948166847229,
    11.74806523323059,
    11.772469282150269,
    11.7738618850708,
    11.791810512542725,
    11.781436920166016,
    11.785015344619751,
    11.784595251083374,
    11.791309833526611,
    11.789898157119751,
    11.743358850479126,
    11.796653747558594,
    11.784260511398315,
    11.890397548675537,
    11.794377565383911,
    11.80413269996643,
    11.795263051986694,
    11.801988363265991,
    11.76756477355957
  ],
  "status": 9
}