{
  "gpu": false,
  "device": "hybrid",
  "infile": "../matrix/cgne_init_4096_dble_csr.dat",
  "matfile": "../matrix/conf6_0-8x8-20/conf6_0-8x8-20.mtx",
  "k": 0.15,
  "kc": 0.15717,
  "reordering": true,
  "preconditioning": true,
  "vol": 4096,
  "dim": 49152,
  "lattice": "8x8x8x8",
  "blk_dim": 3072,
  "bs": "4x4x4x4",
  "res": 1e-06,
  "tol": 0.0003135346870547978,
  "nmx": 125,
  "nkv": 7,
  "nmr": 20,
  "ncy": 4,
  "sdtype": "float32",
  "ddtype": "float64",
  "cdtype": "float32",
  "rn": [
    10.37248929718864,
    1.903408366322412,
    0.4349238323792487,
    0.10745242736190577,
    0.026551968373412994,
    0.0069179109706906045,
    0.001720020337638174,
    0.0017217815443108686,
    0.00046255579363116515,
    0.00012382805812044328,
    0.0001238280634343844
  ],
  "i": [
    0,
    1,
    2,
    3,
    4,
    5,
    6,
    7,
    8,
    9,
    10
  ],
  "reset": [
    7,
    10
  ],
  "duration": [
    5.688060998916626,
    5.671639919281006,
    5.668452501296997,
    5.671796560287476,
    5.668161392211914,
    5.671584606170654,
    5.664285659790039,
    5.665161609649658,
    5.665795087814331,
    5.662521600723267,
    5.667249917984009,
    5.664571046829224,
    5.666184186935425,
    5.664351940155029,
    5.660910606384277,
    5.666715621948242,
    5.660831928253174,
    5.6662256717681885,
    5.661750555038452,
    5.6647114753723145
  ],
  "status": 9
}