{
  "gpu": true,
  "device": "gpu",
  "infile": "../matrix/cgne_init_4096_dble_csr.dat",
  "matfile": "../matrix/conf6_0-8x8-20/conf6_0-8x8-20.mtx",
  "k": 0.15,
  "kc": 0.15717,
  "reordering": true,
  "preconditioning": true,
  "vol": 4096,
  "dim": 49152,
  "lattice": "8x8x8x8",
  "blk_dim": 6144,
  "bs": "8x4x4x4",
  "res": 1e-06,
  "tol": 0.00031353468703945405,
  "nmx": 250,
  "nkv": 7,
  "nmr": 10,
  "ncy": 4,
  "sdtype": "float32",
  "ddtype": "float64",
  "cdtype": "float64",
  "rn": [
    9.129974348100752,
    1.4333509743654314,
    0.2704215293996851,
    0.05159416568049557,
    0.010764257176059399,
    0.0021571237688898927,
    0.0004511833366991371,
    0.00045459994061376947,
    9.3779004395538e-05,
    9.377900392206548e-05
  ],
  "i": [
    0,
    1,
    2,
    3,
    4,
    5,
    6,
    7,
    8,
    9
  ],
  "reset": [
    7,
    9
  ],
  "duration": [
    1.4407236576080322,
    1.2636439800262451,
    1.274240493774414,
    1.2651090621948242,
    1.2745904922485352,
    1.2761173248291016,
    1.2646253108978271,
    1.256995439529419,
    1.270232915878296,
    1.2765049934387207,
    1.270862340927124,
    1.263906478881836,
    1.2692184448242188,
    1.2675306797027588,
    1.2736165523529053,
    1.2784416675567627,
    1.270240306854248,
    1.2741048336029053,
    1.2752883434295654,
    1.2706029415130615
  ],
  "status": 8
}