{
  "gpu": false,
  "infile": "../matrix/cgne_init_4096_dble_csr.dat",
  "matfile": null,
  "k": 0.0,
  "kc": 0.0,
  "reordering": false,
  "preconditioning": true,
  "vol": 4096,
  "dim": 49152,
  "lattice": "8x8x8x8",
  "blk_dim": 6144,
  "bs": "8x4x4x4",
  "res": 1e-06,
  "tol": 0.0003135346870547978,
  "nmx": 1250,
  "nkv": 7,
  "nmr": 4,
  "ncy": 2,
  "sdtype": "float32",
  "ddtype": "float64",
  "cdtype": "float64",
  "rn": [
    170.2979548478072,
    100.72160839366374,
    67.67811722089668,
    47.5352949335748,
    34.73445822478042,
    25.59746118946315,
    19.058077969923886,
    19.058077881118002,
    15.748339966799213,
    12.328266288220036,
    9.516424083120404,
    6.9220465680409085,
    4.9766468442922225,
    3.499253784229042,
    2.557425422552518,
    2.557425383021893,
    2.1698301662096537,
    1.7620577750764421,
    1.3323723114078276,
    1.0215443675541966,
    0.7957309033778948,
    0.6322063081001533,
    0.5009363752162453,
    0.5009363752945886,
    0.42215215817795093,
    0.33820886229318947,
    0.25833017203116104,
    0.1959571426704723,
    0.14929023125011692,
    0.12132494271826348,
    0.1009636084609313,
    0.10096360845005305,
    0.08765858777611328,
    0.07166143640000151,
    0.054016944648849784,
    0.04102082258032848,
    0.032031143908329056,
    0.026251724856990344,
    0.021904002368335604,
    0.021904002630884878,
    0.018932023650850466,
    0.015548387346421274,
    0.012233531854204747,
    0.009411322269790601,
    0.007273945855833398,
    0.00595488068734273,
    0.004985529459365107,
    0.004985529397572111,
    0.004272424096746434,
    0.003502639328397396,
    0.002716891680183535,
    0.002130291652704032,
    0.0016967050000700425,
    0.0013907516606053239,
    0.0011368773816485096,
    0.0011368773879570297,
    0.0009525339195091146,
    0.0007714231930826658,
    0.0006116836810714414,
    0.0004757313034999012,
    0.0003707148622229439,
    0.00030626942874071054,
    0.0003062694302037076
  ],
  "i": [
    0,
    1,
    2,
    3,
    4,
    5,
    6,
    7,
    8,
    9,
    10,
    11,
    12,
    13,
    14,
    15,
    16,
    17,
    18,
    19,
    20,
    21,
    22,
    23,
    24,
    25,
    26,
    27,
    28,
    29,
    30,
    31,
    32,
    33,
    34,
    35,
    36,
    37,
    38,
    39,
    40,
    41,
    42,
    43,
    44,
    45,
    46,
    47,
    48,
    49,
    50,
    51,
    52,
    53,
    54,
    55,
    56,
    57,
    58,
    59,
    60,
    61,
    62
  ],
  "reset": [
    7,
    15,
    23,
    31,
    39,
    47,
    55,
    62
  ],
  "duration": [
    2.508892059326172,
    2.5097739696502686,
    2.5075786113739014,
    2.5062294006347656,
    2.504805326461792,
    2.508668899536133,
    2.5128469467163086,
    2.510477304458618,
    2.5097525119781494,
    2.508500814437866,
    2.508849620819092,
    2.5085103511810303,
    2.511608600616455,
    2.5083816051483154,
    2.5093090534210205,
    2.51139235496521,
    2.512406826019287,
    2.511514663696289,
    2.514115571975708,
    2.5110156536102295
  ],
  "status": 55
}