{
  "gpu": true,
  "device": "gpu",
  "infile": "../matrix/cgne_init_4096_dble_csr.dat",
  "matfile": "../matrix/conf6_0-8x8-30/conf6.0-00l8x8-3000.mtx",
  "k": 0.15649,
  "kc": 0.15649,
  "reordering": true,
  "preconditioning": true,
  "vol": 4096,
  "dim": 49152,
  "lattice": "8x8x8x8",
  "blk_dim": 6144,
  "bs": "8x4x4x4",
  "res": 1e-06,
  "tol": 0.00031353468703945405,
  "nmx": 417,
  "nkv": 7,
  "nmr": 6,
  "ncy": 4,
  "sdtype": "float32",
  "ddtype": "float64",
  "cdtype": "float64",
  "rn": [
    23.116542748516974,
    10.15261159208516,
    5.129550642336763,
    3.0749317452739002,
    2.1002850040956154,
    1.2913691754236913,
    0.7946615083290866,
    0.7946615364825546,
    0.5426386271241942,
    0.3944626374403233,
    0.24668121344772123,
    0.15207550349010304,
    0.09453926839543321,
    0.05789999814189935,
    0.034926978586042566,
    0.03492697670869682,
    0.024458816739538362,
    0.01792693363409047,
    0.012279768674817339,
    0.008475633309370418,
    0.005738914110229497,
    0.0039218921852825,
    0.002355143516114917,
    0.002355143458818251,
    0.0014453761617174306,
    0.0009190766194803605,
    0.0006224623683024162,
    0.00046083157234151335,
    0.0003324918068636814,
    0.00023213123595261113,
    0.0002321312437512023
  ],
  "i": [
    0,
    1,
    2,
    3,
    4,
    5,
    6,
    7,
    8,
    9,
    10,
    11,
    12,
    13,
    14,
    15,
    16,
    17,
    18,
    19,
    20,
    21,
    22,
    23,
    24,
    25,
    26,
    27,
    28,
    29,
    30
  ],
  "reset": [
    7,
    15,
    23,
    30
  ],
  "duration": [
    2.972787380218506,
    2.7696452140808105,
    2.7948546409606934,
    2.8002192974090576,
    2.7879903316497803,
    2.7764968872070312,
    2.7924954891204834,
    2.787480592727661,
    2.7775492668151855,
    2.772111415863037,
    2.792750835418701,
    2.777087450027466,
    2.7781147956848145,
    2.791604995727539,
    2.7531793117523193,
    2.761709213256836,
    2.7706527709960938,
    2.7490313053131104,
    2.7663426399230957,
    2.776064872741699
  ],
  "status": 27
}