{
  "gpu": false,
  "device": "hybrid",
  "infile": "../matrix/cgne_init_65536_dble_csr.dat",
  "matfile": null,
  "k": 0.0,
  "kc": 0.0,
  "reordering": false,
  "preconditioning": true,
  "vol": 65536,
  "dim": 786432,
  "lattice": "16x16x16x16",
  "blk_dim": 98304,
  "bs": "16x8x8x8",
  "res": 1e-06,
  "tol": 0.0012541387483049865,
  "nmx": 313,
  "nkv": 7,
  "nmr": 4,
  "ncy": 8,
  "sdtype": "float64",
  "ddtype": "float64",
  "cdtype": "float64",
  "rn": [
    224.9271099849235,
    47.57584495844584,
    9.093754806924009,
    2.0303723682257626,
    0.3763909123739523,
    0.077931351170128,
    0.014613863367374191,
    0.014613863367374805,
    0.0031213286465680925,
    0.0006019147774933098,
    0.000601914777493737
  ],
  "i": [
    0,
    1,
    2,
    3,
    4,
    5,
    6,
    7,
    8,
    9,
    10
  ],
  "reset": [
    7,
    10
  ],
  "duration": [
    12.324114322662354,
    12.214070320129395,
    12.19487977027893,
    12.198168992996216,
    12.194871425628662,
    12.203343629837036,
    12.195314645767212,
    12.20057463645935,
    12.210801362991333,
    12.192999124526978,
    12.196596622467041,
    12.211785793304443,
    12.199055910110474,
    12.199924945831299,
    12.191731452941895,
    12.21029019355774,
    12.21328854560852,
    12.031882286071777,
    12.052561283111572,
    12.050365686416626
  ],
  "status": 9
}