{
  "gpu": false,
  "infile": "../matrix/cgne_init_4096_dble_csr.dat",
  "matfile": null,
  "k": 0.0,
  "kc": 0.0,
  "reordering": false,
  "preconditioning": true,
  "vol": 4096,
  "dim": 49152,
  "lattice": "8x8x8x8",
  "blk_dim": 3072,
  "bs": "4x4x4x4",
  "res": 1e-06,
  "tol": 0.0003135346870547978,
  "nmx": 125,
  "nkv": 7,
  "nmr": 20,
  "ncy": 4,
  "sdtype": "float32",
  "ddtype": "float64",
  "cdtype": "float32",
  "rn": [
    9.64045350204057,
    1.5380109548577663,
    0.40009606124665775,
    0.08196240833230277,
    0.019088935522585077,
    0.004580891236369558,
    0.0010410523916599597,
    0.0010443272934831354,
    0.0002983464754790797,
    0.00029834647459527547
  ],
  "i": [
    0,
    1,
    2,
    3,
    4,
    5,
    6,
    7,
    8,
    9
  ],
  "reset": [
    7,
    9
  ],
  "duration": [
    1.695913314819336,
    1.6955680847167969,
    1.6946239471435547,
    1.6962611675262451,
    1.698301076889038,
    1.6951904296875,
    1.6995108127593994,
    1.6948862075805664,
    1.7003288269042969,
    1.6959660053253174,
    1.703798770904541,
    1.7056951522827148,
    1.7025446891784668,
    1.704289436340332,
    1.703150749206543,
    1.6980023384094238,
    1.7085661888122559,
    1.704899787902832,
    1.704688549041748,
    1.7116198539733887
  ],
  "status": 8
}