{
  "gpu": false,
  "device": "cpu",
  "infile": "../matrix/cgne_init_4096_dble_csr.dat",
  "matfile": "../matrix/conf6_0-8x8-30/conf6.0-00l8x8-3000.mtx",
  "k": 0.15649,
  "kc": 0.15649,
  "reordering": true,
  "preconditioning": true,
  "vol": 4096,
  "dim": 49152,
  "lattice": "8x8x8x8",
  "blk_dim": 3072,
  "bs": "4x4x4x4",
  "res": 1e-06,
  "tol": 0.0003135346870547978,
  "nmx": 417,
  "nkv": 7,
  "nmr": 4,
  "ncy": 6,
  "sdtype": "float32",
  "ddtype": "float64",
  "cdtype": "float64",
  "rn": [
    19.111908832539623,
    9.096533038289992,
    4.92299367497098,
    3.0288368614423415,
    1.8722789101771973,
    1.1492939486419154,
    0.7297272820099707,
    0.72972734358255,
    0.46979932390922746,
    0.318793703026709,
    0.21449205056182727,
    0.12440410824968545,
    0.07098054242560109,
    0.04106265456915366,
    0.024565597558267316,
    0.02456559840297296,
    0.015800556503861595,
    0.010865968149936742,
    0.006712771928439449,
    0.004297509914038792,
    0.0028387872267805216,
    0.001845800050432828,
    0.0010436572441189802,
    0.0010436573493617912,
    0.000634475675474092,
    0.0004217159574062503,
    0.0002900568693745172,
    0.0002900568662148859
  ],
  "i": [
    0,
    1,
    2,
    3,
    4,
    5,
    6,
    7,
    8,
    9,
    10,
    11,
    12,
    13,
    14,
    15,
    16,
    17,
    18,
    19,
    20,
    21,
    22,
    23,
    24,
    25,
    26,
    27
  ],
  "reset": [
    7,
    15,
    23,
    27
  ],
  "duration": [
    5.022860288619995,
    5.029062271118164,
    5.0264623165130615,
    5.025350093841553,
    5.023529291152954,
    5.026590585708618,
    5.023648738861084,
    5.023035049438477,
    5.020789384841919,
    5.021003007888794,
    5.017945051193237,
    5.019201755523682,
    5.01472806930542,
    5.019195079803467,
    5.01721453666687,
    5.01288914680481,
    5.013607501983643,
    5.017396926879883,
    5.016666412353516,
    5.017056941986084
  ],
  "status": 24
}