{
  "gpu": true,
  "infile": "../matrix/cgne_init_65536_dble_csr.dat",
  "matfile": null,
  "k": 0.0,
  "kc": 0.0,
  "reordering": false,
  "preconditioning": true,
  "vol": 65536,
  "dim": 786048,
  "lattice": "16x16x16x16",
  "blk_dim": 196512,
  "bs": "16x16x8x8",
  "res": 1e-06,
  "tol": 0.0012541387483049871,
  "nmx": 500,
  "nkv": 7,
  "nmr": 4,
  "ncy": 5,
  "sdtype": "float64",
  "ddtype": "float64",
  "cdtype": "float64",
  "rn": [
    399.3065386981144,
    145.75215870861587,
    54.34669853473215,
    20.62657408975971,
    7.97480723529101,
    3.146389183589259,
    1.2658064695512887,
    1.2658064695512896,
    0.5241369595984673,
    0.21310232239878668,
    0.07961456445780558,
    0.028526829669054732,
    0.010060518277598865,
    0.0034579643545287497,
    0.0012013097383629424,
    0.0012013097383629758
  ],
  "i": [
    0,
    1,
    2,
    3,
    4,
    5,
    6,
    7,
    8,
    9,
    10,
    11,
    12,
    13,
    14,
    15
  ],
  "reset": [
    7,
    15
  ],
  "duration": 2.03525447845459,
  "status": 14
}