{
  "gpu": true,
  "device": "gpu",
  "infile": "../matrix/fgcr_check3_4096_dble_csr.dat",
  "matfile": null,
  "k": 0.0,
  "kc": 0.0,
  "reordering": false,
  "preconditioning": true,
  "vol": 4096,
  "dim": 49152,
  "lattice": "8x8x8x8",
  "blk_dim": 24576,
  "bs": "8x8x8x4",
  "res": 1e-06,
  "tol": 0.00031353468715082124,
  "nmx": 2500,
  "nkv": 7,
  "nmr": 0.5,
  "ncy": 0.5,
  "sdtype": "float32",
  "ddtype": "float64",
  "cdtype": "float32",
  "rn": [
    130.92678015015957,
    33.56232493649717,
    15.196515653562079,
    6.584061716718499,
    3.031736548975279,
    1.359628197030372,
    0.6221411240521743,
    0.6221415920108935,
    0.3689415509785987,
    0.16856825553891167,
    0.07506473660958164,
    0.03286541276908716,
    0.014990326865593451,
    0.005582370123481088,
    0.002489569591261391,
    0.002489569757719998,
    0.001473389414397766,
    0.0006176088629701884,
    0.00032598344252776385,
    0.00019253241129152862,
    0.0001925324087356862
  ],
  "i": [
    0,
    1,
    2,
    3,
    4,
    5,
    6,
    7,
    8,
    9,
    10,
    11,
    12,
    13,
    14,
    15,
    16,
    17,
    18,
    19,
    20
  ],
  "reset": [
    7,
    15,
    20
  ],
  "duration": [
    0.7794511318206787,
    0.5356218814849854,
    0.5351788997650146,
    0.5353469848632812,
    0.5354256629943848,
    0.5344302654266357,
    0.5342295169830322,
    0.5341367721557617,
    0.5350487232208252,
    0.5349602699279785,
    0.5346376895904541,
    0.5343241691589355,
    0.5349302291870117,
    0.5343003273010254,
    0.5376348495483398,
    0.5331108570098877,
    0.5329041481018066,
    0.5330159664154053,
    0.5330944061279297,
    0.5335893630981445
  ],
  "status": 18
}