{
  "gpu": true,
  "device": "gpu",
  "infile": "../matrix/fgcr_check3_4096_dble_csr.dat",
  "matfile": null,
  "k": 0.0,
  "kc": 0.0,
  "reordering": false,
  "preconditioning": true,
  "vol": 4096,
  "dim": 49152,
  "lattice": "8x8x8x8",
  "blk_dim": 12288,
  "bs": "8x8x4x4",
  "res": 1e-06,
  "tol": 0.0003135346870762468,
  "nmx": 1250,
  "nkv": 7,
  "nmr": 2,
  "ncy": 4,
  "sdtype": "float64",
  "ddtype": "float64",
  "cdtype": "float64",
  "rn": [
    43.38522396072243,
    13.524435707718707,
    5.53635843759902,
    2.1926517611354477,
    0.837527548515378,
    0.33498473496770653,
    0.13135958494863953,
    0.13135958494863964,
    0.05691568747146961,
    0.027505813934146715,
    0.009852074799202712,
    0.00404540752546956,
    0.0017053032962439179,
    0.000557733782866277,
    0.00020694700221144004,
    0.00020694700221100327
  ],
  "i": [
    0,
    1,
    2,
    3,
    4,
    5,
    6,
    7,
    8,
    9,
    10,
    11,
    12,
    13,
    14,
    15
  ],
  "reset": [
    7,
    15
  ],
  "duration": [
    0.5604772567749023,
    0.3438730239868164,
    0.34365010261535645,
    0.34365081787109375,
    0.3431684970855713,
    0.3433964252471924,
    0.3432934284210205,
    0.34287309646606445,
    0.3428339958190918,
    0.34299397468566895,
    0.3433706760406494,
    0.34334707260131836,
    0.3429279327392578,
    0.3423583507537842,
    0.3429250717163086,
    0.3424193859100342,
    0.3419828414916992,
    0.34240198135375977,
    0.3433513641357422,
    0.3422248363494873
  ],
  "status": 14
}