{
  "gpu": true,
  "device": "gpu",
  "infile": "../matrix/cgne_init_65536_dble_csr.dat",
  "matfile": null,
  "k": 0.0,
  "kc": 0.0,
  "reordering": false,
  "preconditioning": true,
  "vol": 65536,
  "dim": 786048,
  "lattice": "16x16x16x16",
  "blk_dim": 12282,
  "bs": "8x8x4x4",
  "res": 1e-06,
  "tol": 0.0012541387483049871,
  "nmx": 210,
  "nkv": 7,
  "nmr": 12,
  "ncy": 4,
  "sdtype": "float64",
  "ddtype": "float64",
  "cdtype": "float64",
  "rn": [
    60.08894679544147,
    4.533074814280532,
    0.36467580292287755,
    0.0303883770838499,
    0.0026350463981980716,
    0.00023657713165851397,
    0.00023657713165771234
  ],
  "i": [
    0,
    1,
    2,
    3,
    4,
    5,
    6
  ],
  "reset": [
    6
  ],
  "duration": [
    9.20754337310791,
    9.13223147392273,
    9.079561233520508,
    9.090610265731812,
    8.954855680465698,
    9.0617835521698,
    8.99862790107727,
    9.050763368606567,
    9.035594701766968,
    9.016780376434326,
    9.07239055633545,
    9.048927783966064,
    9.013616561889648,
    9.02307415008545,
    9.042968988418579,
    8.968002080917358,
    8.987807273864746,
    9.06314492225647,
    8.964093923568726,
    8.991695404052734
  ],
  "status": 6
}