{
  "gpu": false,
  "device": "cpu",
  "infile": "../matrix/fgcr_check3_4096_dble_csr.dat",
  "matfile": null,
  "k": 0.0,
  "kc": 0.0,
  "reordering": false,
  "preconditioning": true,
  "vol": 4096,
  "dim": 49152,
  "lattice": "8x8x8x8",
  "blk_dim": 24576,
  "bs": "8x8x8x4",
  "res": 1e-06,
  "tol": 0.00031353468710831124,
  "nmx": 417,
  "nkv": 7,
  "nmr": 12,
  "ncy": 2,
  "sdtype": "float32",
  "ddtype": "float64",
  "cdtype": "float64",
  "rn": [
    59.0062040763339,
    22.231247694849205,
    10.212342556109906,
    4.44294267226336,
    2.066366747555658,
    0.9173996405553219,
    0.423458282213149,
    0.42345848210820264,
    0.2510728333882679,
    0.11409769288531832,
    0.050353046777183254,
    0.02233578436159474,
    0.010210756635767159,
    0.004253619056121226,
    0.001593343045330359,
    0.001593343453799368,
    0.0009597242640688067,
    0.0004230367575449369,
    0.00019748421780037262,
    0.0001974842161563184
  ],
  "i": [
    0,
    1,
    2,
    3,
    4,
    5,
    6,
    7,
    8,
    9,
    10,
    11,
    12,
    13,
    14,
    15,
    16,
    17,
    18,
    19
  ],
  "reset": [
    7,
    15,
    19
  ],
  "duration": [
    2.341708183288574,
    2.3383841514587402,
    2.33856463432312,
    2.339444398880005,
    2.339460611343384,
    2.3455090522766113,
    2.3407351970672607,
    2.339082956314087,
    2.3400516510009766,
    2.341407299041748,
    2.3347980976104736,
    2.336052894592285,
    2.3358864784240723,
    2.334939956665039,
    2.336212158203125,
    2.335160493850708,
    2.3357036113739014,
    2.3345558643341064,
    2.336073875427246,
    2.3349719047546387
  ],
  "status": 17
}