{
  "gpu": false,
  "device": "hybrid",
  "infile": "../matrix/fgcr_check3_4096_dble_csr.dat",
  "matfile": null,
  "k": 0.0,
  "kc": 0.0,
  "reordering": false,
  "preconditioning": true,
  "vol": 4096,
  "dim": 49152,
  "lattice": "8x8x8x8",
  "blk_dim": 3072,
  "bs": "4x4x4x4",
  "res": 1e-06,
  "tol": 0.0003135346870762468,
  "nmx": 250,
  "nkv": 7,
  "nmr": 10,
  "ncy": 4,
  "sdtype": "float64",
  "ddtype": "float64",
  "cdtype": "float64",
  "rn": [
    25.648787453369327,
    5.208544734435065,
    1.4498693190947307,
    0.3710146797362934,
    0.09328062261908314,
    0.024386401317866707,
    0.005975667275100399,
    0.00597566727509967,
    0.001742863717781406,
    0.0005775864548962378,
    0.00012868915991170684,
    0.00012868915991199752
  ],
  "i": [
    0,
    1,
    2,
    3,
    4,
    5,
    6,
    7,
    8,
    9,
    10,
    11
  ],
  "reset": [
    7,
    11
  ],
  "duration": [
    4.431721925735474,
    4.412509441375732,
    4.4065163135528564,
    4.411448240280151,
    4.399826765060425,
    4.388919830322266,
    4.371973514556885,
    4.375269651412964,
    4.371839761734009,
    4.37430477142334,
    4.371969223022461,
    4.381210565567017,
    4.381906747817993,
    4.377365589141846,
    4.3743062019348145,
    4.379470348358154,
    4.380509376525879,
    4.377667665481567,
    4.372670888900757,
    4.3819708824157715
  ],
  "status": 10
}