{
  "gpu": false,
  "device": "cpu",
  "infile": "../matrix/cgne_init_65536_dble_csr.dat",
  "matfile": null,
  "k": 0.0,
  "kc": 0.0,
  "reordering": false,
  "preconditioning": true,
  "vol": 65536,
  "dim": 786048,
  "lattice": "16x16x16x16",
  "blk_dim": 393024,
  "bs": "16x16x16x8",
  "res": 1e-06,
  "tol": 0.0012541387483049865,
  "nmx": 1250,
  "nkv": 7,
  "nmr": 2,
  "ncy": 4,
  "sdtype": "float64",
  "ddtype": "float64",
  "cdtype": "float64",
  "rn": [
    565.8043493210197,
    272.53280142815873,
    120.22825060831646,
    52.48779521946099,
    23.148823319450486,
    10.30263807018541,
    4.6336329002130725,
    4.633632900213073,
    2.564005732504096,
    1.059539069310944,
    0.4541363105233769,
    0.1993485498892023,
    0.09274802019188343,
    0.04363783877211139,
    0.01993847227705555,
    0.019938472277055946,
    0.010972009721354809,
    0.004972260586623715,
    0.002070312405480302,
    0.0009335555668884465,
    0.0009335555668884177
  ],
  "i": [
    0,
    1,
    2,
    3,
    4,
    5,
    6,
    7,
    8,
    9,
    10,
    11,
    12,
    13,
    14,
    15,
    16,
    17,
    18,
    19,
    20
  ],
  "reset": [
    7,
    15,
    20
  ],
  "duration": [
    23.250442028045654,
    23.450786352157593,
    23.175367832183838,
    23.861517429351807,
    23.882765531539917,
    23.696758031845093,
    23.739683866500854,
    22.996922969818115,
    23.271023511886597,
    23.315916299819946,
    23.50090742111206,
    24.295896768569946,
    23.903141975402832,
    23.51965856552124,
    23.89545178413391,
    23.064080953598022,
    23.231338262557983,
    24.27339220046997,
    23.876047134399414,
    24.067238330841064
  ],
  "status": 18
}