{
  "gpu": true,
  "device": "gpu",
  "infile": "../matrix/cgne_init_4096_dble_csr.dat",
  "matfile": "../matrix/conf6_0-8x8-20/conf6_0-8x8-20.mtx",
  "k": 0.15,
  "kc": 0.15717,
  "reordering": true,
  "preconditioning": true,
  "vol": 4096,
  "dim": 49152,
  "lattice": "8x8x8x8",
  "blk_dim": 12288,
  "bs": "8x8x4x4",
  "res": 1e-06,
  "tol": 0.00031353468703945405,
  "nmx": 417,
  "nkv": 7,
  "nmr": 12,
  "ncy": 2,
  "sdtype": "float32",
  "ddtype": "float64",
  "cdtype": "float32",
  "rn": [
    16.341318930623924,
    3.636271396715495,
    0.8082858776586154,
    0.2016616357013275,
    0.04976577587335935,
    0.013062748079663096,
    0.003458259384582852,
    0.003458619927453826,
    0.0009637227246809092,
    0.00024980725495107235,
    0.0002498072514299743
  ],
  "i": [
    0,
    1,
    2,
    3,
    4,
    5,
    6,
    7,
    8,
    9,
    10
  ],
  "reset": [
    7,
    10
  ],
  "duration": [
    0.5992841720581055,
    0.42937374114990234,
    0.43228793144226074,
    0.4297940731048584,
    0.4384739398956299,
    0.4357337951660156,
    0.4378213882446289,
    0.4344644546508789,
    0.43372511863708496,
    0.4329218864440918,
    0.43797993659973145,
    0.4334065914154053,
    0.4376380443572998,
    0.43404436111450195,
    0.43387746810913086,
    0.43875789642333984,
    0.4341161251068115,
    0.43743038177490234,
    0.4346156120300293,
    0.4358046054840088
  ],
  "status": 9
}