{
  "gpu": true,
  "device": "gpu",
  "infile": "../matrix/cgne_init_4096_dble_csr.dat",
  "matfile": "../matrix/conf6_0-8x8-30/conf6.0-00l8x8-3000.mtx",
  "k": 0.15649,
  "kc": 0.15649,
  "reordering": true,
  "preconditioning": true,
  "vol": 4096,
  "dim": 49152,
  "lattice": "8x8x8x8",
  "blk_dim": 12288,
  "bs": "8x8x4x4",
  "res": 1e-06,
  "tol": 0.0003135346870762468,
  "nmx": 417,
  "nkv": 7,
  "nmr": 4,
  "ncy": 6,
  "sdtype": "float64",
  "ddtype": "float64",
  "cdtype": "float64",
  "rn": [
    16.470680393713607,
    8.324832448811566,
    4.8489686969943735,
    3.018542612078317,
    1.8150353397041037,
    1.1193946218253799,
    0.7181005445118893,
    0.7181005445118892,
    0.47936962687876566,
    0.33635878804505553,
    0.22537504086099672,
    0.1342319143392657,
    0.07845737977757077,
    0.05018058506163087,
    0.03347820861758881,
    0.0334782086175885,
    0.022533775884678458,
    0.015979004515953674,
    0.010566025543289745,
    0.006996851183471524,
    0.004644329905496173,
    0.003090249491721517,
    0.0018066079108498832,
    0.0018066079108501386,
    0.0011016045049757747,
    0.0006688397618252161,
    0.0004816804202525999,
    0.00033620809036944603,
    0.00022556845608365773,
    0.00022556845608398776
  ],
  "i": [
    0,
    1,
    2,
    3,
    4,
    5,
    6,
    7,
    8,
    9,
    10,
    11,
    12,
    13,
    14,
    15,
    16,
    17,
    18,
    19,
    20,
    21,
    22,
    23,
    24,
    25,
    26,
    27,
    28,
    29
  ],
  "reset": [
    7,
    15,
    23,
    29
  ],
  "duration": [
    1.6424801349639893,
    1.4380099773406982,
    1.4820654392242432,
    1.4707255363464355,
    1.473036289215088,
    1.457890510559082,
    1.4372477531433105,
    1.4895474910736084,
    1.4775254726409912,
    1.4194152355194092,
    1.4742414951324463,
    1.4570634365081787,
    1.4740605354309082,
    1.4717397689819336,
    1.4520378112792969,
    1.4794042110443115,
    1.457101821899414,
    1.4771876335144043,
    1.467848300933838,
    1.4466657638549805
  ],
  "status": 26
}