{
  "gpu": true,
  "device": "gpu",
  "infile": "../matrix/cgne_init_4096_dble_csr.dat",
  "matfile": "../matrix/conf6_0-8x8-20/conf6_0-8x8-20.mtx",
  "k": 0.15,
  "kc": 0.15717,
  "reordering": true,
  "preconditioning": true,
  "vol": 4096,
  "dim": 49152,
  "lattice": "8x8x8x8",
  "blk_dim": 12288,
  "bs": "8x8x4x4",
  "res": 1e-06,
  "tol": 0.00031353468703945405,
  "nmx": 417,
  "nkv": 7,
  "nmr": 4,
  "ncy": 6,
  "sdtype": "float32",
  "ddtype": "float64",
  "cdtype": "float32",
  "rn": [
    6.096453167062199,
    1.0853486453520729,
    0.2214518231441988,
    0.04288718179975772,
    0.009110641320494385,
    0.0019020574499621446,
    0.0003976638303664321,
    0.00040073714548280757,
    9.078749708846614e-05,
    9.078749631371777e-05
  ],
  "i": [
    0,
    1,
    2,
    3,
    4,
    5,
    6,
    7,
    8,
    9
  ],
  "reset": [
    7,
    9
  ],
  "duration": [
    0.5953190326690674,
    0.433727502822876,
    0.42706871032714844,
    0.4336247444152832,
    0.4319875240325928,
    0.43640899658203125,
    0.42784905433654785,
    0.42786359786987305,
    0.43000268936157227,
    0.43072080612182617,
    0.4363410472869873,
    0.43259096145629883,
    0.4256892204284668,
    0.4359292984008789,
    0.43469858169555664,
    0.43300533294677734,
    0.4369628429412842,
    0.4277040958404541,
    0.436234712600708,
    0.4339473247528076
  ],
  "status": 8
}