{
  "gpu": false,
  "device": "hybrid",
  "infile": "../matrix/cgne_init_65536_dble_csr.dat",
  "matfile": null,
  "k": 0.0,
  "kc": 0.0,
  "reordering": false,
  "preconditioning": true,
  "vol": 65536,
  "dim": 786432,
  "lattice": "16x16x16x16",
  "blk_dim": 3072,
  "bs": "4x4x4x4",
  "res": 1e-06,
  "tol": 0.0012541387483049865,
  "nmx": 625,
  "nkv": 7,
  "nmr": 8,
  "ncy": 2,
  "sdtype": "float64",
  "ddtype": "float64",
  "cdtype": "float64",
  "rn": [
    713.4969767516013,
    470.5868372415355,
    299.4459900861314,
    186.97970899910936,
    115.8828099457558,
    72.31888730849691,
    46.11281560180259,
    46.11281560180259,
    29.980421540052653,
    19.92583956816697,
    13.285515798908124,
    8.955716051975703,
    6.110608027700818,
    4.174611047124528,
    2.86235980055343,
    2.8623598005534294,
    1.9710712185499675,
    1.3786019847901798,
    0.9509857965603797,
    0.6630384951381265,
    0.4640942457141618,
    0.3200983017608007,
    0.22070585703201576,
    0.22070585703201565,
    0.15382941014138105,
    0.10870490230677347,
    0.07554147963999776,
    0.05306307070649983,
    0.037338883880360316,
    0.026018201041165166,
    0.018154208531837083,
    0.018154208531837423,
    0.012785595068716925,
    0.009078187813425065,
    0.006350984878225213,
    0.004484012419803174,
    0.003163962536055455,
    0.002210524430718019,
    0.0015460402738760213,
    0.001546040273875951,
    0.001088095310185783,
    0.001088095310186095
  ],
  "i": [
    0,
    1,
    2,
    3,
    4,
    5,
    6,
    7,
    8,
    9,
    10,
    11,
    12,
    13,
    14,
    15,
    16,
    17,
    18,
    19,
    20,
    21,
    22,
    23,
    24,
    25,
    26,
    27,
    28,
    29,
    30,
    31,
    32,
    33,
    34,
    35,
    36,
    37,
    38,
    39,
    40,
    41
  ],
  "reset": [
    7,
    15,
    23,
    31,
    39,
    41
  ],
  "duration": [
    85.84909462928772,
    85.03354048728943,
    85.02947735786438,
    85.00829648971558,
    85.08215975761414,
    85.18779039382935,
    85.16904783248901,
    85.2629861831665,
    85.260413646698,
    85.15880751609802,
    85.22965478897095,
    85.12923121452332,
    85.13691520690918,
    85.75488901138306,
    85.87949681282043,
    85.41008281707764,
    84.99925303459167,
    85.01216840744019,
    85.36166977882385,
    85.94614672660828
  ],
  "status": 36
}