{
  "gpu": false,
  "device": "hybrid",
  "infile": "../matrix/cgne_init_65536_dble_csr.dat",
  "matfile": null,
  "k": 0.0,
  "kc": 0.0,
  "reordering": false,
  "preconditioning": true,
  "vol": 65536,
  "dim": 786432,
  "lattice": "16x16x16x16",
  "blk_dim": 12288,
  "bs": "8x8x4x4",
  "res": 1e-06,
  "tol": 0.0012541387482794752,
  "nmx": 1250,
  "nkv": 7,
  "nmr": 2,
  "ncy": 4,
  "sdtype": "float32",
  "ddtype": "float64",
  "cdtype": "float64",
  "rn": [
    565.675654256615,
    272.39232559997566,
    120.13525433774761,
    52.42866843172837,
    23.10780144181998,
    10.279598296218547,
    4.622881383589401,
    4.622881291641266,
    2.5560324753965706,
    1.0577462845051753,
    0.4533563422926949,
    0.19927094723994912,
    0.09283486675347426,
    0.043712352137006374,
    0.01991593731500889,
    0.01991593752705423,
    0.010913155865012155,
    0.005114344822863188,
    0.0021560173614290673,
    0.0009946842204450704,
    0.000994684233902828
  ],
  "i": [
    0,
    1,
    2,
    3,
    4,
    5,
    6,
    7,
    8,
    9,
    10,
    11,
    12,
    13,
    14,
    15,
    16,
    17,
    18,
    19,
    20
  ],
  "reset": [
    7,
    15,
    20
  ],
  "duration": [
    15.30788803100586,
    15.271477222442627,
    15.310431480407715,
    15.32098937034607,
    15.24995756149292,
    15.279359102249146,
    15.272664785385132,
    15.275163173675537,
    15.290615797042847,
    15.312502145767212,
    15.301480531692505,
    15.276946783065796,
    15.309333086013794,
    15.270674228668213,
    15.27928352355957,
    15.293521165847778,
    15.284995317459106,
    15.304714441299438,
    15.236273765563965,
    15.26315450668335
  ],
  "status": 18
}