{
  "gpu": true,
  "device": "gpu",
  "infile": "../matrix/fgcr_check3_4096_dble_csr.dat",
  "matfile": null,
  "k": 0.0,
  "kc": 0.0,
  "reordering": false,
  "preconditioning": true,
  "vol": 4096,
  "dim": 49152,
  "lattice": "8x8x8x8",
  "blk_dim": 24576,
  "bs": "8x8x8x4",
  "res": 1e-06,
  "tol": 0.00031353468715082124,
  "nmx": 250,
  "nkv": 7,
  "nmr": 4,
  "ncy": 10,
  "sdtype": "float32",
  "ddtype": "float64",
  "cdtype": "float64",
  "rn": [
    7.945115620474811,
    2.4199712587011524,
    0.7570952671444056,
    0.23379796249495893,
    0.07402436924577145,
    0.02485597030676222,
    0.008086727193518831,
    0.008087065707892227,
    0.0028710708003275654,
    0.0010170837205316218,
    0.0003323698298450707,
    0.00010616468701331755,
    0.00010616467794840553
  ],
  "i": [
    0,
    1,
    2,
    3,
    4,
    5,
    6,
    7,
    8,
    9,
    10,
    11,
    12
  ],
  "reset": [
    7,
    12
  ],
  "duration": [
    0.8087036609649658,
    0.592627763748169,
    0.5914533138275146,
    0.5908761024475098,
    0.5908713340759277,
    0.5911867618560791,
    0.5916295051574707,
    0.5923314094543457,
    0.5890333652496338,
    0.5894968509674072,
    0.5887393951416016,
    0.5893435478210449,
    0.5891785621643066,
    0.5883679389953613,
    0.5888652801513672,
    0.5882484912872314,
    0.58888840675354,
    0.5886030197143555,
    0.5895640850067139,
    0.5898222923278809
  ],
  "status": 11
}