{
  "gpu": false,
  "device": "cpu",
  "infile": "../matrix/fgcr_check3_4096_dble_csr.dat",
  "matfile": null,
  "k": 0.0,
  "kc": 0.0,
  "reordering": false,
  "preconditioning": true,
  "vol": 4096,
  "dim": 49152,
  "lattice": "8x8x8x8",
  "blk_dim": 24576,
  "bs": "8x8x8x4",
  "res": 1e-06,
  "tol": 0.00031353468710831124,
  "nmx": 2500,
  "nkv": 7,
  "nmr": 0.5,
  "ncy": 0.5,
  "sdtype": "float32",
  "ddtype": "float64",
  "cdtype": "float32",
  "rn": [
    130.92678042590433,
    33.562326306238745,
    15.196514856223612,
    6.584062008552929,
    3.031735919332342,
    1.3596282264066875,
    0.6221405629348501,
    0.622140657690216,
    0.36894120681776743,
    0.16856754263879137,
    0.07506381432391564,
    0.032865486550047625,
    0.014990116154785772,
    0.005582278665367028,
    0.0024895579754380466,
    0.0024895578532593676,
    0.0014734015890330045,
    0.0006175637660466566,
    0.00032594418984851933,
    0.00019251504825199445,
    0.00019251505000930514
  ],
  "i": [
    0,
    1,
    2,
    3,
    4,
    5,
    6,
    7,
    8,
    9,
    10,
    11,
    12,
    13,
    14,
    15,
    16,
    17,
    18,
    19,
    20
  ],
  "reset": [
    7,
    15,
    20
  ],
  "duration": [
    1.965338945388794,
    1.9677698612213135,
    1.9633800983428955,
    1.963320255279541,
    1.9640600681304932,
    1.96451997756958,
    1.9661328792572021,
    1.963853120803833,
    1.9641931056976318,
    1.9622347354888916,
    1.963221549987793,
    1.9637236595153809,
    1.9615790843963623,
    1.963010549545288,
    1.9608261585235596,
    1.962308406829834,
    1.9604709148406982,
    1.9609606266021729,
    1.9617602825164795,
    1.9615025520324707
  ],
  "status": 18
}