{
  "gpu": false,
  "device": "hybrid",
  "infile": "../matrix/cgne_init_65536_dble_csr.dat",
  "matfile": null,
  "k": 0.0,
  "kc": 0.0,
  "reordering": false,
  "preconditioning": true,
  "vol": 65536,
  "dim": 786432,
  "lattice": "16x16x16x16",
  "blk_dim": 3072,
  "bs": "4x4x4x4",
  "res": 1e-06,
  "tol": 0.0012541387482794752,
  "nmx": 625,
  "nkv": 7,
  "nmr": 8,
  "ncy": 2,
  "sdtype": "float32",
  "ddtype": "float64",
  "cdtype": "float64",
  "rn": [
    713.4969769492963,
    470.58684047428045,
    299.44598510248267,
    186.97969864780998,
    115.88280589076913,
    72.31888565623383,
    46.112814384032724,
    46.112814329762806,
    29.980422472457157,
    19.92584077837511,
    13.28551651272419,
    8.95571632325871,
    6.110608260176244,
    4.174611187711368,
    2.8623597219223305,
    2.8623597204812783,
    1.971071352036371,
    1.3786020760827045,
    0.9509858924670948,
    0.663038577457382,
    0.46409430909172,
    0.32009832726087856,
    0.22070588109981282,
    0.22070588116611545,
    0.15382942207467562,
    0.10870490832003547,
    0.07554148680067735,
    0.053063073984170706,
    0.03733888444177825,
    0.026018205973955606,
    0.018154209017900637,
    0.018154208790237034,
    0.012785595255352031,
    0.009078188529915479,
    0.0063509851811042175,
    0.004484012424138104,
    0.0031639627412288858,
    0.002210524462085696,
    0.0015460402011231917,
    0.0015460402016539596,
    0.0010880953561726002,
    0.0010880953547757059
  ],
  "i": [
    0,
    1,
    2,
    3,
    4,
    5,
    6,
    7,
    8,
    9,
    10,
    11,
    12,
    13,
    14,
    15,
    16,
    17,
    18,
    19,
    20,
    21,
    22,
    23,
    24,
    25,
    26,
    27,
    28,
    29,
    30,
    31,
    32,
    33,
    34,
    35,
    36,
    37,
    38,
    39,
    40,
    41
  ],
  "reset": [
    7,
    15,
    23,
    31,
    39,
    41
  ],
  "duration": [
    83.00584506988525,
    83.11436080932617,
    83.17655158042908,
    83.048180103302,
    83.19222855567932,
    83.14524459838867,
    83.17115902900696,
    83.1619873046875,
    83.02972078323364,
    82.90896844863892,
    82.942298412323,
    82.89044499397278,
    82.93855118751526,
    82.94447064399719,
    82.95363664627075,
    82.90453624725342,
    82.93213987350464,
    82.99916052818298,
    82.96768975257874,
    82.94676041603088
  ],
  "status": 36
}