{
  "gpu": false,
  "device": "hybrid",
  "infile": "../matrix/cgne_init_4096_dble_csr.dat",
  "matfile": "../matrix/conf6_0-8x8-30/conf6.0-00l8x8-3000.mtx",
  "k": 0.05,
  "kc": 0.15649,
  "reordering": true,
  "preconditioning": true,
  "vol": 4096,
  "dim": 49152,
  "lattice": "8x8x8x8",
  "blk_dim": 3072,
  "bs": "4x4x4x4",
  "res": 1e-06,
  "tol": 0.0003135346870547978,
  "nmx": 417,
  "nkv": 7,
  "nmr": 12,
  "ncy": 2,
  "sdtype": "float32",
  "ddtype": "float64",
  "cdtype": "float64",
  "rn": [
    0.35008382627500184,
    9.64177737442612e-05,
    0.00010494440234558766
  ],
  "i": [
    0,
    1,
    2
  ],
  "reset": [
    2
  ],
  "duration": [
    0.43164873123168945,
    0.43192625045776367,
    0.4309515953063965,
    0.4313082695007324,
    0.43877577781677246,
    0.43502044677734375,
    0.4370756149291992,
    0.4317600727081299,
    0.4301886558532715,
    0.4314277172088623,
    0.42949867248535156,
    0.4298055171966553,
    0.4331696033477783,
    0.4329087734222412,
    0.4307525157928467,
    0.4307286739349365,
    0.4381082057952881,
    0.4351203441619873,
    0.4306602478027344,
    0.4305875301361084
  ],
  "status": 2
}