{
  "gpu": true,
  "device": "gpu",
  "infile": "../matrix/cgne_init_4096_dble_csr.dat",
  "matfile": "../matrix/conf6_0-8x8-30/conf6.0-00l8x8-3000.mtx",
  "k": 0.05,
  "kc": 0.15649,
  "reordering": true,
  "preconditioning": true,
  "vol": 4096,
  "dim": 49152,
  "lattice": "8x8x8x8",
  "blk_dim": 24576,
  "bs": "8x8x8x4",
  "res": 1e-06,
  "tol": 0.00031353468703945405,
  "nmx": 417,
  "nkv": 7,
  "nmr": 4,
  "ncy": 6,
  "sdtype": "float32",
  "ddtype": "float64",
  "cdtype": "float32",
  "rn": [
    3.351866174007617e-05,
    5.016973692988689e-05
  ],
  "i": [
    0,
    1
  ],
  "reset": [
    1
  ],
  "duration": [
    0.03065323829650879,
    0.030982017517089844,
    0.030518054962158203,
    0.029677629470825195,
    0.029390335083007812,
    0.029427528381347656,
    0.030513525009155273,
    0.030425310134887695,
    0.029768943786621094,
    0.02966928482055664,
    0.029713869094848633,
    0.03142046928405762,
    0.03063225746154785,
    0.03042149543762207,
    0.03057122230529785,
    0.030426502227783203,
    0.030432939529418945,
    0.030353069305419922,
    0.03004288673400879,
    0.029362201690673828
  ],
  "status": 1
}