{
  "gpu": false,
  "device": "hybrid",
  "infile": "../matrix/fgcr_check3_4096_dble_csr.dat",
  "matfile": null,
  "k": 0.0,
  "kc": 0.0,
  "reordering": false,
  "preconditioning": true,
  "vol": 4096,
  "dim": 49152,
  "lattice": "8x8x8x8",
  "blk_dim": 3072,
  "bs": "4x4x4x4",
  "res": 1e-06,
  "tol": 0.00031353468710831124,
  "nmx": 417,
  "nkv": 7,
  "nmr": 12,
  "ncy": 2,
  "sdtype": "float32",
  "ddtype": "float64",
  "cdtype": "float32",
  "rn": [
    59.006068564563854,
    22.231129742216645,
    10.212358872613576,
    4.44292899435999,
    2.0663359558713115,
    0.9174075564252956,
    0.4234683542337373,
    0.42346879253694264,
    0.25108516182784957,
    0.11410773445153005,
    0.05035700014537745,
    0.022337526182494002,
    0.010211772875429194,
    0.004253911243966279,
    0.0015934407751859304,
    0.0015934409621162471,
    0.0009597654543513997,
    0.0004230075173313756,
    0.0001974586427937553,
    0.00019745864342711068
  ],
  "i": [
    0,
    1,
    2,
    3,
    4,
    5,
    6,
    7,
    8,
    9,
    10,
    11,
    12,
    13,
    14,
    15,
    16,
    17,
    18,
    19
  ],
  "reset": [
    7,
    15,
    19
  ],
  "duration": [
    4.800282001495361,
    4.783673048019409,
    4.768596172332764,
    4.769027471542358,
    4.741698503494263,
    4.739997625350952,
    4.739458799362183,
    4.742729902267456,
    4.739372730255127,
    4.740097284317017,
    4.742620468139648,
    4.740523099899292,
    4.748028993606567,
    4.74110221862793,
    4.739528656005859,
    4.741958856582642,
    4.739727735519409,
    4.739977598190308,
    4.740870714187622,
    4.740830183029175
  ],
  "status": 17
}