{
  "gpu": true,
  "device": "gpu",
  "infile": "../matrix/cgne_init_4096_dble_csr.dat",
  "matfile": "../matrix/conf6_0-8x8-20/conf6_0-8x8-20.mtx",
  "k": 0.15717,
  "kc": 0.15717,
  "reordering": true,
  "preconditioning": true,
  "vol": 4096,
  "dim": 49152,
  "lattice": "8x8x8x8",
  "blk_dim": 6144,
  "bs": "8x4x4x4",
  "res": 1e-06,
  "tol": 0.00031353468703945405,
  "nmx": 125,
  "nkv": 7,
  "nmr": 20,
  "ncy": 4,
  "sdtype": "float32",
  "ddtype": "float64",
  "cdtype": "float64",
  "rn": [
    27.50850175962527,
    11.94627548510286,
    6.446764543321481,
    3.674778613064985,
    2.2137574213345865,
    1.3057401981802008,
    0.8160860434730359,
    0.8160862772739845,
    0.5267626653001394,
    0.33531896276017636,
    0.21327368790911086,
    0.12886881411644419,
    0.07980298029032341,
    0.04609518699712539,
    0.026760146480550563,
    0.026760145817040913,
    0.015635051683461524,
    0.00944291976620123,
    0.00605157435823085,
    0.003783402503321106,
    0.0023533586797681695,
    0.0014574800468424086,
    0.0008981748695921441,
    0.0008981749742326536,
    0.0005807141988280095,
    0.00038006687060431,
    0.0002490541561148138,
    0.0002490541552571218
  ],
  "i": [
    0,
    1,
    2,
    3,
    4,
    5,
    6,
    7,
    8,
    9,
    10,
    11,
    12,
    13,
    14,
    15,
    16,
    17,
    18,
    19,
    20,
    21,
    22,
    23,
    24,
    25,
    26,
    27
  ],
  "reset": [
    7,
    15,
    23,
    27
  ],
  "duration": [
    7.4130942821502686,
    7.248140335083008,
    7.25165581703186,
    7.246300220489502,
    7.242921590805054,
    7.239684343338013,
    7.267416477203369,
    7.261777400970459,
    7.244499206542969,
    7.261354923248291,
    7.244741439819336,
    7.264204978942871,
    7.267575979232788,
    7.2495176792144775,
    7.270200490951538,
    7.260099411010742,
    7.251914024353027,
    7.242583751678467,
    7.23886251449585,
    7.2581260204315186
  ],
  "status": 24
}