{
  "gpu": true,
  "device": "gpu",
  "infile": "../matrix/cgne_init_4096_dble_csr.dat",
  "matfile": null,
  "k": 0.0,
  "kc": 0.0,
  "reordering": false,
  "preconditioning": true,
  "vol": 4096,
  "dim": 49152,
  "lattice": "8x8x8x8",
  "blk_dim": 24576,
  "bs": "8x8x8x4",
  "res": 1e-06,
  "tol": 0.0003135346870762468,
  "nmx": 2500,
  "nkv": 7,
  "nmr": 1,
  "ncy": 4,
  "sdtype": "float64",
  "ddtype": "float64",
  "cdtype": "float64",
  "rn": [
    118.5526522758952,
    46.24492218332473,
    19.20251901652416,
    8.382525784393739,
    3.8018205451825273,
    1.77087120180354,
    0.8475199154656198,
    0.8475199154656201,
    0.4208969999433604,
    0.21388468782284914,
    0.10974230094748477,
    0.05021168836808495,
    0.024479668840986783,
    0.01194055999652086,
    0.005712264401779947,
    0.005712264401779822,
    0.0028950594445477894,
    0.0014775527026094201,
    0.0007542798045624536,
    0.00035604536109106117,
    0.0001779026941764566,
    0.000177902694176695
  ],
  "i": [
    0,
    1,
    2,
    3,
    4,
    5,
    6,
    7,
    8,
    9,
    10,
    11,
    12,
    13,
    14,
    15,
    16,
    17,
    18,
    19,
    20,
    21
  ],
  "reset": [
    7,
    15,
    21
  ],
  "duration": [
    0.34133195877075195,
    0.17375588417053223,
    0.17656445503234863,
    0.17707228660583496,
    0.1768186092376709,
    0.17627954483032227,
    0.17644095420837402,
    0.17607569694519043,
    0.17702460289001465,
    0.17626571655273438,
    0.17605853080749512,
    0.17653608322143555,
    0.17646026611328125,
    0.17581939697265625,
    0.1745917797088623,
    0.17485880851745605,
    0.17638468742370605,
    0.17601871490478516,
    0.17635297775268555,
    0.17671751976013184
  ],
  "status": 19
}