{
  "gpu": false,
  "device": "cpu",
  "infile": "../matrix/cgne_init_4096_dble_csr.dat",
  "matfile": "../matrix/conf6_0-8x8-30/conf6.0-00l8x8-3000.mtx",
  "k": 0.15649,
  "kc": 0.15649,
  "reordering": true,
  "preconditioning": true,
  "vol": 4096,
  "dim": 49152,
  "lattice": "8x8x8x8",
  "blk_dim": 3072,
  "bs": "4x4x4x4",
  "res": 1e-06,
  "tol": 0.0003135346870547978,
  "nmx": 125,
  "nkv": 7,
  "nmr": 20,
  "ncy": 4,
  "sdtype": "float32",
  "ddtype": "float64",
  "cdtype": "float32",
  "rn": [
    21.90730306046824,
    9.392432419818034,
    4.824658720761393,
    3.0007351498593096,
    1.9125999256477881,
    1.1920054650237744,
    0.6891874247852879,
    0.6891876896976502,
    0.43479651316407886,
    0.2965456447420392,
    0.19740540898521783,
    0.11242171928901251,
    0.059401796412069434,
    0.031287672295834415,
    0.017196183750795898,
    0.0171961818858816,
    0.011112176326294004,
    0.007129188595888126,
    0.004632300429151706,
    0.003053397734008701,
    0.0021041975762527594,
    0.0013342381216438586,
    0.000857198746385918,
    0.0008571986798595261,
    0.0005599023135918811,
    0.00038653876910474806,
    0.00025830887996836316,
    0.0002583088792075456
  ],
  "i": [
    0,
    1,
    2,
    3,
    4,
    5,
    6,
    7,
    8,
    9,
    10,
    11,
    12,
    13,
    14,
    15,
    16,
    17,
    18,
    19,
    20,
    21,
    22,
    23,
    24,
    25,
    26,
    27
  ],
  "reset": [
    7,
    15,
    23,
    27
  ],
  "duration": [
    12.512208700180054,
    12.49954342842102,
    12.504063844680786,
    12.511918306350708,
    12.474665880203247,
    12.471072912216187,
    12.479290008544922,
    12.472058057785034,
    12.462310314178467,
    12.479270935058594,
    12.466840028762817,
    12.474167823791504,
    12.484699964523315,
    12.474193096160889,
    12.465055465698242,
    12.468745231628418,
    12.465169429779053,
    12.471363067626953,
    12.472959041595459,
    12.465749263763428
  ],
  "status": 24
}