{
  "gpu": false,
  "device": "hybrid",
  "infile": "../matrix/cgne_init_4096_dble_csr.dat",
  "matfile": null,
  "k": 0.0,
  "kc": 0.0,
  "reordering": false,
  "preconditioning": true,
  "vol": 4096,
  "dim": 49152,
  "lattice": "8x8x8x8",
  "blk_dim": 24576,
  "bs": "8x8x8x4",
  "res": 1e-06,
  "tol": 0.0003135346870762468,
  "nmx": 250,
  "nkv": 7,
  "nmr": 4,
  "ncy": 10,
  "sdtype": "float64",
  "ddtype": "float64",
  "cdtype": "float64",
  "rn": [
    52.07514951237561,
    15.422744053407325,
    5.307086527577946,
    1.9511852863816432,
    0.726150494266782,
    0.2725387125525906,
    0.10301072576277676,
    0.10301072576277621,
    0.04095181683653789,
    0.017343340269566417,
    0.006393003231633559,
    0.002471156985103808,
    0.0009295481593035223,
    0.00029574660999249645,
    0.00029574660999229566
  ],
  "i": [
    0,
    1,
    2,
    3,
    4,
    5,
    6,
    7,
    8,
    9,
    10,
    11,
    12,
    13,
    14
  ],
  "reset": [
    7,
    14
  ],
  "duration": [
    2.035324811935425,
    2.033468008041382,
    2.032273769378662,
    2.033269166946411,
    2.032951831817627,
    2.0325639247894287,
    2.033139705657959,
    2.0330207347869873,
    2.0322558879852295,
    2.0335538387298584,
    2.0322794914245605,
    2.030254364013672,
    2.031172275543213,
    2.0306813716888428,
    2.0297343730926514,
    2.030522346496582,
    2.0292341709136963,
    2.0295562744140625,
    2.030731439590454,
    2.0301759243011475
  ],
  "status": 13
}