{
  "gpu": false,
  "infile": "../matrix/cgne_init_4096_dble_csr.dat",
  "matfile": null,
  "k": 0.0,
  "kc": 0.0,
  "reordering": false,
  "preconditioning": true,
  "vol": 4096,
  "dim": 49152,
  "lattice": "8x8x8x8",
  "blk_dim": 6144,
  "bs": "8x4x4x4",
  "res": 1e-06,
  "tol": 0.0003135346870762468,
  "nmx": 417,
  "nkv": 7,
  "nmr": 12,
  "ncy": 2,
  "sdtype": "float64",
  "ddtype": "float64",
  "cdtype": "float64",
  "rn": [
    57.5794096532984,
    17.055351161498912,
    6.400676544551083,
    2.381485964638896,
    0.8904145353931983,
    0.33662620255713227,
    0.12758066240751684,
    0.12758066240751484,
    0.051569462143875026,
    0.020548417363749745,
    0.007575046671303642,
    0.0029706701013219113,
    0.0011596424915746258,
    0.0004502964581007184,
    0.00018190214122873602,
    0.00018190214122889835
  ],
  "i": [
    0,
    1,
    2,
    3,
    4,
    5,
    6,
    7,
    8,
    9,
    10,
    11,
    12,
    13,
    14,
    15
  ],
  "reset": [
    7,
    15
  ],
  "duration": [
    1.216308832168579,
    1.3885419368743896,
    1.3204472064971924,
    1.2082452774047852,
    1.386054277420044,
    1.5092859268188477,
    1.361149549484253,
    1.2668030261993408,
    1.4978766441345215,
    1.1786043643951416,
    1.3999686241149902,
    1.3715593814849854,
    1.3911640644073486,
    1.4006695747375488,
    1.3580589294433594,
    1.2611079216003418,
    1.3107218742370605,
    1.337712287902832,
    1.1902453899383545,
    1.5021045207977295
  ],
  "status": 14
}