{
  "gpu": false,
  "device": "hybrid",
  "infile": "../matrix/cgne_init_4096_dble_csr.dat",
  "matfile": "../matrix/conf6_0-8x8-20/conf6_0-8x8-20.mtx",
  "k": 0.15,
  "kc": 0.15717,
  "reordering": true,
  "preconditioning": true,
  "vol": 4096,
  "dim": 49152,
  "lattice": "8x8x8x8",
  "blk_dim": 24576,
  "bs": "8x8x8x4",
  "res": 1e-06,
  "tol": 0.0003135346870547978,
  "nmx": 2500,
  "nkv": 7,
  "nmr": 0.5,
  "ncy": 0.5,
  "sdtype": "float32",
  "ddtype": "float64",
  "cdtype": "float64",
  "rn": [
    44.916342564442516,
    7.297238421503896,
    1.9304768202986804,
    0.7459208286406641,
    0.23186545823428056,
    0.12313143793684893,
    0.02285932961518242,
    0.02285959105251434,
    0.0078939507743399,
    0.003988088740753627,
    0.0019189067404584,
    0.0008215824178157379,
    0.0003461506166577123,
    0.00017827035115639285,
    0.0001782703272871134
  ],
  "i": [
    0,
    1,
    2,
    3,
    4,
    5,
    6,
    7,
    8,
    9,
    10,
    11,
    12,
    13,
    14
  ],
  "reset": [
    7,
    14
  ],
  "duration": [
    0.47530388832092285,
    0.4788541793823242,
    0.47681403160095215,
    0.478823184967041,
    0.4779396057128906,
    0.4781217575073242,
    0.4796602725982666,
    0.4867572784423828,
    0.4838697910308838,
    0.4801959991455078,
    0.476238489151001,
    0.47744202613830566,
    0.4792468547821045,
    0.47774267196655273,
    0.47630834579467773,
    0.4792137145996094,
    0.4769556522369385,
    0.48053479194641113,
    0.48503565788269043,
    0.48354077339172363
  ],
  "status": 13
}