{
  "gpu": true,
  "infile": "../matrix/cgne_init_4096_dble_csr.dat",
  "matfile": "../matrix/conf6_0-8x8-20/conf6_0-8x8-20.mtx",
  "k": 0.15,
  "kc": 0.15717,
  "reordering": true,
  "preconditioning": true,
  "vol": 4096,
  "dim": 49152,
  "lattice": "8x8x8x8",
  "blk_dim": 12288,
  "bs": "8x8x4x4",
  "res": 1e-06,
  "tol": 0.00031353468703945405,
  "nmx": 125,
  "nkv": 7,
  "nmr": 4,
  "ncy": 20,
  "sdtype": "float32",
  "ddtype": "float64",
  "cdtype": "float32",
  "rn": [
    0.18167648756077165,
    0.0017666011771704153,
    1.9726318255132884e-05,
    7.141607833547448e-05
  ],
  "i": [
    0,
    1,
    2,
    3
  ],
  "reset": [
    3
  ],
  "duration": 1.7045180797576904,
  "status": 3
}