{
  "gpu": true,
  "device": "gpu",
  "infile": "../matrix/fgcr_check3_4096_dble_csr.dat",
  "matfile": null,
  "k": 0.0,
  "kc": 0.0,
  "reordering": false,
  "preconditioning": true,
  "vol": 4096,
  "dim": 49152,
  "lattice": "8x8x8x8",
  "blk_dim": 6144,
  "bs": "8x4x4x4",
  "res": 1e-06,
  "tol": 0.00031353468715082124,
  "nmx": 417,
  "nkv": 7,
  "nmr": 4,
  "ncy": 6,
  "sdtype": "float32",
  "ddtype": "float64",
  "cdtype": "float64",
  "rn": [
    15.455512258238203,
    4.983152614169736,
    1.4944192137146395,
    0.4686436597941386,
    0.1410000969271733,
    0.042328851818928356,
    0.012522379975622054,
    0.012522119901156823,
    0.004115802652588473,
    0.0013537032129586886,
    0.00044030691217262867,
    0.000134021769877933,
    0.00013402177748505405
  ],
  "i": [
    0,
    1,
    2,
    3,
    4,
    5,
    6,
    7,
    8,
    9,
    10,
    11,
    12
  ],
  "reset": [
    7,
    12
  ],
  "duration": [
    1.4840030670166016,
    1.269775390625,
    1.270399808883667,
    1.268570899963379,
    1.2720508575439453,
    1.2671334743499756,
    1.2684440612792969,
    1.2679502964019775,
    1.268411636352539,
    1.2676019668579102,
    1.2672054767608643,
    1.2685632705688477,
    1.269469976425171,
    1.2616536617279053,
    1.2611138820648193,
    1.2609398365020752,
    1.2618165016174316,
    1.262037992477417,
    1.2607593536376953,
    1.2616493701934814
  ],
  "status": 11
}