{
  "gpu": false,
  "infile": "../matrix/cgne_init_4096_dble_csr.dat",
  "matfile": null,
  "k": 0.0,
  "kc": 0.0,
  "reordering": false,
  "preconditioning": true,
  "vol": 4096,
  "dim": 49152,
  "lattice": "8x8x8x8",
  "blk_dim": 24576,
  "bs": "8x8x8x4",
  "res": 1e-06,
  "tol": 0.0003135346870547978,
  "nmx": 1250,
  "nkv": 7,
  "nmr": 2,
  "ncy": 4,
  "sdtype": "float32",
  "ddtype": "float64",
  "cdtype": "float32",
  "rn": [
    142.06129201757997,
    77.01105621355208,
    44.58952114289612,
    27.247878616499136,
    17.23245665875391,
    11.117523908157018,
    7.2578516129238935,
    7.257851644393912,
    5.1953403603069575,
    3.576804070078417,
    2.4366681671827135,
    1.572454402754365,
    1.0046136461119202,
    0.6276165870667404,
    0.40282000134565293,
    0.4028200026771005,
    0.2950490958565586,
    0.21124006439426563,
    0.1445675440761485,
    0.09682255122726073,
    0.06521907168329895,
    0.044328713888842526,
    0.030698528263427265,
    0.03069852836196851,
    0.022397182912867217,
    0.015955295353065935,
    0.011029912541088992,
    0.007499974137141885,
    0.005155209395107123,
    0.0036426700196541,
    0.0026134130736666524,
    0.0026134130525191277,
    0.0019245860371852259,
    0.0013871591233435136,
    0.0009671056417502943,
    0.000665889820751382,
    0.0004642721471176623,
    0.000330059336140717,
    0.00023733336126925255,
    0.00023733336411971002
  ],
  "i": [
    0,
    1,
    2,
    3,
    4,
    5,
    6,
    7,
    8,
    9,
    10,
    11,
    12,
    13,
    14,
    15,
    16,
    17,
    18,
    19,
    20,
    21,
    22,
    23,
    24,
    25,
    26,
    27,
    28,
    29,
    30,
    31,
    32,
    33,
    34,
    35,
    36,
    37,
    38,
    39
  ],
  "reset": [
    7,
    15,
    23,
    31,
    39
  ],
  "duration": [
    2.115417242050171,
    2.116084337234497,
    2.1235108375549316,
    2.1212639808654785,
    2.123350143432617,
    2.134035587310791,
    2.1170737743377686,
    2.128894090652466,
    2.115868330001831,
    2.1219310760498047,
    2.1244053840637207,
    2.1192924976348877,
    2.142268419265747,
    2.1244723796844482,
    2.1238105297088623,
    2.126171112060547,
    2.1130869388580322,
    2.128511905670166,
    2.1206722259521484,
    2.110305070877075
  ],
  "status": 35
}