{
  "gpu": false,
  "device": "cpu",
  "infile": "../matrix/cgne_init_4096_dble_csr.dat",
  "matfile": "../matrix/conf6_0-8x8-30/conf6.0-00l8x8-3000.mtx",
  "k": 0.05,
  "kc": 0.15649,
  "reordering": true,
  "preconditioning": true,
  "vol": 4096,
  "dim": 49152,
  "lattice": "8x8x8x8",
  "blk_dim": 6144,
  "bs": "8x4x4x4",
  "res": 1e-06,
  "tol": 0.0003135346870762468,
  "nmx": 1250,
  "nkv": 7,
  "nmr": 4,
  "ncy": 2,
  "sdtype": "float64",
  "ddtype": "float64",
  "cdtype": "float64",
  "rn": [
    0.2507027749950917,
    3.507333141974019e-05,
    3.507333141990043e-05
  ],
  "i": [
    0,
    1,
    2
  ],
  "reset": [
    2
  ],
  "duration": [
    0.16666507720947266,
    0.1825392246246338,
    0.2508540153503418,
    0.2234804630279541,
    0.21990275382995605,
    0.2921278476715088,
    0.2203836441040039,
    0.2134559154510498,
    0.21747589111328125,
    0.21509766578674316,
    0.21667218208312988,
    0.2088778018951416,
    0.20072674751281738,
    0.2030630111694336,
    0.1893479824066162,
    0.16850757598876953,
    0.20704936981201172,
    0.2321779727935791,
    0.291471004486084,
    0.16126751899719238
  ],
  "status": 2
}