{
  "gpu": false,
  "device": "cpu",
  "infile": "../matrix/cgne_init_4096_dble_csr.dat",
  "matfile": "../matrix/conf6_0-8x8-20/conf6_0-8x8-20.mtx",
  "k": 0.15717,
  "kc": 0.15717,
  "reordering": true,
  "preconditioning": true,
  "vol": 4096,
  "dim": 49152,
  "lattice": "8x8x8x8",
  "blk_dim": 12288,
  "bs": "8x8x4x4",
  "res": 1e-06,
  "tol": 0.0003135346870762468,
  "nmx": 417,
  "nkv": 7,
  "nmr": 2,
  "ncy": 12,
  "sdtype": "float64",
  "ddtype": "float64",
  "cdtype": "float64",
  "rn": [
    19.031504353392393,
    10.102765773064439,
    6.1397160142530085,
    3.674813667338868,
    2.2872087012470694,
    1.4509065802654684,
    0.924039316399675,
    0.9240393163996754,
    0.593194196018201,
    0.3967712499775248,
    0.2622599830158781,
    0.1753624355139674,
    0.1129784651323122,
    0.06997286046450495,
    0.042938007418867885,
    0.04293800741886722,
    0.027227452670951884,
    0.01703319063977176,
    0.010122689797844834,
    0.0067308475116547245,
    0.004365611491858941,
    0.0030823780591604038,
    0.0020456803814405057,
    0.002045680381440264,
    0.0014101997534021814,
    0.0009644685947483134,
    0.0006541205738028328,
    0.00046823064689930906,
    0.000309952226543022,
    0.000309952226542607
  ],
  "i": [
    0,
    1,
    2,
    3,
    4,
    5,
    6,
    7,
    8,
    9,
    10,
    11,
    12,
    13,
    14,
    15,
    16,
    17,
    18,
    19,
    20,
    21,
    22,
    23,
    24,
    25,
    26,
    27,
    28,
    29
  ],
  "reset": [
    7,
    15,
    23,
    29
  ],
  "duration": [
    8.468783617019653,
    8.748337030410767,
    8.964563369750977,
    9.258303880691528,
    8.951985120773315,
    8.735568046569824,
    8.895138263702393,
    9.492571830749512,
    8.851182460784912,
    9.204015016555786,
    8.936200141906738,
    8.877493381500244,
    8.831427812576294,
    8.758109092712402,
    8.660713195800781,
    8.927940845489502,
    9.060823917388916,
    8.970491647720337,
    8.918344974517822,
    8.701664447784424
  ],
  "status": 26
}