{
  "gpu": false,
  "infile": "../matrix/cgne_init_4096_dble_csr.dat",
  "matfile": null,
  "k": 0.0,
  "kc": 0.0,
  "reordering": false,
  "preconditioning": true,
  "vol": 4096,
  "dim": 49152,
  "lattice": "8x8x8x8",
  "blk_dim": 24576,
  "bs": "8x8x8x4",
  "res": 1e-06,
  "tol": 0.0003135346870547978,
  "nmx": 2500,
  "nkv": 7,
  "nmr": 4,
  "ncy": 1,
  "sdtype": "float32",
  "ddtype": "float64",
  "cdtype": "float32",
  "rn": [
    145.98874665093916,
    53.70000714692841,
    22.61636735939703,
    10.145084076888876,
    4.345406182186785,
    2.064754699983663,
    0.9598435208692248,
    0.9598436531803696,
    0.47066283967769285,
    0.23212352477561565,
    0.11679665070886086,
    0.05202165680365463,
    0.02391319373061036,
    0.010783160873737593,
    0.005120681981657954,
    0.005120681741929454,
    0.002491545739479744,
    0.0012218024375735767,
    0.0006215179158916522,
    0.00028343600982330236,
    0.00028343601064057975
  ],
  "i": [
    0,
    1,
    2,
    3,
    4,
    5,
    6,
    7,
    8,
    9,
    10,
    11,
    12,
    13,
    14,
    15,
    16,
    17,
    18,
    19,
    20
  ],
  "reset": [
    7,
    15,
    20
  ],
  "duration": [
    0.36963820457458496,
    0.36913299560546875,
    0.36875176429748535,
    0.36989760398864746,
    0.3682541847229004,
    0.3690488338470459,
    0.3703017234802246,
    0.3688657283782959,
    0.3699183464050293,
    0.36963796615600586,
    0.36974430084228516,
    0.3705415725708008,
    0.3688950538635254,
    0.36794209480285645,
    0.36896634101867676,
    0.3675806522369385,
    0.36983752250671387,
    0.3684811592102051,
    0.36750292778015137,
    0.3704264163970947
  ],
  "status": 18
}