{
  "gpu": true,
  "device": "gpu",
  "infile": "../matrix/cgne_init_4096_dble_csr.dat",
  "matfile": "../matrix/conf6_0-8x8-20/conf6_0-8x8-20.mtx",
  "k": 0.15717,
  "kc": 0.15717,
  "reordering": true,
  "preconditioning": true,
  "vol": 4096,
  "dim": 49152,
  "lattice": "8x8x8x8",
  "blk_dim": 24576,
  "bs": "8x8x8x4",
  "res": 1e-06,
  "tol": 0.00031353468703945405,
  "nmx": 417,
  "nkv": 7,
  "nmr": 6,
  "ncy": 4,
  "sdtype": "float32",
  "ddtype": "float64",
  "cdtype": "float32",
  "rn": [
    20.55940652035838,
    10.129487992708436,
    5.7125646247380875,
    3.2873466165306042,
    1.996393266736167,
    1.2566183268329842,
    0.8108796060425003,
    0.8108795059270486,
    0.5170591700229378,
    0.33597973779856954,
    0.2114772191599268,
    0.13435014844382884,
    0.08395194997190432,
    0.047742418051379645,
    0.028400148814191357,
    0.028400147995647176,
    0.017452412948087085,
    0.01100389834813367,
    0.0065487876141524055,
    0.004103716735424443,
    0.0026016919504212206,
    0.00166596300127326,
    0.0011030013013731883,
    0.0011030013640661934,
    0.0007625701512056004,
    0.0004948391584466368,
    0.00031530699813017883,
    0.00019927145008322766,
    0.00019927144566447147
  ],
  "i": [
    0,
    1,
    2,
    3,
    4,
    5,
    6,
    7,
    8,
    9,
    10,
    11,
    12,
    13,
    14,
    15,
    16,
    17,
    18,
    19,
    20,
    21,
    22,
    23,
    24,
    25,
    26,
    27,
    28
  ],
  "reset": [
    7,
    15,
    23,
    28
  ],
  "duration": [
    0.8561980724334717,
    0.6948802471160889,
    0.6936120986938477,
    0.697303056716919,
    0.6932651996612549,
    0.693777322769165,
    0.6921074390411377,
    0.6856176853179932,
    0.6983382701873779,
    0.6977355480194092,
    0.6973772048950195,
    0.6975827217102051,
    0.6919858455657959,
    0.6930861473083496,
    0.6977131366729736,
    0.6842982769012451,
    0.6915595531463623,
    0.6784834861755371,
    0.6948237419128418,
    0.6868157386779785
  ],
  "status": 25
}