{
  "gpu": false,
  "device": "hybrid",
  "infile": "../matrix/cgne_init_65536_dble_csr.dat",
  "matfile": null,
  "k": 0.0,
  "kc": 0.0,
  "reordering": false,
  "preconditioning": true,
  "vol": 65536,
  "dim": 786432,
  "lattice": "16x16x16x16",
  "blk_dim": 24576,
  "bs": "8x8x8x4",
  "res": 1e-06,
  "tol": 0.0012541387482794752,
  "nmx": 313,
  "nkv": 7,
  "nmr": 4,
  "ncy": 8,
  "sdtype": "float32",
  "ddtype": "float64",
  "cdtype": "float64",
  "rn": [
    224.8184108891628,
    47.53354898886712,
    9.085643695964992,
    2.0329746653229015,
    0.38498494715646625,
    0.08229401689059715,
    0.01601142528073875,
    0.016013753439883368,
    0.003423938331110862,
    0.0006507015723334131,
    0.0006507015659164749
  ],
  "i": [
    0,
    1,
    2,
    3,
    4,
    5,
    6,
    7,
    8,
    9,
    10
  ],
  "reset": [
    7,
    10
  ],
  "duration": [
    14.098687648773193,
    14.043652772903442,
    14.028321027755737,
    14.048279047012329,
    14.035853147506714,
    14.064940452575684,
    14.03108835220337,
    14.022961854934692,
    14.052245378494263,
    14.039742708206177,
    14.029027223587036,
    14.026479482650757,
    14.038931369781494,
    14.039505243301392,
    14.05982780456543,
    14.034292459487915,
    14.023928165435791,
    14.02566409111023,
    14.015857696533203,
    14.054512739181519
  ],
  "status": 9
}