{
  "gpu": false,
  "device": "cpu",
  "infile": "../matrix/fgcr_check3_4096_dble_csr.dat",
  "matfile": null,
  "k": 0.0,
  "kc": 0.0,
  "reordering": false,
  "preconditioning": true,
  "vol": 4096,
  "dim": 49152,
  "lattice": "8x8x8x8",
  "blk_dim": 24576,
  "bs": "8x8x8x4",
  "res": 1e-06,
  "tol": 0.00031353468710831124,
  "nmx": 125,
  "nkv": 7,
  "nmr": 20,
  "ncy": 4,
  "sdtype": "float32",
  "ddtype": "float64",
  "cdtype": "float64",
  "rn": [
    25.528538271871177,
    5.167154318602494,
    1.4342689368304775,
    0.36544066721708346,
    0.09170647935397785,
    0.02391845977714632,
    0.005834731882090389,
    0.005835621815787235,
    0.0016969729996806134,
    0.0005606777731019208,
    0.00012452609512170554,
    0.00012452609732728002
  ],
  "i": [
    0,
    1,
    2,
    3,
    4,
    5,
    6,
    7,
    8,
    9,
    10,
    11
  ],
  "reset": [
    7,
    11
  ],
  "duration": [
    3.850437879562378,
    3.8509228229522705,
    3.8512110710144043,
    3.8511874675750732,
    3.8516955375671387,
    3.850877285003662,
    3.8509268760681152,
    3.850564956665039,
    3.850552558898926,
    3.8503692150115967,
    3.8513357639312744,
    3.850296974182129,
    3.851227045059204,
    3.850088357925415,
    3.8501710891723633,
    3.850665330886841,
    3.85164213180542,
    3.849982500076294,
    3.8509654998779297,
    3.8495028018951416
  ],
  "status": 10
}