{
  "gpu": true,
  "device": "gpu",
  "infile": "../matrix/cgne_init_4096_dble_csr.dat",
  "matfile": "../matrix/conf6_0-8x8-30/conf6.0-00l8x8-3000.mtx",
  "k": 0.15649,
  "kc": 0.15649,
  "reordering": true,
  "preconditioning": true,
  "vol": 4096,
  "dim": 49152,
  "lattice": "8x8x8x8",
  "blk_dim": 6144,
  "bs": "8x4x4x4",
  "res": 1e-06,
  "tol": 0.0003135346870762468,
  "nmx": 417,
  "nkv": 7,
  "nmr": 2,
  "ncy": 12,
  "sdtype": "float64",
  "ddtype": "float64",
  "cdtype": "float64",
  "rn": [
    16.426133383442533,
    8.922315144209442,
    5.742804883792118,
    3.6197410297708696,
    2.2359876231538074,
    1.359966977976571,
    0.8577389493617521,
    0.8577389493617527,
    0.620375504987037,
    0.4219435516729397,
    0.28718033614719685,
    0.19539406494374034,
    0.12712106388483715,
    0.08259549493837026,
    0.057269609396007476,
    0.05726960939600786,
    0.041698103118779216,
    0.029505364045733964,
    0.02034950641019304,
    0.013311794181778991,
    0.008877304095290566,
    0.00574962885382258,
    0.0035428643567874934,
    0.0035428643567878334,
    0.0023327759083883893,
    0.0015983187300273917,
    0.0011876501562016852,
    0.0008567776663927213,
    0.0006086604998813898,
    0.0004143953045167944,
    0.0002672161052550491,
    0.00026721610525500585
  ],
  "i": [
    0,
    1,
    2,
    3,
    4,
    5,
    6,
    7,
    8,
    9,
    10,
    11,
    12,
    13,
    14,
    15,
    16,
    17,
    18,
    19,
    20,
    21,
    22,
    23,
    24,
    25,
    26,
    27,
    28,
    29,
    30,
    31
  ],
  "reset": [
    7,
    15,
    23,
    31
  ],
  "duration": [
    3.559016466140747,
    3.438608169555664,
    3.441556453704834,
    3.3189616203308105,
    3.414485216140747,
    3.3784236907958984,
    3.3788774013519287,
    3.3980913162231445,
    3.4143855571746826,
    3.4089114665985107,
    3.413830041885376,
    3.329420804977417,
    3.412055730819702,
    3.39809250831604,
    3.3056833744049072,
    3.3782591819763184,
    3.315854787826538,
    3.3872780799865723,
    3.3867809772491455,
    3.361070156097412
  ],
  "status": 28
}