{
  "gpu": false,
  "device": "hybrid",
  "infile": "../matrix/cgne_init_4096_dble_csr.dat",
  "matfile": null,
  "k": 0.0,
  "kc": 0.0,
  "reordering": false,
  "preconditioning": true,
  "vol": 4096,
  "dim": 49152,
  "lattice": "8x8x8x8",
  "blk_dim": 6144,
  "bs": "8x4x4x4",
  "res": 1e-06,
  "tol": 0.0003135346870547978,
  "nmx": 417,
  "nkv": 7,
  "nmr": 4,
  "ncy": 6,
  "sdtype": "float32",
  "ddtype": "float64",
  "cdtype": "float64",
  "rn": [
    82.0627754353463,
    32.76999866448044,
    15.524849001775,
    7.029986394807913,
    3.2299619060635423,
    1.5492292216492498,
    0.7889931118590029,
    0.7889931645209577,
    0.4716396287046509,
    0.2355039933246397,
    0.11081617031719682,
    0.05225908833460705,
    0.025294023978915094,
    0.011715435271592613,
    0.004987904488763984,
    0.0049879045193969955,
    0.0025380729139947997,
    0.0009119148359010516,
    0.0004180284323341415,
    0.00021305018465650626,
    0.00021305018180134424
  ],
  "i": [
    0,
    1,
    2,
    3,
    4,
    5,
    6,
    7,
    8,
    9,
    10,
    11,
    12,
    13,
    14,
    15,
    16,
    17,
    18,
    19,
    20
  ],
  "reset": [
    7,
    15,
    20
  ],
  "duration": [
    3.2012078762054443,
    3.2029736042022705,
    3.2029106616973877,
    3.2052152156829834,
    3.203232765197754,
    3.2073044776916504,
    3.2052083015441895,
    3.196214437484741,
    3.1943671703338623,
    3.1946818828582764,
    3.1971030235290527,
    3.1976702213287354,
    3.194483518600464,
    3.1943702697753906,
    3.196564197540283,
    3.1962668895721436,
    3.197593927383423,
    3.197018623352051,
    3.1986849308013916,
    3.194614887237549
  ],
  "status": 18
}