{
  "gpu": false,
  "device": "hybrid",
  "infile": "../matrix/cgne_init_4096_dble_csr.dat",
  "matfile": "../matrix/conf6_0-8x8-20/conf6_0-8x8-20.mtx",
  "k": 0.15,
  "kc": 0.15717,
  "reordering": true,
  "preconditioning": true,
  "vol": 4096,
  "dim": 49152,
  "lattice": "8x8x8x8",
  "blk_dim": 24576,
  "bs": "8x8x8x4",
  "res": 1e-06,
  "tol": 0.0003135346870762468,
  "nmx": 125,
  "nkv": 7,
  "nmr": 4,
  "ncy": 20,
  "sdtype": "float64",
  "ddtype": "float64",
  "cdtype": "float64",
  "rn": [
    0.24799925520748048,
    0.0034446400318001234,
    5.1326519496340364e-05,
    5.1326519496358416e-05
  ],
  "i": [
    0,
    1,
    2,
    3
  ],
  "reset": [
    3
  ],
  "duration": [
    0.4146127700805664,
    0.45113372802734375,
    0.4719581604003906,
    0.46222615242004395,
    0.46946144104003906,
    0.5097606182098389,
    0.44420766830444336,
    0.4542195796966553,
    0.4518561363220215,
    0.5012691020965576,
    0.44985127449035645,
    0.495572566986084,
    0.44834113121032715,
    0.44806885719299316,
    0.45969295501708984,
    0.45774412155151367,
    0.5558302402496338,
    0.46923398971557617,
    0.47162842750549316,
    0.46050262451171875
  ],
  "status": 3
}