{
  "gpu": false,
  "infile": "../matrix/cgne_init_4096_dble_csr.dat",
  "matfile": null,
  "k": 0.0,
  "kc": 0.0,
  "reordering": false,
  "preconditioning": true,
  "vol": 4096,
  "dim": 49152,
  "lattice": "8x8x8x8",
  "blk_dim": 6144,
  "bs": "8x4x4x4",
  "res": 1e-06,
  "tol": 0.0003135346870547978,
  "nmx": 1250,
  "nkv": 7,
  "nmr": 2,
  "ncy": 4,
  "sdtype": "float32",
  "ddtype": "float64",
  "cdtype": "float64",
  "rn": [
    141.94600290672136,
    76.85901986291546,
    44.38763302341526,
    27.03376037755168,
    17.0161407526185,
    10.879044980559856,
    7.007028693502753,
    7.007028978985681,
    4.927549526417078,
    3.347019991911882,
    2.2598155677655645,
    1.4573906201319486,
    0.9288774196467248,
    0.5758609686210422,
    0.3656940548622497,
    0.36569405435701924,
    0.2650596741498179,
    0.1871520755077944,
    0.1271432090825341,
    0.08537016514909056,
    0.057750309260916434,
    0.039318129199136555,
    0.027217773961754087,
    0.027217774263359647,
    0.01984145407322577,
    0.014146313494137162,
    0.009785975897081184,
    0.0066227963792835215,
    0.004516821048450402,
    0.003161604699531647,
    0.002248938140738163,
    0.0022489381468757284,
    0.0016439260886756007,
    0.0011741075433986154,
    0.0008124986437110397,
    0.0005570412424552003,
    0.0003883412897686464,
    0.00027615199299531687,
    0.0002761519924989242
  ],
  "i": [
    0,
    1,
    2,
    3,
    4,
    5,
    6,
    7,
    8,
    9,
    10,
    11,
    12,
    13,
    14,
    15,
    16,
    17,
    18,
    19,
    20,
    21,
    22,
    23,
    24,
    25,
    26,
    27,
    28,
    29,
    30,
    31,
    32,
    33,
    34,
    35,
    36,
    37,
    38
  ],
  "reset": [
    7,
    15,
    23,
    31,
    38
  ],
  "duration": [
    2.324895143508911,
    2.3317513465881348,
    2.3302552700042725,
    2.3272783756256104,
    2.3290233612060547,
    2.330242872238159,
    2.330319881439209,
    2.3282601833343506,
    2.3269572257995605,
    2.3310110569000244,
    2.3280839920043945,
    2.3295183181762695,
    2.330933094024658,
    2.332775831222534,
    2.3284339904785156,
    2.330414056777954,
    2.3282110691070557,
    2.3264007568359375,
    2.328021764755249,
    2.3276679515838623
  ],
  "status": 34
}