{
  "gpu": false,
  "device": "cpu",
  "infile": "../matrix/cgne_init_4096_dble_csr.dat",
  "matfile": "../matrix/conf6_0-8x8-20/conf6_0-8x8-20.mtx",
  "k": 0.15,
  "kc": 0.15717,
  "reordering": true,
  "preconditioning": true,
  "vol": 4096,
  "dim": 49152,
  "lattice": "8x8x8x8",
  "blk_dim": 6144,
  "bs": "8x4x4x4",
  "res": 1e-06,
  "tol": 0.0003135346870762468,
  "nmx": 417,
  "nkv": 7,
  "nmr": 2,
  "ncy": 12,
  "sdtype": "float64",
  "ddtype": "float64",
  "cdtype": "float64",
  "rn": [
    5.175504758235758,
    0.8757309398141415,
    0.1636453724341615,
    0.029623172555833376,
    0.005394924393787562,
    0.000991141484055106,
    0.00020056833068870746,
    0.0002005683306893394
  ],
  "i": [
    0,
    1,
    2,
    3,
    4,
    5,
    6,
    7
  ],
  "reset": [
    7
  ],
  "duration": [
    1.4576799869537354,
    1.4563424587249756,
    1.455237627029419,
    1.45640230178833,
    1.4565370082855225,
    1.4557173252105713,
    1.4553027153015137,
    1.454408884048462,
    1.4560928344726562,
    1.4555253982543945,
    1.4546372890472412,
    1.4543559551239014,
    1.4517395496368408,
    1.453575849533081,
    1.452887773513794,
    1.4544353485107422,
    1.4532320499420166,
    1.45249605178833,
    1.4532489776611328,
    1.4532527923583984
  ],
  "status": 7
}