{
  "gpu": false,
  "device": "hybrid",
  "infile": "../matrix/cgne_init_65536_dble_csr.dat",
  "matfile": null,
  "k": 0.0,
  "kc": 0.0,
  "reordering": false,
  "preconditioning": true,
  "vol": 65536,
  "dim": 786432,
  "lattice": "16x16x16x16",
  "blk_dim": 6144,
  "bs": "8x4x4x4",
  "res": 1e-06,
  "tol": 0.0012541387482794752,
  "nmx": 1250,
  "nkv": 7,
  "nmr": 2,
  "ncy": 4,
  "sdtype": "float32",
  "ddtype": "float64",
  "cdtype": "float64",
  "rn": [
    565.5105303934816,
    272.2340358461981,
    120.02294176465435,
    52.35978542106744,
    23.068961346217378,
    10.256547709328725,
    4.608671399935089,
    4.608671327498098,
    2.5451711685491007,
    1.0530773411439835,
    0.45083883058973323,
    0.19806124716799836,
    0.09210499136021087,
    0.04326016631192565,
    0.019624736041419105,
    0.019624736539647688,
    0.010666222842941222,
    0.0050146303682751525,
    0.0021173314700004002,
    0.0009728064082878119,
    0.0009728064115634656
  ],
  "i": [
    0,
    1,
    2,
    3,
    4,
    5,
    6,
    7,
    8,
    9,
    10,
    11,
    12,
    13,
    14,
    15,
    16,
    17,
    18,
    19,
    20
  ],
  "reset": [
    7,
    15,
    20
  ],
  "duration": [
    20.585912704467773,
    20.58606195449829,
    20.61418890953064,
    20.627925395965576,
    20.57662081718445,
    20.577470779418945,
    20.559698581695557,
    20.57699751853943,
    20.57083225250244,
    20.567370653152466,
    20.593268632888794,
    20.524468421936035,
    20.524348258972168,
    20.547947645187378,
    20.572014093399048,
    20.57666325569153,
    20.56890559196472,
    20.590041399002075,
    20.55796480178833,
    20.576651573181152
  ],
  "status": 18
}