{
  "gpu": false,
  "device": "hybrid",
  "infile": "../matrix/cgne_init_4096_dble_csr.dat",
  "matfile": "../matrix/conf6_0-8x8-30/conf6.0-00l8x8-3000.mtx",
  "k": 0.05,
  "kc": 0.15649,
  "reordering": true,
  "preconditioning": true,
  "vol": 4096,
  "dim": 49152,
  "lattice": "8x8x8x8",
  "blk_dim": 24576,
  "bs": "8x8x8x4",
  "res": 1e-06,
  "tol": 0.0003135346870762468,
  "nmx": 2500,
  "nkv": 7,
  "nmr": 1,
  "ncy": 4,
  "sdtype": "float64",
  "ddtype": "float64",
  "cdtype": "float64",
  "rn": [
    0.768008351650642,
    0.004338330913719957,
    2.7523859463111036e-05,
    2.7523859462741564e-05
  ],
  "i": [
    0,
    1,
    2,
    3
  ],
  "reset": [
    3
  ],
  "duration": [
    0.05375528335571289,
    0.0538172721862793,
    0.05338168144226074,
    0.05327272415161133,
    0.053487300872802734,
    0.09845209121704102,
    0.05331993103027344,
    0.05343317985534668,
    0.05443739891052246,
    0.09813809394836426,
    0.053418874740600586,
    0.05332803726196289,
    0.0580441951751709,
    0.10792803764343262,
    0.10947036743164062,
    0.10748434066772461,
    0.10791468620300293,
    0.08365106582641602,
    0.05336785316467285,
    0.07536172866821289
  ],
  "status": 3
}