{
  "gpu": true,
  "infile": "../matrix/cgne_init_65536_dble_csr.dat",
  "matfile": null,
  "k": 0.0,
  "kc": 0.0,
  "reordering": false,
  "preconditioning": true,
  "vol": 65536,
  "dim": 786048,
  "lattice": "16x16x16x16",
  "blk_dim": 6141,
  "bs": "8x4x4x4",
  "res": 1e-06,
  "tol": 0.0012541387483049871,
  "nmx": 500,
  "nkv": 7,
  "nmr": 4,
  "ncy": 5,
  "sdtype": "float64",
  "ddtype": "float64",
  "cdtype": "float64",
  "rn": [
    398.68730876801663,
    145.07492684492968,
    53.85011095235632,
    20.302556828816083,
    7.766566476198844,
    3.0124524336472636,
    1.1804410914279033,
    1.180441091427903,
    0.4698770208273086,
    0.18878592586296689,
    0.07554458966601844,
    0.02961633091981303,
    0.011465959433013047,
    0.004307652570090778,
    0.0015726324008386854,
    0.0015726324008389556,
    0.000610270656065415,
    0.0006102706560654768
  ],
  "i": [
    0,
    1,
    2,
    3,
    4,
    5,
    6,
    7,
    8,
    9,
    10,
    11,
    12,
    13,
    14,
    15,
    16,
    17
  ],
  "reset": [
    7,
    15,
    17
  ],
  "duration": 21.37167191505432,
  "status": 15
}