{
  "gpu": true,
  "device": "gpu",
  "infile": "../matrix/cgne_init_4096_dble_csr.dat",
  "matfile": "../matrix/conf6_0-8x8-30/conf6.0-00l8x8-3000.mtx",
  "k": 0.05,
  "kc": 0.15649,
  "reordering": true,
  "preconditioning": true,
  "vol": 4096,
  "dim": 49152,
  "lattice": "8x8x8x8",
  "blk_dim": 24576,
  "bs": "8x8x8x4",
  "res": 1e-06,
  "tol": 0.00031353468703945405,
  "nmx": 125,
  "nkv": 7,
  "nmr": 20,
  "ncy": 4,
  "sdtype": "float32",
  "ddtype": "float64",
  "cdtype": "float32",
  "rn": [
    3.3518661740010356e-05,
    5.536605600599089e-05
  ],
  "i": [
    0,
    1
  ],
  "reset": [
    1
  ],
  "duration": [
    0.07828521728515625,
    0.07845616340637207,
    0.07573819160461426,
    0.07541012763977051,
    0.07549476623535156,
    0.07739543914794922,
    0.07679224014282227,
    0.07630181312561035,
    0.07910394668579102,
    0.07838749885559082,
    0.07804107666015625,
    0.07848000526428223,
    0.07640433311462402,
    0.07616496086120605,
    0.0776674747467041,
    0.07697343826293945,
    0.07700538635253906,
    0.07576823234558105,
    0.07817983627319336,
    0.07586359977722168
  ],
  "status": 1
}