{
  "gpu": true,
  "device": "gpu",
  "infile": "../matrix/cgne_init_4096_dble_csr.dat",
  "matfile": null,
  "k": 0.0,
  "kc": 0.0,
  "reordering": false,
  "preconditioning": true,
  "vol": 4096,
  "dim": 49152,
  "lattice": "8x8x8x8",
  "blk_dim": 3072,
  "bs": "4x4x4x4",
  "res": 1e-06,
  "tol": 0.00031353468703945405,
  "nmx": 417,
  "nkv": 7,
  "nmr": 12,
  "ncy": 2,
  "sdtype": "float32",
  "ddtype": "float64",
  "cdtype": "float64",
  "rn": [
    57.53954076847452,
    17.024866666808105,
    6.377497818028387,
    2.364768157512799,
    0.8798726193259947,
    0.3314874721173549,
    0.12510859776120625,
    0.1251085942527348,
    0.05035439363815822,
    0.019988242205370498,
    0.007284300834757153,
    0.002841758732243361,
    0.0010983475342461009,
    0.0004232766266195706,
    0.00016958892636905387,
    0.000169588942297457
  ],
  "i": [
    0,
    1,
    2,
    3,
    4,
    5,
    6,
    7,
    8,
    9,
    10,
    11,
    12,
    13,
    14,
    15
  ],
  "reset": [
    7,
    15
  ],
  "duration": [
    2.7786362171173096,
    2.5986545085906982,
    2.6078383922576904,
    2.611527681350708,
    2.597195625305176,
    2.6160995960235596,
    2.6130146980285645,
    2.6240735054016113,
    2.6134119033813477,
    2.626260995864868,
    2.614629030227661,
    2.6110925674438477,
    2.6208252906799316,
    2.6209287643432617,
    2.612959861755371,
    2.6307475566864014,
    2.605759859085083,
    2.619453191757202,
    2.6194350719451904,
    2.6153712272644043
  ],
  "status": 14
}