{
  "gpu": false,
  "device": "cpu",
  "infile": "../matrix/cgne_init_4096_dble_csr.dat",
  "matfile": "../matrix/conf6_0-8x8-20/conf6_0-8x8-20.mtx",
  "k": 0.15717,
  "kc": 0.15717,
  "reordering": true,
  "preconditioning": true,
  "vol": 4096,
  "dim": 49152,
  "lattice": "8x8x8x8",
  "blk_dim": 12288,
  "bs": "8x8x4x4",
  "res": 1e-06,
  "tol": 0.0003135346870762468,
  "nmx": 417,
  "nkv": 7,
  "nmr": 6,
  "ncy": 4,
  "sdtype": "float64",
  "ddtype": "float64",
  "cdtype": "float64",
  "rn": [
    22.482539370876236,
    10.907962103519894,
    6.183126835084107,
    3.4284354837280078,
    2.0237265751614597,
    1.2051177493245795,
    0.7238375765166316,
    0.7238375765166327,
    0.43518647366071617,
    0.27534530308540306,
    0.16861933225720846,
    0.10413766360011928,
    0.06061397751048804,
    0.033193972915325144,
    0.019181759313573788,
    0.019181759313573493,
    0.011208648648718504,
    0.0064970791121250916,
    0.003539713291056857,
    0.0022040283442092737,
    0.001383536102886987,
    0.0009018284931606657,
    0.0005556339912457724,
    0.0005556339912459156,
    0.0003448816728649775,
    0.000225695217500227,
    0.00022569521749970766
  ],
  "i": [
    0,
    1,
    2,
    3,
    4,
    5,
    6,
    7,
    8,
    9,
    10,
    11,
    12,
    13,
    14,
    15,
    16,
    17,
    18,
    19,
    20,
    21,
    22,
    23,
    24,
    25,
    26
  ],
  "reset": [
    7,
    15,
    23,
    26
  ],
  "duration": [
    7.2569801807403564,
    7.351002216339111,
    7.348105192184448,
    6.748965501785278,
    7.23451042175293,
    7.740690469741821,
    6.798907995223999,
    7.5267956256866455,
    7.340970039367676,
    7.545055389404297,
    7.207873344421387,
    7.4864397048950195,
    7.205979347229004,
    7.364888906478882,
    6.950800895690918,
    7.066670894622803,
    7.336120128631592,
    7.120914697647095,
    7.0357770919799805,
    7.257808208465576
  ],
  "status": 23
}