{
  "gpu": false,
  "device": "cpu",
  "infile": "../matrix/cgne_init_4096_dble_csr.dat",
  "matfile": "../matrix/conf6_0-8x8-20/conf6_0-8x8-20.mtx",
  "k": 0.15,
  "kc": 0.15717,
  "reordering": true,
  "preconditioning": true,
  "vol": 4096,
  "dim": 49152,
  "lattice": "8x8x8x8",
  "blk_dim": 24576,
  "bs": "8x8x8x4",
  "res": 1e-06,
  "tol": 0.0003135346870547978,
  "nmx": 2500,
  "nkv": 7,
  "nmr": 0.5,
  "ncy": 0.5,
  "sdtype": "float32",
  "ddtype": "float64",
  "cdtype": "float32",
  "rn": [
    44.91634259187229,
    7.297238429179694,
    1.9304766821260557,
    0.7459205776629902,
    0.2318662716956872,
    0.12313328603341252,
    0.02286045798380574,
    0.022860514514561597,
    0.007894081391616911,
    0.00398812101739173,
    0.0019189596157269105,
    0.0008216203253967767,
    0.0003461677804942101,
    0.0001782751815610204,
    0.00017827514274315238
  ],
  "i": [
    0,
    1,
    2,
    3,
    4,
    5,
    6,
    7,
    8,
    9,
    10,
    11,
    12,
    13,
    14
  ],
  "reset": [
    7,
    14
  ],
  "duration": [
    2.9940097332000732,
    2.9796371459960938,
    2.987060070037842,
    2.9805068969726562,
    2.9849982261657715,
    2.9936461448669434,
    2.979429006576538,
    2.99155855178833,
    2.9926199913024902,
    2.993492364883423,
    2.9909307956695557,
    2.993417501449585,
    2.99269700050354,
    2.9846227169036865,
    2.9900739192962646,
    2.98581600189209,
    2.9998676776885986,
    2.9943528175354004,
    2.99928617477417,
    2.9940025806427
  ],
  "status": 13
}