{
  "gpu": false,
  "device": "cpu",
  "infile": "../matrix/cgne_init_4096_dble_csr.dat",
  "matfile": "../matrix/conf6_0-8x8-20/conf6_0-8x8-20.mtx",
  "k": 0.15,
  "kc": 0.15717,
  "reordering": true,
  "preconditioning": true,
  "vol": 4096,
  "dim": 49152,
  "lattice": "8x8x8x8",
  "blk_dim": 6144,
  "bs": "8x4x4x4",
  "res": 1e-06,
  "tol": 0.0003135346870547978,
  "nmx": 250,
  "nkv": 7,
  "nmr": 10,
  "ncy": 4,
  "sdtype": "float32",
  "ddtype": "float64",
  "cdtype": "float32",
  "rn": [
    9.129974441674825,
    1.4333510111048362,
    0.2704215403638675,
    0.05159417541109749,
    0.010764280092817302,
    0.0021572167112207546,
    0.0004516156349889916,
    0.00046042455528615584,
    9.406158664543857e-05,
    9.406158663569448e-05
  ],
  "i": [
    0,
    1,
    2,
    3,
    4,
    5,
    6,
    7,
    8,
    9
  ],
  "reset": [
    7,
    9
  ],
  "duration": [
    2.3231899738311768,
    2.3201165199279785,
    2.3239917755126953,
    2.319624662399292,
    2.3224856853485107,
    2.320784330368042,
    2.322054862976074,
    2.3210554122924805,
    2.3236584663391113,
    2.322622537612915,
    2.321988821029663,
    2.3237996101379395,
    2.3197901248931885,
    2.3233821392059326,
    2.3193531036376953,
    2.3214261531829834,
    2.3212451934814453,
    2.3184430599212646,
    2.3237814903259277,
    2.3181543350219727
  ],
  "status": 8
}