{
  "gpu": false,
  "device": "hybrid",
  "infile": "../matrix/cgne_init_4096_dble_csr.dat",
  "matfile": null,
  "k": 0.0,
  "kc": 0.0,
  "reordering": false,
  "preconditioning": true,
  "vol": 4096,
  "dim": 49152,
  "lattice": "8x8x8x8",
  "blk_dim": 12288,
  "bs": "8x8x4x4",
  "res": 1e-06,
  "tol": 0.0003135346870762468,
  "nmx": 1250,
  "nkv": 7,
  "nmr": 2,
  "ncy": 4,
  "sdtype": "float64",
  "ddtype": "float64",
  "cdtype": "float64",
  "rn": [
    142.05034480316368,
    77.00099131973336,
    44.58512099991501,
    27.244639693402323,
    17.229438050669277,
    11.1152781530921,
    7.255357004536183,
    7.255357004536183,
    5.191666988387999,
    3.574708604295222,
    2.4355119997599854,
    1.5722449232158617,
    1.0030842037024519,
    0.6246775288632491,
    0.39974369691438744,
    0.39974369691438716,
    0.29214149997849614,
    0.2089981729261642,
    0.14306163262664404,
    0.09585184379616399,
    0.06461321882648637,
    0.04390797037356364,
    0.03039585542510964,
    0.030395855425109822,
    0.0221773041274546,
    0.015809876447507348,
    0.010933417985827226,
    0.00743535939856637,
    0.005111276674971676,
    0.003610153046830949,
    0.002586385520147956,
    0.002586385520148088,
    0.0019005804701530279,
    0.0013675412865131087,
    0.0009500435150395737,
    0.0006510392928014056,
    0.00045246761100790385,
    0.00032118921390540325,
    0.0002308411987628134,
    0.0002308411987628013
  ],
  "i": [
    0,
    1,
    2,
    3,
    4,
    5,
    6,
    7,
    8,
    9,
    10,
    11,
    12,
    13,
    14,
    15,
    16,
    17,
    18,
    19,
    20,
    21,
    22,
    23,
    24,
    25,
    26,
    27,
    28,
    29,
    30,
    31,
    32,
    33,
    34,
    35,
    36,
    37,
    38,
    39
  ],
  "reset": [
    7,
    15,
    23,
    31,
    39
  ],
  "duration": [
    3.1553831100463867,
    3.1814217567443848,
    3.274498462677002,
    3.463761806488037,
    3.351451873779297,
    3.216179609298706,
    3.294300079345703,
    3.4345862865448,
    3.288839340209961,
    3.531724214553833,
    3.385357618331909,
    3.549237012863159,
    3.4280495643615723,
    3.3126943111419678,
    3.2219603061676025,
    3.513484001159668,
    3.3212943077087402,
    3.3908934593200684,
    3.074815034866333,
    3.312511444091797
  ],
  "status": 35
}