{
  "gpu": false,
  "device": "hybrid",
  "infile": "../matrix/cgne_init_4096_dble_csr.dat",
  "matfile": "../matrix/conf6_0-8x8-30/conf6.0-00l8x8-3000.mtx",
  "k": 0.05,
  "kc": 0.15649,
  "reordering": true,
  "preconditioning": true,
  "vol": 4096,
  "dim": 49152,
  "lattice": "8x8x8x8",
  "blk_dim": 3072,
  "bs": "4x4x4x4",
  "res": 1e-06,
  "tol": 0.0003135346870762468,
  "nmx": 2500,
  "nkv": 7,
  "nmr": 4,
  "ncy": 1,
  "sdtype": "float64",
  "ddtype": "float64",
  "cdtype": "float64",
  "rn": [
    24.827774536435896,
    0.3531278851444018,
    0.005602209410169908,
    9.485642018377294e-05,
    9.485642018407123e-05
  ],
  "i": [
    0,
    1,
    2,
    3,
    4
  ],
  "reset": [
    4
  ],
  "duration": [
    0.19772696495056152,
    0.24452710151672363,
    0.23895502090454102,
    0.25754213333129883,
    0.2355513572692871,
    0.2193758487701416,
    0.28420257568359375,
    0.22355866432189941,
    0.25366806983947754,
    0.25733041763305664,
    0.22736883163452148,
    0.3496057987213135,
    0.23725342750549316,
    0.25484371185302734,
    0.26985621452331543,
    0.27999401092529297,
    0.31022095680236816,
    0.20703697204589844,
    0.23757648468017578,
    0.35277295112609863
  ],
  "status": 4
}