{
  "gpu": true,
  "device": "gpu",
  "infile": "../matrix/cgne_init_4096_dble_csr.dat",
  "matfile": "../matrix/conf6_0-8x8-20/conf6_0-8x8-20.mtx",
  "k": 0.15,
  "kc": 0.15717,
  "reordering": true,
  "preconditioning": true,
  "vol": 4096,
  "dim": 49152,
  "lattice": "8x8x8x8",
  "blk_dim": 24576,
  "bs": "8x8x8x4",
  "res": 1e-06,
  "tol": 0.00031353468703945405,
  "nmx": 417,
  "nkv": 7,
  "nmr": 2,
  "ncy": 12,
  "sdtype": "float32",
  "ddtype": "float64",
  "cdtype": "float32",
  "rn": [
    6.174943492618289,
    1.2414053851851805,
    0.2757803403994357,
    0.06228019785701488,
    0.014918033225408793,
    0.0035867764568371955,
    0.0008749264107955145,
    0.0008779386937075214,
    0.00022624833359073296,
    0.00022624833275990336
  ],
  "i": [
    0,
    1,
    2,
    3,
    4,
    5,
    6,
    7,
    8,
    9
  ],
  "reset": [
    7,
    9
  ],
  "duration": [
    0.44727087020874023,
    0.2866082191467285,
    0.2842271327972412,
    0.2825751304626465,
    0.28190183639526367,
    0.2872805595397949,
    0.28157567977905273,
    0.27965807914733887,
    0.27895545959472656,
    0.2788398265838623,
    0.278667688369751,
    0.27777957916259766,
    0.27606725692749023,
    0.28136730194091797,
    0.2816123962402344,
    0.2811291217803955,
    0.28043460845947266,
    0.28124451637268066,
    0.27591776847839355,
    0.2768590450286865
  ],
  "status": 8
}