{
  "gpu": true,
  "device": "gpu",
  "infile": "../matrix/cgne_init_4096_dble_csr.dat",
  "matfile": "../matrix/conf6_0-8x8-30/conf6.0-00l8x8-3000.mtx",
  "k": 0.15649,
  "kc": 0.15649,
  "reordering": true,
  "preconditioning": true,
  "vol": 4096,
  "dim": 49152,
  "lattice": "8x8x8x8",
  "blk_dim": 12288,
  "bs": "8x8x4x4",
  "res": 1e-06,
  "tol": 0.00031353468703945405,
  "nmx": 125,
  "nkv": 7,
  "nmr": 4,
  "ncy": 20,
  "sdtype": "float32",
  "ddtype": "float64",
  "cdtype": "float64",
  "rn": [
    7.819732195714119,
    3.9170357702206764,
    2.2997137873254863,
    1.1470560275731367,
    0.6822271658327946,
    0.42903872167063756,
    0.23736855730444661,
    0.23736858267572766,
    0.13890062578034984,
    0.088841477514847,
    0.046422527788678725,
    0.027413933988640515,
    0.014763698167185594,
    0.007756152422601376,
    0.003083880189179732,
    0.0030838818367139595,
    0.0016304165406715574,
    0.0010852948587430874,
    0.0006253131359194918,
    0.0003654374909800959,
    0.00020869914569782405,
    0.00020869913939596828
  ],
  "i": [
    0,
    1,
    2,
    3,
    4,
    5,
    6,
    7,
    8,
    9,
    10,
    11,
    12,
    13,
    14,
    15,
    16,
    17,
    18,
    19,
    20,
    21
  ],
  "reset": [
    7,
    15,
    21
  ],
  "duration": [
    3.62773060798645,
    3.4758245944976807,
    3.4526615142822266,
    3.467946767807007,
    3.4699673652648926,
    3.4230940341949463,
    3.4669547080993652,
    3.4422121047973633,
    3.447397232055664,
    3.432670831680298,
    3.4537007808685303,
    3.450650930404663,
    3.444483757019043,
    3.483903646469116,
    3.443019151687622,
    3.4672436714172363,
    3.4649672508239746,
    3.424560785293579,
    3.450805425643921,
    3.449428081512451
  ],
  "status": 19
}