{
  "gpu": false,
  "device": "hybrid",
  "infile": "../matrix/fgcr_check3_4096_dble_csr.dat",
  "matfile": null,
  "k": 0.0,
  "kc": 0.0,
  "reordering": false,
  "preconditioning": true,
  "vol": 4096,
  "dim": 49152,
  "lattice": "8x8x8x8",
  "blk_dim": 12288,
  "bs": "8x8x4x4",
  "res": 1e-06,
  "tol": 0.00031353468710831124,
  "nmx": 125,
  "nkv": 7,
  "nmr": 20,
  "ncy": 4,
  "sdtype": "float32",
  "ddtype": "float64",
  "cdtype": "float32",
  "rn": [
    25.528531406949888,
    5.167147555635331,
    1.434266711814239,
    0.36543982579927925,
    0.09170627702944209,
    0.023918387455831417,
    0.005834670903119817,
    0.00583455834207225,
    0.0016969959722648782,
    0.0005606411911752708,
    0.00012450457810611268,
    0.00012450458304726425
  ],
  "i": [
    0,
    1,
    2,
    3,
    4,
    5,
    6,
    7,
    8,
    9,
    10,
    11
  ],
  "reset": [
    7,
    11
  ],
  "duration": [
    2.692061424255371,
    2.686112880706787,
    2.682415723800659,
    2.683344841003418,
    2.688002347946167,
    2.6780102252960205,
    2.678586483001709,
    2.6790196895599365,
    2.6780970096588135,
    2.6655824184417725,
    2.6650946140289307,
    2.6656270027160645,
    2.6647794246673584,
    2.665072441101074,
    2.664724826812744,
    2.6654410362243652,
    2.6652913093566895,
    2.664933919906616,
    2.6649248600006104,
    2.665792226791382
  ],
  "status": 10
}