{
  "gpu": true,
  "device": "gpu",
  "infile": "../matrix/cgne_init_4096_dble_csr.dat",
  "matfile": "../matrix/conf6_0-8x8-20/conf6_0-8x8-20.mtx",
  "k": 0.15717,
  "kc": 0.15717,
  "reordering": true,
  "preconditioning": true,
  "vol": 4096,
  "dim": 49152,
  "lattice": "8x8x8x8",
  "blk_dim": 24576,
  "bs": "8x8x8x4",
  "res": 1e-06,
  "tol": 0.00031353468703945405,
  "nmx": 417,
  "nkv": 7,
  "nmr": 4,
  "ncy": 6,
  "sdtype": "float32",
  "ddtype": "float64",
  "cdtype": "float32",
  "rn": [
    19.425228527813395,
    9.85062029688089,
    5.689369366743427,
    3.3399018960293705,
    2.0574848456718713,
    1.3193435040991661,
    0.8543311081858926,
    0.8543311212760146,
    0.5550558668619766,
    0.3657973537593319,
    0.23473889827029426,
    0.15268695210261965,
    0.09821709436204222,
    0.05757207503299091,
    0.035291284650709645,
    0.035291284132581,
    0.022302366267531383,
    0.01422424655594071,
    0.008635057645606592,
    0.0055002752674474875,
    0.0034423238486080677,
    0.002216890089434935,
    0.0014902168778647747,
    0.0014902169551583202,
    0.0010547500220639766,
    0.0006823722968537464,
    0.00042600945707519283,
    0.00026536042437978345,
    0.000265360420103357
  ],
  "i": [
    0,
    1,
    2,
    3,
    4,
    5,
    6,
    7,
    8,
    9,
    10,
    11,
    12,
    13,
    14,
    15,
    16,
    17,
    18,
    19,
    20,
    21,
    22,
    23,
    24,
    25,
    26,
    27,
    28
  ],
  "reset": [
    7,
    15,
    23,
    28
  ],
  "duration": [
    0.8966901302337646,
    0.7214457988739014,
    0.7397644519805908,
    0.7351100444793701,
    0.7264406681060791,
    0.73262619972229,
    0.7380187511444092,
    0.7398831844329834,
    0.7345321178436279,
    0.7375988960266113,
    0.7335865497589111,
    0.7355484962463379,
    0.7342500686645508,
    0.7329039573669434,
    0.733191967010498,
    0.7287449836730957,
    0.7336428165435791,
    0.7386198043823242,
    0.7392487525939941,
    0.7337267398834229
  ],
  "status": 25
}