{
  "gpu": false,
  "device": "hybrid",
  "infile": "../matrix/cgne_init_4096_dble_csr.dat",
  "matfile": "../matrix/conf6_0-8x8-20/conf6_0-8x8-20.mtx",
  "k": 0.15,
  "kc": 0.15717,
  "reordering": true,
  "preconditioning": true,
  "vol": 4096,
  "dim": 49152,
  "lattice": "8x8x8x8",
  "blk_dim": 12288,
  "bs": "8x8x4x4",
  "res": 1e-06,
  "tol": 0.0003135346870762468,
  "nmx": 125,
  "nkv": 7,
  "nmr": 4,
  "ncy": 20,
  "sdtype": "float64",
  "ddtype": "float64",
  "cdtype": "float64",
  "rn": [
    0.18167641640194637,
    0.0017665904785631997,
    1.8814779218567695e-05,
    1.881477921862073e-05
  ],
  "i": [
    0,
    1,
    2,
    3
  ],
  "reset": [
    3
  ],
  "duration": [
    0.6779346466064453,
    0.6698637008666992,
    0.672217607498169,
    0.6735031604766846,
    0.6678469181060791,
    0.6700878143310547,
    0.6768951416015625,
    0.6775381565093994,
    0.6758303642272949,
    0.669567346572876,
    0.6714136600494385,
    0.6700994968414307,
    0.6727261543273926,
    0.6697978973388672,
    0.6725029945373535,
    0.6738219261169434,
    0.682713508605957,
    0.6703529357910156,
    0.6711025238037109,
    0.6715312004089355
  ],
  "status": 3
}