{
  "gpu": true,
  "infile": "../matrix/cgne_init_65536_dble_csr.dat",
  "matfile": null,
  "k": 0.0,
  "kc": 0.0,
  "reordering": false,
  "preconditioning": true,
  "vol": 65536,
  "dim": 786048,
  "lattice": "16x16x16x16",
  "blk_dim": 24564,
  "bs": "8x8x8x4",
  "res": 1e-06,
  "tol": 0.0012541387482808122,
  "nmx": 500,
  "nkv": 7,
  "nmr": 4,
  "ncy": 5,
  "sdtype": "float32",
  "ddtype": "float64",
  "cdtype": "float64",
  "rn": [
    399.19062686325054,
    145.62680916263128,
    54.2402033607582,
    20.556475485433555,
    7.923774084792391,
    3.1069307082494615,
    1.2369101048974407,
    1.2369100908161286,
    0.5034537419686679,
    0.20531812413130512,
    0.08120509389934134,
    0.031033854336889273,
    0.011670367689997647,
    0.004287015094586913,
    0.0015477769868712597,
    0.0015477762364141277,
    0.0006154513649912454,
    0.000615451365936262
  ],
  "i": [
    0,
    1,
    2,
    3,
    4,
    5,
    6,
    7,
    8,
    9,
    10,
    11,
    12,
    13,
    14,
    15,
    16,
    17
  ],
  "reset": [
    7,
    15,
    17
  ],
  "duration": 6.494915246963501,
  "status": 15
}