{
  "gpu": true,
  "device": "gpu",
  "infile": "../matrix/cgne_init_4096_dble_csr.dat",
  "matfile": "../matrix/conf6_0-8x8-30/conf6.0-00l8x8-3000.mtx",
  "k": 0.05,
  "kc": 0.15649,
  "reordering": true,
  "preconditioning": true,
  "vol": 4096,
  "dim": 49152,
  "lattice": "8x8x8x8",
  "blk_dim": 6144,
  "bs": "8x4x4x4",
  "res": 1e-06,
  "tol": 0.00031353468703945405,
  "nmx": 250,
  "nkv": 7,
  "nmr": 10,
  "ncy": 4,
  "sdtype": "float32",
  "ddtype": "float64",
  "cdtype": "float64",
  "rn": [
    3.291366284345976e-05,
    4.9966191406005915e-05
  ],
  "i": [
    0,
    1
  ],
  "reset": [
    1
  ],
  "duration": [
    0.1613614559173584,
    0.16066741943359375,
    0.15918636322021484,
    0.16070771217346191,
    0.15441584587097168,
    0.15495967864990234,
    0.16013693809509277,
    0.15443134307861328,
    0.16051936149597168,
    0.16015625,
    0.1567552089691162,
    0.1599588394165039,
    0.1594691276550293,
    0.1559281349182129,
    0.1563718318939209,
    0.1600944995880127,
    0.1596546173095703,
    0.15904641151428223,
    0.15749788284301758,
    0.15595579147338867
  ],
  "status": 1
}