{
  "gpu": false,
  "infile": "../matrix/cgne_init_4096_dble_csr.dat",
  "matfile": null,
  "k": 0.0,
  "kc": 0.0,
  "reordering": false,
  "preconditioning": true,
  "vol": 4096,
  "dim": 49152,
  "lattice": "8x8x8x8",
  "blk_dim": 3072,
  "bs": "4x4x4x4",
  "res": 1e-06,
  "tol": 0.0003135346870547978,
  "nmx": 1250,
  "nkv": 7,
  "nmr": 2,
  "ncy": 4,
  "sdtype": "float32",
  "ddtype": "float64",
  "cdtype": "float64",
  "rn": [
    141.83114515207652,
    76.70375618588184,
    44.234379781006375,
    26.888934807334163,
    16.899371713047397,
    10.800971924704582,
    6.9301952930930755,
    6.9301951907798784,
    4.836703913327401,
    3.265779191822154,
    2.1892532905118163,
    1.4089574766979047,
    0.8959156182439078,
    0.5524171913858673,
    0.3465620866327459,
    0.3465620801510554,
    0.2463725827960231,
    0.17280315250582465,
    0.11706922782844591,
    0.0775833571750092,
    0.05142304310004691,
    0.03418446275425889,
    0.02295396767153526,
    0.022953967827602877,
    0.0160936596789083,
    0.01108474133935046,
    0.007432928960474456,
    0.004919016299851209,
    0.003282083800280258,
    0.0022122578399620322,
    0.0015301540811101851,
    0.0015301540403190035,
    0.0010943195190594353,
    0.0007622877138620829,
    0.0005124007539856115,
    0.00033819485621255674,
    0.00022650913255910875,
    0.00022650913184926058
  ],
  "i": [
    0,
    1,
    2,
    3,
    4,
    5,
    6,
    7,
    8,
    9,
    10,
    11,
    12,
    13,
    14,
    15,
    16,
    17,
    18,
    19,
    20,
    21,
    22,
    23,
    24,
    25,
    26,
    27,
    28,
    29,
    30,
    31,
    32,
    33,
    34,
    35,
    36,
    37
  ],
  "reset": [
    7,
    15,
    23,
    31,
    37
  ],
  "duration": [
    2.4586124420166016,
    2.4569308757781982,
    2.45699143409729,
    2.4550018310546875,
    2.456652879714966,
    2.4610202312469482,
    2.4566259384155273,
    2.4545090198516846,
    2.455916166305542,
    2.4557130336761475,
    2.45076584815979,
    2.451993465423584,
    2.451627731323242,
    2.455195188522339,
    2.4537830352783203,
    2.451777935028076,
    2.4543654918670654,
    2.4515578746795654,
    2.4544825553894043,
    2.4529242515563965
  ],
  "status": 33
}