{
  "gpu": true,
  "device": "gpu",
  "infile": "../matrix/cgne_init_4096_dble_csr.dat",
  "matfile": "../matrix/conf6_0-8x8-30/conf6.0-00l8x8-3000.mtx",
  "k": 0.05,
  "kc": 0.15649,
  "reordering": true,
  "preconditioning": true,
  "vol": 4096,
  "dim": 49152,
  "lattice": "8x8x8x8",
  "blk_dim": 3072,
  "bs": "4x4x4x4",
  "res": 1e-06,
  "tol": 0.00031353468703945405,
  "nmx": 1250,
  "nkv": 7,
  "nmr": 2,
  "ncy": 4,
  "sdtype": "float32",
  "ddtype": "float64",
  "cdtype": "float32",
  "rn": [
    0.0043654363621772364,
    3.94792348323178e-05,
    5.0011559941193224e-05
  ],
  "i": [
    0,
    1,
    2
  ],
  "reset": [
    2
  ],
  "duration": [
    0.31551289558410645,
    0.15047717094421387,
    0.15381765365600586,
    0.15216803550720215,
    0.15211105346679688,
    0.1495060920715332,
    0.14887619018554688,
    0.14866900444030762,
    0.14955639839172363,
    0.15351486206054688,
    0.14860224723815918,
    0.1488659381866455,
    0.1505753993988037,
    0.1506805419921875,
    0.1521284580230713,
    0.15201878547668457,
    0.150709867477417,
    0.14812326431274414,
    0.14966440200805664,
    0.152099609375
  ],
  "status": 2
}