{
  "gpu": false,
  "device": "hybrid",
  "infile": "../matrix/cgne_init_4096_dble_csr.dat",
  "matfile": null,
  "k": 0.0,
  "kc": 0.0,
  "reordering": false,
  "preconditioning": true,
  "vol": 4096,
  "dim": 49152,
  "lattice": "8x8x8x8",
  "blk_dim": 12288,
  "bs": "8x8x4x4",
  "res": 1e-06,
  "tol": 0.0003135346870547978,
  "nmx": 250,
  "nkv": 7,
  "nmr": 4,
  "ncy": 10,
  "sdtype": "float32",
  "ddtype": "float64",
  "cdtype": "float32",
  "rn": [
    52.06058577179128,
    15.411725405963036,
    5.184678607378222,
    1.8598372907829217,
    0.6883812410942863,
    0.25965099288200105,
    0.09214792333499482,
    0.09214801426087492,
    0.03180397467217732,
    0.010525111249114531,
    0.0036076231267246264,
    0.0012470041627895192,
    0.00045388345498813433,
    0.00013767641033206047,
    0.0001376764298667368
  ],
  "i": [
    0,
    1,
    2,
    3,
    4,
    5,
    6,
    7,
    8,
    9,
    10,
    11,
    12,
    13,
    14
  ],
  "reset": [
    7,
    14
  ],
  "duration": [
    2.5312657356262207,
    2.5383362770080566,
    2.5285167694091797,
    2.530764102935791,
    2.5308499336242676,
    2.531765937805176,
    2.5331037044525146,
    2.5309300422668457,
    2.529932975769043,
    2.528945207595825,
    2.52799129486084,
    2.521728992462158,
    2.532188892364502,
    2.5240719318389893,
    2.530980348587036,
    2.5235791206359863,
    2.527576446533203,
    2.523308038711548,
    2.5302517414093018,
    2.5236613750457764
  ],
  "status": 13
}