{
  "gpu": false,
  "infile": "../matrix/cgne_init_4096_dble_csr.dat",
  "matfile": null,
  "k": 0.0,
  "kc": 0.0,
  "reordering": false,
  "preconditioning": true,
  "vol": 4096,
  "dim": 49152,
  "lattice": "8x8x8x8",
  "blk_dim": 3072,
  "bs": "4x4x4x4",
  "res": 1e-06,
  "tol": 0.0003135346870762468,
  "nmx": 125,
  "nkv": 7,
  "nmr": 20,
  "ncy": 4,
  "sdtype": "float64",
  "ddtype": "float64",
  "cdtype": "float64",
  "rn": [
    9.640453624549949,
    1.5380109407178624,
    0.4000963237988328,
    0.08196236498574366,
    0.01908902376635348,
    0.004580621773574339,
    0.0010398475039020676,
    0.001039847503901392,
    0.0002987719175683417,
    0.0002987719175692448
  ],
  "i": [
    0,
    1,
    2,
    3,
    4,
    5,
    6,
    7,
    8,
    9
  ],
  "reset": [
    7,
    9
  ],
  "duration": [
    1.6336007118225098,
    1.6324257850646973,
    1.6368134021759033,
    1.6407113075256348,
    1.6366806030273438,
    1.6408438682556152,
    1.6429338455200195,
    1.6406447887420654,
    1.6386075019836426,
    1.6367039680480957,
    1.6342880725860596,
    1.6365976333618164,
    1.6368257999420166,
    1.6349856853485107,
    1.636279821395874,
    1.6403801441192627,
    1.6369271278381348,
    1.6351573467254639,
    1.638667345046997,
    1.6379499435424805
  ],
  "status": 8
}