{
  "gpu": true,
  "device": "gpu",
  "infile": "../matrix/cgne_init_4096_dble_csr.dat",
  "matfile": "../matrix/conf6_0-8x8-30/conf6.0-00l8x8-3000.mtx",
  "k": 0.05,
  "kc": 0.15649,
  "reordering": true,
  "preconditioning": true,
  "vol": 4096,
  "dim": 49152,
  "lattice": "8x8x8x8",
  "blk_dim": 6144,
  "bs": "8x4x4x4",
  "res": 1e-06,
  "tol": 0.0003135346870762468,
  "nmx": 417,
  "nkv": 7,
  "nmr": 2,
  "ncy": 12,
  "sdtype": "float64",
  "ddtype": "float64",
  "cdtype": "float64",
  "rn": [
    3.679252763971718e-12,
    3.679717109558739e-12
  ],
  "i": [
    0,
    1
  ],
  "reset": [
    1
  ],
  "duration": [
    0.11767458915710449,
    0.11896300315856934,
    0.11979508399963379,
    0.11952400207519531,
    0.1198570728302002,
    0.11519670486450195,
    0.11545562744140625,
    0.11919307708740234,
    0.11991047859191895,
    0.11940336227416992,
    0.11957406997680664,
    0.1195671558380127,
    0.11767292022705078,
    0.11980104446411133,
    0.11771821975708008,
    0.11798405647277832,
    0.11622333526611328,
    0.11899924278259277,
    0.11951255798339844,
    0.12008476257324219
  ],
  "status": 1
}