{
  "gpu": false,
  "device": "hybrid",
  "infile": "../matrix/cgne_init_4096_dble_csr.dat",
  "matfile": null,
  "k": 0.0,
  "kc": 0.0,
  "reordering": false,
  "preconditioning": true,
  "vol": 4096,
  "dim": 49152,
  "lattice": "8x8x8x8",
  "blk_dim": 12288,
  "bs": "8x8x4x4",
  "res": 1e-06,
  "tol": 0.0003135346870762468,
  "nmx": 417,
  "nkv": 7,
  "nmr": 2,
  "ncy": 12,
  "sdtype": "float64",
  "ddtype": "float64",
  "cdtype": "float64",
  "rn": [
    53.48903256539495,
    13.40087762797236,
    4.141584900073961,
    1.3611706602254419,
    0.44832447995365016,
    0.15119042266720134,
    0.05195058762703271,
    0.05195058762703319,
    0.02033490666397036,
    0.007161932763669118,
    0.002475523556418241,
    0.0008271908733928096,
    0.0002725230811574348,
    0.0002725230811578858
  ],
  "i": [
    0,
    1,
    2,
    3,
    4,
    5,
    6,
    7,
    8,
    9,
    10,
    11,
    12,
    13
  ],
  "reset": [
    7,
    13
  ],
  "duration": [
    2.2467033863067627,
    2.2494685649871826,
    2.248225450515747,
    2.247427463531494,
    2.248626708984375,
    2.246917486190796,
    2.2485601902008057,
    2.2478253841400146,
    2.250302791595459,
    2.247727155685425,
    2.245250940322876,
    2.2449193000793457,
    2.2489511966705322,
    2.2468626499176025,
    2.242480993270874,
    2.2444636821746826,
    2.249422311782837,
    2.244868755340576,
    2.243683338165283,
    2.2447619438171387
  ],
  "status": 12
}