{
  "gpu": false,
  "infile": "../matrix/cgne_init_4096_dble_csr.dat",
  "matfile": null,
  "k": 0.0,
  "kc": 0.0,
  "reordering": false,
  "preconditioning": true,
  "vol": 4096,
  "dim": 49152,
  "lattice": "8x8x8x8",
  "blk_dim": 6144,
  "bs": "8x4x4x4",
  "res": 1e-06,
  "tol": 0.0003135346870762468,
  "nmx": 2500,
  "nkv": 7,
  "nmr": 1,
  "ncy": 4,
  "sdtype": "float64",
  "ddtype": "float64",
  "cdtype": "float64",
  "rn": [
    118.52903353135626,
    46.22225427498507,
    19.18960565044377,
    8.372061052396534,
    3.793803894067412,
    1.7654978059131332,
    0.844101133893429,
    0.8441011338934282,
    0.4187352535384865,
    0.21236866837896162,
    0.10870835676768806,
    0.049608392187633715,
    0.02409979747387113,
    0.011718914239455057,
    0.005585119682544451,
    0.005585119682544175,
    0.002811363827714381,
    0.0014230850966259639,
    0.0007163537206010455,
    0.0003339263710994067,
    0.00016400975051068301,
    0.0001640097505109775
  ],
  "i": [
    0,
    1,
    2,
    3,
    4,
    5,
    6,
    7,
    8,
    9,
    10,
    11,
    12,
    13,
    14,
    15,
    16,
    17,
    18,
    19,
    20,
    21
  ],
  "reset": [
    7,
    15,
    21
  ],
  "duration": [
    1.51444673538208,
    1.4974615573883057,
    1.432847261428833,
    1.29276704788208,
    1.4385013580322266,
    1.5900139808654785,
    1.3535330295562744,
    1.3948149681091309,
    1.5896620750427246,
    1.466050148010254,
    1.427278995513916,
    1.4257445335388184,
    1.5105080604553223,
    1.4945549964904785,
    1.5246381759643555,
    1.572584629058838,
    1.4738361835479736,
    1.5863227844238281,
    1.600144863128662,
    1.620192050933838
  ],
  "status": 19
}