{
  "gpu": false,
  "device": "hybrid",
  "infile": "../matrix/cgne_init_4096_dble_csr.dat",
  "matfile": "../matrix/conf6_0-8x8-30/conf6.0-00l8x8-3000.mtx",
  "k": 0.15649,
  "kc": 0.15649,
  "reordering": true,
  "preconditioning": true,
  "vol": 4096,
  "dim": 49152,
  "lattice": "8x8x8x8",
  "blk_dim": 24576,
  "bs": "8x8x8x4",
  "res": 1e-06,
  "tol": 0.0003135346870762468,
  "nmx": 250,
  "nkv": 7,
  "nmr": 4,
  "ncy": 10,
  "sdtype": "float64",
  "ddtype": "float64",
  "cdtype": "float64",
  "rn": [
    11.68412559800212,
    6.354280017012953,
    4.149984383496695,
    2.8701807186260133,
    2.130966952911471,
    1.5398182239270943,
    1.0954862288399014,
    1.0954862288399014,
    0.7967510044215881,
    0.579151546730885,
    0.3757582546738993,
    0.2718855066298231,
    0.17669053354565672,
    0.12874234183103034,
    0.09031642209898122,
    0.09031642209898047,
    0.06690873529086817,
    0.04759916177709466,
    0.03351806943338395,
    0.025086342645371833,
    0.016933667231917676,
    0.011211584136937474,
    0.007822065909707587,
    0.007822065909707706,
    0.005930057909344723,
    0.004501410464777913,
    0.0033155303536887525,
    0.0025388513040921924,
    0.001978158108391564,
    0.001395397207003705,
    0.0010152630930792056,
    0.0010152630930795555,
    0.0007350734877852316,
    0.0005545261382259247,
    0.000419990957663676,
    0.00030708801838812225,
    0.00030708801838809276
  ],
  "i": [
    0,
    1,
    2,
    3,
    4,
    5,
    6,
    7,
    8,
    9,
    10,
    11,
    12,
    13,
    14,
    15,
    16,
    17,
    18,
    19,
    20,
    21,
    22,
    23,
    24,
    25,
    26,
    27,
    28,
    29,
    30,
    31,
    32,
    33,
    34,
    35,
    36
  ],
  "reset": [
    7,
    15,
    23,
    31,
    36
  ],
  "duration": [
    2.993084192276001,
    3.1378471851348877,
    3.1531455516815186,
    3.100172758102417,
    3.1420958042144775,
    3.110623836517334,
    3.2713463306427,
    3.1280620098114014,
    2.985553503036499,
    3.0459327697753906,
    3.0263307094573975,
    3.327596664428711,
    3.1966745853424072,
    3.0807182788848877,
    3.1346113681793213,
    2.938451051712036,
    2.9957115650177,
    3.1782891750335693,
    3.2330641746520996,
    3.1550452709198
  ],
  "status": 32
}