{
  "gpu": false,
  "infile": "../matrix/cgne_init_4096_dble_csr.dat",
  "matfile": null,
  "k": 0.0,
  "kc": 0.0,
  "reordering": false,
  "preconditioning": true,
  "vol": 4096,
  "dim": 49152,
  "lattice": "8x8x8x8",
  "blk_dim": 24576,
  "bs": "8x8x8x4",
  "res": 1e-06,
  "tol": 0.0003135346870547978,
  "nmx": 417,
  "nkv": 7,
  "nmr": 6,
  "ncy": 4,
  "sdtype": "float32",
  "ddtype": "float64",
  "cdtype": "float32",
  "rn": [
    214.85033857051644,
    169.48633019507852,
    145.9975471339963,
    131.05353324566218,
    120.06295725759414,
    111.23324986081111,
    104.33347598167845,
    104.33347570149108,
    99.6468012357488,
    95.86254510792425,
    93.2779097143366,
    90.28356612800589,
    87.38227222586191,
    81.48226233640982,
    76.97873643514147,
    76.97873669492664,
    74.31542644819385,
    72.2836616925528,
    71.02105593099071,
    69.9796133239702,
    69.11624808123027,
    67.72079096640348,
    66.19349692783712,
    66.19349677785272,
    64.806820183271,
    63.55246785447313,
    62.54613082045202,
    61.37909882046725,
    60.21996580811696,
    57.85720908937531,
    55.1264965071118,
    55.12649625213464,
    52.49154992333042,
    50.57271612871241,
    48.936886927886526,
    47.39548161134361,
    45.95535440794732,
    44.672316108380315,
    43.29132625085355,
    43.291326359476464,
    41.97105489325149,
    40.63661002764558,
    39.01972308434675,
    37.38686977932125,
    35.832792692640304,
    34.03849766581875,
    32.039663389169725,
    32.039663410881005,
    30.048811434115404,
    28.77078449021879,
    27.57567632110125,
    26.281195115634088,
    25.014205176507254,
    24.331282115093057,
    23.54555658060997,
    23.545556518148363,
    22.880128958223533,
    22.207879192613305,
    21.360592702870953,
    20.494493816176448,
    19.645429630565488,
    18.444133490403637,
    17.166693417754562,
    17.166693361975522,
    15.95716270115177,
    15.189033958546707,
    14.492218511821413,
    13.73570536900823,
    13.02032834517804,
    12.624355987545067,
    12.174642877513604,
    12.17464287713382,
    11.812273917082408,
    11.443716685914424,
    11.003064007012354,
    10.537153911653812,
    10.092382159336372,
    9.469956011001408,
    8.926723918501883,
    8.926723946856912,
    8.442185426276108,
    8.074402583737363,
    7.720407680930833,
    7.375783567952861,
    7.055467655269561,
    6.852596714318579,
    6.626277772053559,
    6.62627778943308,
    6.433197936157039,
    6.23964070986154,
    5.997760222026288,
    5.737212834900214,
    5.48130025003709,
    5.181448493799161,
    4.9026659905810455,
    4.902665990582886,
    4.6377177533786424,
    4.429852595574376,
    4.209778753446204,
    3.979534025053934,
    3.7783609198933203,
    3.6653837305463615,
    3.5372010371514553,
    3.537201031164987,
    3.4267729404729734,
    3.3239284440331325,
    3.200374224597688,
    3.072568329171116,
    2.9567095321626238,
    2.816456492084027,
    2.69269410054966,
    2.6926941064607908,
    2.5699565783787315,
    2.4668214488692155,
    2.355087002296971,
    2.239801564627754,
    2.132910631802653,
    2.0676380862848465,
    1.9921638825643133,
    1.9921638820977514,
    1.9258776129413167,
    1.865817976418532,
    1.796590831668377,
    1.7215670778230945,
    1.6503000147371316,
    1.5712132224814734,
    1.496961291976014,
    1.4969612910771588,
    1.4191873878036656,
    1.3571302950523976,
    1.2891627486781754,
    1.2253817558893196,
    1.1684474396194398,
    1.1348401581093304,
    1.0945423592385461,
    1.094542358704817,
    1.0598587283806908,
    1.0287334380689164,
    0.9935934749528453,
    0.9507128733684191,
    0.9104168607490211,
    0.8602574621301481,
    0.8146420887923015,
    0.8146420941984579,
    0.7669992755341404,
    0.7296271711377491,
    0.6943513479399244,
    0.6586876611276146,
    0.6274006918961399,
    0.6102767020351733,
    0.5887644581913181,
    0.5887644609199615,
    0.5713210360298279,
    0.5553191177285905,
    0.5386384166506384,
    0.5164114801719231,
    0.49534516071988804,
    0.4545166464271553,
    0.4150922674632635,
    0.41509226630086304,
    0.37699548431919605,
    0.35366587848460257,
    0.332462023396439,
    0.3138404283632228,
    0.29713653235950244,
    0.28785730939123266,
    0.2772182125203554,
    0.2772182130117037,
    0.2692146381129075,
    0.26199161264976817,
    0.25449948636814534,
    0.2463930911586465,
    0.23866646279887266,
    0.22752435900381682,
    0.21644950394596982,
    0.2164495034919614,
    0.2066449667402164,
    0.1988251799778182,
    0.19032107920840513,
    0.1818618428469871,
    0.1737835036509534,
    0.1685189245108896,
    0.16240710092055263,
    0.16240710091301344,
    0.15675565902507269,
    0.15172539324089235,
    0.1451838627457397,
    0.13802630917659184,
    0.13141156822779723,
    0.12557851448323212,
    0.11922012272587741,
    0.11922012221571189,
    0.11283537641087318,
    0.1081459525848285,
    0.10298347307954869,
    0.09716212681410978,
    0.0921035374710684,
    0.08936543678955916,
    0.08612554204063132,
    0.08612554185759422,
    0.08334426724959385,
    0.0809129061758632,
    0.07803416801409568,
    0.07468175856450064,
    0.07174357522265351,
    0.06765512272321192,
    0.06368298131823924,
    0.06368298118073606,
    0.059678481633184254,
    0.056864357286735695,
    0.054341414069317695,
    0.0513132764998739,
    0.04865205088136594,
    0.04719587721886762,
    0.045498273832983015,
    0.04549827371051423,
    0.04410810782567828,
    0.04287113514942242,
    0.04161010365000397,
    0.03985293301741674,
    0.0383383487264113,
    0.035261834962667965,
    0.032611438246665764,
    0.03261143832501178,
    0.03008898493977711,
    0.028480631696969096,
    0.027127046334287974,
    0.025717461791527393,
    0.02462787839298638,
    0.02390550233546712,
    0.02307514332830282,
    0.02307514336662384,
    0.022334633625622116,
    0.02169320245122245,
    0.020935031675737143,
    0.019970575366515243,
    0.01917565345453048,
    0.017978939513084703,
    0.016522495036379425,
    0.016522495069297,
    0.015268271586292098,
    0.014564163193858627,
    0.013861885969218427,
    0.013074302303167692,
    0.012492960336214541,
    0.012158624012947383,
    0.011809050161216247,
    0.011809050149053502,
    0.011511743840095985,
    0.011207707771266336,
    0.010889962872250514,
    0.010495205617405613,
    0.010095937844260617,
    0.009371317803268941,
    0.008674511446217973,
    0.008674511400860044,
    0.00817358457394888,
    0.007801772882979148,
    0.0074837828112644415,
    0.00712499497826329,
    0.006853043702490952,
    0.006639999950657664,
    0.006433013898414816,
    0.006433013908959028,
    0.006245970601170955,
    0.006070404838784167,
    0.005874775956148442,
    0.005626253362922512,
    0.00541790153267243,
    0.005038876323148724,
    0.004718925564835228,
    0.004718925561729125,
    0.004454574276976284,
    0.004258676809575057,
    0.004082674963561118,
    0.0038693885572683453,
    0.0036770494648470033,
    0.003554517673951573,
    0.0034241839394236096,
    0.003424183935590593,
    0.003311092236883967,
    0.0032088592994790163,
    0.0030901581963018233,
    0.002924594095416871,
    0.0028075325163824006,
    0.002639747627226166,
    0.0024659829610043935,
    0.002465982958858214,
    0.0023205108593325075,
    0.0022269145194858467,
    0.002139380658666534,
    0.00202757356597263,
    0.0019282722374745136,
    0.0018712044320275888,
    0.0018113910179634832,
    0.0018113910167222487,
    0.0017616844010425905,
    0.0017138029039226383,
    0.0016575628981359352,
    0.0015879570277690228,
    0.0015302957622062145,
    0.001441363172239357,
    0.001347682130924401,
    0.0013476821349841055,
    0.0012704082340249075,
    0.0012166107334454722,
    0.0011703627924189992,
    0.0011058100462360608,
    0.0010450252991038135,
