{
  "gpu": false,
  "device": "hybrid",
  "infile": "../matrix/cgne_init_4096_dble_csr.dat",
  "matfile": "../matrix/conf6_0-8x8-30/conf6.0-00l8x8-3000.mtx",
  "k": 0.15649,
  "kc": 0.15649,
  "reordering": true,
  "preconditioning": true,
  "vol": 4096,
  "dim": 49152,
  "lattice": "8x8x8x8",
  "blk_dim": 24576,
  "bs": "8x8x8x4",
  "res": 1e-06,
  "tol": 0.0003135346870547978,
  "nmx": 250,
  "nkv": 7,
  "nmr": 4,
  "ncy": 10,
  "sdtype": "float32",
  "ddtype": "float64",
  "cdtype": "float32",
  "rn": [
    11.684125512390892,
    6.3542798854216205,
    4.149984275304948,
    2.8701806589520777,
    2.130966893880401,
    1.539818165020487,
    1.0954861741696995,
    1.0954862502919596,
    0.7967512416408644,
    0.5791516913192555,
    0.3757584430682639,
    0.2718856030092021,
    0.17669057094790547,
    0.12874235589272207,
    0.09031643875702633,
    0.09031643082341534,
    0.066908741933888,
    0.047599155895474206,
    0.03351806979398505,
    0.02508634389620084,
    0.016933664788730544,
    0.011211587154363127,
    0.007822067551713132,
    0.00782206770287887,
    0.005930059888723913,
    0.004501410299133799,
    0.0033155300893823853,
    0.0025388509414010925,
    0.0019781574693068945,
    0.001395397248239805,
    0.0010152630111010328,
    0.0010152629904564595,
    0.0007350734040441445,
    0.0005545261675813293,
    0.0004199908649269562,
    0.00030708809963583274,
    0.00030708809428665364
  ],
  "i": [
    0,
    1,
    2,
    3,
    4,
    5,
    6,
    7,
    8,
    9,
    10,
    11,
    12,
    13,
    14,
    15,
    16,
    17,
    18,
    19,
    20,
    21,
    22,
    23,
    24,
    25,
    26,
    27,
    28,
    29,
    30,
    31,
    32,
    33,
    34,
    35,
    36
  ],
  "reset": [
    7,
    15,
    23,
    31,
    36
  ],
  "duration": [
    2.132405996322632,
    2.12931489944458,
    2.1302096843719482,
    2.1307270526885986,
    2.1323506832122803,
    2.1279311180114746,
    2.1286427974700928,
    2.1311724185943604,
    2.130218982696533,
    2.132194995880127,
    2.134045124053955,
    2.1310155391693115,
    2.1296002864837646,
    2.1273961067199707,
    2.127741813659668,
    2.1294097900390625,
    2.1315062046051025,
    2.12955641746521,
    2.129472255706787,
    2.1281681060791016
  ],
  "status": 32
}