{
  "gpu": false,
  "device": "cpu",
  "infile": "../matrix/cgne_init_65536_dble_csr.dat",
  "matfile": null,
  "k": 0.0,
  "kc": 0.0,
  "reordering": false,
  "preconditioning": true,
  "vol": 65536,
  "dim": 786048,
  "lattice": "16x16x16x16",
  "blk_dim": 98256,
  "bs": "16x8x8x8",
  "res": 1e-06,
  "tol": 0.0012541387482794752,
  "nmx": 210,
  "nkv": 7,
  "nmr": 12,
  "ncy": 4,
  "sdtype": "float32",
  "ddtype": "float64",
  "cdtype": "float32",
  "rn": [
    60.18052058351832,
    4.582075378336589,
    0.38841078916992644,
    0.03552487212697893,
    0.0035246813192717627,
    0.0006204018129575467,
    0.0007893650331641357
  ],
  "i": [
    0,
    1,
    2,
    3,
    4,
    5,
    6
  ],
  "reset": [
    6
  ],
  "duration": [
    11.807549715042114,
    11.791918516159058,
    11.813311338424683,
    11.751999616622925,
    11.749560117721558,
    11.73736310005188,
    11.72780704498291,
    11.736643075942993,
    11.710145473480225,
    11.75536298751831,
    11.719941854476929,
    11.70615291595459,
    11.692566871643066,
    11.68677568435669,
    11.714653968811035,
    11.712428331375122,
    11.713805913925171,
    11.713263273239136,
    11.72930645942688,
    11.74618935585022
  ],
  "status": 6
}