{
  "gpu": false,
  "device": "hybrid",
  "infile": "../matrix/cgne_init_4096_dble_csr.dat",
  "matfile": "../matrix/conf6_0-8x8-30/conf6.0-00l8x8-3000.mtx",
  "k": 0.15649,
  "kc": 0.15649,
  "reordering": true,
  "preconditioning": true,
  "vol": 4096,
  "dim": 49152,
  "lattice": "8x8x8x8",
  "blk_dim": 12288,
  "bs": "8x8x4x4",
  "res": 1e-06,
  "tol": 0.0003135346870547978,
  "nmx": 125,
  "nkv": 7,
  "nmr": 20,
  "ncy": 4,
  "sdtype": "float32",
  "ddtype": "float64",
  "cdtype": "float64",
  "rn": [
    15.989305433357186,
    7.428455575658894,
    3.7426930111641226,
    1.836778548395628,
    0.9952359986221732,
    0.513789917915237,
    0.2514952787433943,
    0.25149522005652614,
    0.1378436009255427,
    0.08448816309310919,
    0.05028483378492109,
    0.022990989824134455,
    0.00946157251189797,
    0.0037299110265750107,
    0.0015942743376968465,
    0.0015942741755674713,
    0.0008045871648017175,
    0.00036054687849229215,
    0.00018358841350692165,
    0.00018358841257690593
  ],
  "i": [
    0,
    1,
    2,
    3,
    4,
    5,
    6,
    7,
    8,
    9,
    10,
    11,
    12,
    13,
    14,
    15,
    16,
    17,
    18,
    19
  ],
  "reset": [
    7,
    15,
    19
  ],
  "duration": [
    3.0625827312469482,
    3.063447952270508,
    3.066404104232788,
    3.0636277198791504,
    3.065164566040039,
    3.0579423904418945,
    3.06463885307312,
    3.059293031692505,
    3.0633461475372314,
    3.0549213886260986,
    3.055671453475952,
    3.0580966472625732,
    3.049860954284668,
    3.057276725769043,
    3.047578811645508,
    3.0542798042297363,
    3.059433937072754,
    3.055185317993164,
    3.0601086616516113,
    3.050893783569336
  ],
  "status": 17
}