{
  "gpu": true,
  "device": "gpu",
  "infile": "../matrix/cgne_init_4096_dble_csr.dat",
  "matfile": "../matrix/conf6_0-8x8-20/conf6_0-8x8-20.mtx",
  "k": 0.15,
  "kc": 0.15717,
  "reordering": true,
  "preconditioning": true,
  "vol": 4096,
  "dim": 49152,
  "lattice": "8x8x8x8",
  "blk_dim": 6144,
  "bs": "8x4x4x4",
  "res": 1e-06,
  "tol": 0.00031353468703945405,
  "nmx": 417,
  "nkv": 7,
  "nmr": 2,
  "ncy": 12,
  "sdtype": "float32",
  "ddtype": "float64",
  "cdtype": "float32",
  "rn": [
    5.175504725321553,
    0.8757309592205673,
    0.16364537144797717,
    0.029623177356126226,
    0.005395019510681953,
    0.0009916876517534572,
    0.0002033239113567897,
    0.00021477737076776686
  ],
  "i": [
    0,
    1,
    2,
    3,
    4,
    5,
    6,
    7
  ],
  "reset": [
    7
  ],
  "duration": [
    0.9735081195831299,
    0.808326244354248,
    0.8084979057312012,
    0.804476261138916,
    0.8009827136993408,
    0.7987005710601807,
    0.7982001304626465,
    0.7967405319213867,
    0.7971587181091309,
    0.8020749092102051,
    0.8038101196289062,
    0.8045728206634521,
    0.8052875995635986,
    0.8002996444702148,
    0.802248477935791,
    0.8016939163208008,
    0.79707932472229,
    0.7962741851806641,
    0.8011598587036133,
    0.7977941036224365
  ],
  "status": 7
}