{
  "gpu": true,
  "device": "gpu",
  "infile": "../matrix/cgne_init_4096_dble_csr.dat",
  "matfile": "../matrix/conf6_0-8x8-20/conf6_0-8x8-20.mtx",
  "k": 0.15,
  "kc": 0.15717,
  "reordering": true,
  "preconditioning": true,
  "vol": 4096,
  "dim": 49152,
  "lattice": "8x8x8x8",
  "blk_dim": 24576,
  "bs": "8x8x8x4",
  "res": 1e-06,
  "tol": 0.0003135346870762468,
  "nmx": 417,
  "nkv": 7,
  "nmr": 12,
  "ncy": 2,
  "sdtype": "float64",
  "ddtype": "float64",
  "cdtype": "float64",
  "rn": [
    11.78834211399206,
    2.3987149207024876,
    0.5298739863055805,
    0.12057630044614258,
    0.02921749167548062,
    0.0068142103918389174,
    0.0018368613988680763,
    0.0018368613988682479,
    0.0004712500859170559,
    0.00012050664925181648,
    0.00012050664925199398
  ],
  "i": [
    0,
    1,
    2,
    3,
    4,
    5,
    6,
    7,
    8,
    9,
    10
  ],
  "reset": [
    7,
    10
  ],
  "duration": [
    0.40010547637939453,
    0.2341296672821045,
    0.23044538497924805,
    0.22484731674194336,
    0.23269414901733398,
    0.2341899871826172,
    0.22660303115844727,
    0.2308967113494873,
    0.22847843170166016,
    0.229628324508667,
    0.22803950309753418,
    0.23182368278503418,
    0.22596192359924316,
    0.22787833213806152,
    0.2334306240081787,
    0.22690391540527344,
    0.2354292869567871,
    0.23066449165344238,
    0.23410248756408691,
    0.2247600555419922
  ],
  "status": 9
}