{
  "gpu": false,
  "device": "cpu",
  "infile": "../matrix/cgne_init_4096_dble_csr.dat",
  "matfile": "../matrix/conf6_0-8x8-30/conf6.0-00l8x8-3000.mtx",
  "k": 0.05,
  "kc": 0.15649,
  "reordering": true,
  "preconditioning": true,
  "vol": 4096,
  "dim": 49152,
  "lattice": "8x8x8x8",
  "blk_dim": 24576,
  "bs": "8x8x8x4",
  "res": 1e-06,
  "tol": 0.0003135346870547978,
  "nmx": 2500,
  "nkv": 7,
  "nmr": 0.5,
  "ncy": 0.5,
  "sdtype": "float32",
  "ddtype": "float64",
  "cdtype": "float64",
  "rn": [
    11.288752706421388,
    0.00013792164566820645,
    0.00014760854210771896
  ],
  "i": [
    0,
    1,
    2
  ],
  "reset": [
    2
  ],
  "duration": [
    0.23082327842712402,
    0.23093867301940918,
    0.22962403297424316,
    0.23055005073547363,
    0.23062896728515625,
    0.23839592933654785,
    0.2307748794555664,
    0.23275208473205566,
    0.23122477531433105,
    0.2329699993133545,
    0.23093914985656738,
    0.2304236888885498,
    0.23049044609069824,
    0.23070836067199707,
    0.23087310791015625,
    0.23056721687316895,
    0.2300097942352295,
    0.2301626205444336,
    0.23090457916259766,
    0.23041796684265137
  ],
  "status": 2
}