{
  "gpu": false,
  "infile": "../matrix/cgne_init_4096_dble_csr.dat",
  "matfile": null,
  "k": 0.0,
  "kc": 0.0,
  "reordering": false,
  "preconditioning": true,
  "vol": 4096,
  "dim": 49152,
  "lattice": "8x8x8x8",
  "blk_dim": 3072,
  "bs": "4x4x4x4",
  "res": 1e-06,
  "tol": 0.0003135346870547978,
  "nmx": 125,
  "nkv": 7,
  "nmr": 4,
  "ncy": 20,
  "sdtype": "float32",
  "ddtype": "float64",
  "cdtype": "float64",
  "rn": [
    23.821445610322243,
    6.827569978151976,
    2.373766116836076,
    0.9730728970611079,
    0.3353121688332381,
    0.09521001828704263,
    0.025675886004354595,
    0.025676467024974708,
    0.006515064433506579,
    0.0020615835556750625,
    0.0006498625942187889,
    0.00018664219330951306,
    0.0001866421609500045
  ],
  "i": [
    0,
    1,
    2,
    3,
    4,
    5,
    6,
    7,
    8,
    9,
    10,
    11,
    12
  ],
  "reset": [
    7,
    12
  ],
  "duration": 3.9410288333892822,
  "status": 11
}