{
  "gpu": false,
  "device": "hybrid",
  "infile": "../matrix/cgne_init_4096_dble_csr.dat",
  "matfile": "../matrix/conf6_0-8x8-20/conf6_0-8x8-20.mtx",
  "k": 0.15,
  "kc": 0.15717,
  "reordering": true,
  "preconditioning": true,
  "vol": 4096,
  "dim": 49152,
  "lattice": "8x8x8x8",
  "blk_dim": 3072,
  "bs": "4x4x4x4",
  "res": 1e-06,
  "tol": 0.0003135346870547978,
  "nmx": 2500,
  "nkv": 7,
  "nmr": 1,
  "ncy": 4,
  "sdtype": "float32",
  "ddtype": "float64",
  "cdtype": "float32",
  "rn": [
    47.46099160504568,
    20.31770270585435,
    11.60710251827241,
    7.209985671071725,
    4.7390238680736525,
    3.202905390009474,
    2.217483678101037,
    2.2174837324392684,
    1.63270350751099,
    1.1912039872421143,
    0.8560452835365299,
    0.6074185411263676,
    0.42370635698048953,
    0.2886355630485153,
    0.20031170326934558,
    0.20031170665857778,
    0.15046997261117318,
    0.11304746353440481,
    0.08229951183519957,
    0.05972170740088091,
    0.04260432472113664,
    0.03082578303296905,
    0.02247725587393262,
    0.02247725587162967,
    0.016759598061012234,
    0.012527962350723216,
    0.009197433166215113,
    0.006824516060958865,
    0.0050089440427623574,
    0.0036680947332129047,
    0.0027097981445026093,
    0.002709798157183735,
    0.0020238974021201165,
    0.0014901500071615044,
    0.0011004837797600221,
    0.0008163250208851255,
    0.0006071495267843708,
    0.00045792724486604444,
    0.00034121907430778337,
    0.0003412190750224414,
    0.00025505022810023314,
    0.0002550502276555375
  ],
  "i": [
    0,
    1,
    2,
    3,
    4,
    5,
    6,
    7,
    8,
    9,
    10,
    11,
    12,
    13,
    14,
    15,
    16,
    17,
    18,
    19,
    20,
    21,
    22,
    23,
    24,
    25,
    26,
    27,
    28,
    29,
    30,
    31,
    32,
    33,
    34,
    35,
    36,
    37,
    38,
    39,
    40,
    41
  ],
  "reset": [
    7,
    15,
    23,
    31,
    39,
    41
  ],
  "duration": [
    2.37090802192688,
    2.3668954372406006,
    2.3657195568084717,
    2.3681914806365967,
    2.3652679920196533,
    2.3668179512023926,
    2.367239475250244,
    2.3682167530059814,
    2.3632562160491943,
    2.3659708499908447,
    2.364712953567505,
    2.366673707962036,
    2.363679885864258,
    2.3670389652252197,
    2.3630521297454834,
    2.363476037979126,
    2.3586721420288086,
    2.3632748126983643,
    2.363436222076416,
    2.3640668392181396
  ],
  "status": 36
}