{
  "gpu": false,
  "device": "cpu",
  "infile": "../matrix/cgne_init_4096_dble_csr.dat",
  "matfile": "../matrix/conf6_0-8x8-20/conf6_0-8x8-20.mtx",
  "k": 0.15,
  "kc": 0.15717,
  "reordering": true,
  "preconditioning": true,
  "vol": 4096,
  "dim": 49152,
  "lattice": "8x8x8x8",
  "blk_dim": 24576,
  "bs": "8x8x8x4",
  "res": 1e-06,
  "tol": 0.0003135346870762468,
  "nmx": 417,
  "nkv": 7,
  "nmr": 12,
  "ncy": 2,
  "sdtype": "float64",
  "ddtype": "float64",
  "cdtype": "float64",
  "rn": [
    11.788342113992059,
    2.398714920702487,
    0.5298739863055805,
    0.12057630044614255,
    0.029217491675480604,
    0.006814210391838925,
    0.001836861398868068,
    0.0018368613988680477,
    0.0004712500859172871,
    0.00012050664925181858,
    0.00012050664925216925
  ],
  "i": [
    0,
    1,
    2,
    3,
    4,
    5,
    6,
    7,
    8,
    9,
    10
  ],
  "reset": [
    7,
    10
  ],
  "duration": [
    3.097348928451538,
    2.6652886867523193,
    2.9181740283966064,
    2.6183292865753174,
    2.745990037918091,
    3.0147528648376465,
    2.92842960357666,
    3.080090284347534,
    2.7555501461029053,
    2.9457175731658936,
    2.820664644241333,
    3.014148473739624,
    2.9302518367767334,
    2.7869713306427,
    2.8455517292022705,
    2.883760452270508,
    2.855236768722534,
    2.694864273071289,
    2.780473232269287,
    2.815796375274658
  ],
  "status": 9
}