{
  "gpu": true,
  "device": "gpu",
  "infile": "../matrix/cgne_init_4096_dble_csr.dat",
  "matfile": "../matrix/conf6_0-8x8-30/conf6.0-00l8x8-3000.mtx",
  "k": 0.05,
  "kc": 0.15649,
  "reordering": true,
  "preconditioning": true,
  "vol": 4096,
  "dim": 49152,
  "lattice": "8x8x8x8",
  "blk_dim": 12288,
  "bs": "8x8x4x4",
  "res": 1e-06,
  "tol": 0.00031353468703945405,
  "nmx": 125,
  "nkv": 7,
  "nmr": 4,
  "ncy": 20,
  "sdtype": "float32",
  "ddtype": "float64",
  "cdtype": "float64",
  "rn": [
    7.961069616008208e-06,
    3.325263527454555e-05
  ],
  "i": [
    0,
    1
  ],
  "reset": [
    1
  ],
  "duration": [
    0.11636734008789062,
    0.11242151260375977,
    0.1146690845489502,
    0.11242198944091797,
    0.11184239387512207,
    0.11174178123474121,
    0.11212658882141113,
    0.11206817626953125,
    0.11167526245117188,
    0.11201047897338867,
    0.11249065399169922,
    0.11185669898986816,
    0.11178207397460938,
    0.11254239082336426,
    0.11236977577209473,
    0.11196017265319824,
    0.11245131492614746,
    0.1121220588684082,
    0.11162662506103516,
    0.11212611198425293
  ],
  "status": 1
}