{
  "gpu": false,
  "device": "hybrid",
  "infile": "../matrix/cgne_init_4096_dble_csr.dat",
  "matfile": "../matrix/conf6_0-8x8-30/conf6.0-00l8x8-3000.mtx",
  "k": 0.05,
  "kc": 0.15649,
  "reordering": true,
  "preconditioning": true,
  "vol": 4096,
  "dim": 49152,
  "lattice": "8x8x8x8",
  "blk_dim": 3072,
  "bs": "4x4x4x4",
  "res": 1e-06,
  "tol": 0.0003135346870762468,
  "nmx": 417,
  "nkv": 7,
  "nmr": 2,
  "ncy": 12,
  "sdtype": "float64",
  "ddtype": "float64",
  "cdtype": "float64",
  "rn": [
    2.0170686988088866e-12,
    2.0194298034527426e-12
  ],
  "i": [
    0,
    1
  ],
  "reset": [
    1
  ],
  "duration": [
    0.2877631187438965,
    0.28424930572509766,
    0.28456926345825195,
    0.28496241569519043,
    0.28473424911499023,
    0.28513574600219727,
    0.285231351852417,
    0.28454136848449707,
    0.28440332412719727,
    0.2848999500274658,
    0.28502774238586426,
    0.28475427627563477,
    0.2866792678833008,
    0.2847177982330322,
    0.2857093811035156,
    0.2847766876220703,
    0.28481197357177734,
    0.28507137298583984,
    0.2855401039123535,
    0.28493642807006836
  ],
  "status": 1
}