{
  "gpu": false,
  "device": "hybrid",
  "infile": "../matrix/cgne_init_4096_dble_csr.dat",
  "matfile": null,
  "k": 0.0,
  "kc": 0.0,
  "reordering": false,
  "preconditioning": true,
  "vol": 4096,
  "dim": 49152,
  "lattice": "8x8x8x8",
  "blk_dim": 3072,
  "bs": "4x4x4x4",
  "res": 1e-06,
  "tol": 0.0003135346870762468,
  "nmx": 2500,
  "nkv": 7,
  "nmr": 4,
  "ncy": 1,
  "sdtype": "float64",
  "ddtype": "float64",
  "cdtype": "float64",
  "rn": [
    145.93583639130793,
    53.670747270426155,
    22.59346855067832,
    10.131621567547603,
    4.335447866649153,
    2.058789305542591,
    0.9562525373950814,
    0.9562525373950811,
    0.46838631055402846,
    0.23100431618599396,
    0.11586899991058844,
    0.05155114870609575,
    0.02373009886572728,
    0.010760111046519017,
    0.0050986655805340874,
    0.005098665580534194,
    0.002486729991330202,
    0.0012154095901800543,
    0.0006178821399919324,
    0.00027944777297689673,
    0.00027944777297719906
  ],
  "i": [
    0,
    1,
    2,
    3,
    4,
    5,
    6,
    7,
    8,
    9,
    10,
    11,
    12,
    13,
    14,
    15,
    16,
    17,
    18,
    19,
    20
  ],
  "reset": [
    7,
    15,
    20
  ],
  "duration": [
    1.3105473518371582,
    1.5510210990905762,
    1.4840593338012695,
    1.3408517837524414,
    1.4795289039611816,
    1.2954277992248535,
    1.5896804332733154,
    1.2948358058929443,
    1.4653570652008057,
    1.3501875400543213,
    1.504213809967041,
    1.2629456520080566,
    1.4019627571105957,
    1.425757884979248,
    1.322791337966919,
    1.376469612121582,
    1.3822615146636963,
    1.5176596641540527,
    1.3605327606201172,
    1.495497226715088
  ],
  "status": 18
}