{
  "gpu": false,
  "infile": "../matrix/cgne_init_4096_dble_csr.dat",
  "matfile": null,
  "k": 0.0,
  "kc": 0.0,
  "reordering": false,
  "preconditioning": true,
  "vol": 4096,
  "dim": 49152,
  "lattice": "8x8x8x8",
  "blk_dim": 3072,
  "bs": "4x4x4x4",
  "res": 1e-06,
  "tol": 0.0003135346870762468,
  "nmx": 250,
  "nkv": 7,
  "nmr": 4,
  "ncy": 10,
  "sdtype": "float64",
  "ddtype": "float64",
  "cdtype": "float64",
  "rn": [
    51.55522423272342,
    14.869965369537498,
    4.595847842334754,
    1.5228620690715629,
    0.5311334393579876,
    0.19015518098695217,
    0.06468458511574833,
    0.06468458511574803,
    0.022654332933161214,
    0.008379696745657013,
    0.0028758770765486357,
    0.0008785780031778041,
    0.00028598753581762673,
    0.00028598753581774474
  ],
  "i": [
    0,
    1,
    2,
    3,
    4,
    5,
    6,
    7,
    8,
    9,
    10,
    11,
    12,
    13
  ],
  "reset": [
    7,
    13
  ],
  "duration": 2.232592821121216,
  "status": 12
}