{
  "gpu": false,
  "infile": "../matrix/cgne_init_65536_dble_csr.dat",
  "matfile": null,
  "k": 0.0,
  "kc": 0.0,
  "reordering": false,
  "preconditioning": true,
  "vol": 65536,
  "dim": 786048,
  "lattice": "16x16x16x16",
  "blk_dim": 98256,
  "bs": "16x8x8x8",
  "res": 1e-06,
  "tol": 0.0012541387482794752,
  "nmx": 2500,
  "nkv": 7,
  "nmr": 4,
  "ncy": 1,
  "sdtype": "float32",
  "ddtype": "float64",
  "cdtype": "float32",
  "rn": [
    610.7031717666847,
    234.89912346992438,
    104.62081221742599,
    47.70501395263199,
    21.647558090653252,
    10.208921542562141,
    4.788309445211002,
    4.7883094338060594,
    2.388751060202737,
    1.182043276530952,
    0.5689720304003058,
    0.2746465013450858,
    0.13069342958501406,
    0.05704558169781682,
    0.026493904330532666,
    0.026493905313815153,
    0.013116062165373445,
    0.006462767314896542,
    0.0031194389941854514,
    0.0015406546001410278,
    0.0007459727092539544,
    0.0007459726998679396
  ],
  "i": [
    0,
    1,
    2,
    3,
    4,
    5,
    6,
    7,
    8,
    9,
    10,
    11,
    12,
    13,
    14,
    15,
    16,
    17,
    18,
    19,
    20,
    21
  ],
  "reset": [
    7,
    15,
    21
  ],
  "duration": 6.136679649353027,
  "status": 19
}