{
  "gpu": true,
  "infile": "../matrix/cgne_init_65536_dble_csr.dat",
  "matfile": null,
  "k": 0.0,
  "kc": 0.0,
  "reordering": false,
  "preconditioning": true,
  "vol": 65536,
  "dim": 786048,
  "lattice": "16x16x16x16",
  "blk_dim": 3070,
  "bs": "4x4x4x4",
  "res": 1e-06,
  "tol": 0.0012541387483049871,
  "nmx": 500,
  "nkv": 7,
  "nmr": 4,
  "ncy": 5,
  "sdtype": "float64",
  "ddtype": "float64",
  "cdtype": "float64",
  "rn": [
    398.22201020952787,
    145.04131183822318,
    55.49576149739073,
    25.297566536557166,
    17.290875804725694,
    15.81411962618332,
    15.586343095960416,
    16.276276200493832,
    15.546705868704763,
    15.526565901498277,
    15.524406578260223,
    15.524116113823556,
    15.52407016737101,
    15.524068324919625,
    15.52406708005418,
    15.553577861750828,
    15.525787141897977,
    15.524862906019031,
    15.524818457489502,
    15.524803542907911,
    15.524802096076447,
    15.524799319323861,
    15.524796094239175,
    15.526178982334086,
    15.524989743897985,
    15.524950597451161,
    15.524947936717565,
    15.524945612248754,
    15.524943031499609,
    15.524940326440914,
    15.524938831230822,
    15.524993433971987,
    15.524956135001405,
    15.524949433409134,
    15.524946329967309,
    15.524945220932253,
    15.52494215807248,
    15.524938506157325,
    15.524936306066058,
    15.524938806996333,
    15.524938582097638,
    15.52493630032024,
    15.524924002236673,
    15.524918611804717,
    15.524916151995626,
    15.524908931444765,
    15.524904200303089,
    15.524904161099391,
    15.524904145619638,
    15.52490320804741,
    15.524901505889034,
    15.524899083255196,
    15.524898596229303,
    15.524898479130309,
    15.524898389170353,
    15.524898528018653,
    15.524898527930734,
    15.524898527861328,
    15.52489692703905,
    15.524894721545277,
    15.524894401539582,
    15.524894040868636,
    15.524893085576668,
    15.52489319081394,
    15.524893189093916,
    15.524893172632662,
    15.524889884657188,
    15.524888468643521,
    15.524887935293348,
    15.524887802344548,
    15.524887730183826,
    15.5248880436792,
    15.52488804354217,
    15.524888025497516,
    15.524887109232228,
    15.524882666455992,
    15.524882091672223,
    15.524880749864913,
    15.524880443243804,
    15.52488032370137,
    15.52488032139405,
    15.524880172830143,
    15.524880102736486,
    15.524877875138499,
    15.524873617227048,
    15.524868710611457,
    15.52486609564311,
    15.52486633176611,
    15.524866327871619,
    15.524865947902905,
    15.524861792815987,
    15.524861572983149,
    15.524860039585308,
    15.524860005736324,
    15.524857770638254,
    15.524857767135103,
    15.524857761382428,
    15.52485767650014,
    15.524853502607943,
    15.524850109498802,
    15.524845356030495,
    15.524841918553802,
    15.524838380939498,
    15.524837365033394,
    15.52483732831737,
    15.524834664678872,
    15.524832122225865,
    15.524826352727809,
    15.524821858114581,
    15.524806840493026,
    15.524790249543186,
    15.524789977917562,
    15.52478976915172,
    15.52478158636678,
    15.524778478765523,
    15.524774748505243,
    15.524747977843328,
    15.524730204185852,
    15.524724401653522,
    15.524722940263379,
    15.52472289160073,
    15.524714423865978,
    15.52468554312998,
    15.52468470121035,
    15.52467537906395,
    15.524671586949557,
    15.52467152903421,
    15.52467435731575,
    15.524674356983972,
    15.524673122371038,
    15.524662761138487,
    15.52466063535348,
    15.524659782990952,
    15.524659337028728,
    15.524658442200867,
    15.524658716475848,
    15.524658716081996,
    15.524658424033634,
    15.524657317266948,
    15.524653647933874,
    15.524651419043481,
    15.52464832432978,
    15.524633663125876,
    15.524632346586149,
    15.52463230890156,
    15.524630740930046,
    15.524630262293984,
    15.524629633074444,
    15.524627938206581,
    15.524626795420541,
    15.524626271546396,
    15.524626275583762,
    15.524626275374752,
    15.524626115899556,
    15.52462291089085,
    15.524618616951313,
    15.524616048896457,
    15.524613037981435,
    15.524606556563635,
    15.524606660422059,
    15.524606629035667,
    15.524604944850989,
    15.52460490721709,
    15.52459595571049,
    15.524593090343258,
    15.524588371307154,
    15.524578872582547,
    15.524578121135104,
    15.52457807464335,
    15.524573504099036,
    15.524568458033421,
    15.524567068986572,
    15.524566787791597,
    15.52455998233426,
    15.524555905787352,
    15.524556450089362,
    15.524556429252755,
    15.524555463131433,
    15.524554857931474,
    15.524554380660922,
    15.524547920637646,
    15.524537590049443,
    15.524531601486002,
    15.524530671493876,
    15.524530606714107,
    15.52452538914325,
    15.524518338400359,
    15.524517118795584,
    15.524511230426777,
    15.524505871327964,
    15.524505359100946,
    15.524505597203762,
    15.524505597104506,
    15.524505478086793,
    15.524499419674571,
    15.524489343340585,
    15.524477486538428,
    15.524475659714705,
    15.524473645360212,
    15.524473401290436,
    15.524473400929567,
    15.524473354416886,
    15.524470941398503,
    15.52445511958226,
    15.524453943710881,
    15.52444721635955,
    15.524445970003361,
    15.524446404401802,
    15.524446401320406,
    15.524445684423268,
    15.524444214200408,
    15.524442136135645,
    15.524438364639433,
    15.524434878494517,
    15.524431617126183,
    15.524432905872143,
    15.524432903092464,
    15.524431639170635,
    15.524425301122593,
    15.52442474238051,
    15.524420876530789,
    15.524420807334424,
    15.524416079652918,
    15.524417747583895,
    15.524417726318532,
    15.524416058496081,
    15.524413916536176,
    15.52441020741886,
    15.524402856124937,
    15.52440001044117,
    15.524395775058778,
    15.524395741837438,
    15.524395722032338,
    15.524394752857903,
    15.524394160858318,
    15.524393446809633,
    15.524388553912038,
    15.52438142403848,
    15.524372426659628,
    15.524372906963483,
    15.52437288556804,
    15.52436898613497,
    15.524347881733352,
    15.524347262564723,
    15.52433941655854,
    15.524337769440006,
    15.524335312047072,
    15.524335452285207,
    15.524335445110847,
    15.524334586618306,
    15.52433345320149,
    15.524326220873577,
    15.524319163149594,
    15.524317841339311,
    15.524295476916246,
    15.524296581494639,
    15.524296498275989,
    15.524289846409578,
    15.524280766541217,
    15.524277300721444,
    15.524274321085736,
    15.524272917112551,
    15.524271862766675,
    15.524272656888476,
    15.524272656745568,
    15.524272509060705,
    15.524270803123391,
    15.524267307414535,
    15.524265635764571,
    15.524263829370637,
    15.524260882175176,
    15.524260277269928,
    15.52426027697167,
    15.524259968044358,
    15.524253196508093,
    15.524252527651152,
    15.524247294734423,
    15.524247045676788,
    15.52424697271032,
    15.524245599426878,
    15.52424559932989,
    15.524245092695896,
    15.524241188723346,
    15.524227219260274,
    15.52422055261934,
    15.524216108167222,
    15.524215371324667,
    15.524216134451658,
    15.524216133364373,
    15.524215219952229,
    15.524198839978416,
    15.524196652379274,
    15.524190337839379,
    15.524182830911746,
    15.524177040582439,
    15.52417834560415,
    15.524178340996668,
    15.524176974846013,
    15.52417497828392,
    15.524173337787127,
    15.524158924778549,
    15.524157025708305,
    15.52415336740119,
    15.5241559693981,
    15.524155968632877,
    15.52415595418689,
    15.524155092793158,
    15.524144025601233,
    15.52414379146146,
    15.524142941902685,
    15.524138249634065,
    15.524137556438154,
    15.524137554004339,
    15.524137208911299,
    15.524132946910342,
    15.524130824760501,
    15.524129120373894,
