{
  "gpu": false,
  "device": "hybrid",
  "infile": "../matrix/cgne_init_4096_dble_csr.dat",
  "matfile": "../matrix/conf6_0-8x8-20/conf6_0-8x8-20.mtx",
  "k": 0.15,
  "kc": 0.15717,
  "reordering": true,
  "preconditioning": true,
  "vol": 4096,
  "dim": 49152,
  "lattice": "8x8x8x8",
  "blk_dim": 24576,
  "bs": "8x8x8x4",
  "res": 1e-06,
  "tol": 0.0003135346870547978,
  "nmx": 250,
  "nkv": 7,
  "nmr": 10,
  "ncy": 4,
  "sdtype": "float32",
  "ddtype": "float64",
  "cdtype": "float32",
  "rn": [
    3.1707825511342294,
    0.3050279526659084,
    0.034766302065599594,
    0.0035322064484443164,
    0.0003653089184392117,
    0.00010058236409921433,
    0.00013416548301832762
  ],
  "i": [
    0,
    1,
    2,
    3,
    4,
    5,
    6
  ],
  "reset": [
    6
  ],
  "duration": [
    0.3311014175415039,
    0.33126187324523926,
    0.33090710639953613,
    0.330258846282959,
    0.3301398754119873,
    0.330763578414917,
    0.3308382034301758,
    0.33124208450317383,
    0.3310708999633789,
    0.33097028732299805,
    0.3312239646911621,
    0.3312647342681885,
    0.3312695026397705,
    0.33173370361328125,
    0.33127450942993164,
    0.3308718204498291,
    0.33089423179626465,
    0.33155107498168945,
    0.3302481174468994,
    0.33085083961486816
  ],
  "status": 6
}