{
  "gpu": false,
  "device": "cpu",
  "infile": "../matrix/fgcr_check3_4096_dble_csr.dat",
  "matfile": null,
  "k": 0.0,
  "kc": 0.0,
  "reordering": false,
  "preconditioning": true,
  "vol": 4096,
  "dim": 49152,
  "lattice": "8x8x8x8",
  "blk_dim": 24576,
  "bs": "8x8x8x4",
  "res": 1e-06,
  "tol": 0.0003135346870762468,
  "nmx": 417,
  "nkv": 7,
  "nmr": 12,
  "ncy": 2,
  "sdtype": "float64",
  "ddtype": "float64",
  "cdtype": "float64",
  "rn": [
    59.006203786664614,
    22.231247623561313,
    10.212342463924553,
    4.442942590167703,
    2.0663667069588683,
    0.9173996395245327,
    0.4234582838297261,
    0.4234582838297261,
    0.25107280925442127,
    0.114097647433059,
    0.05035297913133295,
    0.02233575478658579,
    0.010210770653620537,
    0.0042536064086315245,
    0.001593341608850454,
    0.0015933416088508624,
    0.0009597244497045923,
    0.0004230367078991285,
    0.00019748384488651324,
    0.00019748384488673824
  ],
  "i": [
    0,
    1,
    2,
    3,
    4,
    5,
    6,
    7,
    8,
    9,
    10,
    11,
    12,
    13,
    14,
    15,
    16,
    17,
    18,
    19
  ],
  "reset": [
    7,
    15,
    19
  ],
  "duration": [
    3.1985762119293213,
    3.262392520904541,
    3.1979730129241943,
    3.247811794281006,
    3.070199966430664,
    3.406501293182373,
    3.645986557006836,
    3.238219738006592,
    3.089839458465576,
    3.075385570526123,
    3.021061420440674,
    3.392796277999878,
    3.2742912769317627,
    3.1733193397521973,
    3.302191734313965,
    3.053103446960449,
    3.3403208255767822,
    2.9822998046875,
    3.117943525314331,
    3.4357547760009766
  ],
  "status": 17
}