{
  "gpu": false,
  "device": "hybrid",
  "infile": "../matrix/cgne_init_4096_dble_csr.dat",
  "matfile": null,
  "k": 0.0,
  "kc": 0.0,
  "reordering": false,
  "preconditioning": true,
  "vol": 4096,
  "dim": 49152,
  "lattice": "8x8x8x8",
  "blk_dim": 3072,
  "bs": "4x4x4x4",
  "res": 1e-06,
  "tol": 0.0003135346870762468,
  "nmx": 417,
  "nkv": 7,
  "nmr": 2,
  "ncy": 12,
  "sdtype": "float64",
  "ddtype": "float64",
  "cdtype": "float64",
  "rn": [
    53.1239984300863,
    13.169303562096191,
    3.9589508714303148,
    1.2422305062922105,
    0.39451206340078493,
    0.12725804759924553,
    0.041977931347371315,
    0.04197793134737139,
    0.015599690155053499,
    0.005154612363692813,
    0.0016634921022068378,
    0.0004882683992364428,
    0.000139782537291232,
    0.0001397825372909384
  ],
  "i": [
    0,
    1,
    2,
    3,
    4,
    5,
    6,
    7,
    8,
    9,
    10,
    11,
    12,
    13
  ],
  "reset": [
    7,
    13
  ],
  "duration": [
    4.27630352973938,
    4.230785608291626,
    4.2335205078125,
    4.2272562980651855,
    4.230142831802368,
    4.221936941146851,
    4.216759443283081,
    4.218560695648193,
    4.2193684577941895,
    4.217876434326172,
    4.217339992523193,
    4.2176268100738525,
    4.2206642627716064,
    4.21817684173584,
    4.21936297416687,
    4.219190359115601,
    4.217896938323975,
    4.218896389007568,
    4.218249320983887,
    4.218437194824219
  ],
  "status": 12
}