{
  "gpu": true,
  "infile": "../matrix/cgne_init_65536_dble_csr.dat",
  "matfile": null,
  "k": 0.0,
  "kc": 0.0,
  "reordering": false,
  "preconditioning": true,
  "vol": 65536,
  "dim": 786048,
  "lattice": "16x16x16x16",
  "blk_dim": 393024,
  "bs": "16x16x16x8",
  "res": 1e-06,
  "tol": 0.0012541387482808122,
  "nmx": 500,
  "nkv": 7,
  "nmr": 4,
  "ncy": 5,
  "sdtype": "float32",
  "ddtype": "float64",
  "cdtype": "float64",
  "rn": [
    399.31958149692866,
    145.77011235389614,
    54.36023727968819,
    20.63189732700452,
    7.977844848706041,
    3.1484367056588374,
    1.2673208559148426,
    1.2673210072119208,
    0.5257482283053615,
    0.2139201184044667,
    0.07943545272435387,
    0.028039685954382415,
    0.009608119956954866,
    0.0031639928406376632,
    0.0010537352272979542,
    0.0010537356561345576
  ],
  "i": [
    0,
    1,
    2,
    3,
    4,
    5,
    6,
    7,
    8,
    9,
    10,
    11,
    12,
    13,
    14,
    15
  ],
  "reset": [
    7,
    15
  ],
  "duration": 2.0599606037139893,
  "status": 14
}