{
  "gpu": true,
  "infile": "../matrix/cgne_init_65536_dble_csr.dat",
  "matfile": null,
  "k": 0.0,
  "kc": 0.0,
  "reordering": false,
  "preconditioning": true,
  "vol": 65536,
  "dim": 786048,
  "lattice": "16x16x16x16",
  "blk_dim": 3070,
  "bs": "4x4x4x4",
  "res": 1e-06,
  "tol": 0.0012541387482808122,
  "nmx": 500,
  "nkv": 7,
  "nmr": 4,
  "ncy": 5,
  "sdtype": "float32",
  "ddtype": "float64",
  "cdtype": "float32",
  "rn": [
    398.22201036983734,
    145.04131143457522,
    55.49575676658745,
    25.2975632536495,
    17.290873997476787,
    15.814119363949661,
    15.586343231525664,
    16.27627598883021,
    15.54670586969328,
    15.526565859857158,
    15.524406439911147,
    15.524116073468972,
    15.524069978071891,
    15.524068083986545,
    15.524066627763933,
    15.553577736858426,
    15.52578724092626,
    15.524862886514864,
    15.524818257493592,
    15.524803455575283,
    15.524802032141748,
    15.524798871250646,
    15.524795567584485,
    15.526178834040772,
    15.524989401648048,
    15.52495040797454,
    15.524947664074526,
    15.524945392131993,
    15.524941790944435,
    15.524941726695939,
    15.524928379851834,
    15.52501160638026,
    15.524962653849956,
    15.524955460979843,
    15.524954479501893,
    15.5249488546749,
    15.524947587795664,
    15.524941381068093,
    15.524903857332847,
    15.524974994915722,
    15.524960934448503,
    15.524955943548713,
    15.524955070371066,
    15.524953262506738,
    15.524951925208736,
    15.524939505021234,
    15.524846800832549,
    15.525056639795723,
    15.52498873105792,
    15.524969739164273,
    15.524969413088662,
    15.52496660697841,
    15.524964895946608,
    15.524964238093862,
    15.524963269808604,
    15.52496692889097,
    15.524966792757132,
    15.524962654486833,
    15.52495569806754,
    15.524900518233332,
    15.524371529050818,
    15.520654608319226,
    15.495918859203403,
    15.548075889267398,
    15.528266903546317,
    15.52545373035215,
    15.525044177469235,
    15.524980775278758,
    15.524971727170277,
    15.524971645852652,
    15.52497142809929,
    15.52497434170539,
    15.524974260366163,
    15.524972901800227,
    15.524970971091918,
    15.524962336555484,
    15.524940963462484,
    15.524672473539331,
    15.522913054867676,
    15.526632500766052,
    15.525194971513901,
    15.52501280279567,
    15.52498434480793,
    15.524977935493556,
    15.52497675278687,
    15.524975355812069,
    15.52497377847669,
    15.524975298434354,
    15.524974497110962,
    15.524969258291755,
    15.524960842719786,
    15.524715402184496,
    15.52210461138066,
    15.503635341000253,
    15.415628953402965,
    15.597684730208636,
    15.535760592551378,
    15.526575236176042,
    15.525204242898136,
    15.525002834808753,
    15.524984425734015,
    15.524976024966538,
    15.524975282668438,
    15.524974762003943,
    15.524974529978097,
    15.5249718794072,
    15.524965580129876,
    15.524898133871853,
    15.52409773152988,
    15.517573621775654,
    15.479203202304623,
    15.560877905146759,
    15.530251431097897,
    15.52576763198752,
    15.525118309013658,
    15.524985101469241,
    15.52497616842594,
    15.52497493670715,
    15.524971577199679,
    15.524966343741161,
    15.524965551463566,
    15.524965375692917,
    15.524959443772334,
    15.524928899523633,
    15.524458142575071,
    15.521017850138128,
    15.496761440741368,
    15.550172730490488,
    15.528587211065393,
    15.525494466082304,
    15.525065316731258,
    15.524980806496803,
    15.524974596775994,
    15.524971655411473,
    15.52497065002642,
    15.524974390877848,
    15.524974236213623,
    15.524974102433466,
    15.524973552287435,
    15.524964875688601,
    15.524852172506153,
    15.524036385343118,
    15.51935392108453,
    15.529354490971917,
    15.525603600759368,
    15.525057853542412,
    15.524997234759834,
    15.524981300434213,
    15.524979048496057,
    15.524978404064127,
    15.5249778293041,
    15.524974152694892,
    15.524974178120164,
    15.524968894980496,
    15.52493269279248,
    15.524453645018419,
    15.520850099846033,
    15.50177716768079,
    15.466819019790503,
    15.539570741011904,
    15.527140097020972,
    15.525330186088066,
    15.52502986595974,
    15.524983275863791,
    15.524976443767601,
    15.524973504407892,
    15.52497207646059,
    15.524974658346638,
    15.524974545765044,
    15.524969908887227,
    15.524935085582728,
    15.524502088201405,
    15.521406872431308,
    15.502440311362525,
    15.450961838920255,
    15.55288844106359,
    15.52911010900027,
    15.525606841071092,
    15.525068595547433,
    15.52499162246492,
    15.5249765447849,
    15.524974213394525,
    15.52497397876369,
    15.524974784778868,
    15.524974011372269,
    15.524972655968886,
    15.524970888321208,
    15.524964712427593,
    15.524856931092494,
    15.52372125152997,
    15.516724860569028,
    15.531610672163815,
    15.525931055761397,
    15.525111648059786,
    15.524990951777104,
    15.524976539617825,
    15.524975747519637,
    15.524975310967333,
    15.524974836967232,
    15.524976744978176,
    15.524976804213551,
    15.52497598010468,
    15.524972608196359,
    15.524938182129757,
    15.524237899789494,
    15.52033715076163,
    15.511751998328277,
    15.528652368029725,
    15.525515313308231,
    15.52504278574228,
    15.524991951600615,
    15.524980630156909,
    15.524977873056356,
    15.52497702353866,
    15.52497631121438,
    15.524976108495233,
    15.524976147631143,
    15.524975889399995,
    15.52497302632454,
    15.524929959862787,
    15.524601559695448,
    15.523085102932777,
    15.52117620807619,
    15.525594113392623,
    15.52506241007436,
    15.52499408386065,
    15.524980419774513,
    15.524978151625348,
    15.524977818827935,
    15.524977815092637,
    15.52497758216883,
    15.524978319635261,
    15.524978155538962,
    15.52497706038834,
    15.524967002004212,
    15.524898254936243,
    15.524389697874733,
    15.52050477456478,
    15.498851558496412,
    15.543894249834672,
    15.527764857205607,
    15.525406979218484,
    15.525045318889603,
    15.524987507438324,
    15.52497947877441,
    15.524978867801261,
    15.524978233087255,
    15.524978894848632,
    15.524978786039668,
    15.524978384732437,
    15.524968140661604,
    15.524891170772646,
    15.524421687106381,
    15.521207772996728,
    15.502403165114913,
    15.545599460511928,
    15.52817154743756,
    15.525504427770217,
    15.525049314627205,
    15.524984482965722,
    15.524977555018149,
    15.524974226146073,
    15.524974060569855,
    15.524976019450802,
    15.52497583169855,
    15.524974562175904,
    15.524965574354715,
    15.524897820066291,
    15.524276985610399,
    15.519785599939137,
    15.496699837229233,
    15.544767136577988,
    15.527981713506756,
    15.525421725874361,
    15.525051006065866,
    15.524985358960802,
    15.524978891910738,
    15.524977475814985,
    15.5249771780468,
    15.52498012939487,
    15.524978207186019,
    15.524978084841786,
    15.52497657242856,
    15.52497383780991,
    15.524963120618084,
    15.524654653187412,
    15.522506300041915,
    15.527348573409167,
    15.525275936208555,
    15.525023220644192,
    15.524985119440261,
    15.524978813727468,
    15.524978136623888,
    15.524977368948635,
    15.524976583371322,
    15.524978057307676,
    15.524977894540047,
    15.524977496722446,
    15.524976964508419,
    15.524974954314569,
    15.52493334794189,
    15.52460489514764,
    15.522504275210265,
    15.526884365841315,
    15.525245695074101,
    15.525021968274158,
    15.524982941554958,
    15.524978909283004,
    15.524978758710255,
    15.52497789919519,
    15.524971926883465,
    15.524984954387296,
    15.524979533886231,
    15.524979008114128,
    15.524977849859608,
    15.52497771876601,
    15.524961681006555,
