{
  "gpu": false,
  "device": "hybrid",
  "infile": "../matrix/fgcr_check3_4096_dble_csr.dat",
  "matfile": null,
  "k": 0.0,
  "kc": 0.0,
  "reordering": false,
  "preconditioning": true,
  "vol": 4096,
  "dim": 49152,
  "lattice": "8x8x8x8",
  "blk_dim": 12288,
  "bs": "8x8x4x4",
  "res": 1e-06,
  "tol": 0.0003135346870762468,
  "nmx": 417,
  "nkv": 7,
  "nmr": 4,
  "ncy": 6,
  "sdtype": "float64",
  "ddtype": "float64",
  "cdtype": "float64",
  "rn": [
    15.45317433172023,
    4.982237608192839,
    1.495612896249163,
    0.4693367972228786,
    0.14118641410462596,
    0.042401976823552366,
    0.012549146661264932,
    0.012549146661265206,
    0.004127153805594126,
    0.0013578637877460701,
    0.000441503706700612,
    0.000134558094522072,
    0.00013455809452181858
  ],
  "i": [
    0,
    1,
    2,
    3,
    4,
    5,
    6,
    7,
    8,
    9,
    10,
    11,
    12
  ],
  "reset": [
    7,
    12
  ],
  "duration": [
    2.07330060005188,
    2.0725042819976807,
    2.0770370960235596,
    2.0761172771453857,
    2.0740184783935547,
    2.0720787048339844,
    2.0734505653381348,
    2.0742805004119873,
    2.07306170463562,
    2.0777151584625244,
    2.0732192993164062,
    2.0713112354278564,
    2.0770227909088135,
    2.06996750831604,
    2.0762908458709717,
    2.0745975971221924,
    2.0723726749420166,
    2.0736002922058105,
    2.0709750652313232,
    2.0709774494171143
  ],
  "status": 11
}