{
  "gpu": false,
  "device": "hybrid",
  "infile": "../matrix/cgne_init_65536_dble_csr.dat",
  "matfile": null,
  "k": 0.0,
  "kc": 0.0,
  "reordering": false,
  "preconditioning": true,
  "vol": 65536,
  "dim": 786432,
  "lattice": "16x16x16x16",
  "blk_dim": 12288,
  "bs": "8x8x4x4",
  "res": 1e-06,
  "tol": 0.0012541387482794752,
  "nmx": 313,
  "nkv": 7,
  "nmr": 4,
  "ncy": 8,
  "sdtype": "float32",
  "ddtype": "float64",
  "cdtype": "float64",
  "rn": [
    224.63586350092652,
    47.468594009292936,
    9.068368521641126,
    2.023772202354948,
    0.38487497969344314,
    0.08245293830723965,
    0.0159665133106558,
    0.015968226128446675,
    0.0034029313740703243,
    0.0006582904311114148,
    0.0006582904339617425
  ],
  "i": [
    0,
    1,
    2,
    3,
    4,
    5,
    6,
    7,
    8,
    9,
    10
  ],
  "reset": [
    7,
    10
  ],
  "duration": [
    18.707929611206055,
    18.689217805862427,
    18.69291925430298,
    18.651222944259644,
    18.613929986953735,
    18.660640001296997,
    18.644763946533203,
    18.73144507408142,
    18.67510151863098,
    18.70961618423462,
    18.642434120178223,
    18.677849292755127,
    18.64608597755432,
    18.676048040390015,
    18.632120847702026,
    18.68990206718445,
    18.64118528366089,
    18.683359622955322,
    18.634987354278564,
    18.69485902786255
  ],
  "status": 9
}