{
  "gpu": true,
  "device": "gpu",
  "infile": "../matrix/cgne_init_4096_dble_csr.dat",
  "matfile": "../matrix/conf6_0-8x8-30/conf6.0-00l8x8-3000.mtx",
  "k": 0.05,
  "kc": 0.15649,
  "reordering": true,
  "preconditioning": true,
  "vol": 4096,
  "dim": 49152,
  "lattice": "8x8x8x8",
  "blk_dim": 3072,
  "bs": "4x4x4x4",
  "res": 1e-06,
  "tol": 0.00031353468703945405,
  "nmx": 125,
  "nkv": 7,
  "nmr": 4,
  "ncy": 20,
  "sdtype": "float32",
  "ddtype": "float64",
  "cdtype": "float32",
  "rn": [
    3.35186617400164e-05,
    5.0708883043341766e-05
  ],
  "i": [
    0,
    1
  ],
  "reset": [
    1
  ],
  "duration": [
    0.46289730072021484,
    0.46090269088745117,
    0.46356630325317383,
    0.454087495803833,
    0.4691317081451416,
    0.46521997451782227,
    0.461761474609375,
    0.45729994773864746,
    0.4506876468658447,
    0.45890283584594727,
    0.4540214538574219,
    0.4526941776275635,
    0.4569437503814697,
    0.45740699768066406,
    0.4656498432159424,
    0.46488285064697266,
    0.46463918685913086,
    0.46180129051208496,
    0.46170687675476074,
    0.45313310623168945
  ],
  "status": 1
}