{
  "gpu": false,
  "infile": "../matrix/cgne_init_4096_dble_csr.dat",
  "matfile": null,
  "k": 0.0,
  "kc": 0.0,
  "reordering": false,
  "preconditioning": true,
  "vol": 4096,
  "dim": 49152,
  "lattice": "8x8x8x8",
  "blk_dim": 12288,
  "bs": "8x8x4x4",
  "res": 1e-06,
  "tol": 0.0003135346870547978,
  "nmx": 250,
  "nkv": 7,
  "nmr": 10,
  "ncy": 4,
  "sdtype": "float32",
  "ddtype": "float64",
  "cdtype": "float64",
  "rn": [
    55.75766411219873,
    36.922756090114994,
    24.590447596499455,
    15.295356780230117,
    10.23424215874067,
    6.595516768820757,
    4.3480897336151925,
    4.348089810573004,
    2.9922093698614556,
    1.887614733209971,
    1.2522266415693273,
    0.7922696177058121,
    0.5255594424451524,
    0.33566399829220106,
    0.2196839294750862,
    0.2196839301707183,
    0.14953098642454704,
    0.08992741272043049,
    0.056211388049830405,
    0.03545762137079364,
    0.02324410496268065,
    0.014811730422564666,
    0.009852850549773848,
    0.00985285063044845,
    0.006808982846246243,
    0.004385058736926766,
    0.002874004818782012,
    0.001842445140959676,
    0.0012319066681775199,
    0.0007968510534675446,
    0.0005321229308583512,
    0.0005321229550765142,
    0.0003642193297013125,
    0.0002298301643316275,
    0.00022983016372090997
  ],
  "i": [
    0,
    1,
    2,
    3,
    4,
    5,
    6,
    7,
    8,
    9,
    10,
    11,
    12,
    13,
    14,
    15,
    16,
    17,
    18,
    19,
    20,
    21,
    22,
    23,
    24,
    25,
    26,
    27,
    28,
    29,
    30,
    31,
    32,
    33,
    34
  ],
  "reset": [
    7,
    15,
    23,
    31,
    34
  ],
  "duration": [
    4.036397933959961,
    4.036207437515259,
    4.034157752990723,
    4.031481504440308,
    4.038495063781738,
    4.047359943389893,
    4.059070348739624,
    4.056732892990112,
    4.056052207946777,
    4.048381567001343,
    4.046515703201294,
    4.054490089416504,
    4.051863670349121,
    4.05224084854126,
    4.051800727844238,
    4.057471036911011,
    4.043895721435547,
    4.049698352813721,
    4.059691905975342,
    4.051953315734863
  ],
  "status": 30
}