{
  "gpu": false,
  "device": "cpu",
  "infile": "../matrix/cgne_init_4096_dble_csr.dat",
  "matfile": "../matrix/conf6_0-8x8-20/conf6_0-8x8-20.mtx",
  "k": 0.15,
  "kc": 0.15717,
  "reordering": true,
  "preconditioning": true,
  "vol": 4096,
  "dim": 49152,
  "lattice": "8x8x8x8",
  "blk_dim": 12288,
  "bs": "8x8x4x4",
  "res": 1e-06,
  "tol": 0.0003135346870762468,
  "nmx": 417,
  "nkv": 7,
  "nmr": 6,
  "ncy": 4,
  "sdtype": "float64",
  "ddtype": "float64",
  "cdtype": "float64",
  "rn": [
    7.26781209872631,
    1.2256472810085295,
    0.24340403593148383,
    0.04681484080854803,
    0.009976412721151889,
    0.002092150930717299,
    0.00043753613136264123,
    0.000437536131362558,
    9.857440753763249e-05,
    9.857440753749554e-05
  ],
  "i": [
    0,
    1,
    2,
    3,
    4,
    5,
    6,
    7,
    8,
    9
  ],
  "reset": [
    7,
    9
  ],
  "duration": [
    2.5917298793792725,
    2.3964121341705322,
    2.4916040897369385,
    2.625497579574585,
    2.680692195892334,
    2.602509021759033,
    2.620391845703125,
    2.4161267280578613,
    2.557922840118408,
    2.4738199710845947,
    2.4661149978637695,
    2.373798131942749,
    2.428602457046509,
    2.746161460876465,
    2.353773355484009,
    2.4961934089660645,
    2.526606798171997,
    2.4548518657684326,
    2.4502086639404297,
    2.2484869956970215
  ],
  "status": 8
}