{
  "gpu": false,
  "infile": "../matrix/cgne_init_4096_dble_csr.dat",
  "matfile": null,
  "k": 0.0,
  "kc": 0.0,
  "reordering": false,
  "preconditioning": true,
  "vol": 4096,
  "dim": 49152,
  "lattice": "8x8x8x8",
  "blk_dim": 6144,
  "bs": "8x4x4x4",
  "res": 1e-06,
  "tol": 0.0003135346870762468,
  "nmx": 500,
  "nkv": 7,
  "nmr": 4,
  "ncy": 5,
  "sdtype": "float64",
  "ddtype": "float64",
  "cdtype": "float64",
  "rn": [
    100.09744213516859,
    48.357090229428174,
    25.848866372415905,
    13.679204692824385,
    7.369225947971094,
    3.9856607535852198,
    2.1587162826718984,
    2.158716282671897,
    1.238803513531675,
    0.6911566842997898,
    0.3897252191201942,
    0.20862486142575679,
    0.11540088095169275,
    0.06167315845498135,
    0.03277283315584597,
    0.03277283315584644,
    0.018881501143816506,
    0.01041745019539222,
    0.0058477147075332555,
    0.003151881212594853,
    0.0017653255651028045,
    0.000976666121204247,
    0.0005468675368211475,
    0.0005468675368208505,
    0.00031516110793978526,
    0.00017514772644887147,
    0.00017514772644921308
  ],
  "i": [
    0,
    1,
    2,
    3,
    4,
    5,
    6,
    7,
    8,
    9,
    10,
    11,
    12,
    13,
    14,
    15,
    16,
    17,
    18,
    19,
    20,
    21,
    22,
    23,
    24,
    25,
    26
  ],
  "reset": [
    7,
    15,
    23,
    26
  ],
  "duration": 2.6670963764190674,
  "status": 23
}