{
  "gpu": false,
  "device": "cpu",
  "infile": "../matrix/fgcr_check3_4096_dble_csr.dat",
  "matfile": null,
  "k": 0.0,
  "kc": 0.0,
  "reordering": false,
  "preconditioning": true,
  "vol": 4096,
  "dim": 49152,
  "lattice": "8x8x8x8",
  "blk_dim": 24576,
  "bs": "8x8x8x4",
  "res": 1e-06,
  "tol": 0.00031353468710831124,
  "nmx": 250,
  "nkv": 7,
  "nmr": 10,
  "ncy": 4,
  "sdtype": "float32",
  "ddtype": "float64",
  "cdtype": "float64",
  "rn": [
    25.649395176304647,
    5.2089789665715305,
    1.4500791920027833,
    0.3711101791278698,
    0.09332130991077424,
    0.024398172894346915,
    0.005978729633083334,
    0.005979147186118749,
    0.0017440822292786083,
    0.0005780230522947679,
    0.0001287884604984217,
    0.00012878845413946818
  ],
  "i": [
    0,
    1,
    2,
    3,
    4,
    5,
    6,
    7,
    8,
    9,
    10,
    11
  ],
  "reset": [
    7,
    11
  ],
  "duration": [
    2.3771255016326904,
    2.37589168548584,
    2.3769803047180176,
    2.3780860900878906,
    2.378113269805908,
    2.3757317066192627,
    2.377833604812622,
    2.3743903636932373,
    2.3811514377593994,
    2.3752975463867188,
    2.376540184020996,
    2.3740358352661133,
    2.3791725635528564,
    2.374569892883301,
    2.3747119903564453,
    2.3797197341918945,
    2.375896453857422,
    2.3776752948760986,
    2.374917984008789,
    2.3753914833068848
  ],
  "status": 10
}