{
  "gpu": false,
  "device": "cpu",
  "infile": "../matrix/cgne_init_65536_dble_csr.dat",
  "matfile": null,
  "k": 0.0,
  "kc": 0.0,
  "reordering": false,
  "preconditioning": true,
  "vol": 65536,
  "dim": 786048,
  "lattice": "16x16x16x16",
  "blk_dim": 98256,
  "bs": "16x8x8x8",
  "res": 1e-06,
  "tol": 0.0012541387482794752,
  "nmx": 313,
  "nkv": 7,
  "nmr": 4,
  "ncy": 8,
  "sdtype": "float32",
  "ddtype": "float64",
  "cdtype": "float32",
  "rn": [
    224.92719284908173,
    47.57591648286033,
    9.09381551598921,
    2.0303898603669848,
    0.3764047420484055,
    0.07796749296752217,
    0.014754895958014979,
    0.014760202494858335,
    0.0031414425823769487,
    0.0006102964771537236,
    0.0006102964713610081
  ],
  "i": [
    0,
    1,
    2,
    3,
    4,
    5,
    6,
    7,
    8,
    9,
    10
  ],
  "reset": [
    7,
    10
  ],
  "duration": [
    20.49373459815979,
    20.595102310180664,
    20.494937658309937,
    20.542319536209106,
    20.532153129577637,
    20.521666526794434,
    20.52196717262268,
    20.514427661895752,
    20.524017333984375,
    20.552075386047363,
    20.550870656967163,
    20.503588438034058,
    20.497790336608887,
    20.465543031692505,
    20.51636266708374,
    20.603537797927856,
    20.515902996063232,
    20.514381885528564,
    20.58615016937256,
    20.514770984649658
  ],
  "status": 9
}