{
  "gpu": false,
  "device": "hybrid",
  "infile": "../matrix/cgne_init_4096_dble_csr.dat",
  "matfile": "../matrix/conf6_0-8x8-20/conf6_0-8x8-20.mtx",
  "k": 0.15717,
  "kc": 0.15717,
  "reordering": true,
  "preconditioning": true,
  "vol": 4096,
  "dim": 49152,
  "lattice": "8x8x8x8",
  "blk_dim": 6144,
  "bs": "8x4x4x4",
  "res": 1e-06,
  "tol": 0.0003135346870547978,
  "nmx": 417,
  "nkv": 7,
  "nmr": 6,
  "ncy": 4,
  "sdtype": "float32",
  "ddtype": "float64",
  "cdtype": "float32",
  "rn": [
    26.857028587539062,
    12.745924498728078,
    7.031663171322677,
    4.18909089667495,
    2.533967426802444,
    1.61759777435139,
    1.0300152366645292,
    1.0300152743727082,
    0.6729921401072656,
    0.41766759447583457,
    0.2563276323540164,
    0.16344979045857935,
    0.10141675874349665,
    0.056520450788591324,
    0.03237038836187148,
    0.03237038860267874,
    0.019423291300805442,
    0.011507005006479349,
    0.006977085028114666,
    0.004334878773844332,
    0.002764288414869085,
    0.0018159930777886541,
    0.0011516918593862777,
    0.0011516918604644114,
    0.0007601853418419471,
    0.0004748706331678019,
    0.00029392897388596124,
    0.000293928976264762
  ],
  "i": [
    0,
    1,
    2,
    3,
    4,
    5,
    6,
    7,
    8,
    9,
    10,
    11,
    12,
    13,
    14,
    15,
    16,
    17,
    18,
    19,
    20,
    21,
    22,
    23,
    24,
    25,
    26,
    27
  ],
  "reset": [
    7,
    15,
    23,
    27
  ],
  "duration": [
    2.9728291034698486,
    2.9792871475219727,
    2.973878860473633,
    2.9736287593841553,
    2.973327875137329,
    2.971189022064209,
    2.973541498184204,
    2.971040964126587,
    2.970104932785034,
    2.9766225814819336,
    2.9765541553497314,
    2.976864814758301,
    2.971776008605957,
    2.9734444618225098,
    2.9713661670684814,
    2.9759838581085205,
    2.970332145690918,
    2.9711320400238037,
    2.97180438041687,
    2.9734132289886475
  ],
  "status": 24
}