{
  "gpu": false,
  "device": "hybrid",
  "infile": "../matrix/cgne_init_4096_dble_csr.dat",
  "matfile": "../matrix/conf6_0-8x8-30/conf6.0-00l8x8-3000.mtx",
  "k": 0.05,
  "kc": 0.15649,
  "reordering": true,
  "preconditioning": true,
  "vol": 4096,
  "dim": 49152,
  "lattice": "8x8x8x8",
  "blk_dim": 12288,
  "bs": "8x8x4x4",
  "res": 1e-06,
  "tol": 0.0003135346870547978,
  "nmx": 417,
  "nkv": 7,
  "nmr": 12,
  "ncy": 2,
  "sdtype": "float32",
  "ddtype": "float64",
  "cdtype": "float64",
  "rn": [
    0.004747797001869934,
    1.0077521806488576e-05,
    4.0901992151548e-05
  ],
  "i": [
    0,
    1,
    2
  ],
  "reset": [
    2
  ],
  "duration": [
    0.132828950881958,
    0.1334686279296875,
    0.1326899528503418,
    0.1340653896331787,
    0.1327970027923584,
    0.13226771354675293,
    0.13339591026306152,
    0.13291049003601074,
    0.13330698013305664,
    0.1326456069946289,
    0.13287997245788574,
    0.13321638107299805,
    0.1331493854522705,
    0.13297009468078613,
    0.13255858421325684,
    0.13182854652404785,
    0.1326141357421875,
    0.13244152069091797,
    0.13255691528320312,
    0.13270306587219238
  ],
  "status": 2
}