{
  "gpu": false,
  "device": "hybrid",
  "infile": "../matrix/cgne_init_4096_dble_csr.dat",
  "matfile": "../matrix/conf6_0-8x8-20/conf6_0-8x8-20.mtx",
  "k": 0.15717,
  "kc": 0.15717,
  "reordering": true,
  "preconditioning": true,
  "vol": 4096,
  "dim": 49152,
  "lattice": "8x8x8x8",
  "blk_dim": 12288,
  "bs": "8x8x4x4",
  "res": 1e-06,
  "tol": 0.0003135346870547978,
  "nmx": 417,
  "nkv": 7,
  "nmr": 12,
  "ncy": 2,
  "sdtype": "float32",
  "ddtype": "float64",
  "cdtype": "float64",
  "rn": [
    35.851793279806756,
    19.472465613387932,
    11.485749297895737,
    7.706777785724376,
    5.105407433340689,
    3.5607357742429544,
    2.4694225386760262,
    2.4694224933926168,
    1.7404156799140402,
    1.2103266392415148,
    0.8604206563223797,
    0.6003549729232112,
    0.3982659764879742,
    0.26801952408492524,
    0.1667660370266557,
    0.16676603897929285,
    0.10888867100609813,
    0.0694422816080613,
    0.04286226473515988,
    0.026820031650526363,
    0.018626550885839612,
    0.012475745270824502,
    0.008917770720999165,
    0.008917770616345863,
    0.006517534336974067,
    0.004478875121966695,
    0.0029973154631641533,
    0.0019936171588323063,
    0.0012579053894367581,
    0.000836349145519138,
    0.0005445538804778365,
    0.0005445538745373354,
    0.0003768702174263018,
    0.00026200778955844025,
    0.00026200778750977655
  ],
  "i": [
    0,
    1,
    2,
    3,
    4,
    5,
    6,
    7,
    8,
    9,
    10,
    11,
    12,
    13,
    14,
    15,
    16,
    17,
    18,
    19,
    20,
    21,
    22,
    23,
    24,
    25,
    26,
    27,
    28,
    29,
    30,
    31,
    32,
    33,
    34
  ],
  "reset": [
    7,
    15,
    23,
    31,
    34
  ],
  "duration": [
    1.8864917755126953,
    1.8844897747039795,
    1.8842597007751465,
    1.887279987335205,
    1.8855400085449219,
    1.8825831413269043,
    1.8819901943206787,
    1.8729920387268066,
    1.8730053901672363,
    1.878983736038208,
    1.8728947639465332,
    1.8755362033843994,
    1.8822963237762451,
    1.871427297592163,
    1.8716135025024414,
    1.8726048469543457,
    1.86860990524292,
    1.8695635795593262,
    1.872126817703247,
    1.8687050342559814
  ],
  "status": 30
}