{
  "gpu": false,
  "device": "hybrid",
  "infile": "../matrix/cgne_init_4096_dble_csr.dat",
  "matfile": null,
  "k": 0.0,
  "kc": 0.0,
  "reordering": false,
  "preconditioning": true,
  "vol": 4096,
  "dim": 49152,
  "lattice": "8x8x8x8",
  "blk_dim": 6144,
  "bs": "8x4x4x4",
  "res": 1e-06,
  "tol": 0.0003135346870547978,
  "nmx": 125,
  "nkv": 7,
  "nmr": 20,
  "ncy": 4,
  "sdtype": "float32",
  "ddtype": "float64",
  "cdtype": "float64",
  "rn": [
    9.642157869245313,
    1.534136949908483,
    0.3989371087563883,
    0.08181548598182153,
    0.018975443343911314,
    0.004549607791890283,
    0.0010291300829251152,
    0.0010311748962201148,
    0.0002954193246562091,
    0.0002954193236400358
  ],
  "i": [
    0,
    1,
    2,
    3,
    4,
    5,
    6,
    7,
    8,
    9
  ],
  "reset": [
    7,
    9
  ],
  "duration": [
    2.8487250804901123,
    2.8510076999664307,
    2.849428415298462,
    2.8503329753875732,
    2.8529434204101562,
    2.8476195335388184,
    2.847738027572632,
    2.8483054637908936,
    2.8443164825439453,
    2.8377485275268555,
    2.8389782905578613,
    2.837021589279175,
    2.8361756801605225,
    2.8376059532165527,
    2.838390588760376,
    2.838047504425049,
    2.8400070667266846,
    2.838991403579712,
    2.8338701725006104,
    2.838165283203125
  ],
  "status": 8
}