{
  "gpu": true,
  "infile": "../matrix/cgne_init_65536_dble_csr.dat",
  "matfile": null,
  "k": 0.0,
  "kc": 0.0,
  "reordering": false,
  "preconditioning": true,
  "vol": 65536,
  "dim": 786048,
  "lattice": "16x16x16x16",
  "blk_dim": 393024,
  "bs": "16x16x16x8",
  "res": 1e-06,
  "tol": 0.0012541387483049871,
  "nmx": 1250,
  "nkv": 7,
  "nmr": 4,
  "ncy": 2,
  "sdtype": "float64",
  "ddtype": "float64",
  "cdtype": "float64",
  "rn": [
    723.2311668889404,
    405.1069578101372,
    206.35773764169744,
    99.45862161109453,
    47.53564734281162,
    22.584578859895124,
    10.828595235339575,
    10.828595235339575,
    6.486884446043354,
    2.7608466566098615,
    1.2950813649860444,
    0.5993196277557007,
    0.29153564461354764,
    0.14194253364131054,
    0.06616219560136599,
    0.06616219560136574,
    0.038868053284028696,
    0.017725293489583967,
    0.007473690017600011,
    0.003602725493928499,
    0.0018784936268774729,
    0.0009694204748668809,
    0.0009694204748662796
  ],
  "i": [
    0,
    1,
    2,
    3,
    4,
    5,
    6,
    7,
    8,
    9,
    10,
    11,
    12,
    13,
    14,
    15,
    16,
    17,
    18,
    19,
    20,
    21,
    22
  ],
  "reset": [
    7,
    15,
    22
  ],
  "duration": 1.690307378768921,
  "status": 20
}