{
  "gpu": false,
  "infile": "../matrix/cgne_init_4096_dble_csr.dat",
  "matfile": null,
  "k": 0.0,
  "kc": 0.0,
  "reordering": false,
  "preconditioning": true,
  "vol": 4096,
  "dim": 49152,
  "lattice": "8x8x8x8",
  "blk_dim": 24576,
  "bs": "8x8x8x4",
  "res": 1e-06,
  "tol": 0.0003135346870547978,
  "nmx": 500,
  "nkv": 7,
  "nmr": 4,
  "ncy": 5,
  "sdtype": "float32",
  "ddtype": "float64",
  "cdtype": "float32",
  "rn": [
    100.24555215546391,
    48.53598623234883,
    26.038807157866348,
    13.835911803517408,
    7.52424309348987,
    4.140361327159483,
    2.2875342164880292,
    2.2875342793776405,
    1.3335853399400348,
    0.747101398254734,
    0.4235659257085017,
    0.22827015754137364,
    0.12766146715515533,
    0.06873194561178958,
    0.03683970263693111,
    0.03683970280791951,
    0.021556737654589472,
    0.012046887122524068,
    0.006825257021681976,
    0.0036824028499893306,
    0.0020611977468841095,
    0.0011417635577480132,
    0.0006510964662520212,
    0.0006510965062237343,
    0.00038277931365296084,
    0.0002143682623360489,
    0.0002143682622131685
  ],
  "i": [
    0,
    1,
    2,
    3,
    4,
    5,
    6,
    7,
    8,
    9,
    10,
    11,
    12,
    13,
    14,
    15,
    16,
    17,
    18,
    19,
    20,
    21,
    22,
    23,
    24,
    25,
    26
  ],
  "reset": [
    7,
    15,
    23,
    26
  ],
  "duration": 2.1010468006134033,
  "status": 23
}