{
  "gpu": true,
  "device": "gpu",
  "infile": "../matrix/cgne_init_4096_dble_csr.dat",
  "matfile": "../matrix/conf6_0-8x8-20/conf6_0-8x8-20.mtx",
  "k": 0.15,
  "kc": 0.15717,
  "reordering": true,
  "preconditioning": true,
  "vol": 4096,
  "dim": 49152,
  "lattice": "8x8x8x8",
  "blk_dim": 3072,
  "bs": "4x4x4x4",
  "res": 1e-06,
  "tol": 0.0003135346870762468,
  "nmx": 125,
  "nkv": 7,
  "nmr": 4,
  "ncy": 20,
  "sdtype": "float64",
  "ddtype": "float64",
  "cdtype": "float64",
  "rn": [
    0.25146433554001185,
    0.003106901050243735,
    4.1755081994604455e-05,
    4.175508199385423e-05
  ],
  "i": [
    0,
    1,
    2,
    3
  ],
  "reset": [
    3
  ],
  "duration": [
    2.197464942932129,
    2.0188519954681396,
    2.0225253105163574,
    2.026860475540161,
    2.036402940750122,
    2.020458698272705,
    2.0285627841949463,
    2.0070462226867676,
    2.029944896697998,
    2.0138261318206787,
    2.029698133468628,
    2.0241360664367676,
    2.0391290187835693,
    2.0296170711517334,
    2.041032314300537,
    2.018280506134033,
    2.0265872478485107,
    2.0243844985961914,
    2.025463342666626,
    2.004251718521118
  ],
  "status": 3
}