{
  "gpu": false,
  "device": "hybrid",
  "infile": "../matrix/fgcr_check3_4096_dble_csr.dat",
  "matfile": null,
  "k": 0.0,
  "kc": 0.0,
  "reordering": false,
  "preconditioning": true,
  "vol": 4096,
  "dim": 49152,
  "lattice": "8x8x8x8",
  "blk_dim": 6144,
  "bs": "8x4x4x4",
  "res": 1e-06,
  "tol": 0.00031353468710831124,
  "nmx": 2500,
  "nkv": 7,
  "nmr": 4,
  "ncy": 1,
  "sdtype": "float32",
  "ddtype": "float64",
  "cdtype": "float32",
  "rn": [
    131.17221785367892,
    58.63867545770475,
    31.77508839209662,
    19.43933748535937,
    11.589828796166884,
    7.195336717882958,
    4.341728774121189,
    4.341728602938957,
    3.141061930369879,
    2.1515080604954564,
    1.2972215112799708,
    0.7775566984601638,
    0.4738038596256679,
    0.25142625926640816,
    0.15701353622888375,
    0.15701352931053364,
    0.11870022889749549,
    0.07972009743679338,
    0.04598280149763021,
    0.026471426082557398,
    0.016341849453749564,
    0.009985201241680022,
    0.006821641950428052,
    0.0068216417347793466,
    0.005170834881264023,
    0.0035517924106874986,
    0.0021058546150720023,
    0.0012433603423783388,
    0.0007653501039193728,
    0.0004790270469880352,
    0.0003408384043299635,
    0.0003408383987005291,
    0.00025876278083093116,
    0.00025876278073702505
  ],
  "i": [
    0,
    1,
    2,
    3,
    4,
    5,
    6,
    7,
    8,
    9,
    10,
    11,
    12,
    13,
    14,
    15,
    16,
    17,
    18,
    19,
    20,
    21,
    22,
    23,
    24,
    25,
    26,
    27,
    28,
    29,
    30,
    31,
    32,
    33
  ],
  "reset": [
    7,
    15,
    23,
    31,
    33
  ],
  "duration": [
    1.710540533065796,
    1.7131028175354004,
    1.714097023010254,
    1.714629888534546,
    1.7107033729553223,
    1.7102534770965576,
    1.7106685638427734,
    1.7110707759857178,
    1.7104604244232178,
    1.7141666412353516,
    1.7085554599761963,
    1.710754156112671,
    1.709545373916626,
    1.7090890407562256,
    1.7087712287902832,
    1.7107043266296387,
    1.7015929222106934,
    1.7017476558685303,
    1.701913595199585,
    1.7017695903778076
  ],
  "status": 29
}