{
  "gpu": false,
  "device": "hybrid",
  "infile": "../matrix/cgne_init_4096_dble_csr.dat",
  "matfile": null,
  "k": 0.0,
  "kc": 0.0,
  "reordering": false,
  "preconditioning": true,
  "vol": 4096,
  "dim": 49152,
  "lattice": "8x8x8x8",
  "blk_dim": 24576,
  "bs": "8x8x8x4",
  "res": 1e-06,
  "tol": 0.0003135346870547978,
  "nmx": 250,
  "nkv": 7,
  "nmr": 10,
  "ncy": 4,
  "sdtype": "float32",
  "ddtype": "float64",
  "cdtype": "float32",
  "rn": [
    55.80318123677524,
    37.03964892912823,
    24.677618782949853,
    15.369388059120357,
    10.30851990274528,
    6.652977125327024,
    4.395559812461228,
    4.395559427971165,
    3.0256191130684864,
    1.9095617586444362,
    1.2646729680815538,
    0.8018435586482849,
    0.5316201428390469,
    0.3393941659611849,
    0.22245152601476892,
    0.22245152555974437,
    0.15273180578253004,
    0.09507992097005778,
    0.06189404798026272,
    0.039488040937011436,
    0.026246920484208784,
    0.016816763522692752,
    0.011231096974192938,
    0.01123109671909717,
    0.007804329273392948,
    0.005041616030630162,
    0.003338747984578897,
    0.0021538083113927346,
    0.0014398112080488373,
    0.0009291920953627019,
    0.0006230148469490641,
    0.0006230148237759986,
    0.0004293801622356247,
    0.00027127419330933735,
    0.00027127419278956546
  ],
  "i": [
    0,
    1,
    2,
    3,
    4,
    5,
    6,
    7,
    8,
    9,
    10,
    11,
    12,
    13,
    14,
    15,
    16,
    17,
    18,
    19,
    20,
    21,
    22,
    23,
    24,
    25,
    26,
    27,
    28,
    29,
    30,
    31,
    32,
    33,
    34
  ],
  "reset": [
    7,
    15,
    23,
    31,
    34
  ],
  "duration": [
    2.9232828617095947,
    2.922178030014038,
    2.9194624423980713,
    2.91971755027771,
    2.915708541870117,
    2.9232699871063232,
    2.9221084117889404,
    2.9190173149108887,
    2.914992570877075,
    2.9125008583068848,
    2.9086315631866455,
    2.909364700317383,
    2.9084677696228027,
    2.9088447093963623,
    2.909651756286621,
    2.9133338928222656,
    2.907480478286743,
    2.9050331115722656,
    2.907341957092285,
    2.9072659015655518
  ],
  "status": 30
}