{
  "gpu": false,
  "device": "hybrid",
  "infile": "../matrix/cgne_init_4096_dble_csr.dat",
  "matfile": "../matrix/conf6_0-8x8-30/conf6.0-00l8x8-3000.mtx",
  "k": 0.05,
  "kc": 0.15649,
  "reordering": true,
  "preconditioning": true,
  "vol": 4096,
  "dim": 49152,
  "lattice": "8x8x8x8",
  "blk_dim": 3072,
  "bs": "4x4x4x4",
  "res": 1e-06,
  "tol": 0.0003135346870762468,
  "nmx": 125,
  "nkv": 7,
  "nmr": 20,
  "ncy": 4,
  "sdtype": "float64",
  "ddtype": "float64",
  "cdtype": "float64",
  "rn": [
    9.802578365855741e-05,
    9.802578365886231e-05
  ],
  "i": [
    0,
    1
  ],
  "reset": [
    1
  ],
  "duration": [
    0.6492102146148682,
    0.6503851413726807,
    0.6484146118164062,
    0.6518027782440186,
    0.6513783931732178,
    0.6468911170959473,
    0.6449613571166992,
    0.6528961658477783,
    0.6420469284057617,
    0.6477358341217041,
    0.6445200443267822,
    0.6490044593811035,
    0.6390407085418701,
    0.6455504894256592,
    0.6522114276885986,
    0.648338794708252,
    0.6546719074249268,
    0.6533277034759521,
    0.6459543704986572,
    0.643068790435791
  ],
  "status": 1
}