{
  "gpu": false,
  "device": "hybrid",
  "infile": "../matrix/fgcr_check3_4096_dble_csr.dat",
  "matfile": null,
  "k": 0.0,
  "kc": 0.0,
  "reordering": false,
  "preconditioning": true,
  "vol": 4096,
  "dim": 49152,
  "lattice": "8x8x8x8",
  "blk_dim": 6144,
  "bs": "8x4x4x4",
  "res": 1e-06,
  "tol": 0.0003135346870762468,
  "nmx": 417,
  "nkv": 7,
  "nmr": 6,
  "ncy": 4,
  "sdtype": "float64",
  "ddtype": "float64",
  "cdtype": "float64",
  "rn": [
    24.595777059820907,
    4.830575640465569,
    1.3047156309805996,
    0.3209631933823168,
    0.07858461806165222,
    0.019928208596870577,
    0.0046801975506909595,
    0.004680197550691413,
    0.0013219764363566662,
    0.0004233164624052389,
    9.103561346044359e-05,
    9.103561345965364e-05
  ],
  "i": [
    0,
    1,
    2,
    3,
    4,
    5,
    6,
    7,
    8,
    9,
    10,
    11
  ],
  "reset": [
    7,
    11
  ],
  "duration": [
    2.1151747703552246,
    2.1207337379455566,
    2.121610641479492,
    2.1214680671691895,
    2.1193666458129883,
    2.121500253677368,
    2.1180503368377686,
    2.1156210899353027,
    2.1165034770965576,
    2.116168975830078,
    2.1128203868865967,
    2.1101205348968506,
    2.1192522048950195,
    2.1120078563690186,
    2.1125240325927734,
    2.1113340854644775,
    2.1114325523376465,
    2.1126232147216797,
    2.1113767623901367,
    2.11603045463562
  ],
  "status": 10
}