{
  "gpu": false,
  "device": "cpu",
  "infile": "../matrix/cgne_init_65536_dble_csr.dat",
  "matfile": null,
  "k": 0.0,
  "kc": 0.0,
  "reordering": false,
  "preconditioning": true,
  "vol": 65536,
  "dim": 786048,
  "lattice": "16x16x16x16",
  "blk_dim": 12282,
  "bs": "8x8x4x4",
  "res": 1e-06,
  "tol": 0.0012541387482794752,
  "nmx": 313,
  "nkv": 7,
  "nmr": 4,
  "ncy": 8,
  "sdtype": "float32",
  "ddtype": "float64",
  "cdtype": "float64",
  "rn": [
    224.63586393031954,
    47.46859441207234,
    9.068369291625448,
    2.023771608330981,
    0.38487434927467,
    0.0824533486777635,
    0.015967057289891055,
    0.015969637601819516,
    0.003403576541587856,
    0.0006584772672129889,
    0.0006584772710959755
  ],
  "i": [
    0,
    1,
    2,
    3,
    4,
    5,
    6,
    7,
    8,
    9,
    10
  ],
  "reset": [
    7,
    10
  ],
  "duration": [
    23.666934728622437,
    23.67929744720459,
    23.6662118434906,
    23.581154346466064,
    23.692096948623657,
    23.611336708068848,
    23.61675000190735,
    23.584505558013916,
    23.651129722595215,
    23.570457696914673,
    23.575241327285767,
    23.594491243362427,
    23.63227605819702,
    23.531885385513306,
    23.580815315246582,
    23.60807704925537,
    23.63223123550415,
    23.58460545539856,
    23.604475736618042,
    23.64916443824768
  ],
  "status": 9
}