{
  "gpu": false,
  "device": "hybrid",
  "infile": "../matrix/cgne_init_4096_dble_csr.dat",
  "matfile": "../matrix/conf6_0-8x8-30/conf6.0-00l8x8-3000.mtx",
  "k": 0.15649,
  "kc": 0.15649,
  "reordering": true,
  "preconditioning": true,
  "vol": 4096,
  "dim": 49152,
  "lattice": "8x8x8x8",
  "blk_dim": 6144,
  "bs": "8x4x4x4",
  "res": 1e-06,
  "tol": 0.0003135346870547978,
  "nmx": 417,
  "nkv": 7,
  "nmr": 4,
  "ncy": 6,
  "sdtype": "float32",
  "ddtype": "float64",
  "cdtype": "float64",
  "rn": [
    18.11220197341067,
    8.934561473297848,
    4.958079062500779,
    3.044973368139845,
    1.843686902377524,
    1.1232879642665703,
    0.7142179081095703,
    0.7142177955120664,
    0.4608872917653447,
    0.3108218490107167,
    0.20825479196733657,
    0.1202939197565902,
    0.0669256941165225,
    0.04110460092630063,
    0.02596003888989186,
    0.025960037426924265,
    0.016984616710166656,
    0.011496227112435031,
    0.007270622194255604,
    0.004609197155651687,
    0.0030485706567914563,
    0.0019679784853044984,
    0.0011541421446123945,
    0.0011541421018226496,
    0.0006914522363990331,
    0.0004389785140190951,
    0.00030897300138523723,
    0.0003089730032037178
  ],
  "i": [
    0,
    1,
    2,
    3,
    4,
    5,
    6,
    7,
    8,
    9,
    10,
    11,
    12,
    13,
    14,
    15,
    16,
    17,
    18,
    19,
    20,
    21,
    22,
    23,
    24,
    25,
    26,
    27
  ],
  "reset": [
    7,
    15,
    23,
    27
  ],
  "duration": [
    3.1934380531311035,
    3.204606056213379,
    3.2061517238616943,
    3.201901912689209,
    3.198413372039795,
    3.200101852416992,
    3.2035181522369385,
    3.2070913314819336,
    3.2094733715057373,
    3.211822986602783,
    3.2026424407958984,
    3.2063961029052734,
    3.202512502670288,
    3.205606460571289,
    3.2020339965820312,
    3.2056782245635986,
    3.2063443660736084,
    3.1986138820648193,
    3.2029876708984375,
    3.199774742126465
  ],
  "status": 24
}