{
  "gpu": false,
  "device": "hybrid",
  "infile": "../matrix/cgne_init_4096_dble_csr.dat",
  "matfile": "../matrix/conf6_0-8x8-30/conf6.0-00l8x8-3000.mtx",
  "k": 0.05,
  "kc": 0.15649,
  "reordering": true,
  "preconditioning": true,
  "vol": 4096,
  "dim": 49152,
  "lattice": "8x8x8x8",
  "blk_dim": 6144,
  "bs": "8x4x4x4",
  "res": 1e-06,
  "tol": 0.0003135346870762468,
  "nmx": 125,
  "nkv": 7,
  "nmr": 4,
  "ncy": 20,
  "sdtype": "float64",
  "ddtype": "float64",
  "cdtype": "float64",
  "rn": [
    2.1437303650901178e-14,
    9.877755182105283e-14
  ],
  "i": [
    0,
    1
  ],
  "reset": [
    1
  ],
  "duration": [
    0.3999810218811035,
    0.39925193786621094,
    0.3994746208190918,
    0.40177106857299805,
    0.4020802974700928,
    0.3997225761413574,
    0.39912891387939453,
    0.400510311126709,
    0.4003000259399414,
    0.4005255699157715,
    0.40036773681640625,
    0.400165319442749,
    0.4004676342010498,
    0.40128517150878906,
    0.40003180503845215,
    0.40040016174316406,
    0.4014277458190918,
    0.402754545211792,
    0.40037083625793457,
    0.3999781608581543
  ],
  "status": 1
}