{
  "gpu": false,
  "device": "cpu",
  "infile": "../matrix/fgcr_check3_4096_dble_csr.dat",
  "matfile": null,
  "k": 0.0,
  "kc": 0.0,
  "reordering": false,
  "preconditioning": true,
  "vol": 4096,
  "dim": 49152,
  "lattice": "8x8x8x8",
  "blk_dim": 12288,
  "bs": "8x8x4x4",
  "res": 1e-06,
  "tol": 0.00031353468710831124,
  "nmx": 250,
  "nkv": 7,
  "nmr": 4,
  "ncy": 10,
  "sdtype": "float32",
  "ddtype": "float64",
  "cdtype": "float32",
  "rn": [
    7.945887058745617,
    2.4202992014589824,
    0.7575001027753889,
    0.23400817949441102,
    0.07415955550511141,
    0.024949449082624867,
    0.008127132052817804,
    0.008127577639322382,
    0.002892413981345847,
    0.0010286277104127608,
    0.00033675342571581917,
    0.00010763533935291203,
    0.00010763542504343954
  ],
  "i": [
    0,
    1,
    2,
    3,
    4,
    5,
    6,
    7,
    8,
    9,
    10,
    11,
    12
  ],
  "reset": [
    7,
    12
  ],
  "duration": [
    3.9271023273468018,
    3.924013376235962,
    3.926151990890503,
    3.9171817302703857,
    3.927089214324951,
    3.9229016304016113,
    3.922961950302124,
    3.922820568084717,
    3.923389196395874,
    3.9183249473571777,
    3.922977924346924,
    3.9211628437042236,
    3.9199578762054443,
    3.92122483253479,
    3.9224581718444824,
    3.9178671836853027,
    3.9222967624664307,
    3.9223945140838623,
    3.9196083545684814,
    3.9217123985290527
  ],
  "status": 11
}