{
  "gpu": false,
  "device": "hybrid",
  "infile": "../matrix/cgne_init_4096_dble_csr.dat",
  "matfile": "../matrix/conf6_0-8x8-30/conf6.0-00l8x8-3000.mtx",
  "k": 0.05,
  "kc": 0.15649,
  "reordering": true,
  "preconditioning": true,
  "vol": 4096,
  "dim": 49152,
  "lattice": "8x8x8x8",
  "blk_dim": 12288,
  "bs": "8x8x4x4",
  "res": 1e-06,
  "tol": 0.0003135346870547978,
  "nmx": 417,
  "nkv": 7,
  "nmr": 4,
  "ncy": 6,
  "sdtype": "float32",
  "ddtype": "float64",
  "cdtype": "float64",
  "rn": [
    2.4165616637449632e-05,
    3.325151635901779e-05
  ],
  "i": [
    0,
    1
  ],
  "reset": [
    1
  ],
  "duration": [
    0.0814676284790039,
    0.0806882381439209,
    0.08092689514160156,
    0.0809624195098877,
    0.08085155487060547,
    0.08110618591308594,
    0.08118581771850586,
    0.0809326171875,
    0.08055496215820312,
    0.08101081848144531,
    0.08088088035583496,
    0.08124685287475586,
    0.08076953887939453,
    0.08130741119384766,
    0.08086776733398438,
    0.08074092864990234,
    0.08061814308166504,
    0.08116722106933594,
    0.08113455772399902,
    0.08067464828491211
  ],
  "status": 1
}