{
  "gpu": true,
  "device": "gpu",
  "infile": "../matrix/cgne_init_4096_dble_csr.dat",
  "matfile": null,
  "k": 0.0,
  "kc": 0.0,
  "reordering": false,
  "preconditioning": true,
  "vol": 4096,
  "dim": 49152,
  "lattice": "8x8x8x8",
  "blk_dim": 24576,
  "bs": "8x8x8x4",
  "res": 1e-06,
  "tol": 0.00031353468703945405,
  "nmx": 2500,
  "nkv": 7,
  "nmr": 0.5,
  "ncy": 0.5,
  "sdtype": "float32",
  "ddtype": "float64",
  "cdtype": "float32",
  "rn": [
    145.98874899614148,
    53.70000760503642,
    22.616366742971145,
    10.145084024061138,
    4.345405599267288,
    2.0647544981125363,
    0.9598436740445292,
    0.9598437394347181,
    0.47066333426185764,
    0.2321237328768162,
    0.11679664486902926,
    0.052021735480121005,
    0.02391325578154052,
    0.010783178165876608,
    0.005120635318136642,
    0.005120636081247617,
    0.002491526798957793,
    0.001221790783638138,
    0.0006215128444840443,
    0.00028343425078546905,
    0.0002834342474270015
  ],
  "i": [
    0,
    1,
    2,
    3,
    4,
    5,
    6,
    7,
    8,
    9,
    10,
    11,
    12,
    13,
    14,
    15,
    16,
    17,
    18,
    19,
    20
  ],
  "reset": [
    7,
    15,
    20
  ],
  "duration": [
    0.33165407180786133,
    0.13459300994873047,
    0.13111090660095215,
    0.14209890365600586,
    0.13472533226013184,
    0.13455772399902344,
    0.13450169563293457,
    0.1377267837524414,
    0.13478899002075195,
    0.13438677787780762,
    0.13468170166015625,
    0.13472604751586914,
    0.13295507431030273,
    0.13309001922607422,
    0.13607430458068848,
    0.1343979835510254,
    0.13263821601867676,
    0.12957549095153809,
    0.13022541999816895,
    0.1298220157623291
  ],
  "status": 18
}