{
  "gpu": false,
  "device": "cpu",
  "infile": "../matrix/cgne_init_4096_dble_csr.dat",
  "matfile": "../matrix/conf6_0-8x8-30/conf6.0-00l8x8-3000.mtx",
  "k": 0.05,
  "kc": 0.15649,
  "reordering": true,
  "preconditioning": true,
  "vol": 4096,
  "dim": 49152,
  "lattice": "8x8x8x8",
  "blk_dim": 12288,
  "bs": "8x8x4x4",
  "res": 1e-06,
  "tol": 0.0003135346870762468,
  "nmx": 2500,
  "nkv": 7,
  "nmr": 4,
  "ncy": 1,
  "sdtype": "float64",
  "ddtype": "float64",
  "cdtype": "float64",
  "rn": [
    16.031367663798214,
    0.05272579865780342,
    0.00029839683996539854,
    0.00029839683996566455
  ],
  "i": [
    0,
    1,
    2,
    3
  ],
  "reset": [
    3
  ],
  "duration": [
    0.15675091743469238,
    0.22316861152648926,
    0.14926505088806152,
    0.22830915451049805,
    0.13648724555969238,
    0.26275634765625,
    0.16530847549438477,
    0.19839000701904297,
    0.17740392684936523,
    0.18838167190551758,
    0.18593764305114746,
    0.19338560104370117,
    0.1886298656463623,
    0.17985177040100098,
    0.2581596374511719,
    0.12859487533569336,
    0.24416232109069824,
    0.13348054885864258,
    0.23081135749816895,
    0.2112281322479248
  ],
  "status": 3
}