{
  "gpu": false,
  "device": "cpu",
  "infile": "../matrix/cgne_init_4096_dble_csr.dat",
  "matfile": "../matrix/conf6_0-8x8-30/conf6.0-00l8x8-3000.mtx",
  "k": 0.15649,
  "kc": 0.15649,
  "reordering": true,
  "preconditioning": true,
  "vol": 4096,
  "dim": 49152,
  "lattice": "8x8x8x8",
  "blk_dim": 24576,
  "bs": "8x8x8x4",
  "res": 1e-06,
  "tol": 0.0003135346870547978,
  "nmx": 125,
  "nkv": 7,
  "nmr": 20,
  "ncy": 4,
  "sdtype": "float32",
  "ddtype": "float64",
  "cdtype": "float64",
  "rn": [
    21.0210539865277,
    12.299384542109344,
    6.293727778022004,
    2.8943852838867987,
    1.636823894713377,
    0.9137777553336291,
    0.4455257709573989,
    0.4455261246593774,
    0.27479241302446306,
    0.18573008653035636,
    0.10442035523173288,
    0.039253226719420505,
    0.02466112865923529,
    0.015621627562526441,
    0.007399148181652991,
    0.007399150360242323,
    0.004788901382146112,
    0.003555476561768795,
    0.0018146405347542753,
    0.0007816772863735265,
    0.0005362937042648033,
    0.000312126973534411,
    0.0003121269734799486
  ],
  "i": [
    0,
    1,
    2,
    3,
    4,
    5,
    6,
    7,
    8,
    9,
    10,
    11,
    12,
    13,
    14,
    15,
    16,
    17,
    18,
    19,
    20,
    21,
    22
  ],
  "reset": [
    7,
    15,
    22
  ],
  "duration": [
    16.845864295959473,
    16.883937120437622,
    16.866898775100708,
    16.86713743209839,
    16.853258848190308,
    16.84138321876526,
    16.855517148971558,
    16.851867198944092,
    16.852473735809326,
    16.84725570678711,
    16.85942792892456,
    16.856587409973145,
    16.850849151611328,
    16.84756898880005,
    16.85633397102356,
    16.832690238952637,
    16.835129499435425,
    16.852396726608276,
    16.857829093933105,
    16.83036994934082
  ],
  "status": 20
}