{
  "gpu": false,
  "device": "hybrid",
  "infile": "../matrix/cgne_init_4096_dble_csr.dat",
  "matfile": "../matrix/conf6_0-8x8-30/conf6.0-00l8x8-3000.mtx",
  "k": 0.05,
  "kc": 0.15649,
  "reordering": true,
  "preconditioning": true,
  "vol": 4096,
  "dim": 49152,
  "lattice": "8x8x8x8",
  "blk_dim": 6144,
  "bs": "8x4x4x4",
  "res": 1e-06,
  "tol": 0.0003135346870547978,
  "nmx": 2500,
  "nkv": 7,
  "nmr": 1,
  "ncy": 4,
  "sdtype": "float32",
  "ddtype": "float64",
  "cdtype": "float32",
  "rn": [
    0.5976958616496446,
    0.002207032324721917,
    8.685941184761037e-05,
    9.308743917891123e-05
  ],
  "i": [
    0,
    1,
    2,
    3
  ],
  "reset": [
    3
  ],
  "duration": [
    0.11413002014160156,
    0.113433837890625,
    0.1134791374206543,
    0.11445093154907227,
    0.11348581314086914,
    0.11266231536865234,
    0.11324429512023926,
    0.11310267448425293,
    0.12261056900024414,
    0.11346745491027832,
    0.1125333309173584,
    0.11250996589660645,
    0.11515474319458008,
    0.11321163177490234,
    0.11407780647277832,
    0.11385059356689453,
    0.11347246170043945,
    0.11350345611572266,
    0.11382770538330078,
    0.11360049247741699
  ],
  "status": 3
}