{
  "gpu": false,
  "device": "hybrid",
  "infile": "../matrix/fgcr_check3_4096_dble_csr.dat",
  "matfile": null,
  "k": 0.0,
  "kc": 0.0,
  "reordering": false,
  "preconditioning": true,
  "vol": 4096,
  "dim": 49152,
  "lattice": "8x8x8x8",
  "blk_dim": 3072,
  "bs": "4x4x4x4",
  "res": 1e-06,
  "tol": 0.00031353468710831124,
  "nmx": 417,
  "nkv": 7,
  "nmr": 4,
  "ncy": 6,
  "sdtype": "float32",
  "ddtype": "float64",
  "cdtype": "float64",
  "rn": [
    15.454666286513646,
    4.982218589893018,
    1.4944836699241022,
    0.4690335868870939,
    0.14122694845554898,
    0.04242855267757414,
    0.012564119869622845,
    0.012564474701600676,
    0.004131223603776635,
    0.0013602980607083455,
    0.00044199300933877943,
    0.00013449408686416831,
    0.00013449408917437066
  ],
  "i": [
    0,
    1,
    2,
    3,
    4,
    5,
    6,
    7,
    8,
    9,
    10,
    11,
    12
  ],
  "reset": [
    7,
    12
  ],
  "duration": [
    3.801518201828003,
    3.788731098175049,
    3.784712076187134,
    3.779780149459839,
    3.7833926677703857,
    3.773998975753784,
    3.768747091293335,
    3.7680845260620117,
    3.7670114040374756,
    3.7674155235290527,
    3.769246816635132,
    3.767746686935425,
    3.768052339553833,
    3.768120050430298,
    3.7685272693634033,
    3.7677366733551025,
    3.767855167388916,
    3.7678158283233643,
    3.7672646045684814,
    3.7657110691070557
  ],
  "status": 11
}