{
  "gpu": false,
  "infile": "../matrix/cgne_init_4096_dble_csr.dat",
  "matfile": null,
  "k": 0.0,
  "kc": 0.0,
  "reordering": false,
  "preconditioning": true,
  "vol": 4096,
  "dim": 49152,
  "lattice": "8x8x8x8",
  "blk_dim": 6144,
  "bs": "8x4x4x4",
  "res": 1e-06,
  "tol": 0.0003135346870547978,
  "nmx": 2500,
  "nkv": 7,
  "nmr": 4,
  "ncy": 1,
  "sdtype": "float32",
  "ddtype": "float64",
  "cdtype": "float64",
  "rn": [
    145.96483021277294,
    53.684023869159525,
    22.603741358243344,
    10.138979564870544,
    4.339473342131944,
    2.0611027430263626,
    0.9576316094139169,
    0.9576316150200223,
    0.46918030482796713,
    0.23143497789980944,
    0.11622410691685237,
    0.05172187731078121,
    0.02379179995672943,
    0.010773285315302842,
    0.005112864674438608,
    0.005112864189097312,
    0.002491692580924239,
    0.0012203955570262055,
    0.000620974477743659,
    0.00028219673456965984,
    0.0002821967358191891
  ],
  "i": [
    0,
    1,
    2,
    3,
    4,
    5,
    6,
    7,
    8,
    9,
    10,
    11,
    12,
    13,
    14,
    15,
    16,
    17,
    18,
    19,
    20
  ],
  "reset": [
    7,
    15,
    20
  ],
  "duration": 0.4407172203063965,
  "status": 18
}