{
  "gpu": false,
  "device": "hybrid",
  "infile": "../matrix/cgne_init_4096_dble_csr.dat",
  "matfile": null,
  "k": 0.0,
  "kc": 0.0,
  "reordering": false,
  "preconditioning": true,
  "vol": 4096,
  "dim": 49152,
  "lattice": "8x8x8x8",
  "blk_dim": 3072,
  "bs": "4x4x4x4",
  "res": 1e-06,
  "tol": 0.0003135346870762468,
  "nmx": 125,
  "nkv": 7,
  "nmr": 20,
  "ncy": 4,
  "sdtype": "float64",
  "ddtype": "float64",
  "cdtype": "float64",
  "rn": [
    9.640453624549949,
    1.538010940717862,
    0.40009632379883275,
    0.08196236498574365,
    0.019089023766353477,
    0.004580621773574337,
    0.0010398475039020672,
    0.0010398475039024781,
    0.0002987719175687074,
    0.0002987719175696056
  ],
  "i": [
    0,
    1,
    2,
    3,
    4,
    5,
    6,
    7,
    8,
    9
  ],
  "reset": [
    7,
    9
  ],
  "duration": [
    5.336394786834717,
    5.330963134765625,
    5.325730323791504,
    5.314224720001221,
    5.302433013916016,
    5.3063976764678955,
    5.3022871017456055,
    5.299127578735352,
    5.299700736999512,
    5.302208185195923,
    5.302810907363892,
    5.300218820571899,
    5.303189516067505,
    5.304092884063721,
    5.307154417037964,
    5.300563335418701,
    5.305688142776489,
    5.3021559715271,
    5.304975509643555,
    5.30402398109436
  ],
  "status": 8
}