{
  "gpu": false,
  "device": "cpu",
  "infile": "../matrix/cgne_init_4096_dble_csr.dat",
  "matfile": "../matrix/conf6_0-8x8-30/conf6.0-00l8x8-3000.mtx",
  "k": 0.15649,
  "kc": 0.15649,
  "reordering": true,
  "preconditioning": true,
  "vol": 4096,
  "dim": 49152,
  "lattice": "8x8x8x8",
  "blk_dim": 24576,
  "bs": "8x8x8x4",
  "res": 1e-06,
  "tol": 0.0003135346870762468,
  "nmx": 250,
  "nkv": 7,
  "nmr": 10,
  "ncy": 4,
  "sdtype": "float64",
  "ddtype": "float64",
  "cdtype": "float64",
  "rn": [
    14.550887780006592,
    7.215763203455847,
    4.083572441707305,
    2.480258937675115,
    1.5529520367502698,
    1.026825321994886,
    0.6297071056245752,
    0.629707105624574,
    0.3998249048991483,
    0.26276631015179547,
    0.15669254238941938,
    0.09866830583329173,
    0.059019460906595315,
    0.036330932580585784,
    0.020751178069735674,
    0.0207511780697354,
    0.013876896775841864,
    0.00949054964839517,
    0.0058626272220888564,
    0.004191426735613193,
    0.002569065863732527,
    0.0015351851167937143,
    0.0009015849015742982,
    0.0009015849015745494,
    0.0006136927386606434,
    0.0004127021725230403,
    0.0002781966003642246,
    0.00027819660036353854
  ],
  "i": [
    0,
    1,
    2,
    3,
    4,
    5,
    6,
    7,
    8,
    9,
    10,
    11,
    12,
    13,
    14,
    15,
    16,
    17,
    18,
    19,
    20,
    21,
    22,
    23,
    24,
    25,
    26,
    27
  ],
  "reset": [
    7,
    15,
    23,
    27
  ],
  "duration": [
    13.007956504821777,
    12.96309494972229,
    12.12853479385376,
    12.277205467224121,
    12.716448545455933,
    12.214754104614258,
    12.559224367141724,
    12.439990282058716,
    12.514474153518677,
    12.50957202911377,
    12.882665157318115,
    12.18233060836792,
    12.763859510421753,
    12.17110562324524,
    12.208468437194824,
    13.062953233718872,
    12.272333145141602,
    12.34147024154663,
    12.2530837059021,
    12.454659938812256
  ],
  "status": 24
}