{
  "gpu": true,
  "device": "gpu",
  "infile": "../matrix/cgne_init_4096_dble_csr.dat",
  "matfile": "../matrix/conf6_0-8x8-20/conf6_0-8x8-20.mtx",
  "k": 0.15717,
  "kc": 0.15717,
  "reordering": true,
  "preconditioning": true,
  "vol": 4096,
  "dim": 49152,
  "lattice": "8x8x8x8",
  "blk_dim": 12288,
  "bs": "8x8x4x4",
  "res": 1e-06,
  "tol": 0.00031353468703945405,
  "nmx": 250,
  "nkv": 7,
  "nmr": 4,
  "ncy": 10,
  "sdtype": "float32",
  "ddtype": "float64",
  "cdtype": "float32",
  "rn": [
    15.036856802000528,
    9.033558595303885,
    6.34323540445081,
    4.4775772860629175,
    2.9256865585456944,
    1.9230318873740997,
    1.2677961838198424,
    1.2677966314480047,
    0.9239896211860398,
    0.6816135002882222,
    0.5085379258961752,
    0.3637141635775752,
    0.2681904789428026,
    0.19514220931180631,
    0.14975156026897704,
    0.1497515567707423,
    0.11615449251436409,
    0.07828367694731836,
    0.04385187015980566,
    0.0283167739273449,
    0.01996323080896049,
    0.012787828374255825,
    0.00944617381327174,
    0.009446174410738715,
    0.007121692901458041,
    0.005323104262133851,
    0.0038909873589063892,
    0.002785759284157987,
    0.0020140766029378906,
    0.0014127096378646856,
    0.0009269741101343054,
    0.0009269741059950926,
    0.0006420128635312342,
    0.0004629049594585512,
    0.00034924297313143306,
    0.00026521397344218215,
    0.00026521396988368946
  ],
  "i": [
    0,
    1,
    2,
    3,
    4,
    5,
    6,
    7,
    8,
    9,
    10,
    11,
    12,
    13,
    14,
    15,
    16,
    17,
    18,
    19,
    20,
    21,
    22,
    23,
    24,
    25,
    26,
    27,
    28,
    29,
    30,
    31,
    32,
    33,
    34,
    35,
    36
  ],
  "reset": [
    7,
    15,
    23,
    31,
    36
  ],
  "duration": [
    3.001347780227661,
    2.8427631855010986,
    2.8400535583496094,
    2.8434369564056396,
    2.841259002685547,
    2.8486149311065674,
    2.8455698490142822,
    2.842820405960083,
    2.840982675552368,
    2.8326315879821777,
    2.8311541080474854,
    2.828362464904785,
    2.8260326385498047,
    2.8241524696350098,
    2.829991340637207,
    2.826124429702759,
    2.8311941623687744,
    2.8318862915039062,
    2.8328521251678467,
    2.824239730834961
  ],
  "status": 32
}