{
  "gpu": true,
  "device": "gpu",
  "infile": "../matrix/cgne_init_4096_dble_csr.dat",
  "matfile": null,
  "k": 0.0,
  "kc": 0.0,
  "reordering": false,
  "preconditioning": true,
  "vol": 4096,
  "dim": 49152,
  "lattice": "8x8x8x8",
  "blk_dim": 3072,
  "bs": "4x4x4x4",
  "res": 1e-06,
  "tol": 0.0003135346870762468,
  "nmx": 125,
  "nkv": 7,
  "nmr": 20,
  "ncy": 4,
  "sdtype": "float64",
  "ddtype": "float64",
  "cdtype": "float64",
  "rn": [
    9.640453624549947,
    1.5380109407178622,
    0.4000963237988328,
    0.08196236498574372,
    0.019089023766353484,
    0.004580621773574351,
    0.0010398475039020744,
    0.0010398475039019922,
    0.0002987719175686125,
    0.0002987719175685458
  ],
  "i": [
    0,
    1,
    2,
    3,
    4,
    5,
    6,
    7,
    8,
    9
  ],
  "reset": [
    7,
    9
  ],
  "duration": [
    5.122077465057373,
    4.902417182922363,
    4.894413709640503,
    4.860891103744507,
    4.899834871292114,
    4.875353813171387,
    4.908841609954834,
    4.850884675979614,
    4.862208604812622,
    4.865941524505615,
    4.845168113708496,
    4.873166799545288,
    4.840712308883667,
    4.8885626792907715,
    4.82925009727478,
    4.830444097518921,
    4.840845584869385,
    4.878286600112915,
    4.855107069015503,
    4.876601457595825
  ],
  "status": 8
}