{
  "gpu": false,
  "infile": "../matrix/cgne_init_65536_dble_csr.dat",
  "matfile": null,
  "k": 0.0,
  "kc": 0.0,
  "reordering": false,
  "preconditioning": true,
  "vol": 65536,
  "dim": 786048,
  "lattice": "16x16x16x16",
  "blk_dim": 49128,
  "bs": "8x8x8x8",
  "res": 1e-06,
  "tol": 0.0012541387483049865,
  "nmx": 2500,
  "nkv": 7,
  "nmr": 4,
  "ncy": 1,
  "sdtype": "float64",
  "ddtype": "float64",
  "cdtype": "float64",
  "rn": [
    610.6900769439762,
    234.89368651844518,
    104.61699177836068,
    47.702951594777105,
    21.6464196018798,
    10.208335984894788,
    4.787975267914048,
    4.787975267914048,
    2.3884930302541623,
    1.1819007699188953,
    0.5689031398414807,
    0.27460519601349076,
    0.1306683035043432,
    0.057035734204895036,
    0.026485996474376924,
    0.026485996474376963,
    0.013110073288741168,
    0.006458610782553435,
    0.003117039881898448,
    0.0015387437939261312,
    0.0007446270203690097,
    0.0007446270203698931
  ],
  "i": [
    0,
    1,
    2,
    3,
    4,
    5,
    6,
    7,
    8,
    9,
    10,
    11,
    12,
    13,
    14,
    15,
    16,
    17,
    18,
    19,
    20,
    21
  ],
  "reset": [
    7,
    15,
    21
  ],
  "duration": [
    9.284309148788452,
    8.834796667098999,
    8.900934934616089,
    9.24461579322815,
    9.019160747528076,
    8.864288806915283,
    8.744343757629395,
    8.971459865570068,
    9.1200270652771,
    9.011825323104858,
    8.825019359588623,
    9.069740772247314,
    9.097402811050415,
    8.855225324630737,
    9.163082838058472,
    9.265147686004639,
    9.087995290756226,
    8.945993423461914,
    8.787841558456421,
    8.896226644515991
  ],
  "status": 19
}