{
  "gpu": true,
  "infile": "../matrix/cgne_init_4096_dble_csr.dat",
  "matfile": null,
  "k": 0.0,
  "kc": 0.0,
  "reordering": false,
  "preconditioning": true,
  "vol": 4096,
  "dim": 49152,
  "lattice": "8x8x8x8",
  "blk_dim": 6144,
  "bs": "8x4x4x4",
  "res": 1e-06,
  "tol": 0.00031353468703945405,
  "nmx": 250,
  "nkv": 7,
  "nmr": 4,
  "ncy": 10,
  "sdtype": "float32",
  "ddtype": "float64",
  "cdtype": "float64",
  "rn": [
    51.85620057194421,
    15.19960662476426,
    4.93252786338408,
    1.7113763639017439,
    0.6235789955309681,
    0.2228299199621848,
    0.07464702636641567,
    0.0746470463843838,
    0.025660847041494374,
    0.009181816450198279,
    0.0029842068371980605,
    0.0009510929339484149,
    0.00034321224345003023,
    0.00011514336090389701,
    0.00011514338798605334
  ],
  "i": [
    0,
    1,
    2,
    3,
    4,
    5,
    6,
    7,
    8,
    9,
    10,
    11,
    12,
    13,
    14
  ],
  "reset": [
    7,
    14
  ],
  "duration": 2.382328987121582,
  "status": 13
}