{
  "gpu": true,
  "device": "gpu",
  "infile": "../matrix/cgne_init_4096_dble_csr.dat",
  "matfile": "../matrix/conf6_0-8x8-30/conf6.0-00l8x8-3000.mtx",
  "k": 0.05,
  "kc": 0.15649,
  "reordering": true,
  "preconditioning": true,
  "vol": 4096,
  "dim": 49152,
  "lattice": "8x8x8x8",
  "blk_dim": 12288,
  "bs": "8x8x4x4",
  "res": 1e-06,
  "tol": 0.00031353468703945405,
  "nmx": 417,
  "nkv": 7,
  "nmr": 4,
  "ncy": 6,
  "sdtype": "float32",
  "ddtype": "float64",
  "cdtype": "float64",
  "rn": [
    7.96106961619696e-06,
    3.325263527711471e-05
  ],
  "i": [
    0,
    1
  ],
  "reset": [
    1
  ],
  "duration": [
    0.056002140045166016,
    0.05629873275756836,
    0.05391287803649902,
    0.05411171913146973,
    0.05560755729675293,
    0.05388617515563965,
    0.05398297309875488,
    0.055797576904296875,
    0.05426144599914551,
    0.05394387245178223,
    0.05385756492614746,
    0.054696083068847656,
    0.055611610412597656,
    0.05408453941345215,
    0.05399465560913086,
    0.053984880447387695,
    0.05391550064086914,
    0.05550670623779297,
    0.05568957328796387,
    0.05525469779968262
  ],
  "status": 1
}