{
  "gpu": false,
  "device": "hybrid",
  "infile": "../matrix/cgne_init_65536_dble_csr.dat",
  "matfile": null,
  "k": 0.0,
  "kc": 0.0,
  "reordering": false,
  "preconditioning": true,
  "vol": 65536,
  "dim": 786432,
  "lattice": "16x16x16x16",
  "blk_dim": 393216,
  "bs": "16x16x16x8",
  "res": 1e-06,
  "tol": 0.0012541387482794752,
  "nmx": 210,
  "nkv": 7,
  "nmr": 12,
  "ncy": 4,
  "sdtype": "float32",
  "ddtype": "float64",
  "cdtype": "float64",
  "rn": [
    60.186900046412,
    4.585886051351838,
    0.3972779568836728,
    0.04016212834681931,
    0.004643256065482724,
    0.0005034586768683935,
    0.0005501325608777499
  ],
  "i": [
    0,
    1,
    2,
    3,
    4,
    5,
    6
  ],
  "reset": [
    6
  ],
  "duration": [
    3.9746298789978027,
    3.974466562271118,
    3.979353904724121,
    3.984717607498169,
    3.9630370140075684,
    3.964883327484131,
    3.973360538482666,
    3.9825797080993652,
    3.9913012981414795,
    3.965839147567749,
    3.9683732986450195,
    3.974797248840332,
    3.9828953742980957,
    3.9879848957061768,
    3.9624109268188477,
    3.968975305557251,
    3.9769253730773926,
    3.9821019172668457,
    3.98738956451416,
    3.9610848426818848
  ],
  "status": 6
}