{
  "gpu": false,
  "device": "hybrid",
  "infile": "../matrix/cgne_init_4096_dble_csr.dat",
  "matfile": null,
  "k": 0.0,
  "kc": 0.0,
  "reordering": false,
  "preconditioning": true,
  "vol": 4096,
  "dim": 49152,
  "lattice": "8x8x8x8",
  "blk_dim": 6144,
  "bs": "8x4x4x4",
  "res": 1e-06,
  "tol": 0.0003135346870762468,
  "nmx": 125,
  "nkv": 7,
  "nmr": 20,
  "ncy": 4,
  "sdtype": "float64",
  "ddtype": "float64",
  "cdtype": "float64",
  "rn": [
    9.642157736335092,
    1.5341369008131385,
    0.3989370649363658,
    0.08181547957768291,
    0.01897542522755104,
    0.004549599837682817,
    0.0010291107386316298,
    0.0010291107386322554,
    0.00029528192143902967,
    0.0002952819214388099
  ],
  "i": [
    0,
    1,
    2,
    3,
    4,
    5,
    6,
    7,
    8,
    9
  ],
  "reset": [
    7,
    9
  ],
  "duration": [
    2.9239091873168945,
    2.9190497398376465,
    2.9182934761047363,
    2.9178824424743652,
    2.922084331512451,
    2.919088125228882,
    2.91861891746521,
    2.914196729660034,
    2.907923936843872,
    2.9072303771972656,
    2.9089040756225586,
    2.9088642597198486,
    2.9109201431274414,
    2.907146692276001,
    2.9100704193115234,
    2.908008098602295,
    2.9081435203552246,
    2.907708168029785,
    2.910928249359131,
    2.9087836742401123
  ],
  "status": 8
}