{
  "gpu": false,
  "device": "hybrid",
  "infile": "../matrix/cgne_init_4096_dble_csr.dat",
  "matfile": "../matrix/conf6_0-8x8-20/conf6_0-8x8-20.mtx",
  "k": 0.15,
  "kc": 0.15717,
  "reordering": true,
  "preconditioning": true,
  "vol": 4096,
  "dim": 49152,
  "lattice": "8x8x8x8",
  "blk_dim": 24576,
  "bs": "8x8x8x4",
  "res": 1e-06,
  "tol": 0.0003135346870762468,
  "nmx": 250,
  "nkv": 7,
  "nmr": 10,
  "ncy": 4,
  "sdtype": "float64",
  "ddtype": "float64",
  "cdtype": "float64",
  "rn": [
    3.1707824841908914,
    0.3050279067417122,
    0.034766149717541855,
    0.003530993903541886,
    0.0003531837099033489,
    3.7381184977678526e-05,
    3.738118497767868e-05
  ],
  "i": [
    0,
    1,
    2,
    3,
    4,
    5,
    6
  ],
  "reset": [
    6
  ],
  "duration": [
    0.41495585441589355,
    0.4923110008239746,
    0.46311092376708984,
    0.5301787853240967,
    0.478015661239624,
    0.41678929328918457,
    0.38438868522644043,
    0.47576904296875,
    0.47823452949523926,
    0.5545086860656738,
    0.4548516273498535,
    0.47655725479125977,
    0.4732832908630371,
    0.3854715824127197,
    0.4713723659515381,
    0.4483935832977295,
    0.6349356174468994,
    0.4728128910064697,
    0.4510376453399658,
    0.6996769905090332
  ],
  "status": 6
}