{
  "gpu": true,
  "device": "gpu",
  "infile": "../matrix/cgne_init_4096_dble_csr.dat",
  "matfile": "../matrix/conf6_0-8x8-20/conf6_0-8x8-20.mtx",
  "k": 0.15,
  "kc": 0.15717,
  "reordering": true,
  "preconditioning": true,
  "vol": 4096,
  "dim": 49152,
  "lattice": "8x8x8x8",
  "blk_dim": 24576,
  "bs": "8x8x8x4",
  "res": 1e-06,
  "tol": 0.0003135346870762468,
  "nmx": 250,
  "nkv": 7,
  "nmr": 10,
  "ncy": 4,
  "sdtype": "float64",
  "ddtype": "float64",
  "cdtype": "float64",
  "rn": [
    3.170782484190891,
    0.30502790674171226,
    0.03476614971754184,
    0.0035309939035418994,
    0.0003531837099033555,
    3.738118497767952e-05,
    3.738118497801481e-05
  ],
  "i": [
    0,
    1,
    2,
    3,
    4,
    5,
    6
  ],
  "reset": [
    6
  ],
  "duration": [
    0.4156947135925293,
    0.2529599666595459,
    0.2546110153198242,
    0.24979114532470703,
    0.24723219871520996,
    0.24933958053588867,
    0.2542304992675781,
    0.25000691413879395,
    0.24967050552368164,
    0.2508983612060547,
    0.2553377151489258,
    0.24523496627807617,
    0.2559809684753418,
    0.25258374214172363,
    0.2557241916656494,
    0.24580621719360352,
    0.2530672550201416,
    0.25348472595214844,
    0.24540233612060547,
    0.2487964630126953
  ],
  "status": 6
}