{
  "gpu": false,
  "infile": "../matrix/cgne_init_4096_dble_csr.dat",
  "matfile": "../matrix/conf6_0-8x8-20/conf6_0-8x8-20.mtx",
  "k": 0.15,
  "kc": 0.15717,
  "reordering": true,
  "preconditioning": true,
  "vol": 4096,
  "dim": 49152,
  "lattice": "8x8x8x8",
  "blk_dim": 3072,
  "bs": "4x4x4x4",
  "res": 1e-06,
  "tol": 0.0003135346870762468,
  "nmx": 2500,
  "nkv": 7,
  "nmr": 4,
  "ncy": 1,
  "sdtype": "float64",
  "ddtype": "float64",
  "cdtype": "float64",
  "rn": [
    93.61377735446024,
    34.71899441186741,
    18.958805116788618,
    11.702074236448372,
    7.735194791694786,
    5.299823652373886,
    3.7091122635574885,
    3.7091122635574885,
    2.770460899491001,
    2.050972190976746,
    1.4820482711134413,
    1.05148908408021,
    0.736178434964366,
    0.5064643227894201,
    0.36872035368515466,
    0.36872035368515477,
    0.2839452450198107,
    0.21567398730396578,
    0.16306504186885712,
    0.12173498838580672,
    0.09019050194920272,
    0.06739327080989914,
    0.05031894323308854,
    0.050318943233088914,
    0.03810763269026206,
    0.028822326958414277,
    0.021827566432028364,
    0.01639241490780537,
    0.012214535360913686,
    0.009187511502196846,
    0.00710880109720225,
    0.007108801097202191,
    0.0055467889390782114,
    0.004251745954267961,
    0.00319843750799975,
    0.0024113508330761138,
    0.0018308825697546697,
    0.0013771106523826813,
    0.0010473217255772358,
    0.0010473217255774477,
    0.0008096877564287764,
    0.0006170832293337917,
    0.0004690097623810969,
    0.0003553358543386469,
    0.0002675780662800577,
    0.00026757806627995676
  ],
  "i": [
    0,
    1,
    2,
    3,
    4,
    5,
    6,
    7,
    8,
    9,
    10,
    11,
    12,
    13,
    14,
    15,
    16,
    17,
    18,
    19,
    20,
    21,
    22,
    23,
    24,
    25,
    26,
    27,
    28,
    29,
    30,
    31,
    32,
    33,
    34,
    35,
    36,
    37,
    38,
    39,
    40,
    41,
    42,
    43,
    44,
    45
  ],
  "reset": [
    7,
    15,
    23,
    31,
    39,
    45
  ],
  "duration": 2.0031867027282715,
  "status": 40
}