{
  "gpu": false,
  "device": "cpu",
  "infile": "../matrix/cgne_init_4096_dble_csr.dat",
  "matfile": "../matrix/conf6_0-8x8-30/conf6.0-00l8x8-3000.mtx",
  "k": 0.15649,
  "kc": 0.15649,
  "reordering": true,
  "preconditioning": true,
  "vol": 4096,
  "dim": 49152,
  "lattice": "8x8x8x8",
  "blk_dim": 3072,
  "bs": "4x4x4x4",
  "res": 1e-06,
  "tol": 0.0003135346870547978,
  "nmx": 250,
  "nkv": 7,
  "nmr": 4,
  "ncy": 10,
  "sdtype": "float32",
  "ddtype": "float64",
  "cdtype": "float32",
  "rn": [
    13.01795897954645,
    6.86930449017952,
    4.3103648029709065,
    2.8191778864383816,
    1.9928828973506996,
    1.3335036549906008,
    0.8592712246351927,
    0.8592713469712786,
    0.5876824770049273,
    0.4144862566546801,
    0.27306818083255935,
    0.195304322836809,
    0.1275646487264651,
    0.08641937151872323,
    0.05560501438752549,
    0.05560501146631905,
    0.038048960829177345,
    0.02659816802094201,
    0.020005468881744995,
    0.014952958209510914,
    0.010766378354861085,
    0.00736944558819895,
    0.004978016172591355,
    0.004978015995960383,
    0.003696211522203243,
    0.002717913151047245,
    0.002149308081858371,
    0.0016825520015643122,
    0.0011678242166086492,
    0.0008422916910225193,
    0.000603865079870166,
    0.0006038650701954111,
    0.00043850754966253205,
    0.00032567356693519357,
    0.0002294229498552601,
    0.00022942294880532932
  ],
  "i": [
    0,
    1,
    2,
    3,
    4,
    5,
    6,
    7,
    8,
    9,
    10,
    11,
    12,
    13,
    14,
    15,
    16,
    17,
    18,
    19,
    20,
    21,
    22,
    23,
    24,
    25,
    26,
    27,
    28,
    29,
    30,
    31,
    32,
    33,
    34,
    35
  ],
  "reset": [
    7,
    15,
    23,
    31,
    35
  ],
  "duration": [
    9.354913711547852,
    9.37127685546875,
    9.366909265518188,
    9.363858699798584,
    9.352414846420288,
    9.365954637527466,
    9.36707067489624,
    9.365529775619507,
    9.352206230163574,
    9.362202167510986,
    9.357348203659058,
    9.359428882598877,
    9.358375310897827,
    9.360211849212646,
    9.355095624923706,
    9.343314409255981,
    9.344479322433472,
    9.35169506072998,
    9.352495193481445,
    9.34320855140686
  ],
  "status": 31
}