{
  "gpu": false,
  "infile": "../matrix/cgne_init_65536_dble_csr.dat",
  "matfile": null,
  "k": 0.0,
  "kc": 0.0,
  "reordering": false,
  "preconditioning": true,
  "vol": 65536,
  "dim": 786048,
  "lattice": "16x16x16x16",
  "blk_dim": 24564,
  "bs": "8x8x8x4",
  "res": 1e-06,
  "tol": 0.0012541387483049865,
  "nmx": 1250,
  "nkv": 7,
  "nmr": 2,
  "ncy": 4,
  "sdtype": "float64",
  "ddtype": "float64",
  "cdtype": "float64",
  "rn": [
    565.733455704443,
    272.4600598067819,
    120.18187557089459,
    52.4566833310387,
    23.125287881875426,
    10.289305147539698,
    4.628326168321301,
    4.628326168321302,
    2.5612623020123624,
    1.0604786179982622,
    0.45517110820322315,
    0.2000861126705556,
    0.09322223005776015,
    0.0439259479921363,
    0.020048519182821464,
    0.02004851918282166,
    0.011021758061868179,
    0.005159185156927334,
    0.0021737387981801007,
    0.0010035343674067547,
    0.0010035343674073321
  ],
  "i": [
    0,
    1,
    2,
    3,
    4,
    5,
    6,
    7,
    8,
    9,
    10,
    11,
    12,
    13,
    14,
    15,
    16,
    17,
    18,
    19,
    20
  ],
  "reset": [
    7,
    15,
    20
  ],
  "duration": [
    24.32282066345215,
    23.993868112564087,
    23.754024505615234,
    23.71083354949951,
    24.187427520751953,
    24.142170190811157,
    24.004911184310913,
    23.835726022720337,
    24.374168395996094,
    24.16039490699768,
    23.675113677978516,
    24.08522915840149,
    23.91454029083252,
    23.97383189201355,
    23.997655153274536,
    23.490079641342163,
    24.10256814956665,
    24.18947744369507,
    24.50014615058899,
    24.524889945983887
  ],
  "status": 18
}