{
  "gpu": true,
  "device": "gpu",
  "infile": "../matrix/fgcr_check3_4096_dble_csr.dat",
  "matfile": null,
  "k": 0.0,
  "kc": 0.0,
  "reordering": false,
  "preconditioning": true,
  "vol": 4096,
  "dim": 49152,
  "lattice": "8x8x8x8",
  "blk_dim": 12288,
  "bs": "8x8x4x4",
  "res": 1e-06,
  "tol": 0.00031353468715082124,
  "nmx": 417,
  "nkv": 7,
  "nmr": 6,
  "ncy": 4,
  "sdtype": "float32",
  "ddtype": "float64",
  "cdtype": "float64",
  "rn": [
    24.59474355354342,
    4.829586874130729,
    1.3045186905295636,
    0.32090397352928024,
    0.07855254845820092,
    0.01991911015089898,
    0.004679684699905984,
    0.00467991159271873,
    0.0013221252622549085,
    0.0004233368132680997,
    9.09877586870726e-05,
    9.098776252176211e-05
  ],
  "i": [
    0,
    1,
    2,
    3,
    4,
    5,
    6,
    7,
    8,
    9,
    10,
    11
  ],
  "reset": [
    7,
    11
  ],
  "duration": [
    0.7836987972259521,
    0.5702803134918213,
    0.5695145130157471,
    0.568831205368042,
    0.5688502788543701,
    0.5683183670043945,
    0.5684776306152344,
    0.5683646202087402,
    0.5683848857879639,
    0.5677280426025391,
    0.5682649612426758,
    0.5683305263519287,
    0.5679764747619629,
    0.5678861141204834,
    0.5676662921905518,
    0.5681238174438477,
    0.5681560039520264,
    0.5687596797943115,
    0.5677411556243896,
    0.5685298442840576
  ],
  "status": 10
}