{
  "gpu": true,
  "device": "gpu",
  "infile": "../matrix/cgne_init_4096_dble_csr.dat",
  "matfile": "../matrix/conf6_0-8x8-20/conf6_0-8x8-20.mtx",
  "k": 0.15717,
  "kc": 0.15717,
  "reordering": true,
  "preconditioning": true,
  "vol": 4096,
  "dim": 49152,
  "lattice": "8x8x8x8",
  "blk_dim": 24576,
  "bs": "8x8x8x4",
  "res": 1e-06,
  "tol": 0.00031353468703945405,
  "nmx": 250,
  "nkv": 7,
  "nmr": 4,
  "ncy": 10,
  "sdtype": "float32",
  "ddtype": "float64",
  "cdtype": "float32",
  "rn": [
    14.841889605109884,
    8.904084637315377,
    6.338332584660444,
    4.243784794984797,
    2.85131355781752,
    1.9831341923323438,
    1.4108576356949372,
    1.4108575717770735,
    1.0923405533512112,
    0.8414194389562133,
    0.6339250715033045,
    0.45861598532115033,
    0.3301351287919265,
    0.23753958733841074,
    0.16991328594964566,
    0.1699132876001232,
    0.1250891496826925,
    0.09268836000960194,
    0.06771979763386216,
    0.0486860618970924,
    0.03428677492659478,
    0.025087892403293077,
    0.017208966571701984,
    0.017208966640668077,
    0.011878569184609007,
    0.008591570850649993,
    0.006064460390697889,
    0.004567102287018315,
    0.0032733886375246766,
    0.0022535706688451905,
    0.001569342001410087,
    0.0015693420015488995,
    0.001193831281858479,
    0.0009398032027684597,
    0.0007546163543614219,
    0.0005883067589927443,
    0.00043442321970735623,
    0.00030313305203999436,
    0.00030313304443316063
  ],
  "i": [
    0,
    1,
    2,
    3,
    4,
    5,
    6,
    7,
    8,
    9,
    10,
    11,
    12,
    13,
    14,
    15,
    16,
    17,
    18,
    19,
    20,
    21,
    22,
    23,
    24,
    25,
    26,
    27,
    28,
    29,
    30,
    31,
    32,
    33,
    34,
    35,
    36,
    37,
    38
  ],
  "reset": [
    7,
    15,
    23,
    31,
    38
  ],
  "duration": [
    1.7800757884979248,
    1.6062119007110596,
    1.629878044128418,
    1.6205580234527588,
    1.6253960132598877,
    1.6223528385162354,
    1.620046854019165,
    1.621518850326538,
    1.6274197101593018,
    1.623776912689209,
    1.6174585819244385,
    1.6303303241729736,
    1.6290533542633057,
    1.6332905292510986,
    1.6180431842803955,
    1.6259868144989014,
    1.6191754341125488,
    1.6021928787231445,
    1.6276161670684814,
    1.61952805519104
  ],
  "status": 34
}