{
  "gpu": false,
  "infile": "../matrix/cgne_init_4096_dble_csr.dat",
  "matfile": null,
  "k": 0.0,
  "kc": 0.0,
  "reordering": false,
  "preconditioning": true,
  "vol": 4096,
  "dim": 49152,
  "lattice": "8x8x8x8",
  "blk_dim": 6144,
  "bs": "8x4x4x4",
  "res": 1e-06,
  "tol": 0.0003135346870547978,
  "nmx": 417,
  "nkv": 7,
  "nmr": 12,
  "ncy": 2,
  "sdtype": "float32",
  "ddtype": "float64",
  "cdtype": "float32",
  "rn": [
    57.579409360147494,
    17.05535208265443,
    6.400677089075597,
    2.3814860555260444,
    0.8904144017430304,
    0.3366261353797004,
    0.12758053750837192,
    0.12758083847002713,
    0.05156948452902346,
    0.020548460384883085,
    0.0075750873582765,
    0.0029706460131747898,
    0.0011596291001505707,
    0.00045029481092942713,
    0.00018190000905118615,
    0.0001819000151740924
  ],
  "i": [
    0,
    1,
    2,
    3,
    4,
    5,
    6,
    7,
    8,
    9,
    10,
    11,
    12,
    13,
    14,
    15
  ],
  "reset": [
    7,
    15
  ],
  "duration": [
    1.042996883392334,
    1.0419678688049316,
    1.043154239654541,
    1.0422735214233398,
    1.0411584377288818,
    1.0433621406555176,
    1.04184889793396,
    1.0428202152252197,
    1.0416786670684814,
    1.042717456817627,
    1.043006181716919,
    1.0423505306243896,
    1.0418782234191895,
    1.0424010753631592,
    1.043008804321289,
    1.0405490398406982,
    1.0429368019104004,
    1.0434505939483643,
    1.0430002212524414,
    1.0421762466430664
  ],
  "status": 14
}