{
  "gpu": false,
  "infile": "../matrix/cgne_init_4096_dble_csr.dat",
  "matfile": null,
  "k": 0.0,
  "kc": 0.0,
  "reordering": false,
  "preconditioning": true,
  "vol": 4096,
  "dim": 49152,
  "lattice": "8x8x8x8",
  "blk_dim": 12288,
  "bs": "8x8x4x4",
  "res": 1e-06,
  "tol": 0.0003135346870762468,
  "nmx": 250,
  "nkv": 7,
  "nmr": 4,
  "ncy": 10,
  "sdtype": "float64",
  "ddtype": "float64",
  "cdtype": "float64",
  "rn": [
    52.06058329627968,
    15.411723896947292,
    5.184677651270157,
    1.8598374152412758,
    0.6883816578053443,
    0.2596510485672266,
    0.09214783999866509,
    0.0921478399986652,
    0.031802630363539745,
    0.010524107596204159,
    0.003607177956367484,
    0.0012468364849732446,
    0.0004538133107446211,
    0.00013765464126000603,
    0.0001376546412595178
  ],
  "i": [
    0,
    1,
    2,
    3,
    4,
    5,
    6,
    7,
    8,
    9,
    10,
    11,
    12,
    13,
    14
  ],
  "reset": [
    7,
    14
  ],
  "duration": 3.4225335121154785,
  "status": 13
}