{
  "gpu": false,
  "device": "cpu",
  "infile": "../matrix/cgne_init_4096_dble_csr.dat",
  "matfile": "../matrix/conf6_0-8x8-20/conf6_0-8x8-20.mtx",
  "k": 0.15,
  "kc": 0.15717,
  "reordering": true,
  "preconditioning": true,
  "vol": 4096,
  "dim": 49152,
  "lattice": "8x8x8x8",
  "blk_dim": 12288,
  "bs": "8x8x4x4",
  "res": 1e-06,
  "tol": 0.0003135346870547978,
  "nmx": 1250,
  "nkv": 7,
  "nmr": 2,
  "ncy": 4,
  "sdtype": "float32",
  "ddtype": "float64",
  "cdtype": "float64",
  "rn": [
    24.80752651520146,
    8.426818869664674,
    4.108433795822775,
    2.1382065787866105,
    1.1917813463408073,
    0.6530251648192601,
    0.3708844147624305,
    0.37088443997002524,
    0.22533270932903662,
    0.13405380592331295,
    0.0811336658492682,
    0.04647068489202432,
    0.026225268625353963,
    0.013395364854616154,
    0.0077361327519104425,
    0.00773613368692743,
    0.004857220439823495,
    0.002874905908548946,
    0.0017217891887187497,
    0.0010068891240932979,
    0.0005890586351422655,
    0.0003366918819508779,
    0.00020213377501967264,
    0.00020213376388710755
  ],
  "i": [
    0,
    1,
    2,
    3,
    4,
    5,
    6,
    7,
    8,
    9,
    10,
    11,
    12,
    13,
    14,
    15,
    16,
    17,
    18,
    19,
    20,
    21,
    22,
    23
  ],
  "reset": [
    7,
    15,
    23
  ],
  "duration": [
    1.9721465110778809,
    1.966479778289795,
    1.9603898525238037,
    1.9579687118530273,
    1.963266372680664,
    1.9619731903076172,
    1.9570386409759521,
    1.9596364498138428,
    1.961275577545166,
    1.957831859588623,
    1.9645745754241943,
    1.9603791236877441,
    1.9586422443389893,
    1.9611854553222656,
    1.9594030380249023,
    1.9619190692901611,
    1.9596333503723145,
    1.9545528888702393,
    1.9556503295898438,
    1.9561421871185303
  ],
  "status": 21
}