{
  "gpu": true,
  "device": "gpu",
  "infile": "../matrix/cgne_init_65536_dble_csr.dat",
  "matfile": null,
  "k": 0.0,
  "kc": 0.0,
  "reordering": false,
  "preconditioning": true,
  "vol": 65536,
  "dim": 786048,
  "lattice": "16x16x16x16",
  "blk_dim": 196512,
  "bs": "16x16x8x8",
  "res": 1e-06,
  "tol": 0.0012541387483049871,
  "nmx": 625,
  "nkv": 7,
  "nmr": 8,
  "ncy": 2,
  "sdtype": "float64",
  "ddtype": "float64",
  "cdtype": "float64",
  "rn": [
    714.6606043539947,
    472.1839508499483,
    301.13120593777245,
    188.35826953485133,
    116.96277602875945,
    73.22190005490268,
    47.01314639634216,
    47.01314639634216,
    31.06011732060079,
    21.22190192677287,
    14.772362014250618,
    10.615081430859853,
    7.7836413670920095,
    5.77658253201497,
    4.332156348492966,
    4.332156348492967,
    3.2475681444360776,
    2.487994366616545,
    1.8748459523422392,
    1.4465775711179587,
    1.0740683717547757,
    0.7872818894641482,
    0.5878240800262695,
    0.5878240800262696,
    0.43195150264130994,
    0.32792401148711325,
    0.24613241997940563,
    0.18923490860485428,
    0.14312990648414184,
    0.10641480161961793,
    0.08035350648556114,
    0.08035350648556137,
    0.059834373140151255,
    0.045804500461487305,
    0.03448040929838207,
    0.026603072389448472,
    0.020090943364943936,
    0.014927756020050496,
    0.01127706670979285,
    0.011277066709792711,
    0.008372574693853309,
    0.006402905091244004,
    0.004820160599431551,
    0.003719359753274825,
    0.0028153108522992925,
    0.0020988987785139396,
    0.0015893201565191609,
    0.0015893201565191247,
    0.0011862045951935795,
    0.0011862045951935777
  ],
  "i": [
    0,
    1,
    2,
    3,
    4,
    5,
    6,
    7,
    8,
    9,
    10,
    11,
    12,
    13,
    14,
    15,
    16,
    17,
    18,
    19,
    20,
    21,
    22,
    23,
    24,
    25,
    26,
    27,
    28,
    29,
    30,
    31,
    32,
    33,
    34,
    35,
    36,
    37,
    38,
    39,
    40,
    41,
    42,
    43,
    44,
    45,
    46,
    47,
    48,
    49
  ],
  "reset": [
    7,
    15,
    23,
    31,
    39,
    47,
    49
  ],
  "duration": [
    2.452381134033203,
    2.2913663387298584,
    2.286722183227539,
    2.2968037128448486,
    2.2975640296936035,
    2.2918217182159424,
    2.295929431915283,
    2.289083957672119,
    2.286466121673584,
    2.2931809425354004,
    2.294645071029663,
    2.2889084815979004,
    2.2946555614471436,
    2.2958710193634033,
    2.291318655014038,
    2.296753406524658,
    2.295691728591919,
    2.289813280105591,
    2.2870094776153564,
    2.2823400497436523
  ],
  "status": 43
}