{
  "gpu": false,
  "device": "cpu",
  "infile": "../matrix/fgcr_check3_4096_dble_csr.dat",
  "matfile": null,
  "k": 0.0,
  "kc": 0.0,
  "reordering": false,
  "preconditioning": true,
  "vol": 4096,
  "dim": 49152,
  "lattice": "8x8x8x8",
  "blk_dim": 12288,
  "bs": "8x8x4x4",
  "res": 1e-06,
  "tol": 0.00031353468710831124,
  "nmx": 417,
  "nkv": 7,
  "nmr": 4,
  "ncy": 6,
  "sdtype": "float32",
  "ddtype": "float64",
  "cdtype": "float64",
  "rn": [
    15.453174260512544,
    4.9822376064045555,
    1.4956128926750811,
    0.46933679612695167,
    0.14118641461764392,
    0.0424019779920573,
    0.012549147419262293,
    0.01254881477081555,
    0.00412704339376623,
    0.00135777679015049,
    0.00044147415379880195,
    0.00013455007704583224,
    0.00013455008095342925
  ],
  "i": [
    0,
    1,
    2,
    3,
    4,
    5,
    6,
    7,
    8,
    9,
    10,
    11,
    12
  ],
  "reset": [
    7,
    12
  ],
  "duration": [
    2.5375940799713135,
    2.5348241329193115,
    2.5387799739837646,
    2.536452293395996,
    2.536696434020996,
    2.536898612976074,
    2.5360445976257324,
    2.5355613231658936,
    2.538034439086914,
    2.535269260406494,
    2.539275884628296,
    2.535540819168091,
    2.5330328941345215,
    2.534717321395874,
    2.5357608795166016,
    2.5340731143951416,
    2.534510850906372,
    2.5356152057647705,
    2.533830165863037,
    2.5347023010253906
  ],
  "status": 11
}