{
  "gpu": false,
  "device": "hybrid",
  "infile": "../matrix/cgne_init_4096_dble_csr.dat",
  "matfile": "../matrix/conf6_0-8x8-20/conf6_0-8x8-20.mtx",
  "k": 0.15717,
  "kc": 0.15717,
  "reordering": true,
  "preconditioning": true,
  "vol": 4096,
  "dim": 49152,
  "lattice": "8x8x8x8",
  "blk_dim": 6144,
  "bs": "8x4x4x4",
  "res": 1e-06,
  "tol": 0.0003135346870762468,
  "nmx": 417,
  "nkv": 7,
  "nmr": 4,
  "ncy": 6,
  "sdtype": "float64",
  "ddtype": "float64",
  "cdtype": "float64",
  "rn": [
    21.46700116281079,
    10.896913355312869,
    6.316007646558847,
    3.6424458129013786,
    2.2554582458037724,
    1.4051975529136391,
    0.8882472199673094,
    0.8882472199673098,
    0.5588850706795693,
    0.3651071152266554,
    0.23730509335003647,
    0.15303389001616177,
    0.09392767943479405,
    0.056323058951216066,
    0.032712762542379654,
    0.03271276254237994,
    0.019423268363861428,
    0.011515437598023592,
    0.00638686848434219,
    0.004071993795377167,
    0.0025546532410374106,
    0.0016816266043847658,
    0.0010769517518857078,
    0.001076951751885522,
    0.0007086002643303482,
    0.00046209923052058097,
    0.0003009798830617201,
    0.00030097988306154527
  ],
  "i": [
    0,
    1,
    2,
    3,
    4,
    5,
    6,
    7,
    8,
    9,
    10,
    11,
    12,
    13,
    14,
    15,
    16,
    17,
    18,
    19,
    20,
    21,
    22,
    23,
    24,
    25,
    26,
    27
  ],
  "reset": [
    7,
    15,
    23,
    27
  ],
  "duration": [
    3.732121229171753,
    3.712611436843872,
    3.872238874435425,
    3.6333720684051514,
    3.6707687377929688,
    3.71127986907959,
    3.712188243865967,
    3.712790012359619,
    3.7134690284729004,
    3.760902166366577,
    3.7157506942749023,
    3.6928746700286865,
    3.7213244438171387,
    3.8633840084075928,
    3.7215003967285156,
    3.6173510551452637,
    3.710999011993408,
    3.7570016384124756,
    3.631483316421509,
    3.6580402851104736
  ],
  "status": 24
}