{
  "gpu": false,
  "infile": "../matrix/cgne_init_4096_dble_csr.dat",
  "matfile": null,
  "k": 0.0,
  "kc": 0.0,
  "reordering": false,
  "preconditioning": true,
  "vol": 4096,
  "dim": 49152,
  "lattice": "8x8x8x8",
  "blk_dim": 24576,
  "bs": "8x8x8x4",
  "res": 1e-06,
  "tol": 0.0003135346870547978,
  "nmx": 1250,
  "nkv": 7,
  "nmr": 2,
  "ncy": 4,
  "sdtype": "float32",
  "ddtype": "float64",
  "cdtype": "float64",
  "rn": [
    142.06129102248838,
    77.01105109060131,
    44.589521767288666,
    27.247884321313247,
    17.23246408102801,
    11.11753281596912,
    7.257860631214197,
    7.257860508636101,
    5.195346172034581,
    3.5768099163545233,
    2.4366718963799108,
    1.5724562990852413,
    1.0046148757236077,
    0.6276178423949007,
    0.40282072844903577,
    0.40282072918881967,
    0.295049569055775,
    0.21124054196480194,
    0.14456783960614725,
    0.09682274908048315,
    0.06521920648075785,
    0.044328825613594885,
    0.030698601727679114,
    0.030698602030745866,
    0.02239723720570183,
    0.0159553444250448,
    0.011029943634030617,
    0.007499995083963432,
    0.005155224688150253,
    0.0036426813912560554,
    0.002613419899150952,
    0.002613419878957305,
    0.0019245905835242694,
    0.0013871627567899943,
    0.0009671079167898514,
    0.0006658912872347665,
    0.0004642732583126411,
    0.00033006019383588877,
    0.00023733394589076643,
    0.00023733394723025788
  ],
  "i": [
    0,
    1,
    2,
    3,
    4,
    5,
    6,
    7,
    8,
    9,
    10,
    11,
    12,
    13,
    14,
    15,
    16,
    17,
    18,
    19,
    20,
    21,
    22,
    23,
    24,
    25,
    26,
    27,
    28,
    29,
    30,
    31,
    32,
    33,
    34,
    35,
    36,
    37,
    38,
    39
  ],
  "reset": [
    7,
    15,
    23,
    31,
    39
  ],
  "duration": [
    2.230222225189209,
    2.2289671897888184,
    2.2279398441314697,
    2.23118257522583,
    2.2357192039489746,
    2.233872652053833,
    2.234231948852539,
    2.234767436981201,
    2.232865571975708,
    2.2290170192718506,
    2.225656509399414,
    2.225250482559204,
    2.2273941040039062,
    2.227033853530884,
    2.229097366333008,
    2.229918956756592,
    2.2294580936431885,
    2.229966878890991,
    2.231379508972168,
    2.2299916744232178
  ],
  "status": 35
}