{
  "gpu": true,
  "device": "gpu",
  "infile": "../matrix/cgne_init_4096_dble_csr.dat",
  "matfile": "../matrix/conf6_0-8x8-30/conf6.0-00l8x8-3000.mtx",
  "k": 0.15649,
  "kc": 0.15649,
  "reordering": true,
  "preconditioning": true,
  "vol": 4096,
  "dim": 49152,
  "lattice": "8x8x8x8",
  "blk_dim": 12288,
  "bs": "8x8x4x4",
  "res": 1e-06,
  "tol": 0.0003135346870762468,
  "nmx": 250,
  "nkv": 7,
  "nmr": 4,
  "ncy": 10,
  "sdtype": "float64",
  "ddtype": "float64",
  "cdtype": "float64",
  "rn": [
    11.730607638778878,
    6.483556599200665,
    4.160643186496201,
    2.881799399177775,
    2.0904151870798384,
    1.5674094749459686,
    1.0777397366320385,
    1.0777397366320378,
    0.7858605972513983,
    0.5630853584604633,
    0.39572500077067035,
    0.2823761447864091,
    0.2067208654807816,
    0.13738555106619527,
    0.09999825231832064,
    0.09999825231832102,
    0.07142289030005983,
    0.04809811464896172,
    0.03498933940140108,
    0.024233513030671283,
    0.0147796920004302,
    0.01019442242005953,
    0.00717194280748481,
    0.0071719428074848305,
    0.005428934766382598,
    0.004099994595210502,
    0.002998815915710112,
    0.0022544292909815826,
    0.001584709732325502,
    0.001115722441469993,
    0.0007788333533410184,
    0.0007788333533411726,
    0.0005936182889305572,
    0.0004295509838699415,
    0.00031334376100726637,
    0.000313343761007566
  ],
  "i": [
    0,
    1,
    2,
    3,
    4,
    5,
    6,
    7,
    8,
    9,
    10,
    11,
    12,
    13,
    14,
    15,
    16,
    17,
    18,
    19,
    20,
    21,
    22,
    23,
    24,
    25,
    26,
    27,
    28,
    29,
    30,
    31,
    32,
    33,
    34,
    35
  ],
  "reset": [
    7,
    15,
    23,
    31,
    35
  ],
  "duration": [
    2.9851491451263428,
    2.807201862335205,
    2.806942939758301,
    2.8090624809265137,
    2.8120687007904053,
    2.7989611625671387,
    2.8213701248168945,
    2.804560899734497,
    2.807697057723999,
    2.808677911758423,
    2.803975820541382,
    2.8100104331970215,
    2.8082773685455322,
    2.8056628704071045,
    2.804037094116211,
    2.8092598915100098,
    2.8186757564544678,
    2.797358989715576,
    2.7990188598632812,
    2.7949442863464355
  ],
  "status": 31
}