{
  "gpu": true,
  "infile": "../matrix/cgne_init_65536_dble_csr.dat",
  "matfile": null,
  "k": 0.0,
  "kc": 0.0,
  "reordering": false,
  "preconditioning": true,
  "vol": 65536,
  "dim": 786048,
  "lattice": "16x16x16x16",
  "blk_dim": 98256,
  "bs": "16x8x8x8",
  "res": 1e-06,
  "tol": 0.0012541387482808122,
  "nmx": 1250,
  "nkv": 7,
  "nmr": 4,
  "ncy": 2,
  "sdtype": "float32",
  "ddtype": "float64",
  "cdtype": "float32",
  "rn": [
    723.2197639632716,
    405.0895309686687,
    206.34325537806563,
    99.44690102454247,
    47.52616031830745,
    22.579133109836423,
    10.82548640397623,
    10.825486305750177,
    6.484549285340141,
    2.760182073231192,
    1.2951535844743822,
    0.5997323737294668,
    0.2920391909736879,
    0.14249501137509207,
    0.06665690882945643,
    0.06665691072907867,
    0.03932340827070562,
    0.018179463704715206,
    0.0077614232811550185,
    0.0037883584222563067,
    0.00198682282183555,
    0.0010363516951348423,
    0.0010363516785658485
  ],
  "i": [
    0,
    1,
    2,
    3,
    4,
    5,
    6,
    7,
    8,
    9,
    10,
    11,
    12,
    13,
    14,
    15,
    16,
    17,
    18,
    19,
    20,
    21,
    22
  ],
  "reset": [
    7,
    15,
    22
  ],
  "duration": 2.232518434524536,
  "status": 20
}