{
  "gpu": false,
  "infile": "../matrix/cgne_init_65536_dble_csr.dat",
  "matfile": null,
  "k": 0.0,
  "kc": 0.0,
  "reordering": false,
  "preconditioning": true,
  "vol": 65536,
  "dim": 786048,
  "lattice": "16x16x16x16",
  "blk_dim": 98256,
  "bs": "16x8x8x8",
  "res": 1e-06,
  "tol": 0.0012541387482794752,
  "nmx": 500,
  "nkv": 7,
  "nmr": 4,
  "ncy": 5,
  "sdtype": "float32",
  "ddtype": "float64",
  "cdtype": "float64",
  "rn": [
    399.29406989915407,
    145.73633466717766,
    54.33367246515554,
    20.617616564292085,
    7.968590795123017,
    3.1409476360674855,
    1.2610198574880038,
    1.2610197533755745,
    0.519855690201902,
    0.21158290099136579,
    0.08050920792232988,
    0.029432196005826385,
    0.010594194199765117,
    0.0037412491391138622,
    0.0013326726022649098,
    0.0013326715435632627,
    0.0005406893086801316,
    0.000540689305463545
  ],
  "i": [
    0,
    1,
    2,
    3,
    4,
    5,
    6,
    7,
    8,
    9,
    10,
    11,
    12,
    13,
    14,
    15,
    16,
    17
  ],
  "reset": [
    7,
    15,
    17
  ],
  "duration": 23.22447657585144,
  "status": 15
}