{
  "gpu": true,
  "device": "gpu",
  "infile": "../matrix/fgcr_check3_4096_dble_csr.dat",
  "matfile": null,
  "k": 0.0,
  "kc": 0.0,
  "reordering": false,
  "preconditioning": true,
  "vol": 4096,
  "dim": 49152,
  "lattice": "8x8x8x8",
  "blk_dim": 12288,
  "bs": "8x8x4x4",
  "res": 1e-06,
  "tol": 0.0003135346870762468,
  "nmx": 250,
  "nkv": 7,
  "nmr": 4,
  "ncy": 10,
  "sdtype": "float64",
  "ddtype": "float64",
  "cdtype": "float64",
  "rn": [
    7.945887287901797,
    2.4202993629324374,
    0.7575002135659772,
    0.23400820156321842,
    0.07415953133345957,
    0.02494941552781761,
    0.008127018848204466,
    0.008127018848204824,
    0.002892581691995009,
    0.0010286585138112073,
    0.00033678449344301016,
    0.00010763966975146158,
    0.00010763966975149343
  ],
  "i": [
    0,
    1,
    2,
    3,
    4,
    5,
    6,
    7,
    8,
    9,
    10,
    11,
    12
  ],
  "reset": [
    7,
    12
  ],
  "duration": [
    1.3077542781829834,
    1.092761516571045,
    1.0886104106903076,
    1.0872771739959717,
    1.0874459743499756,
    1.0878653526306152,
    1.0873231887817383,
    1.0869433879852295,
    1.0869688987731934,
    1.0855693817138672,
    1.0904452800750732,
    1.0845654010772705,
    1.0848777294158936,
    1.0840911865234375,
    1.0847365856170654,
    1.0840957164764404,
    1.0853960514068604,
    1.0852351188659668,
    1.084813117980957,
    1.0849566459655762
  ],
  "status": 11
}