{
  "gpu": true,
  "device": "gpu",
  "infile": "../matrix/cgne_init_4096_dble_csr.dat",
  "matfile": "../matrix/conf6_0-8x8-30/conf6.0-00l8x8-3000.mtx",
  "k": 0.05,
  "kc": 0.15649,
  "reordering": true,
  "preconditioning": true,
  "vol": 4096,
  "dim": 49152,
  "lattice": "8x8x8x8",
  "blk_dim": 12288,
  "bs": "8x8x4x4",
  "res": 1e-06,
  "tol": 0.0003135346870762468,
  "nmx": 250,
  "nkv": 7,
  "nmr": 4,
  "ncy": 10,
  "sdtype": "float64",
  "ddtype": "float64",
  "cdtype": "float64",
  "rn": [
    7.22048842811565e-14,
    1.0456569941575613e-13
  ],
  "i": [
    0,
    1
  ],
  "reset": [
    1
  ],
  "duration": [
    0.09051108360290527,
    0.09008288383483887,
    0.09064006805419922,
    0.08972811698913574,
    0.09005260467529297,
    0.09020519256591797,
    0.08954048156738281,
    0.0872201919555664,
    0.08773136138916016,
    0.09032416343688965,
    0.09021997451782227,
    0.08759021759033203,
    0.09035205841064453,
    0.08988285064697266,
    0.09045767784118652,
    0.09000110626220703,
    0.09023880958557129,
    0.08765769004821777,
    0.09137773513793945,
    0.0902414321899414
  ],
  "status": 1
}