{
  "gpu": true,
  "device": "gpu",
  "infile": "../matrix/cgne_init_65536_dble_csr.dat",
  "matfile": null,
  "k": 0.0,
  "kc": 0.0,
  "reordering": false,
  "preconditioning": true,
  "vol": 65536,
  "dim": 786048,
  "lattice": "16x16x16x16",
  "blk_dim": 196512,
  "bs": "16x16x8x8",
  "res": 1e-06,
  "tol": 0.0012541387483049871,
  "nmx": 210,
  "nkv": 7,
  "nmr": 12,
  "ncy": 4,
  "sdtype": "float64",
  "ddtype": "float64",
  "cdtype": "float64",
  "rn": [
    60.183540219545016,
    4.584736822812595,
    0.3938784902268959,
    0.03740264010035296,
    0.0038867837401652884,
    0.000398015980480906,
    0.00039801598048099613
  ],
  "i": [
    0,
    1,
    2,
    3,
    4,
    5,
    6
  ],
  "reset": [
    6
  ],
  "duration": [
    0.9657964706420898,
    0.8022060394287109,
    0.8018553256988525,
    0.8043508529663086,
    0.8019468784332275,
    0.8043406009674072,
    0.8000171184539795,
    0.8045530319213867,
    0.8067944049835205,
    0.8041861057281494,
    0.7996046543121338,
    0.8022279739379883,
    0.8041577339172363,
    0.8029322624206543,
    0.7992935180664062,
    0.8043911457061768,
    0.8019232749938965,
    0.8011734485626221,
    0.8049390316009521,
    0.8044373989105225
  ],
  "status": 6
}