{
  "gpu": true,
  "device": "gpu",
  "infile": "../matrix/cgne_init_65536_dble_csr.dat",
  "matfile": null,
  "k": 0.0,
  "kc": 0.0,
  "reordering": false,
  "preconditioning": true,
  "vol": 65536,
  "dim": 786048,
  "lattice": "16x16x16x16",
  "blk_dim": 393024,
  "bs": "16x16x16x8",
  "res": 1e-06,
  "tol": 0.0012541387482808122,
  "nmx": 2500,
  "nkv": 7,
  "nmr": 4,
  "ncy": 1,
  "sdtype": "float32",
  "ddtype": "float64",
  "cdtype": "float64",
  "rn": [
    610.7087960241091,
    234.90228726471994,
    104.62214841356261,
    47.70608295594255,
    21.648338298740516,
    10.209413576134923,
    4.788542043927362,
    4.788542124795197,
    2.38895485317003,
    1.1821396274222493,
    0.5690173362837377,
    0.27468209063089954,
    0.13071339176464455,
    0.05705402364882779,
    0.026499361505885683,
    0.02649936103286061,
    0.013119775664004378,
    0.006465386413736654,
    0.0031203494908466013,
    0.0015424892133776736,
    0.0007470740340559936,
    0.0007470740373583653
  ],
  "i": [
    0,
    1,
    2,
    3,
    4,
    5,
    6,
    7,
    8,
    9,
    10,
    11,
    12,
    13,
    14,
    15,
    16,
    17,
    18,
    19,
    20,
    21
  ],
  "reset": [
    7,
    15,
    21
  ],
  "duration": [
    0.5037980079650879,
    0.34046506881713867,
    0.3411886692047119,
    0.34038352966308594,
    0.340085506439209,
    0.3401165008544922,
    0.3404569625854492,
    0.34008193016052246,
    0.33981919288635254,
    0.3400447368621826,
    0.34006738662719727,
    0.3400707244873047,
    0.34075093269348145,
    0.3396310806274414,
    0.340609073638916,
    0.3406848907470703,
    0.34026050567626953,
    0.33944082260131836,
    0.3403952121734619,
    0.3402137756347656
  ],
  "status": 19
}