{
  "gpu": false,
  "device": "cpu",
  "infile": "../matrix/fgcr_check3_4096_dble_csr.dat",
  "matfile": null,
  "k": 0.0,
  "kc": 0.0,
  "reordering": false,
  "preconditioning": true,
  "vol": 4096,
  "dim": 49152,
  "lattice": "8x8x8x8",
  "blk_dim": 12288,
  "bs": "8x8x4x4",
  "res": 1e-06,
  "tol": 0.00031353468710831124,
  "nmx": 2500,
  "nkv": 7,
  "nmr": 1,
  "ncy": 4,
  "sdtype": "float32",
  "ddtype": "float64",
  "cdtype": "float32",
  "rn": [
    63.97057378793643,
    32.55146801371616,
    19.020284074539024,
    10.228753922778424,
    5.910520873236464,
    3.251315631987199,
    1.9137444458925439,
    1.9137445106438904,
    1.3363540687550752,
    0.8099918411471956,
    0.44139806036537393,
    0.27390358516953445,
    0.15273957153322348,
    0.08885807451289446,
    0.042546988344929246,
    0.04254698856381913,
    0.03152998059838611,
    0.018389179946717855,
    0.010109433234586818,
    0.006166915162782514,
    0.0033828425030400897,
    0.0020774361493232497,
    0.0011799304711172646,
    0.0011799305170690061,
    0.0008484412661087764,
    0.0005047185635879027,
    0.00028230966074577684,
    0.00028230966221027924
  ],
  "i": [
    0,
    1,
    2,
    3,
    4,
    5,
    6,
    7,
    8,
    9,
    10,
    11,
    12,
    13,
    14,
    15,
    16,
    17,
    18,
    19,
    20,
    21,
    22,
    23,
    24,
    25,
    26,
    27
  ],
  "reset": [
    7,
    15,
    23,
    27
  ],
  "duration": [
    2.4650919437408447,
    2.465221881866455,
    2.464268445968628,
    2.4657413959503174,
    2.466038942337036,
    2.464277982711792,
    2.465024471282959,
    2.463585376739502,
    2.4639949798583984,
    2.4639124870300293,
    2.4640486240386963,
    2.4612975120544434,
    2.462423801422119,
    2.461347818374634,
    2.4630119800567627,
    2.462616205215454,
    2.462324380874634,
    2.4613046646118164,
    2.4608285427093506,
    2.4614641666412354
  ],
  "status": 24
}