{
  "gpu": false,
  "device": "cpu",
  "infile": "../matrix/cgne_init_4096_dble_csr.dat",
  "matfile": "../matrix/conf6_0-8x8-20/conf6_0-8x8-20.mtx",
  "k": 0.15,
  "kc": 0.15717,
  "reordering": true,
  "preconditioning": true,
  "vol": 4096,
  "dim": 49152,
  "lattice": "8x8x8x8",
  "blk_dim": 24576,
  "bs": "8x8x8x4",
  "res": 1e-06,
  "tol": 0.0003135346870547978,
  "nmx": 2500,
  "nkv": 7,
  "nmr": 0.5,
  "ncy": 0.5,
  "sdtype": "float32",
  "ddtype": "float64",
  "cdtype": "float64",
  "rn": [
    61.753478786376796,
    25.763974581124664,
    9.264582045715319,
    4.704002192205528,
    2.513865347733408,
    1.4426662530233452,
    0.828053831788912,
    0.8280540344157286,
    0.5223186971744702,
    0.3196649829682732,
    0.1904893662279839,
    0.11108688918468457,
    0.06415899582306761,
    0.03607502238442753,
    0.021759496324361652,
    0.021759495220164963,
    0.01374368435370715,
    0.008673442561458621,
    0.005334145520515195,
    0.0031635723215254576,
    0.0019732269650662754,
    0.0011831321352521237,
    0.0007149847694943921,
    0.0007149847631284062,
    0.00045668639460598215,
    0.00028173837313732786,
    0.0002817383736993459
  ],
  "i": [
    0,
    1,
    2,
    3,
    4,
    5,
    6,
    7,
    8,
    9,
    10,
    11,
    12,
    13,
    14,
    15,
    16,
    17,
    18,
    19,
    20,
    21,
    22,
    23,
    24,
    25,
    26
  ],
  "reset": [
    7,
    15,
    23,
    26
  ],
  "duration": [
    2.034810781478882,
    2.0362517833709717,
    2.043637752532959,
    2.0337841510772705,
    2.0466721057891846,
    2.0293209552764893,
    2.0283925533294678,
    2.0451292991638184,
    2.0296802520751953,
    2.0401484966278076,
    2.0300991535186768,
    2.029425621032715,
    2.037109375,
    2.0336203575134277,
    2.036428213119507,
    2.0363235473632812,
    2.031559944152832,
    2.04272723197937,
    2.0314102172851562,
    2.0354204177856445
  ],
  "status": 23
}