{
  "gpu": true,
  "device": "gpu",
  "infile": "../matrix/cgne_init_4096_dble_csr.dat",
  "matfile": "../matrix/conf6_0-8x8-30/conf6.0-00l8x8-3000.mtx",
  "k": 0.05,
  "kc": 0.15649,
  "reordering": true,
  "preconditioning": true,
  "vol": 4096,
  "dim": 49152,
  "lattice": "8x8x8x8",
  "blk_dim": 3072,
  "bs": "4x4x4x4",
  "res": 1e-06,
  "tol": 0.0003135346870762468,
  "nmx": 250,
  "nkv": 7,
  "nmr": 10,
  "ncy": 4,
  "sdtype": "float64",
  "ddtype": "float64",
  "cdtype": "float64",
  "rn": [
    9.802567385953744e-05,
    9.802567385974251e-05
  ],
  "i": [
    0,
    1
  ],
  "reset": [
    1
  ],
  "duration": [
    0.3219170570373535,
    0.3164706230163574,
    0.31797337532043457,
    0.31520724296569824,
    0.3103911876678467,
    0.32235121726989746,
    0.3182089328765869,
    0.32237982749938965,
    0.31785082817077637,
    0.3186378479003906,
    0.3219630718231201,
    0.3179788589477539,
    0.3227677345275879,
    0.3165109157562256,
    0.316861629486084,
    0.3166024684906006,
    0.3173408508300781,
    0.31762051582336426,
    0.3141977787017822,
    0.31720423698425293
  ],
  "status": 1
}