{
  "gpu": true,
  "infile": "../matrix/cgne_init_65536_dble_csr.dat",
  "matfile": null,
  "k": 0.0,
  "kc": 0.0,
  "reordering": false,
  "preconditioning": true,
  "vol": 65536,
  "dim": 786048,
  "lattice": "16x16x16x16",
  "blk_dim": 49128,
  "bs": "8x8x8x8",
  "res": 1e-06,
  "tol": 0.0012541387482808122,
  "nmx": 250,
  "nkv": 7,
  "nmr": 4,
  "ncy": 10,
  "sdtype": "float32",
  "ddtype": "float64",
  "cdtype": "float32",
  "rn": [
    155.40593252418614,
    27.13186774926652,
    4.966963065361433,
    0.8491225639008496,
    0.1264800381553887,
    0.016903928347225636,
    0.002205876422525308,
    0.0022238564937622357,
    0.0003531102336088511,
    0.00035311023841973536
  ],
  "i": [
    0,
    1,
    2,
    3,
    4,
    5,
    6,
    7,
    8,
    9
  ],
  "reset": [
    7,
    9
  ],
  "duration": 4.129721403121948,
  "status": 8
}