{
  "gpu": true,
  "device": "gpu",
  "infile": "../matrix/cgne_init_4096_dble_csr.dat",
  "matfile": "../matrix/conf6_0-8x8-30/conf6.0-00l8x8-3000.mtx",
  "k": 0.15649,
  "kc": 0.15649,
  "reordering": true,
  "preconditioning": true,
  "vol": 4096,
  "dim": 49152,
  "lattice": "8x8x8x8",
  "blk_dim": 3072,
  "bs": "4x4x4x4",
  "res": 1e-06,
  "tol": 0.00031353468703945405,
  "nmx": 125,
  "nkv": 7,
  "nmr": 20,
  "ncy": 4,
  "sdtype": "float32",
  "ddtype": "float64",
  "cdtype": "float64",
  "rn": [
    21.90730307076913,
    9.392432677700825,
    4.82465876944248,
    3.0007349786691573,
    1.9125998300287625,
    1.1920054537544917,
    0.6891874217699949,
    0.6891878466309382,
    0.43479709794778254,
    0.29654645732636675,
    0.1974060303492519,
    0.11242183074876437,
    0.05940183982452828,
    0.03128769050224815,
    0.01719620828594038,
    0.017196207906632486,
    0.011112225209702484,
    0.007129250133386962,
    0.00463235459754824,
    0.0030534397611654794,
    0.002104225334189782,
    0.0013342541910610385,
    0.0008572045639929026,
    0.0008572045911226312,
    0.0005599023186359055,
    0.00038653741831265584,
    0.00025830815205495365,
    0.00025830815070394786
  ],
  "i": [
    0,
    1,
    2,
    3,
    4,
    5,
    6,
    7,
    8,
    9,
    10,
    11,
    12,
    13,
    14,
    15,
    16,
    17,
    18,
    19,
    20,
    21,
    22,
    23,
    24,
    25,
    26,
    27
  ],
  "reset": [
    7,
    15,
    23,
    27
  ],
  "duration": [
    14.920567035675049,
    14.789920568466187,
    14.802513599395752,
    14.80061936378479,
    14.701303482055664,
    14.714834690093994,
    14.707530975341797,
    14.70639157295227,
    14.708181858062744,
    14.706503868103027,
    14.713883638381958,
    14.714973211288452,
    14.68293023109436,
    14.729227304458618,
    14.711618900299072,
    14.72810435295105,
    14.725914478302002,
    14.682918071746826,
    14.710072994232178,
    14.709252119064331
  ],
  "status": 24
}