{
  "gpu": true,
  "device": "gpu",
  "infile": "../matrix/fgcr_check3_4096_dble_csr.dat",
  "matfile": null,
  "k": 0.0,
  "kc": 0.0,
  "reordering": false,
  "preconditioning": true,
  "vol": 4096,
  "dim": 49152,
  "lattice": "8x8x8x8",
  "blk_dim": 6144,
  "bs": "8x4x4x4",
  "res": 1e-06,
  "tol": 0.00031353468715082124,
  "nmx": 125,
  "nkv": 7,
  "nmr": 4,
  "ncy": 20,
  "sdtype": "float32",
  "ddtype": "float64",
  "cdtype": "float32",
  "rn": [
    2.6800871874161087,
    0.41292418625797345,
    0.062384615108753844,
    0.010654614351277368,
    0.0017646160022596802,
    0.00031379664807954194,
    4.34082874610129e-05,
    7.883080024192283e-05
  ],
  "i": [
    0,
    1,
    2,
    3,
    4,
    5,
    6,
    7
  ],
  "reset": [
    7
  ],
  "duration": [
    2.8815150260925293,
    2.6592466831207275,
    2.6598100662231445,
    2.653532028198242,
    2.6542868614196777,
    2.6511619091033936,
    2.650845766067505,
    2.628035545349121,
    2.6282567977905273,
    2.6274118423461914,
    2.6313393115997314,
    2.6280319690704346,
    2.625135660171509,
    2.6254382133483887,
    2.623837471008301,
    2.6243367195129395,
    2.6250178813934326,
    2.6237542629241943,
    2.6282734870910645,
    2.624864101409912
  ],
  "status": 7
}