{
  "gpu": false,
  "device": "hybrid",
  "infile": "../matrix/cgne_init_4096_dble_csr.dat",
  "matfile": "../matrix/conf6_0-8x8-20/conf6_0-8x8-20.mtx",
  "k": 0.15717,
  "kc": 0.15717,
  "reordering": true,
  "preconditioning": true,
  "vol": 4096,
  "dim": 49152,
  "lattice": "8x8x8x8",
  "blk_dim": 12288,
  "bs": "8x8x4x4",
  "res": 1e-06,
  "tol": 0.0003135346870547978,
  "nmx": 250,
  "nkv": 7,
  "nmr": 4,
  "ncy": 10,
  "sdtype": "float32",
  "ddtype": "float64",
  "cdtype": "float32",
  "rn": [
    15.036856485924892,
    9.03355867056888,
    6.3432356884379315,
    4.47757750318523,
    2.9256865869397966,
    1.9230318568362186,
    1.267796107401335,
    1.2677961775123923,
    0.9239894033974755,
    0.6816132919983893,
    0.5085377803389018,
    0.36371398044624403,
    0.2681902309265022,
    0.19514198171246783,
    0.14975137584824794,
    0.14975137392758575,
    0.1161544097094713,
    0.07828363222387741,
    0.04385183122060974,
    0.028316785432626345,
    0.01996324354700372,
    0.01278782964162852,
    0.009446169775601325,
    0.00944616960603733,
    0.007121684373785144,
    0.005323094044622328,
    0.0038909743985847214,
    0.002785746020349057,
    0.002014065122961101,
    0.0014127029453591415,
    0.0009269712483430865,
    0.0009269712461008804,
    0.0006420108252054819,
    0.0004629028984564973,
    0.0003492401046612519,
    0.00026521135087555106,
    0.0002652113508977101
  ],
  "i": [
    0,
    1,
    2,
    3,
    4,
    5,
    6,
    7,
    8,
    9,
    10,
    11,
    12,
    13,
    14,
    15,
    16,
    17,
    18,
    19,
    20,
    21,
    22,
    23,
    24,
    25,
    26,
    27,
    28,
    29,
    30,
    31,
    32,
    33,
    34,
    35,
    36
  ],
  "reset": [
    7,
    15,
    23,
    31,
    36
  ],
  "duration": [
    3.782687187194824,
    3.7720863819122314,
    3.7631289958953857,
    3.763453722000122,
    3.762454032897949,
    3.7588143348693848,
    3.750460147857666,
    3.7543411254882812,
    3.759413003921509,
    3.7534687519073486,
    3.7502734661102295,
    3.7495081424713135,
    3.7558956146240234,
    3.7553627490997314,
    3.75272536277771,
    3.7550487518310547,
    3.7540385723114014,
    3.7553560733795166,
    3.7542643547058105,
    3.752091884613037
  ],
  "status": 32
}