{
  "gpu": false,
  "infile": "../matrix/cgne_init_4096_dble_csr.dat",
  "matfile": null,
  "k": 0.0,
  "kc": 0.0,
  "reordering": false,
  "preconditioning": true,
  "vol": 4096,
  "dim": 49152,
  "lattice": "8x8x8x8",
  "blk_dim": 3072,
  "bs": "4x4x4x4",
  "res": 1e-06,
  "tol": 0.0003135346870547978,
  "nmx": 2500,
  "nkv": 7,
  "nmr": 1,
  "ncy": 4,
  "sdtype": "float32",
  "ddtype": "float64",
  "cdtype": "float64",
  "rn": [
    118.4941659876703,
    46.192359842660316,
    19.169403203312836,
    8.354848062983496,
    3.7799262894562755,
    1.7550941732060363,
    0.8374710192444106,
    0.8374709057819585,
    0.41451357917637566,
    0.20972616523877943,
    0.10702201250139588,
    0.04872625078979595,
    0.02356230253428532,
    0.011406894018030493,
    0.005435779727509845,
    0.005435779221732173,
    0.002729753881808503,
    0.0013802960277490362,
    0.0006936800931214415,
    0.00032335988759886843,
    0.00015931350595738768,
    0.00015931350712633543
  ],
  "i": [
    0,
    1,
    2,
    3,
    4,
    5,
    6,
    7,
    8,
    9,
    10,
    11,
    12,
    13,
    14,
    15,
    16,
    17,
    18,
    19,
    20,
    21
  ],
  "reset": [
    7,
    15,
    21
  ],
  "duration": [
    1.1839642524719238,
    1.181936502456665,
    1.1821272373199463,
    1.1826717853546143,
    1.181565523147583,
    1.1823577880859375,
    1.182260513305664,
    1.1828787326812744,
    1.184690237045288,
    1.182605504989624,
    1.186021089553833,
    1.182664394378662,
    1.1826272010803223,
    1.182983636856079,
    1.1857192516326904,
    1.1831791400909424,
    1.1868987083435059,
    1.1853358745574951,
    1.1821329593658447,
    1.1827950477600098
  ],
  "status": 19
}