{
  "gpu": true,
  "device": "gpu",
  "infile": "../matrix/cgne_init_65536_dble_csr.dat",
  "matfile": null,
  "k": 0.0,
  "kc": 0.0,
  "reordering": false,
  "preconditioning": true,
  "vol": 65536,
  "dim": 786048,
  "lattice": "16x16x16x16",
  "blk_dim": 393024,
  "bs": "16x16x16x8",
  "res": 1e-06,
  "tol": 0.0012541387483049871,
  "nmx": 210,
  "nkv": 7,
  "nmr": 12,
  "ncy": 4,
  "sdtype": "float64",
  "ddtype": "float64",
  "cdtype": "float64",
  "rn": [
    60.18690002463355,
    4.58588625964342,
    0.3972781445206371,
    0.040162126649757206,
    0.004643203200934658,
    0.0005026684070087749,
    0.0005026684070090225
  ],
  "i": [
    0,
    1,
    2,
    3,
    4,
    5,
    6
  ],
  "reset": [
    6
  ],
  "duration": [
    0.9363203048706055,
    0.77004075050354,
    0.771371603012085,
    0.768385648727417,
    0.7766027450561523,
    0.7752654552459717,
    0.7757606506347656,
    0.7692511081695557,
    0.7743449211120605,
    0.7741336822509766,
    0.7704284191131592,
    0.7794580459594727,
    0.7735602855682373,
    0.7768983840942383,
    0.7702064514160156,
    0.7785186767578125,
    0.7744960784912109,
    0.7755646705627441,
    0.7694203853607178,
    0.7787489891052246
  ],
  "status": 6
}