{
  "gpu": false,
  "device": "cpu",
  "infile": "../matrix/cgne_init_4096_dble_csr.dat",
  "matfile": "../matrix/conf6_0-8x8-30/conf6.0-00l8x8-3000.mtx",
  "k": 0.15649,
  "kc": 0.15649,
  "reordering": true,
  "preconditioning": true,
  "vol": 4096,
  "dim": 49152,
  "lattice": "8x8x8x8",
  "blk_dim": 3072,
  "bs": "4x4x4x4",
  "res": 1e-06,
  "tol": 0.0003135346870762468,
  "nmx": 417,
  "nkv": 7,
  "nmr": 4,
  "ncy": 6,
  "sdtype": "float64",
  "ddtype": "float64",
  "cdtype": "float64",
  "rn": [
    19.111908719589277,
    9.096532906339325,
    4.922993648711057,
    3.028836979973737,
    1.8722790298804735,
    1.1492940358901265,
    0.7297273344657004,
    0.7297273344657,
    0.46979919560103073,
    0.3187935860707878,
    0.2144920184287596,
    0.12440407496280825,
    0.07098051660891035,
    0.041062631609155034,
    0.02456558042941344,
    0.024565580429413095,
    0.015800539578146942,
    0.010865951436193249,
    0.0067127601839726565,
    0.004297502603296961,
    0.002838781602431763,
    0.0018457978000175378,
    0.0010436558427561957,
    0.0010436558427563295,
    0.0006344757167228719,
    0.00042171578266716163,
    0.0002900566245558545,
    0.00029005662455594815
  ],
  "i": [
    0,
    1,
    2,
    3,
    4,
    5,
    6,
    7,
    8,
    9,
    10,
    11,
    12,
    13,
    14,
    15,
    16,
    17,
    18,
    19,
    20,
    21,
    22,
    23,
    24,
    25,
    26,
    27
  ],
  "reset": [
    7,
    15,
    23,
    27
  ],
  "duration": [
    4.5579938888549805,
    4.553014278411865,
    4.555840253829956,
    4.555265188217163,
    4.5563366413116455,
    4.554561138153076,
    4.553931713104248,
    4.5522096157073975,
    4.5541651248931885,
    4.554728031158447,
    4.555764198303223,
    4.554827928543091,
    4.550575256347656,
    4.54819655418396,
    4.545532464981079,
    4.547353267669678,
    4.551797389984131,
    4.5448997020721436,
    4.546612024307251,
    4.546371936798096
  ],
  "status": 24
}