{
  "gpu": true,
  "infile": "../matrix/cgne_init_65536_dble_csr.dat",
  "matfile": null,
  "k": 0.0,
  "kc": 0.0,
  "reordering": false,
  "preconditioning": true,
  "vol": 65536,
  "dim": 786048,
  "lattice": "16x16x16x16",
  "blk_dim": 49128,
  "bs": "8x8x8x8",
  "res": 1e-06,
  "tol": 0.0012541387483049871,
  "nmx": 1250,
  "nkv": 7,
  "nmr": 4,
  "ncy": 2,
  "sdtype": "float64",
  "ddtype": "float64",
  "cdtype": "float64",
  "rn": [
    723.2084124263615,
    405.08876661672,
    206.33698033867122,
    99.4428354338703,
    47.519176742913004,
    22.574467756589176,
    10.824887269841472,
    10.824887269841472,
    6.486159425991705,
    2.7633325473096972,
    1.298277127828428,
    0.6017636204342037,
    0.2935645828514044,
    0.14354818969331912,
    0.06725249122952505,
    0.06725249122952483,
    0.039834850395510504,
    0.0187133409359916,
    0.008061719079710598,
    0.0039689405824839645,
    0.0020878506392059157,
    0.0010915186227404535,
    0.0010915186227403752
  ],
  "i": [
    0,
    1,
    2,
    3,
    4,
    5,
    6,
    7,
    8,
    9,
    10,
    11,
    12,
    13,
    14,
    15,
    16,
    17,
    18,
    19,
    20,
    21,
    22
  ],
  "reset": [
    7,
    15,
    22
  ],
  "duration": 2.6593427658081055,
  "status": 20
}