{
  "gpu": false,
  "device": "hybrid",
  "infile": "../matrix/cgne_init_4096_dble_csr.dat",
  "matfile": "../matrix/conf6_0-8x8-30/conf6.0-00l8x8-3000.mtx",
  "k": 0.15649,
  "kc": 0.15649,
  "reordering": true,
  "preconditioning": true,
  "vol": 4096,
  "dim": 49152,
  "lattice": "8x8x8x8",
  "blk_dim": 3072,
  "bs": "4x4x4x4",
  "res": 1e-06,
  "tol": 0.0003135346870762468,
  "nmx": 417,
  "nkv": 7,
  "nmr": 2,
  "ncy": 12,
  "sdtype": "float64",
  "ddtype": "float64",
  "cdtype": "float64",
  "rn": [
    16.384047655093617,
    8.81168360754726,
    5.678256438147838,
    3.4997313573017252,
    2.187579322638543,
    1.3245423511852066,
    0.8317682558713224,
    0.8317682558713222,
    0.5775525404881771,
    0.3820230048891961,
    0.25932421781748183,
    0.17672496891535253,
    0.11584547627848374,
    0.0764240791435476,
    0.05089901612617176,
    0.05089901612617204,
    0.03505140027606674,
    0.024052563229797097,
    0.01602908686558829,
    0.009975025849359272,
    0.006589163865768326,
    0.004198433302112453,
    0.0024427395207563124,
    0.0024427395207568584,
    0.001533705927899286,
    0.0010642227420211028,
    0.0007655398735638367,
    0.0005337088512389382,
    0.0003725743150011531,
    0.00025051022941142596,
    0.0002505102294111605
  ],
  "i": [
    0,
    1,
    2,
    3,
    4,
    5,
    6,
    7,
    8,
    9,
    10,
    11,
    12,
    13,
    14,
    15,
    16,
    17,
    18,
    19,
    20,
    21,
    22,
    23,
    24,
    25,
    26,
    27,
    28,
    29,
    30
  ],
  "reset": [
    7,
    15,
    23,
    30
  ],
  "duration": [
    7.499817371368408,
    7.488727569580078,
    7.4936113357543945,
    7.485311269760132,
    7.499267816543579,
    7.486323833465576,
    7.484473705291748,
    7.494044542312622,
    7.490420341491699,
    7.500110864639282,
    7.500718116760254,
    7.496143102645874,
    7.485462188720703,
    7.474958658218384,
    7.479043960571289,
    7.472305536270142,
    7.479932546615601,
    7.478106498718262,
    7.476925373077393,
    7.473125696182251
  ],
  "status": 27
}