{
  "gpu": false,
  "device": "cpu",
  "infile": "../matrix/fgcr_check3_4096_dble_csr.dat",
  "matfile": null,
  "k": 0.0,
  "kc": 0.0,
  "reordering": false,
  "preconditioning": true,
  "vol": 4096,
  "dim": 49152,
  "lattice": "8x8x8x8",
  "blk_dim": 12288,
  "bs": "8x8x4x4",
  "res": 1e-06,
  "tol": 0.0003135346870762468,
  "nmx": 250,
  "nkv": 7,
  "nmr": 4,
  "ncy": 10,
  "sdtype": "float64",
  "ddtype": "float64",
  "cdtype": "float64",
  "rn": [
    7.9458872879018,
    2.420299362932438,
    0.7575002135659774,
    0.23400820156321844,
    0.0741595313334596,
    0.024949415527817643,
    0.008127018848204505,
    0.008127018848204609,
    0.0028925816919945445,
    0.0010286585138109536,
    0.0003367844934429215,
    0.00010763966975146695,
    0.0001076396697517942
  ],
  "i": [
    0,
    1,
    2,
    3,
    4,
    5,
    6,
    7,
    8,
    9,
    10,
    11,
    12
  ],
  "reset": [
    7,
    12
  ],
  "duration": [
    6.325254678726196,
    5.956131935119629,
    6.316564321517944,
    6.020030736923218,
    6.498603105545044,
    5.934117555618286,
    5.8084306716918945,
    5.9482262134552,
    6.180722951889038,
    5.759093761444092,
    5.958936452865601,
    5.746562719345093,
    6.040123224258423,
    5.913711786270142,
    6.284373044967651,
    6.357792139053345,
    5.9576849937438965,
    5.847733020782471,
    5.495455741882324,
    6.127315521240234
  ],
  "status": 11
}