{
  "gpu": false,
  "device": "cpu",
  "infile": "../matrix/fgcr_check3_4096_dble_csr.dat",
  "matfile": null,
  "k": 0.0,
  "kc": 0.0,
  "reordering": false,
  "preconditioning": true,
  "vol": 4096,
  "dim": 49152,
  "lattice": "8x8x8x8",
  "blk_dim": 3072,
  "bs": "4x4x4x4",
  "res": 1e-06,
  "tol": 0.00031353468710831124,
  "nmx": 417,
  "nkv": 7,
  "nmr": 4,
  "ncy": 6,
  "sdtype": "float32",
  "ddtype": "float64",
  "cdtype": "float64",
  "rn": [
    15.454666210838703,
    4.982218557246104,
    1.4944836537871662,
    0.4690335785150946,
    0.14122694321178783,
    0.042428550205072364,
    0.012564119130638922,
    0.012564518348339423,
    0.004131115646013323,
    0.0013602980461052485,
    0.0004419994795501336,
    0.00013449150539574883,
    0.00013449149675561097
  ],
  "i": [
    0,
    1,
    2,
    3,
    4,
    5,
    6,
    7,
    8,
    9,
    10,
    11,
    12
  ],
  "reset": [
    7,
    12
  ],
  "duration": [
    2.2478199005126953,
    2.2469637393951416,
    2.2451376914978027,
    2.250514268875122,
    2.2461748123168945,
    2.245619297027588,
    2.2455315589904785,
    2.2458581924438477,
    2.2458183765411377,
    2.245143413543701,
    2.2472150325775146,
    2.2473175525665283,
    2.2469897270202637,
    2.2441048622131348,
    2.2440178394317627,
    2.2453927993774414,
    2.2447123527526855,
    2.24507737159729,
    2.2442102432250977,
    2.2474477291107178
  ],
  "status": 11
}