{
  "gpu": false,
  "infile": "../matrix/cgne_init_65536_dble_csr.dat",
  "matfile": null,
  "k": 0.0,
  "kc": 0.0,
  "reordering": false,
  "preconditioning": true,
  "vol": 65536,
  "dim": 786048,
  "lattice": "16x16x16x16",
  "blk_dim": 12282,
  "bs": "8x8x4x4",
  "res": 1e-06,
  "tol": 0.0012541387482794752,
  "nmx": 125,
  "nkv": 7,
  "nmr": 4,
  "ncy": 20,
  "sdtype": "float32",
  "ddtype": "float64",
  "cdtype": "float64",
  "rn": [
    27.562367334511098,
    0.8385055116025021,
    0.02053183592660368,
    0.0005411384522139945,
    0.0006364866107633039
  ],
  "i": [
    0,
    1,
    2,
    3,
    4
  ],
  "reset": [
    4
  ],
  "duration": 25.78457021713257,
  "status": 4
}