{
  "gpu": false,
  "infile": "../matrix/cgne_init_65536_dble_csr.dat",
  "matfile": null,
  "k": 0.0,
  "kc": 0.0,
  "reordering": false,
  "preconditioning": true,
  "vol": 65536,
  "dim": 786048,
  "lattice": "16x16x16x16",
  "blk_dim": 196512,
  "bs": "16x16x8x8",
  "res": 1e-06,
  "tol": 0.0012541387483049865,
  "nmx": 250,
  "nkv": 7,
  "nmr": 4,
  "ncy": 10,
  "sdtype": "float64",
  "ddtype": "float64",
  "cdtype": "float64",
  "rn": [
    155.46507045566736,
    27.16155971390873,
    4.976596407210868,
    0.8456962781664612,
    0.1202776944274135,
    0.014012408287053996,
    0.0013973874002829938,
    0.0013973874002825507,
    0.00017181702259253543,
    0.00017181702259247455
  ],
  "i": [
    0,
    1,
    2,
    3,
    4,
    5,
    6,
    7,
    8,
    9
  ],
  "reset": [
    7,
    9
  ],
  "duration": 31.376723527908325,
  "status": 8
}