{
  "gpu": false,
  "infile": "../matrix/cgne_init_65536_dble_csr.dat",
  "matfile": null,
  "k": 0.0,
  "kc": 0.0,
  "reordering": false,
  "preconditioning": false,
  "vol": 65536,
  "dim": 786048,
  "lattice": "16x16x16x16",
  "blk_dim": 49128,
  "bs": "8x8x8x8",
  "res": 1e-06,
  "tol": 0.0012541387482794752,
  "nmx": 10000,
  "nkv": 7,
  "nmr": 0,
  "ncy": 0,
  "sdtype": "float32",
  "ddtype": "float64",
  "cdtype": "float64",
  "rn": [
    1164.709030396192,
    495.893493953841,
    442.95340862780733,
    243.7910468454516,
    210.46941054864942,
    130.89574639738896,
    110.11037083749405,
    110.11037058069395,
    96.05325696729165,
    68.82072157753804,
    55.68925862287443,
    37.79876807737143,
    31.471625584818746,
    20.32997559757765,
    17.133548894816332,
    17.13354885428886,
    14.965923659489695,
    10.70938192199843,
    8.364724399489482,
    6.218323815436738,
    4.911459886576644,
    3.5719990314774046,
    2.9933815129057657,
    2.9933815184833423,
    2.5814790636317144,
    1.922194269490439,
    1.4839861851232505,
    1.126939730353789,
    0.8719734807514341,
    0.6376940526678772,
    0.5375700324049301,
    0.5375700320946359,
    0.4636129994471491,
    0.3451817791424116,
    0.2634790865421749,
    0.20190466128017312,
    0.15580866072679728,
    0.11687502327357499,
    0.09807264817704442,
    0.09807264793616605,
    0.08403999056941883,
    0.06350505056384752,
    0.04862659074822377,
    0.0374456247249173,
    0.028597212811018635,
    0.02140022097385164,
    0.01804487378112227,
    0.018044873786582954,
    0.015491523324387187,
    0.011675061954488624,
    0.008865434184016554,
    0.006837179471775134,
    0.00524348810034008,
    0.003969358715601952,
    0.0033390381122461797,
    0.0033390380968318406,
    0.002856432743329353,
    0.002169378155915948,
    0.0016567492488319148,
    0.0012792434665376024,
    0.0009731436850947225,
    0.0009731436892258435
  ],
  "i": [
    0,
    1,
    2,
    3,
    4,
    5,
    6,
    7,
    8,
    9,
    10,
    11,
    12,
    13,
    14,
    15,
    16,
    17,
    18,
    19,
    20,
    21,
    22,
    23,
    24,
    25,
    26,
    27,
    28,
    29,
    30,
    31,
    32,
    33,
    34,
    35,
    36,
    37,
    38,
    39,
    40,
    41,
    42,
    43,
    44,
    45,
    46,
    47,
    48,
    49,
    50,
    51,
    52,
    53,
    54,
    55,
    56,
    57,
    58,
    59,
    60,
    61
  ],
  "reset": [
    7,
    15,
    23,
    31,
    39,
    47,
    55,
    61
  ],
  "duration": 11.518369197845459,
  "status": 54
}