{
  "gpu": true,
  "device": "gpu",
  "infile": "../matrix/cgne_init_4096_dble_csr.dat",
  "matfile": null,
  "k": 0.0,
  "kc": 0.0,
  "reordering": false,
  "preconditioning": true,
  "vol": 4096,
  "dim": 49152,
  "lattice": "8x8x8x8",
  "blk_dim": 6144,
  "bs": "8x4x4x4",
  "res": 1e-06,
  "tol": 0.0003135346870762468,
  "nmx": 2500,
  "nkv": 7,
  "nmr": 1,
  "ncy": 4,
  "sdtype": "float64",
  "ddtype": "float64",
  "cdtype": "float64",
  "rn": [
    118.52903353135628,
    46.22225427498507,
    19.189605650443774,
    8.372061052396536,
    3.7938038940674113,
    1.7654978059131325,
    0.8441011338934301,
    0.8441011338934303,
    0.41873525353848834,
    0.2123686683789627,
    0.10870835676768868,
    0.04960839218763384,
    0.024099797473871164,
    0.01171891423945505,
    0.0055851196825444475,
    0.005585119682544534,
    0.002811363827714493,
    0.0014230850966259795,
    0.0007163537206010608,
    0.0003339263710994229,
    0.0001640097505106926,
    0.0001640097505108606
  ],
  "i": [
    0,
    1,
    2,
    3,
    4,
    5,
    6,
    7,
    8,
    9,
    10,
    11,
    12,
    13,
    14,
    15,
    16,
    17,
    18,
    19,
    20,
    21
  ],
  "reset": [
    7,
    15,
    21
  ],
  "duration": [
    0.6417803764343262,
    0.47394585609436035,
    0.46857738494873047,
    0.48098158836364746,
    0.47580671310424805,
    0.47044992446899414,
    0.47095680236816406,
    0.4737837314605713,
    0.46910977363586426,
    0.4695301055908203,
    0.47661900520324707,
    0.4704599380493164,
    0.48166394233703613,
    0.47063469886779785,
    0.47452378273010254,
    0.4784548282623291,
    0.4799807071685791,
    0.46642208099365234,
    0.4707794189453125,
    0.47981834411621094
  ],
  "status": 19
}