{
  "gpu": false,
  "device": "cpu",
  "infile": "../matrix/cgne_init_4096_dble_csr.dat",
  "matfile": "../matrix/conf6_0-8x8-20/conf6_0-8x8-20.mtx",
  "k": 0.15,
  "kc": 0.15717,
  "reordering": true,
  "preconditioning": true,
  "vol": 4096,
  "dim": 49152,
  "lattice": "8x8x8x8",
  "blk_dim": 12288,
  "bs": "8x8x4x4",
  "res": 1e-06,
  "tol": 0.0003135346870547978,
  "nmx": 417,
  "nkv": 7,
  "nmr": 6,
  "ncy": 4,
  "sdtype": "float32",
  "ddtype": "float64",
  "cdtype": "float32",
  "rn": [
    7.267812163895968,
    1.2256473019262726,
    0.2434040670531341,
    0.04681491638695611,
    0.009976604914410676,
    0.0020929524485942073,
    0.0004413106492628121,
    0.0004472744645514452,
    9.906842797441701e-05,
    9.906842747034773e-05
  ],
  "i": [
    0,
    1,
    2,
    3,
    4,
    5,
    6,
    7,
    8,
    9
  ],
  "reset": [
    7,
    9
  ],
  "duration": [
    2.01570987701416,
    2.0107133388519287,
    2.0156185626983643,
    2.00917911529541,
    2.021380662918091,
    2.0227200984954834,
    2.018634557723999,
    2.0155248641967773,
    2.020458221435547,
    2.0129687786102295,
    2.019777536392212,
    2.0116522312164307,
    2.018543243408203,
    2.0187652111053467,
    2.0140748023986816,
    2.0137391090393066,
    2.0198800563812256,
    2.016949415206909,
    2.014911651611328,
    2.0079760551452637
  ],
  "status": 8
}