{
  "gpu": false,
  "device": "cpu",
  "infile": "../matrix/cgne_init_4096_dble_csr.dat",
  "matfile": "../matrix/conf6_0-8x8-30/conf6.0-00l8x8-3000.mtx",
  "k": 0.05,
  "kc": 0.15649,
  "reordering": true,
  "preconditioning": true,
  "vol": 4096,
  "dim": 49152,
  "lattice": "8x8x8x8",
  "blk_dim": 6144,
  "bs": "8x4x4x4",
  "res": 1e-06,
  "tol": 0.0003135346870762468,
  "nmx": 250,
  "nkv": 7,
  "nmr": 4,
  "ncy": 10,
  "sdtype": "float64",
  "ddtype": "float64",
  "cdtype": "float64",
  "rn": [
    2.1437366932387756e-14,
    1.140243293316624e-13
  ],
  "i": [
    0,
    1
  ],
  "reset": [
    1
  ],
  "duration": [
    0.3169736862182617,
    0.3153829574584961,
    0.31461501121520996,
    0.31434059143066406,
    0.31433939933776855,
    0.31479477882385254,
    0.3162109851837158,
    0.3152608871459961,
    0.3156297206878662,
    0.31432509422302246,
    0.314345121383667,
    0.31529998779296875,
    0.3146042823791504,
    0.3142411708831787,
    0.3139786720275879,
    0.31417250633239746,
    0.314708948135376,
    0.31494927406311035,
    0.31412291526794434,
    0.3173384666442871
  ],
  "status": 1
}