{
  "gpu": true,
  "device": "gpu",
  "infile": "../matrix/fgcr_check3_4096_dble_csr.dat",
  "matfile": null,
  "k": 0.0,
  "kc": 0.0,
  "reordering": false,
  "preconditioning": true,
  "vol": 4096,
  "dim": 49152,
  "lattice": "8x8x8x8",
  "blk_dim": 24576,
  "bs": "8x8x8x4",
  "res": 1e-06,
  "tol": 0.00031353468715082124,
  "nmx": 417,
  "nkv": 7,
  "nmr": 4,
  "ncy": 6,
  "sdtype": "float32",
  "ddtype": "float64",
  "cdtype": "float32",
  "rn": [
    15.452900442859361,
    4.982026257763,
    1.4957194413904076,
    0.46933369694890653,
    0.14117233150726746,
    0.04239413227577292,
    0.01254494923032335,
    0.012544941437384506,
    0.0041250058924442255,
    0.0013562274129658013,
    0.00044096923177238366,
    0.00013434806051671754,
    0.00013434806010425838
  ],
  "i": [
    0,
    1,
    2,
    3,
    4,
    5,
    6,
    7,
    8,
    9,
    10,
    11,
    12
  ],
  "reset": [
    7,
    12
  ],
  "duration": [
    0.5785350799560547,
    0.3609163761138916,
    0.36127400398254395,
    0.3612394332885742,
    0.36071300506591797,
    0.3604576587677002,
    0.3610374927520752,
    0.3599729537963867,
    0.3604874610900879,
    0.36043262481689453,
    0.36019325256347656,
    0.3599104881286621,
    0.36057353019714355,
    0.36025500297546387,
    0.36214780807495117,
    0.35887622833251953,
    0.3587658405303955,
    0.35893821716308594,
    0.35872650146484375,
    0.3588101863861084
  ],
  "status": 11
}