{
  "gpu": false,
  "device": "hybrid",
  "infile": "../matrix/fgcr_check3_4096_dble_csr.dat",
  "matfile": null,
  "k": 0.0,
  "kc": 0.0,
  "reordering": false,
  "preconditioning": true,
  "vol": 4096,
  "dim": 49152,
  "lattice": "8x8x8x8",
  "blk_dim": 24576,
  "bs": "8x8x8x4",
  "res": 1e-06,
  "tol": 0.0003135346870762468,
  "nmx": 2500,
  "nkv": 7,
  "nmr": 0.5,
  "ncy": 0.5,
  "sdtype": "float64",
  "ddtype": "float64",
  "cdtype": "float64",
  "rn": [
    130.92678105352644,
    33.56232578372967,
    15.196515688580675,
    6.584061906603069,
    3.031736378915289,
    1.3596282189562685,
    0.6221409531706265,
    0.6221409531706266,
    0.36894108583346225,
    0.16856792176674157,
    0.07506430376495697,
    0.032865360679437086,
    0.014990243343345137,
    0.005582305149075643,
    0.0024895608407674583,
    0.002489560840767225,
    0.0014733883125363978,
    0.0006176039717656092,
    0.0003259810194999436,
    0.00019253179719244448,
    0.00019253179719199294
  ],
  "i": [
    0,
    1,
    2,
    3,
    4,
    5,
    6,
    7,
    8,
    9,
    10,
    11,
    12,
    13,
    14,
    15,
    16,
    17,
    18,
    19,
    20
  ],
  "reset": [
    7,
    15,
    20
  ],
  "duration": [
    1.899919033050537,
    2.558784008026123,
    2.464289903640747,
    2.34173583984375,
    2.5082592964172363,
    2.447096824645996,
    2.576303720474243,
    2.7210302352905273,
    2.5798587799072266,
    2.5337092876434326,
    2.175075054168701,
    2.8548591136932373,
    2.3580434322357178,
    2.4719202518463135,
    2.89107346534729,
    2.6351263523101807,
    2.8159236907958984,
    2.485201597213745,
    2.7919507026672363,
    2.4570581912994385
  ],
  "status": 18
}