{
  "gpu": true,
  "device": "gpu",
  "infile": "../matrix/cgne_init_65536_dble_csr.dat",
  "matfile": null,
  "k": 0.0,
  "kc": 0.0,
  "reordering": false,
  "preconditioning": true,
  "vol": 65536,
  "dim": 786048,
  "lattice": "16x16x16x16",
  "blk_dim": 196512,
  "bs": "16x16x8x8",
  "res": 1e-06,
  "tol": 0.0012541387482808122,
  "nmx": 210,
  "nkv": 7,
  "nmr": 12,
  "ncy": 4,
  "sdtype": "float32",
  "ddtype": "float64",
  "cdtype": "float64",
  "rn": [
    60.183540241485765,
    4.584736846104251,
    0.3938784888692026,
    0.037402640159431164,
    0.003886783745350761,
    0.0003980159680789617,
    0.000448409118934379
  ],
  "i": [
    0,
    1,
    2,
    3,
    4,
    5,
    6
  ],
  "reset": [
    6
  ],
  "duration": [
    0.9463555812835693,
    0.778897762298584,
    0.7760248184204102,
    0.7746589183807373,
    0.7790167331695557,
    0.7749359607696533,
    0.7845690250396729,
    0.779888391494751,
    0.7794444561004639,
    0.7737927436828613,
    0.7757713794708252,
    0.7774121761322021,
    0.7805132865905762,
    0.7764997482299805,
    0.7815546989440918,
    0.7750015258789062,
    0.7763195037841797,
    0.7744722366333008,
    0.7790219783782959,
    0.7793216705322266
  ],
  "status": 6
}