{
  "gpu": false,
  "device": "cpu",
  "infile": "../matrix/cgne_init_65536_dble_csr.dat",
  "matfile": null,
  "k": 0.0,
  "kc": 0.0,
  "reordering": false,
  "preconditioning": true,
  "vol": 65536,
  "dim": 786048,
  "lattice": "16x16x16x16",
  "blk_dim": 12282,
  "bs": "8x8x4x4",
  "res": 1e-06,
  "tol": 0.0012541387482794752,
  "nmx": 313,
  "nkv": 7,
  "nmr": 4,
  "ncy": 8,
  "sdtype": "float32",
  "ddtype": "float64",
  "cdtype": "float32",
  "rn": [
    224.63586751312477,
    47.468611335429,
    9.068407720800423,
    2.023783065484,
    0.3848765954768177,
    0.08247286392444136,
    0.016039349113808273,
    0.016035684493176328,
    0.003413639556774552,
    0.0006586651043604478,
    0.0006586650961238516
  ],
  "i": [
    0,
    1,
    2,
    3,
    4,
    5,
    6,
    7,
    8,
    9,
    10
  ],
  "reset": [
    7,
    10
  ],
  "duration": [
    21.836108922958374,
    21.825554847717285,
    21.7809157371521,
    21.842427253723145,
    21.81359624862671,
    21.89353108406067,
    21.931488752365112,
    21.903533697128296,
    21.88335919380188,
    21.914581537246704,
    21.896262645721436,
    21.99881935119629,
    21.84141516685486,
    21.881704568862915,
    21.926388025283813,
    21.89187002182007,
    21.803897619247437,
    21.870081186294556,
    21.800588369369507,
    21.918060302734375
  ],
  "status": 9
}