{
  "gpu": false,
  "device": "hybrid",
  "infile": "../matrix/cgne_init_4096_dble_csr.dat",
  "matfile": "../matrix/conf6_0-8x8-30/conf6.0-00l8x8-3000.mtx",
  "k": 0.05,
  "kc": 0.15649,
  "reordering": true,
  "preconditioning": true,
  "vol": 4096,
  "dim": 49152,
  "lattice": "8x8x8x8",
  "blk_dim": 3072,
  "bs": "4x4x4x4",
  "res": 1e-06,
  "tol": 0.0003135346870762468,
  "nmx": 417,
  "nkv": 7,
  "nmr": 4,
  "ncy": 6,
  "sdtype": "float64",
  "ddtype": "float64",
  "cdtype": "float64",
  "rn": [
    3.586772045417958e-08,
    3.586772043392545e-08
  ],
  "i": [
    0,
    1
  ],
  "reset": [
    1
  ],
  "duration": [
    0.25174808502197266,
    0.2513761520385742,
    0.24943017959594727,
    0.2505614757537842,
    0.25014376640319824,
    0.2510867118835449,
    0.25000762939453125,
    0.25095605850219727,
    0.2485198974609375,
    0.25040745735168457,
    0.2494659423828125,
    0.24859619140625,
    0.24832725524902344,
    0.2498471736907959,
    0.24909090995788574,
    0.24897074699401855,
    0.24882912635803223,
    0.24950313568115234,
    0.24860453605651855,
    0.2488408088684082
  ],
  "status": 1
}