{
  "gpu": false,
  "device": "hybrid",
  "infile": "../matrix/fgcr_check3_4096_dble_csr.dat",
  "matfile": null,
  "k": 0.0,
  "kc": 0.0,
  "reordering": false,
  "preconditioning": true,
  "vol": 4096,
  "dim": 49152,
  "lattice": "8x8x8x8",
  "blk_dim": 6144,
  "bs": "8x4x4x4",
  "res": 1e-06,
  "tol": 0.00031353468710831124,
  "nmx": 2500,
  "nkv": 7,
  "nmr": 1,
  "ncy": 4,
  "sdtype": "float32",
  "ddtype": "float64",
  "cdtype": "float64",
  "rn": [
    63.97079686701711,
    32.52402855481239,
    18.98063760891808,
    10.22787084729324,
    5.909569164452708,
    3.2635915912320654,
    1.9175712326088503,
    1.9175714193981044,
    1.335885821831887,
    0.8092234397835603,
    0.440698416670638,
    0.27360841463007857,
    0.1522821282910437,
    0.08834585748129961,
    0.04186135168540776,
    0.04186135203904356,
    0.030805758050861463,
    0.018129333926418932,
    0.010006222691762703,
    0.006075571486533075,
    0.003320247644558076,
    0.0020586516356077183,
    0.0011669857309015727,
    0.001166985753186623,
    0.0008332155524245013,
    0.000500866061639644,
    0.0002804256140200468,
    0.0002804256145939171
  ],
  "i": [
    0,
    1,
    2,
    3,
    4,
    5,
    6,
    7,
    8,
    9,
    10,
    11,
    12,
    13,
    14,
    15,
    16,
    17,
    18,
    19,
    20,
    21,
    22,
    23,
    24,
    25,
    26,
    27
  ],
  "reset": [
    7,
    15,
    23,
    27
  ],
  "duration": [
    3.1688244342803955,
    3.168198585510254,
    3.1631903648376465,
    3.162581205368042,
    3.163918972015381,
    3.1632795333862305,
    3.1613523960113525,
    3.161206007003784,
    3.1616439819335938,
    3.1532599925994873,
    3.1536991596221924,
    3.153555154800415,
    3.1540443897247314,
    3.152658224105835,
    3.1533243656158447,
    3.1528525352478027,
    3.1547186374664307,
    3.1540706157684326,
    3.1546812057495117,
    3.1539340019226074
  ],
  "status": 24
}