{
  "gpu": false,
  "device": "cpu",
  "infile": "../matrix/fgcr_check3_4096_dble_csr.dat",
  "matfile": null,
  "k": 0.0,
  "kc": 0.0,
  "reordering": false,
  "preconditioning": true,
  "vol": 4096,
  "dim": 49152,
  "lattice": "8x8x8x8",
  "blk_dim": 12288,
  "bs": "8x8x4x4",
  "res": 1e-06,
  "tol": 0.0003135346870762468,
  "nmx": 417,
  "nkv": 7,
  "nmr": 12,
  "ncy": 2,
  "sdtype": "float64",
  "ddtype": "float64",
  "cdtype": "float64",
  "rn": [
    59.006209893024845,
    22.231226142476018,
    10.212336788536494,
    4.44292613364062,
    2.06635677824034,
    0.9174028809321153,
    0.42345764051364704,
    0.42345764051364637,
    0.2510720154007006,
    0.11409754448022542,
    0.05035251085158623,
    0.022335476177831808,
    0.010210705088571413,
    0.004253570748776658,
    0.0015933292022328547,
    0.0015933292022331062,
    0.0009597088724171204,
    0.0004230241879558706,
    0.00019747392466327706,
    0.00019747392466311266
  ],
  "i": [
    0,
    1,
    2,
    3,
    4,
    5,
    6,
    7,
    8,
    9,
    10,
    11,
    12,
    13,
    14,
    15,
    16,
    17,
    18,
    19
  ],
  "reset": [
    7,
    15,
    19
  ],
  "duration": [
    3.609583854675293,
    3.4539289474487305,
    3.695014476776123,
    3.8230533599853516,
    3.9427530765533447,
    3.4991190433502197,
    3.4946422576904297,
    3.528663396835327,
    3.704794406890869,
    3.513909101486206,
    3.7079429626464844,
    3.372612476348877,
    3.3427414894104004,
    3.74704647064209,
    3.645005941390991,
    3.4880056381225586,
    3.2497048377990723,
    3.5550620555877686,
    3.257298469543457,
    3.5541298389434814
  ],
  "status": 17
}