{
  "gpu": false,
  "device": "hybrid",
  "infile": "../matrix/fgcr_check3_4096_dble_csr.dat",
  "matfile": null,
  "k": 0.0,
  "kc": 0.0,
  "reordering": false,
  "preconditioning": true,
  "vol": 4096,
  "dim": 49152,
  "lattice": "8x8x8x8",
  "blk_dim": 12288,
  "bs": "8x8x4x4",
  "res": 1e-06,
  "tol": 0.0003135346870762468,
  "nmx": 417,
  "nkv": 7,
  "nmr": 12,
  "ncy": 2,
  "sdtype": "float64",
  "ddtype": "float64",
  "cdtype": "float64",
  "rn": [
    59.006209893024845,
    22.231226142476018,
    10.212336788536494,
    4.44292613364062,
    2.06635677824034,
    0.9174028809321153,
    0.42345764051364704,
    0.42345764051364726,
    0.25107201540070057,
    0.1140975444802253,
    0.05035251085158631,
    0.02233547617783179,
    0.010210705088571397,
    0.0042535707487766665,
    0.001593329202232844,
    0.0015933292022333534,
    0.0009597088724172507,
    0.00042302418795599775,
    0.0001974739246632745,
    0.0001974739246631808
  ],
  "i": [
    0,
    1,
    2,
    3,
    4,
    5,
    6,
    7,
    8,
    9,
    10,
    11,
    12,
    13,
    14,
    15,
    16,
    17,
    18,
    19
  ],
  "reset": [
    7,
    15,
    19
  ],
  "duration": [
    2.341923475265503,
    2.713578462600708,
    2.480386972427368,
    2.5154306888580322,
    2.5253472328186035,
    2.5300116539001465,
    2.493863582611084,
    2.8035495281219482,
    2.6310291290283203,
    2.671633005142212,
    2.6113834381103516,
    2.4679923057556152,
    2.4728643894195557,
    2.5696818828582764,
    2.538224935531616,
    2.5166983604431152,
    2.5580031871795654,
    2.6011364459991455,
    2.345571994781494,
    2.648346424102783
  ],
  "status": 17
}