{
  "gpu": true,
  "device": "gpu",
  "infile": "../matrix/cgne_init_4096_dble_csr.dat",
  "matfile": "../matrix/conf6_0-8x8-20/conf6_0-8x8-20.mtx",
  "k": 0.15,
  "kc": 0.15717,
  "reordering": true,
  "preconditioning": true,
  "vol": 4096,
  "dim": 49152,
  "lattice": "8x8x8x8",
  "blk_dim": 6144,
  "bs": "8x4x4x4",
  "res": 1e-06,
  "tol": 0.00031353468703945405,
  "nmx": 417,
  "nkv": 7,
  "nmr": 6,
  "ncy": 4,
  "sdtype": "float32",
  "ddtype": "float64",
  "cdtype": "float64",
  "rn": [
    10.393592192891916,
    2.0061251926270907,
    0.4597098886293094,
    0.11593927922550396,
    0.029480243338940944,
    0.007735198670725451,
    0.0019977929089905135,
    0.0019984721336389153,
    0.0005422574285430513,
    0.0001453303724428567,
    0.0001453303720095589
  ],
  "i": [
    0,
    1,
    2,
    3,
    4,
    5,
    6,
    7,
    8,
    9,
    10
  ],
  "reset": [
    7,
    10
  ],
  "duration": [
    1.0358734130859375,
    0.8658115863800049,
    0.8739922046661377,
    0.8723444938659668,
    0.8704073429107666,
    0.8763878345489502,
    0.8766212463378906,
    0.877018928527832,
    0.8705728054046631,
    0.8653388023376465,
    0.8675658702850342,
    0.8773510456085205,
    0.8731462955474854,
    0.870380163192749,
    0.8727171421051025,
    0.8720090389251709,
    0.8680753707885742,
    0.8722109794616699,
    0.8690977096557617,
    0.8711094856262207
  ],
  "status": 9
}