{
  "gpu": false,
  "device": "cpu",
  "infile": "../matrix/fgcr_check3_4096_dble_csr.dat",
  "matfile": null,
  "k": 0.0,
  "kc": 0.0,
  "reordering": false,
  "preconditioning": true,
  "vol": 4096,
  "dim": 49152,
  "lattice": "8x8x8x8",
  "blk_dim": 24576,
  "bs": "8x8x8x4",
  "res": 1e-06,
  "tol": 0.00031353468710831124,
  "nmx": 2500,
  "nkv": 7,
  "nmr": 1,
  "ncy": 4,
  "sdtype": "float32",
  "ddtype": "float64",
  "cdtype": "float32",
  "rn": [
    63.97257851036395,
    32.55549485663015,
    19.021988753140917,
    10.237749941102507,
    5.923042339183258,
    3.259163903862732,
    1.9162877160970304,
    1.9162875970609523,
    1.3370468485641895,
    0.8104821277245955,
    0.4422603760192795,
    0.2748049159461343,
    0.15368951304108158,
    0.08956763480171809,
    0.04286149213104733,
    0.04286148814576203,
    0.03177924342919297,
    0.018523065953034313,
    0.010181468588812519,
    0.006212618092051063,
    0.0034222282600957954,
    0.0021095804652751524,
    0.0012011033647744858,
    0.0012011033370036956,
    0.0008648701134771123,
    0.0005134349055203082,
    0.0002874014935685295,
    0.00028740149528490365
  ],
  "i": [
    0,
    1,
    2,
    3,
    4,
    5,
    6,
    7,
    8,
    9,
    10,
    11,
    12,
    13,
    14,
    15,
    16,
    17,
    18,
    19,
    20,
    21,
    22,
    23,
    24,
    25,
    26,
    27
  ],
  "reset": [
    7,
    15,
    23,
    27
  ],
  "duration": [
    2.414083242416382,
    2.4151079654693604,
    2.4144387245178223,
    2.4146385192871094,
    2.4137072563171387,
    2.415487289428711,
    2.412743330001831,
    2.412907838821411,
    2.412818670272827,
    2.413461685180664,
    2.4158172607421875,
    2.41387939453125,
    2.4139387607574463,
    2.4134371280670166,
    2.4132275581359863,
    2.4139881134033203,
    2.4132728576660156,
    2.413573980331421,
    2.4138543605804443,
    2.41432523727417
  ],
  "status": 24
}