{
  "gpu": false,
  "device": "cpu",
  "infile": "../matrix/cgne_init_4096_dble_csr.dat",
  "matfile": "../matrix/conf6_0-8x8-20/conf6_0-8x8-20.mtx",
  "k": 0.15717,
  "kc": 0.15717,
  "reordering": true,
  "preconditioning": true,
  "vol": 4096,
  "dim": 49152,
  "lattice": "8x8x8x8",
  "blk_dim": 24576,
  "bs": "8x8x8x4",
  "res": 1e-06,
  "tol": 0.0003135346870547978,
  "nmx": 250,
  "nkv": 7,
  "nmr": 10,
  "ncy": 4,
  "sdtype": "float32",
  "ddtype": "float64",
  "cdtype": "float32",
  "rn": [
    18.477796396222814,
    10.312003309311377,
    6.690046514082257,
    3.986832840446385,
    2.411618120415711,
    1.5187344355241834,
    0.8918267808826855,
    0.8918270117566397,
    0.6023760443178668,
    0.4044286369141716,
    0.2735140378869056,
    0.17434904783680674,
    0.12127321182880141,
    0.07777592804459568,
    0.047513331142217674,
    0.047513328029074826,
    0.030629051367295625,
    0.017873948573864203,
    0.011687155738554268,
    0.006978566970118306,
    0.0040350255353985365,
    0.0024533362718254137,
    0.0014892198283083062,
    0.0014892199208921867,
    0.0010533957655155977,
    0.0007206053278408557,
    0.00046399309859291123,
    0.0003020794700503589,
    0.00030207947899787307
  ],
  "i": [
    0,
    1,
    2,
    3,
    4,
    5,
    6,
    7,
    8,
    9,
    10,
    11,
    12,
    13,
    14,
    15,
    16,
    17,
    18,
    19,
    20,
    21,
    22,
    23,
    24,
    25,
    26,
    27,
    28
  ],
  "reset": [
    7,
    15,
    23,
    28
  ],
  "duration": [
    10.27590298652649,
    10.303694486618042,
    10.301178932189941,
    10.302359819412231,
    10.278979063034058,
    10.268404483795166,
    10.273377895355225,
    10.284178018569946,
    10.281655550003052,
    10.277105569839478,
    10.250007390975952,
    10.247785329818726,
    10.249006748199463,
    10.264925479888916,
    10.293102741241455,
    10.26856279373169,
    10.275661945343018,
    10.258685827255249,
    10.259038209915161,
    10.275479793548584
  ],
  "status": 25
}