{
  "gpu": false,
  "device": "cpu",
  "infile": "../matrix/cgne_init_4096_dble_csr.dat",
  "matfile": "../matrix/conf6_0-8x8-20/conf6_0-8x8-20.mtx",
  "k": 0.15717,
  "kc": 0.15717,
  "reordering": true,
  "preconditioning": true,
  "vol": 4096,
  "dim": 49152,
  "lattice": "8x8x8x8",
  "blk_dim": 24576,
  "bs": "8x8x8x4",
  "res": 1e-06,
  "tol": 0.0003135346870547978,
  "nmx": 417,
  "nkv": 7,
  "nmr": 6,
  "ncy": 4,
  "sdtype": "float32",
  "ddtype": "float64",
  "cdtype": "float32",
  "rn": [
    20.55940657553464,
    10.129487809832446,
    5.712564305048775,
    3.2873463790874915,
    1.9963930811433492,
    1.2566181301210457,
    0.8108793574735313,
    0.8108790622343,
    0.5170587246261974,
    0.3359793966322424,
    0.21147704866775782,
    0.1343500143021127,
    0.08395192904775813,
    0.04774233501804292,
    0.028400089738557868,
    0.02840008789459682,
    0.01745236431761788,
    0.011003864300755171,
    0.006548766403429382,
    0.00410369834649913,
    0.002601678898350054,
    0.0016659542036467723,
    0.001102996425614472,
    0.001102996388917925,
    0.0007625672419646499,
    0.0004948367513519621,
    0.00031530543039796905,
    0.00019927042813034322,
    0.00019927042281498846
  ],
  "i": [
    0,
    1,
    2,
    3,
    4,
    5,
    6,
    7,
    8,
    9,
    10,
    11,
    12,
    13,
    14,
    15,
    16,
    17,
    18,
    19,
    20,
    21,
    22,
    23,
    24,
    25,
    26,
    27,
    28
  ],
  "reset": [
    7,
    15,
    23,
    28
  ],
  "duration": [
    6.2441980838775635,
    6.2325544357299805,
    6.236144065856934,
    6.226561784744263,
    6.243007183074951,
    6.250427007675171,
    6.247117757797241,
    6.248542547225952,
    6.241352558135986,
    6.254522800445557,
    6.246247053146362,
    6.231271028518677,
    6.232373476028442,
    6.218583822250366,
    6.220151424407959,
    6.227104187011719,
    6.2271506786346436,
    6.231090068817139,
    6.228878736495972,
    6.22383713722229
  ],
  "status": 25
}