{
  "gpu": true,
  "device": "gpu",
  "infile": "../matrix/cgne_init_65536_dble_csr.dat",
  "matfile": null,
  "k": 0.0,
  "kc": 0.0,
  "reordering": false,
  "preconditioning": true,
  "vol": 65536,
  "dim": 786048,
  "lattice": "16x16x16x16",
  "blk_dim": 196512,
  "bs": "16x16x8x8",
  "res": 1e-06,
  "tol": 0.0012541387482808122,
  "nmx": 1250,
  "nkv": 7,
  "nmr": 2,
  "ncy": 4,
  "sdtype": "float32",
  "ddtype": "float64",
  "cdtype": "float64",
  "rn": [
    565.7990272867816,
    272.52719552687427,
    120.22342493082621,
    52.48311308886669,
    23.14548823866308,
    10.300883198875551,
    4.6327920604179225,
    4.632792071947115,
    2.5635548858182697,
    1.0595323531800895,
    0.45423028789204306,
    0.19940355539181803,
    0.09280387462274169,
    0.04368926886143572,
    0.019975551078191253,
    0.019975549975846014,
    0.011001568690800658,
    0.005021796584278838,
    0.00209897883602077,
    0.0009492897480215113,
    0.0009492897420002406
  ],
  "i": [
    0,
    1,
    2,
    3,
    4,
    5,
    6,
    7,
    8,
    9,
    10,
    11,
    12,
    13,
    14,
    15,
    16,
    17,
    18,
    19,
    20
  ],
  "reset": [
    7,
    15,
    20
  ],
  "duration": [
    0.782031774520874,
    0.613253116607666,
    0.6131441593170166,
    0.6123580932617188,
    0.6130328178405762,
    0.6132214069366455,
    0.6119067668914795,
    0.6125280857086182,
    0.611706018447876,
    0.6132192611694336,
    0.6123476028442383,
    0.6119084358215332,
    0.6122803688049316,
    0.6114349365234375,
    0.6133813858032227,
    0.6123261451721191,
    0.6128528118133545,
    0.6119952201843262,
    0.6116836071014404,
    0.6127581596374512
  ],
  "status": 18
}