{
  "gpu": false,
  "device": "hybrid",
  "infile": "../matrix/cgne_init_4096_dble_csr.dat",
  "matfile": "../matrix/conf6_0-8x8-20/conf6_0-8x8-20.mtx",
  "k": 0.15,
  "kc": 0.15717,
  "reordering": true,
  "preconditioning": true,
  "vol": 4096,
  "dim": 49152,
  "lattice": "8x8x8x8",
  "blk_dim": 24576,
  "bs": "8x8x8x4",
  "res": 1e-06,
  "tol": 0.0003135346870547978,
  "nmx": 417,
  "nkv": 7,
  "nmr": 4,
  "ncy": 6,
  "sdtype": "float32",
  "ddtype": "float64",
  "cdtype": "float32",
  "rn": [
    6.361751744660368,
    1.257214017398274,
    0.2748823640437028,
    0.061630937302542044,
    0.014703602262214165,
    0.003492612408512518,
    0.0008682057673716938,
    0.0008728544136781952,
    0.0002212522990717799,
    0.00022125229641766446
  ],
  "i": [
    0,
    1,
    2,
    3,
    4,
    5,
    6,
    7,
    8,
    9
  ],
  "reset": [
    7,
    9
  ],
  "duration": [
    0.3285970687866211,
    0.3285057544708252,
    0.32908010482788086,
    0.3291356563568115,
    0.32706713676452637,
    0.32820582389831543,
    0.3281278610229492,
    0.32871270179748535,
    0.3279564380645752,
    0.3283514976501465,
    0.32831287384033203,
    0.3277924060821533,
    0.32741641998291016,
    0.32919740676879883,
    0.32821106910705566,
    0.3281564712524414,
    0.32807397842407227,
    0.32886743545532227,
    0.32768702507019043,
    0.3291811943054199
  ],
  "status": 8
}