{
  "gpu": true,
  "device": "gpu",
  "infile": "../matrix/cgne_init_4096_dble_csr.dat",
  "matfile": "../matrix/conf6_0-8x8-30/conf6.0-00l8x8-3000.mtx",
  "k": 0.15649,
  "kc": 0.15649,
  "reordering": true,
  "preconditioning": true,
  "vol": 4096,
  "dim": 49152,
  "lattice": "8x8x8x8",
  "blk_dim": 12288,
  "bs": "8x8x4x4",
  "res": 1e-06,
  "tol": 0.00031353468703945405,
  "nmx": 250,
  "nkv": 7,
  "nmr": 4,
  "ncy": 10,
  "sdtype": "float32",
  "ddtype": "float64",
  "cdtype": "float32",
  "rn": [
    11.730607740540822,
    6.48355647883923,
    4.160643102521619,
    2.881799370522537,
    2.0904152280273283,
    1.5674095156042906,
    1.0777397741886237,
    1.0777398791494137,
    0.7858603361038892,
    0.5630853180754208,
    0.39572472521881585,
    0.28237596421925093,
    0.20672071147822377,
    0.13738550214743245,
    0.09999821120310325,
    0.09999821398852969,
    0.07142284024367287,
    0.04809807558948838,
    0.034989301216790496,
    0.024233498964083555,
    0.014779663207550437,
    0.010194411047047491,
    0.007171932035150535,
    0.007171932339911493,
    0.005428926889005438,
    0.004099986676530531,
    0.0029988109674290143,
    0.0022544213089331373,
    0.0015847042216058688,
    0.001115719597637585,
    0.0007788299993982541,
    0.0007788299939193226,
    0.000593615055696298,
    0.00042954804250559624,
    0.00031334145428067636,
    0.00031334145459773735
  ],
  "i": [
    0,
    1,
    2,
    3,
    4,
    5,
    6,
    7,
    8,
    9,
    10,
    11,
    12,
    13,
    14,
    15,
    16,
    17,
    18,
    19,
    20,
    21,
    22,
    23,
    24,
    25,
    26,
    27,
    28,
    29,
    30,
    31,
    32,
    33,
    34,
    35
  ],
  "reset": [
    7,
    15,
    23,
    31,
    35
  ],
  "duration": [
    2.9592974185943604,
    2.7825090885162354,
    2.7912442684173584,
    2.792447090148926,
    2.8197195529937744,
    2.7623918056488037,
    2.788062810897827,
    2.7250092029571533,
    2.725207567214966,
    2.72118878364563,
    2.7185754776000977,
    2.7221970558166504,
    2.743238925933838,
    2.7189056873321533,
    2.785083532333374,
    2.752648115158081,
    2.7936458587646484,
    2.708831548690796,
    2.706871509552002,
    2.7521374225616455
  ],
  "status": 31
}