{
  "gpu": true,
  "device": "gpu",
  "infile": "../matrix/cgne_init_4096_dble_csr.dat",
  "matfile": "../matrix/conf6_0-8x8-30/conf6.0-00l8x8-3000.mtx",
  "k": 0.15649,
  "kc": 0.15649,
  "reordering": true,
  "preconditioning": true,
  "vol": 4096,
  "dim": 49152,
  "lattice": "8x8x8x8",
  "blk_dim": 3072,
  "bs": "4x4x4x4",
  "res": 1e-06,
  "tol": 0.00031353468703945405,
  "nmx": 250,
  "nkv": 7,
  "nmr": 4,
  "ncy": 10,
  "sdtype": "float32",
  "ddtype": "float64",
  "cdtype": "float64",
  "rn": [
    13.017958797718233,
    6.869304447123787,
    4.310364839751579,
    2.8191778567084507,
    1.9928829309372993,
    1.33350369626637,
    0.8592712292661802,
    0.8592710142046825,
    0.5876828057359492,
    0.4144865253614469,
    0.2730683514900651,
    0.19530454094579433,
    0.12756476436994588,
    0.08641940447242685,
    0.055604886650975086,
    0.05560488298696253,
    0.038048878148487814,
    0.026598118926216847,
    0.0200054300679307,
    0.01495293116577783,
    0.01076635020229051,
    0.007369417510898297,
    0.004977994865487119,
    0.004977995103847027,
    0.0036961933031122176,
    0.0027178999529066748,
    0.002149297281300792,
    0.0016825411586644363,
    0.0011678179750270533,
    0.0008422868581443493,
    0.0006038608831423611,
    0.0006038608663096582,
    0.00043850407496781666,
    0.000325670806856727,
    0.00022942078331413503,
    0.00022942078337964713
  ],
  "i": [
    0,
    1,
    2,
    3,
    4,
    5,
    6,
    7,
    8,
    9,
    10,
    11,
    12,
    13,
    14,
    15,
    16,
    17,
    18,
    19,
    20,
    21,
    22,
    23,
    24,
    25,
    26,
    27,
    28,
    29,
    30,
    31,
    32,
    33,
    34,
    35
  ],
  "reset": [
    7,
    15,
    23,
    31,
    35
  ],
  "duration": [
    10.678683757781982,
    10.433784008026123,
    10.434422016143799,
    10.425759077072144,
    10.390864849090576,
    10.438479661941528,
    10.438819646835327,
    10.472901344299316,
    10.423505544662476,
    10.430469512939453,
    10.41168761253357,
    10.451740980148315,
    10.472138166427612,
    10.463604211807251,
    10.384768724441528,
    10.456232070922852,
    10.474508047103882,
    10.461889266967773,
    10.479948997497559,
    10.41951060295105
  ],
  "status": 31
}