{
  "gpu": true,
  "device": "gpu",
  "infile": "../matrix/cgne_init_4096_dble_csr.dat",
  "matfile": "../matrix/conf6_0-8x8-30/conf6.0-00l8x8-3000.mtx",
  "k": 0.15649,
  "kc": 0.15649,
  "reordering": true,
  "preconditioning": true,
  "vol": 4096,
  "dim": 49152,
  "lattice": "8x8x8x8",
  "blk_dim": 6144,
  "bs": "8x4x4x4",
  "res": 1e-06,
  "tol": 0.00031353468703945405,
  "nmx": 417,
  "nkv": 7,
  "nmr": 4,
  "ncy": 6,
  "sdtype": "float32",
  "ddtype": "float64",
  "cdtype": "float32",
  "rn": [
    18.112202084697714,
    8.934561685147784,
    4.958079217252754,
    3.04497340352162,
    1.8436869122782316,
    1.1232879628349786,
    0.7142179439008676,
    0.7142179620026459,
    0.46088721727679144,
    0.3108218352406988,
    0.20825490647114062,
    0.12029399237407006,
    0.06692571136884347,
    0.041104589332556875,
    0.025960039752756337,
    0.025960039116650374,
    0.016984609003728866,
    0.011496220792003731,
    0.00727061503084119,
    0.004609199965788736,
    0.0030485711355271797,
    0.001967979020930123,
    0.0011541438427025933,
    0.0011541437435905765,
    0.0006914528816491029,
    0.00043897914692955114,
    0.00030897367967921583,
    0.00030897368358505676
  ],
  "i": [
    0,
    1,
    2,
    3,
    4,
    5,
    6,
    7,
    8,
    9,
    10,
    11,
    12,
    13,
    14,
    15,
    16,
    17,
    18,
    19,
    20,
    21,
    22,
    23,
    24,
    25,
    26,
    27
  ],
  "reset": [
    7,
    15,
    23,
    27
  ],
  "duration": [
    2.673144578933716,
    2.4980874061584473,
    2.525909185409546,
    2.5020675659179688,
    2.5138144493103027,
    2.507351875305176,
    2.501500129699707,
    2.486085891723633,
    2.5243287086486816,
    2.5051934719085693,
    2.5128400325775146,
    2.4922845363616943,
    2.5055782794952393,
    2.5103018283843994,
    2.5072431564331055,
    2.4741687774658203,
    2.5108015537261963,
    2.509873867034912,
    2.5220420360565186,
    2.507272720336914
  ],
  "status": 24
}