{
  "gpu": false,
  "device": "cpu",
  "infile": "../matrix/fgcr_check3_4096_dble_csr.dat",
  "matfile": null,
  "k": 0.0,
  "kc": 0.0,
  "reordering": false,
  "preconditioning": true,
  "vol": 4096,
  "dim": 49152,
  "lattice": "8x8x8x8",
  "blk_dim": 24576,
  "bs": "8x8x8x4",
  "res": 1e-06,
  "tol": 0.00031353468710831124,
  "nmx": 417,
  "nkv": 7,
  "nmr": 6,
  "ncy": 4,
  "sdtype": "float32",
  "ddtype": "float64",
  "cdtype": "float32",
  "rn": [
    24.59457630490704,
    4.8294520075071,
    1.3044639254566486,
    0.3208924177981978,
    0.07854718543304764,
    0.019916466801040048,
    0.004678681651211211,
    0.004679235871283316,
    0.001321940905374988,
    0.0004232473449212427,
    9.092890975103761e-05,
    9.092891110684655e-05
  ],
  "i": [
    0,
    1,
    2,
    3,
    4,
    5,
    6,
    7,
    8,
    9,
    10,
    11
  ],
  "reset": [
    7,
    11
  ],
  "duration": [
    1.65922212600708,
    1.6568951606750488,
    1.6557636260986328,
    1.6573479175567627,
    1.6571524143218994,
    1.657433271408081,
    1.6590425968170166,
    1.6577742099761963,
    1.6575157642364502,
    1.6575944423675537,
    1.6564905643463135,
    1.6567621231079102,
    1.6580569744110107,
    1.6545863151550293,
    1.6532013416290283,
    1.6529223918914795,
    1.654188871383667,
    1.65484619140625,
    1.6564304828643799,
    1.654404878616333
  ],
  "status": 10
}