{
  "gpu": false,
  "device": "cpu",
  "infile": "../matrix/cgne_init_65536_dble_csr.dat",
  "matfile": null,
  "k": 0.0,
  "kc": 0.0,
  "reordering": false,
  "preconditioning": true,
  "vol": 65536,
  "dim": 786048,
  "lattice": "16x16x16x16",
  "blk_dim": 393024,
  "bs": "16x16x16x8",
  "res": 1e-06,
  "tol": 0.0012541387482794752,
  "nmx": 210,
  "nkv": 7,
  "nmr": 12,
  "ncy": 4,
  "sdtype": "float32",
  "ddtype": "float64",
  "cdtype": "float64",
  "rn": [
    60.186900251502486,
    4.585886043838932,
    0.39727796275028165,
    0.04016212823891215,
    0.004643255697021172,
    0.0005034532582392033,
    0.000573256264459997
  ],
  "i": [
    0,
    1,
    2,
    3,
    4,
    5,
    6
  ],
  "reset": [
    6
  ],
  "duration": [
    13.628913402557373,
    13.528881549835205,
    13.53022050857544,
    13.473498106002808,
    13.503059148788452,
    13.486222743988037,
    13.527670621871948,
    13.48659086227417,
    13.526632070541382,
    13.501999616622925,
    13.517544031143188,
    13.499533414840698,
    13.525777816772461,
    13.500555038452148,
    13.518361568450928,
    13.47220230102539,
    13.493013858795166,
    13.510392904281616,
    13.520406246185303,
    13.5072603225708
  ],
  "status": 6
}