{
  "gpu": false,
  "device": "cpu",
  "infile": "../matrix/cgne_init_4096_dble_csr.dat",
  "matfile": "../matrix/conf6_0-8x8-20/conf6_0-8x8-20.mtx",
  "k": 0.15,
  "kc": 0.15717,
  "reordering": true,
  "preconditioning": true,
  "vol": 4096,
  "dim": 49152,
  "lattice": "8x8x8x8",
  "blk_dim": 6144,
  "bs": "8x4x4x4",
  "res": 1e-06,
  "tol": 0.0003135346870547978,
  "nmx": 1250,
  "nkv": 7,
  "nmr": 2,
  "ncy": 4,
  "sdtype": "float32",
  "ddtype": "float64",
  "cdtype": "float64",
  "rn": [
    24.55479079401071,
    7.888351970005238,
    3.6547976304381,
    1.8495845789581757,
    0.9771146708589411,
    0.5189171918328844,
    0.27587910399417737,
    0.2758793415195287,
    0.15987925259466218,
    0.09180051969499553,
    0.051372848400495524,
    0.0279708861553359,
    0.014549239336387371,
    0.007183667924985041,
    0.003870776904865957,
    0.0038707765140952944,
    0.0023015106322724194,
    0.0012767875263515497,
    0.0007266621458430082,
    0.000393745982766092,
    0.0002240141852526546,
    0.0002240141811770824
  ],
  "i": [
    0,
    1,
    2,
    3,
    4,
    5,
    6,
    7,
    8,
    9,
    10,
    11,
    12,
    13,
    14,
    15,
    16,
    17,
    18,
    19,
    20,
    21
  ],
  "reset": [
    7,
    15,
    21
  ],
  "duration": [
    1.7649250030517578,
    1.7644779682159424,
    1.7571334838867188,
    1.7657496929168701,
    1.7631065845489502,
    1.7627274990081787,
    1.7640068531036377,
    1.761213779449463,
    1.7655029296875,
    1.7671713829040527,
    1.7652218341827393,
    1.7620584964752197,
    1.762221097946167,
    1.766228437423706,
    1.7637128829956055,
    1.7631511688232422,
    1.7648770809173584,
    1.759678602218628,
    1.7605626583099365,
    1.7629714012145996
  ],
  "status": 19
}