{
  "gpu": true,
  "device": "gpu",
  "infile": "../matrix/cgne_init_4096_dble_csr.dat",
  "matfile": "../matrix/conf6_0-8x8-20/conf6_0-8x8-20.mtx",
  "k": 0.15,
  "kc": 0.15717,
  "reordering": true,
  "preconditioning": true,
  "vol": 4096,
  "dim": 49152,
  "lattice": "8x8x8x8",
  "blk_dim": 12288,
  "bs": "8x8x4x4",
  "res": 1e-06,
  "tol": 0.00031353468703945405,
  "nmx": 417,
  "nkv": 7,
  "nmr": 6,
  "ncy": 4,
  "sdtype": "float32",
  "ddtype": "float64",
  "cdtype": "float32",
  "rn": [
    7.267812080350455,
    1.2256472767533924,
    0.24340403125316584,
    0.04681484123761629,
    0.009976414420234949,
    0.00209215537061997,
    0.0004375563973338775,
    0.00044084542068664127,
    9.868726593007817e-05,
    9.868726563474234e-05
  ],
  "i": [
    0,
    1,
    2,
    3,
    4,
    5,
    6,
    7,
    8,
    9
  ],
  "reset": [
    7,
    9
  ],
  "duration": [
    0.5664551258087158,
    0.4045240879058838,
    0.40180039405822754,
    0.3991241455078125,
    0.4078035354614258,
    0.4082503318786621,
    0.40006566047668457,
    0.39751672744750977,
    0.40740346908569336,
    0.40594911575317383,
    0.39884424209594727,
    0.4010326862335205,
    0.40499329566955566,
    0.3958625793457031,
    0.4040853977203369,
    0.4030790328979492,
    0.4004995822906494,
    0.40705084800720215,
    0.40447211265563965,
    0.3975081443786621
  ],
  "status": 8
}