{
  "gpu": true,
  "infile": "../matrix/cgne_init_4096_dble_csr.dat",
  "matfile": "../matrix/conf6_0-8x8-20/conf6_0-8x8-20.mtx",
  "k": 0.15717,
  "kc": 0.15717,
  "reordering": true,
  "preconditioning": true,
  "vol": 4096,
  "dim": 49152,
  "lattice": "8x8x8x8",
  "blk_dim": 24576,
  "bs": "8x8x8x4",
  "res": 1e-06,
  "tol": 0.00031353468703945405,
  "nmx": 500,
  "nkv": 7,
  "nmr": 4,
  "ncy": 5,
  "sdtype": "float32",
  "ddtype": "float64",
  "cdtype": "float64",
  "rn": [
    21.416922943531713,
    10.37122146915084,
    5.8167782505964185,
    3.451296674964182,
    2.185595524339274,
    1.3734741516033608,
    0.9073793143664711,
    0.9073794246601347,
    0.6479946064753632,
    0.43312749026487957,
    0.2793264370052013,
    0.1776880186360195,
    0.10911023215696658,
    0.0665215853719726,
    0.038410141351902856,
    0.038410140318958584,
    0.02327395111911655,
    0.014246814180479003,
    0.009192062984953984,
    0.005805842837401563,
    0.0037065064942199875,
    0.0024461004937322245,
    0.0016762557525815964,
    0.0016762557254312673,
    0.001193758681707856,
    0.000786673819185505,
    0.0005079658056515175,
    0.0003255317781469541,
    0.00019280684759418143,
    0.00019280684356824622
  ],
  "i": [
    0,
    1,
    2,
    3,
    4,
    5,
    6,
    7,
    8,
    9,
    10,
    11,
    12,
    13,
    14,
    15,
    16,
    17,
    18,
    19,
    20,
    21,
    22,
    23,
    24,
    25,
    26,
    27,
    28,
    29
  ],
  "reset": [
    7,
    15,
    23,
    29
  ],
  "duration": 1.7426674365997314,
  "status": 26
}