{
  "gpu": false,
  "infile": "../matrix/cgne_init_65536_dble_csr.dat",
  "matfile": null,
  "k": 0.0,
  "kc": 0.0,
  "reordering": false,
  "preconditioning": true,
  "vol": 65536,
  "dim": 786048,
  "lattice": "16x16x16x16",
  "blk_dim": 196512,
  "bs": "16x16x8x8",
  "res": 1e-06,
  "tol": 0.0012541387482794752,
  "nmx": 2500,
  "nkv": 7,
  "nmr": 4,
  "ncy": 1,
  "sdtype": "float32",
  "ddtype": "float64",
  "cdtype": "float32",
  "rn": [
    610.7050094209034,
    234.90068393896274,
    104.62144811965256,
    47.70559356416187,
    21.648075349544193,
    10.209209080107657,
    4.7884517548227725,
    4.788451882773898,
    2.3888654165850403,
    1.1821010358102124,
    0.5689965497008073,
    0.27466542604818656,
    0.13070345326100632,
    0.05705196817002161,
    0.026498785700428934,
    0.026498786448903706,
    0.013119854798867485,
    0.006465516642870234,
    0.003121064976531472,
    0.0015420432901111542,
    0.0007469599846843976,
    0.0007469599758332213
  ],
  "i": [
    0,
    1,
    2,
    3,
    4,
    5,
    6,
    7,
    8,
    9,
    10,
    11,
    12,
    13,
    14,
    15,
    16,
    17,
    18,
    19,
    20,
    21
  ],
  "reset": [
    7,
    15,
    21
  ],
  "duration": 6.211912155151367,
  "status": 19
}