{
  "gpu": false,
  "device": "cpu",
  "infile": "../matrix/cgne_init_4096_dble_csr.dat",
  "matfile": null,
  "k": 0.0,
  "kc": 0.0,
  "reordering": false,
  "preconditioning": true,
  "vol": 4096,
  "dim": 49152,
  "lattice": "8x8x8x8",
  "blk_dim": 24576,
  "bs": "8x8x8x4",
  "res": 1e-06,
  "tol": 0.0003135346870547978,
  "nmx": 2500,
  "nkv": 7,
  "nmr": 0.5,
  "ncy": 0.5,
  "sdtype": "float32",
  "ddtype": "float64",
  "cdtype": "float64",
  "rn": [
    145.9887443547448,
    53.70000720474325,
    22.616367235840055,
    10.145084113778498,
    4.345405432794171,
    2.0647543527937637,
    0.9598436396995432,
    0.9598435928591424,
    0.47066402820315023,
    0.23212412555865786,
    0.11679695401137537,
    0.052021804046415356,
    0.023913232664853273,
    0.010783144552315655,
    0.005120636703420546,
    0.005120636810696328,
    0.00249152606735057,
    0.0012217896357212626,
    0.0006215119589226361,
    0.00028343370522556055,
    0.000283433705899664
  ],
  "i": [
    0,
    1,
    2,
    3,
    4,
    5,
    6,
    7,
    8,
    9,
    10,
    11,
    12,
    13,
    14,
    15,
    16,
    17,
    18,
    19,
    20
  ],
  "reset": [
    7,
    15,
    20
  ],
  "duration": [
    0.43637681007385254,
    0.43738412857055664,
    0.43825221061706543,
    0.4370601177215576,
    0.43944621086120605,
    0.4401698112487793,
    0.4465646743774414,
    0.44115591049194336,
    0.4374544620513916,
    0.4410858154296875,
    0.4383203983306885,
    0.4375886917114258,
    0.43703413009643555,
    0.4378495216369629,
    0.4369831085205078,
    0.4381599426269531,
    0.4371955394744873,
    0.43782901763916016,
    0.4390237331390381,
    0.4437739849090576
  ],
  "status": 18
}