{
  "gpu": true,
  "device": "gpu",
  "infile": "../matrix/cgne_init_4096_dble_csr.dat",
  "matfile": null,
  "k": 0.0,
  "kc": 0.0,
  "reordering": false,
  "preconditioning": true,
  "vol": 4096,
  "dim": 49152,
  "lattice": "8x8x8x8",
  "blk_dim": 3072,
  "bs": "4x4x4x4",
  "res": 1e-06,
  "tol": 0.00031353468703945405,
  "nmx": 125,
  "nkv": 7,
  "nmr": 4,
  "ncy": 20,
  "sdtype": "float32",
  "ddtype": "float64",
  "cdtype": "float32",
  "rn": [
    23.82144691959084,
    6.827571361751957,
    2.373766519510115,
    0.9730733112646103,
    0.33531251876515233,
    0.09520959431990192,
    0.02567593403316358,
    0.025676055629077,
    0.006515567446823181,
    0.002061613640698821,
    0.0006499822069992268,
    0.0001867056905800657,
    0.0001867056707799607
  ],
  "i": [
    0,
    1,
    2,
    3,
    4,
    5,
    6,
    7,
    8,
    9,
    10,
    11,
    12
  ],
  "reset": [
    7,
    12
  ],
  "duration": [
    7.5820348262786865,
    7.380990266799927,
    7.403142213821411,
    7.337536811828613,
    7.344281435012817,
    7.312820672988892,
    7.284440279006958,
    7.29114842414856,
    7.350427150726318,
    7.300018787384033,
    7.33307957649231,
    7.346740484237671,
    7.320720434188843,
    7.249980449676514,
    7.291023254394531,
    7.3487653732299805,
    7.314431667327881,
    7.350754976272583,
    7.29093337059021,
    7.326964855194092
  ],
  "status": 11
}