{
  "gpu": false,
  "infile": "../matrix/cgne_init_4096_dble_csr.dat",
  "matfile": null,
  "k": 0.0,
  "kc": 0.0,
  "reordering": false,
  "preconditioning": true,
  "vol": 4096,
  "dim": 49152,
  "lattice": "8x8x8x8",
  "blk_dim": 6144,
  "bs": "8x4x4x4",
  "res": 1e-06,
  "tol": 0.0003135346870547978,
  "nmx": 417,
  "nkv": 7,
  "nmr": 2,
  "ncy": 12,
  "sdtype": "float32",
  "ddtype": "float64",
  "cdtype": "float32",
  "rn": [
    53.32834709848307,
    13.297025665040865,
    4.0426753284841075,
    1.3057907446564383,
    0.42492387223961514,
    0.1404188348803097,
    0.047803480530122414,
    0.04780367082629376,
    0.0185706275329575,
    0.006507920342973552,
    0.002236783193703518,
    0.0007365163935772985,
    0.0002393111925973275,
    0.00023931118658340053
  ],
  "i": [
    0,
    1,
    2,
    3,
    4,
    5,
    6,
    7,
    8,
    9,
    10,
    11,
    12,
    13
  ],
  "reset": [
    7,
    13
  ],
  "duration": [
    1.9645259380340576,
    1.9682385921478271,
    1.9666166305541992,
    1.9657464027404785,
    1.9671335220336914,
    1.970017433166504,
    1.9643120765686035,
    1.9658787250518799,
    1.9640223979949951,
    1.9679625034332275,
    1.9647111892700195,
    1.9650218486785889,
    1.9629943370819092,
    1.9646780490875244,
    1.962557315826416,
    1.964632272720337,
    1.9633569717407227,
    1.9646203517913818,
    1.9619131088256836,
    1.9644770622253418
  ],
  "status": 12
}