{
  "gpu": true,
  "device": "gpu",
  "infile": "../matrix/cgne_init_4096_dble_csr.dat",
  "matfile": null,
  "k": 0.0,
  "kc": 0.0,
  "reordering": false,
  "preconditioning": true,
  "vol": 4096,
  "dim": 49152,
  "lattice": "8x8x8x8",
  "blk_dim": 24576,
  "bs": "8x8x8x4",
  "res": 1e-06,
  "tol": 0.00031353468703945405,
  "nmx": 2500,
  "nkv": 7,
  "nmr": 0.5,
  "ncy": 0.5,
  "sdtype": "float32",
  "ddtype": "float64",
  "cdtype": "float64",
  "rn": [
    117.79640727100906,
    51.957304358405004,
    14.126769868701627,
    6.659063319207527,
    3.657726871390781,
    1.7754159512532903,
    0.7428150660062235,
    0.7428149157119822,
    0.4835472144377896,
    0.33994784088205077,
    0.15801582279677953,
    0.07496217053932501,
    0.0357680613517556,
    0.016870443020958272,
    0.008674110324695946,
    0.008674110672752389,
    0.004075516216292957,
    0.0018362429851979908,
    0.001328390074229161,
    0.0007769729293141738,
    0.00031509691460099905,
    0.0001536679789469915,
    0.00015366797749815871
  ],
  "i": [
    0,
    1,
    2,
    3,
    4,
    5,
    6,
    7,
    8,
    9,
    10,
    11,
    12,
    13,
    14,
    15,
    16,
    17,
    18,
    19,
    20,
    21,
    22
  ],
  "reset": [
    7,
    15,
    22
  ],
  "duration": [
    0.4163055419921875,
    0.25154709815979004,
    0.2519114017486572,
    0.25151824951171875,
    0.24907207489013672,
    0.24633240699768066,
    0.24330735206604004,
    0.24365758895874023,
    0.24562406539916992,
    0.24555325508117676,
    0.24759554862976074,
    0.24928498268127441,
    0.24373126029968262,
    0.2436692714691162,
    0.24840855598449707,
    0.24829459190368652,
    0.2502102851867676,
    0.2513847351074219,
    0.24417614936828613,
    0.2469174861907959
  ],
  "status": 20
}