{
  "gpu": false,
  "infile": "../matrix/cgne_init_4096_dble_csr.dat",
  "matfile": "../matrix/conf6_0-8x8-20/conf6_0-8x8-20.mtx",
  "k": 0.15717,
  "kc": 0.15717,
  "reordering": true,
  "preconditioning": true,
  "vol": 4096,
  "dim": 49152,
  "lattice": "8x8x8x8",
  "blk_dim": 6144,
  "bs": "8x4x4x4",
  "res": 1e-06,
  "tol": 0.0003135346870547978,
  "nmx": 500,
  "nkv": 7,
  "nmr": 4,
  "ncy": 5,
  "sdtype": "float32",
  "ddtype": "float64",
  "cdtype": "float32",
  "rn": [
    24.002466496971298,
    11.81079086318761,
    6.57494007203202,
    3.9253493259845733,
    2.398725033546675,
    1.5151734169415654,
    0.9546068446647018,
    0.9546068862713446,
    0.6464963420003076,
    0.4110506571759443,
    0.25679162477281425,
    0.16462174953858655,
    0.1024328220462499,
    0.059406498930007455,
    0.03217325314324907,
    0.03217325326756819,
    0.01952287953494031,
    0.011820816669250762,
    0.007133903503596517,
    0.004278874760090021,
    0.002693381009223933,
    0.0017784261171046804,
    0.0011749396330808554,
    0.0011749396172119576,
    0.0008315008439380042,
    0.0005456975647573821,
    0.0003405068862551043,
    0.00020477250439157233,
    0.00020477249935680583
  ],
  "i": [
    0,
    1,
    2,
    3,
    4,
    5,
    6,
    7,
    8,
    9,
    10,
    11,
    12,
    13,
    14,
    15,
    16,
    17,
    18,
    19,
    20,
    21,
    22,
    23,
    24,
    25,
    26,
    27,
    28
  ],
  "reset": [
    7,
    15,
    23,
    28
  ],
  "duration": 4.325929641723633,
  "status": 25
}