{
  "gpu": false,
  "device": "hybrid",
  "infile": "../matrix/cgne_init_4096_dble_csr.dat",
  "matfile": "../matrix/conf6_0-8x8-20/conf6_0-8x8-20.mtx",
  "k": 0.15,
  "kc": 0.15717,
  "reordering": true,
  "preconditioning": true,
  "vol": 4096,
  "dim": 49152,
  "lattice": "8x8x8x8",
  "blk_dim": 24576,
  "bs": "8x8x8x4",
  "res": 1e-06,
  "tol": 0.0003135346870547978,
  "nmx": 417,
  "nkv": 7,
  "nmr": 6,
  "ncy": 4,
  "sdtype": "float32",
  "ddtype": "float64",
  "cdtype": "float32",
  "rn": [
    6.920588545073375,
    1.328719826216799,
    0.28553298915194436,
    0.06400870405778486,
    0.015305956070775232,
    0.0035998269445805383,
    0.0009115107943829965,
    0.0009173364434831218,
    0.00022975058369138743,
    0.0002297505818241538
  ],
  "i": [
    0,
    1,
    2,
    3,
    4,
    5,
    6,
    7,
    8,
    9
  ],
  "reset": [
    7,
    9
  ],
  "duration": [
    0.30129075050354004,
    0.3017120361328125,
    0.3010401725769043,
    0.3006765842437744,
    0.29988646507263184,
    0.3001863956451416,
    0.3008303642272949,
    0.30069851875305176,
    0.300478458404541,
    0.30057287216186523,
    0.3011460304260254,
    0.30110979080200195,
    0.30045652389526367,
    0.3004336357116699,
    0.30126142501831055,
    0.3007476329803467,
    0.30001235008239746,
    0.3010127544403076,
    0.30190300941467285,
    0.30008602142333984
  ],
  "status": 8
}