{
  "gpu": false,
  "infile": "../matrix/cgne_init_4096_dble_csr.dat",
  "matfile": null,
  "k": 0.0,
  "kc": 0.0,
  "reordering": false,
  "preconditioning": true,
  "vol": 4096,
  "dim": 49152,
  "lattice": "8x8x8x8",
  "blk_dim": 12288,
  "bs": "8x8x4x4",
  "res": 1e-06,
  "tol": 0.0003135346870547978,
  "nmx": 1250,
  "nkv": 7,
  "nmr": 4,
  "ncy": 2,
  "sdtype": "float32",
  "ddtype": "float64",
  "cdtype": "float32",
  "rn": [
    170.37841500917082,
    100.82191965387253,
    67.80922970280088,
    47.691081720077875,
    34.94283877485761,
    25.934824306728625,
    19.51355231261607,
    19.51355218606583,
    16.34254362648224,
    12.932985434761049,
    10.060691221934409,
    7.32315329924682,
    5.280119822640217,
    3.7379170121147283,
    2.7669517207456518,
    2.766951671117378,
    2.3864728463777576,
    1.93617242008527,
    1.4372122493973558,
    1.0890097774164562,
    0.8468502792332446,
    0.6761877827284158,
    0.5441168937979259,
    0.544116891975101,
    0.46930012749154437,
    0.38651335589689245,
    0.3012416126892444,
    0.23011197142168868,
    0.174880427894309,
    0.14239522357399803,
    0.11932990592849232,
    0.11932990609971429,
    0.10360729891207647,
    0.08659696932082271,
    0.06725362900658972,
    0.052673146427514694,
    0.04202808778148711,
    0.03481596326333941,
    0.02903125533600284,
    0.029031255342079676,
    0.025042883996816024,
    0.020711951550349886,
    0.016499341903824117,
    0.012817095988931751,
    0.009933861844489859,
    0.00819830404382213,
    0.006905723815865791,
    0.006905723785170367,
    0.005963903633243069,
    0.004886295390114386,
    0.0037796055477400275,
    0.0029696667802367118,
    0.00236898349824068,
    0.0019518931606405953,
    0.0016222555669990358,
    0.0016222555635848203,
    0.0013840528699865955,
    0.0011322038377939447,
    0.0009058756739267495,
    0.0007063986442707514,
    0.0005504683391846465,
    0.0004583608033291116,
    0.0003918067823769543,
    0.00039180677608339055,
    0.0003400797544661757,
    0.00027959368987642093,
    0.0002795936900105909
  ],
  "i": [
    0,
    1,
    2,
    3,
    4,
    5,
    6,
    7,
    8,
    9,
    10,
    11,
    12,
    13,
    14,
    15,
    16,
    17,
    18,
    19,
    20,
    21,
    22,
    23,
    24,
    25,
    26,
    27,
    28,
    29,
    30,
    31,
    32,
    33,
    34,
    35,
    36,
    37,
    38,
    39,
    40,
    41,
    42,
    43,
    44,
    45,
    46,
    47,
    48,
    49,
    50,
    51,
    52,
    53,
    54,
    55,
    56,
    57,
    58,
    59,
    60,
    61,
    62,
    63,
    64,
    65,
    66
  ],
  "reset": [
    7,
    15,
    23,
    31,
    39,
    47,
    55,
    63,
    66
  ],
  "duration": 2.278545379638672,
  "status": 58
}