{
  "gpu": false,
  "device": "hybrid",
  "infile": "../matrix/fgcr_check3_4096_dble_csr.dat",
  "matfile": null,
  "k": 0.0,
  "kc": 0.0,
  "reordering": false,
  "preconditioning": true,
  "vol": 4096,
  "dim": 49152,
  "lattice": "8x8x8x8",
  "blk_dim": 6144,
  "bs": "8x4x4x4",
  "res": 1e-06,
  "tol": 0.00031353468710831124,
  "nmx": 417,
  "nkv": 7,
  "nmr": 12,
  "ncy": 2,
  "sdtype": "float32",
  "ddtype": "float64",
  "cdtype": "float32",
  "rn": [
    59.006128017956975,
    22.231172224146587,
    10.212396240931739,
    4.442964309467675,
    2.0663279303377227,
    0.9173801333324972,
    0.4234476979197502,
    0.4234480548904638,
    0.25106708370379727,
    0.1140950424477285,
    0.050351277434140605,
    0.0223351813420437,
    0.010210631079872032,
    0.004253517141389485,
    0.001593333320335493,
    0.0015933333860376209,
    0.0009597109856278154,
    0.0004229798266280383,
    0.0001974480699333821,
    0.00019744806969955388
  ],
  "i": [
    0,
    1,
    2,
    3,
    4,
    5,
    6,
    7,
    8,
    9,
    10,
    11,
    12,
    13,
    14,
    15,
    16,
    17,
    18,
    19
  ],
  "reset": [
    7,
    15,
    19
  ],
  "duration": [
    3.107120990753174,
    3.1118173599243164,
    3.112863063812256,
    3.1146860122680664,
    3.109423875808716,
    3.108755111694336,
    3.108426809310913,
    3.099447250366211,
    3.098784923553467,
    3.098205089569092,
    3.099289894104004,
    3.098991870880127,
    3.099043130874634,
    3.098388433456421,
    3.099207639694214,
    3.098412275314331,
    3.099759340286255,
    3.0984718799591064,
    3.0992372035980225,
    3.0983190536499023
  ],
  "status": 17
}