{
  "gpu": true,
  "device": "gpu",
  "infile": "../matrix/fgcr_check3_4096_dble_csr.dat",
  "matfile": null,
  "k": 0.0,
  "kc": 0.0,
  "reordering": false,
  "preconditioning": true,
  "vol": 4096,
  "dim": 49152,
  "lattice": "8x8x8x8",
  "blk_dim": 3072,
  "bs": "4x4x4x4",
  "res": 1e-06,
  "tol": 0.00031353468715082124,
  "nmx": 1250,
  "nkv": 7,
  "nmr": 2,
  "ncy": 4,
  "sdtype": "float32",
  "ddtype": "float64",
  "cdtype": "float32",
  "rn": [
    43.3730016368961,
    13.49381206740085,
    5.521737113365603,
    2.184047931756681,
    0.8290427205751916,
    0.3307371391711959,
    0.12941327055285692,
    0.12941313096323884,
    0.0561109620757049,
    0.027143939712006727,
    0.00966732087065865,
    0.003948888543468523,
    0.001661891703586695,
    0.0005423693445810649,
    0.00020092034371004225,
    0.0002009202201747798
  ],
  "i": [
    0,
    1,
    2,
    3,
    4,
    5,
    6,
    7,
    8,
    9,
    10,
    11,
    12,
    13,
    14,
    15
  ],
  "reset": [
    7,
    15
  ],
  "duration": [
    1.4296114444732666,
    1.211240291595459,
    1.2094266414642334,
    1.2092888355255127,
    1.2109880447387695,
    1.2086055278778076,
    1.2026684284210205,
    1.2028744220733643,
    1.201338529586792,
    1.2022531032562256,
    1.202136754989624,
    1.2034800052642822,
    1.2024481296539307,
    1.2017097473144531,
    1.193472146987915,
    1.1927716732025146,
    1.1940028667449951,
    1.1939351558685303,
    1.1921288967132568,
    1.1927320957183838
  ],
  "status": 14
}