{
  "gpu": true,
  "device": "gpu",
  "infile": "../matrix/fgcr_check3_4096_dble_csr.dat",
  "matfile": null,
  "k": 0.0,
  "kc": 0.0,
  "reordering": false,
  "preconditioning": true,
  "vol": 4096,
  "dim": 49152,
  "lattice": "8x8x8x8",
  "blk_dim": 12288,
  "bs": "8x8x4x4",
  "res": 1e-06,
  "tol": 0.00031353468715082124,
  "nmx": 417,
  "nkv": 7,
  "nmr": 12,
  "ncy": 2,
  "sdtype": "float32",
  "ddtype": "float64",
  "cdtype": "float32",
  "rn": [
    59.006209744440085,
    22.231225940057218,
    10.212336716170745,
    4.442926102359802,
    2.0663567632165125,
    0.9174028733566258,
    0.4234576343676505,
    0.42345772692682526,
    0.2510721689696677,
    0.11409758247076342,
    0.050352546852651545,
    0.022335475480901573,
    0.01021074192050729,
    0.004253566985011664,
    0.0015933332469180118,
    0.00159333347043405,
    0.0009597133948000572,
    0.0004230246427338465,
    0.00019747404595395378,
    0.00019747404499598345
  ],
  "i": [
    0,
    1,
    2,
    3,
    4,
    5,
    6,
    7,
    8,
    9,
    10,
    11,
    12,
    13,
    14,
    15,
    16,
    17,
    18,
    19
  ],
  "reset": [
    7,
    15,
    19
  ],
  "duration": [
    1.1252613067626953,
    0.9090583324432373,
    0.9067151546478271,
    0.9058470726013184,
    0.9070248603820801,
    0.9069883823394775,
    0.9059605598449707,
    0.904470682144165,
    0.9046924114227295,
    0.9035356044769287,
    0.9037766456604004,
    0.9039793014526367,
    0.9088382720947266,
    0.9036026000976562,
    0.9044649600982666,
    0.9026100635528564,
    0.9038760662078857,
    0.9036459922790527,
    0.9019825458526611,
    0.9035065174102783
  ],
  "status": 17
}