{
  "gpu": true,
  "device": "gpu",
  "infile": "../matrix/cgne_init_65536_dble_csr.dat",
  "matfile": null,
  "k": 0.0,
  "kc": 0.0,
  "reordering": false,
  "preconditioning": true,
  "vol": 65536,
  "dim": 786048,
  "lattice": "16x16x16x16",
  "blk_dim": 196512,
  "bs": "16x16x8x8",
  "res": 1e-06,
  "tol": 0.0012541387483049871,
  "nmx": 313,
  "nkv": 7,
  "nmr": 4,
  "ncy": 8,
  "sdtype": "float64",
  "ddtype": "float64",
  "cdtype": "float64",
  "rn": [
    224.9414748766289,
    47.57948876350895,
    9.094903345696753,
    2.0272584571735233,
    0.3721388402024317,
    0.07618668229778094,
    0.01391459535675651,
    0.013914595356757226,
    0.003109582598547726,
    0.000633693179071147,
    0.0006336931790712292
  ],
  "i": [
    0,
    1,
    2,
    3,
    4,
    5,
    6,
    7,
    8,
    9,
    10
  ],
  "reset": [
    7,
    10
  ],
  "duration": [
    1.110926628112793,
    0.9487020969390869,
    0.9470710754394531,
    0.9500522613525391,
    0.9519665241241455,
    0.9473216533660889,
    0.9513065814971924,
    0.9512746334075928,
    0.9485487937927246,
    0.947641134262085,
    0.948192834854126,
    0.9479677677154541,
    0.946063756942749,
    0.9475030899047852,
    0.9504392147064209,
    0.949228048324585,
    0.9511315822601318,
    0.9509704113006592,
    0.9491641521453857,
    0.951115608215332
  ],
  "status": 9
}