{
  "gpu": true,
  "device": "gpu",
  "infile": "../matrix/cgne_init_4096_dble_csr.dat",
  "matfile": "../matrix/conf6_0-8x8-20/conf6_0-8x8-20.mtx",
  "k": 0.15,
  "kc": 0.15717,
  "reordering": true,
  "preconditioning": true,
  "vol": 4096,
  "dim": 49152,
  "lattice": "8x8x8x8",
  "blk_dim": 24576,
  "bs": "8x8x8x4",
  "res": 1e-06,
  "tol": 0.0003135346870762468,
  "nmx": 125,
  "nkv": 7,
  "nmr": 20,
  "ncy": 4,
  "sdtype": "float64",
  "ddtype": "float64",
  "cdtype": "float64",
  "rn": [
    1.3975956212709324,
    0.03446368657667881,
    0.0006795413547534475,
    1.7006420094984657e-05,
    1.7006420095723913e-05
  ],
  "i": [
    0,
    1,
    2,
    3,
    4
  ],
  "reset": [
    4
  ],
  "duration": [
    0.4848518371582031,
    0.327059268951416,
    0.3186948299407959,
    0.3268907070159912,
    0.31940484046936035,
    0.3232157230377197,
    0.31450414657592773,
    0.3216278553009033,
    0.32233309745788574,
    0.31931638717651367,
    0.3181424140930176,
    0.31755661964416504,
    0.3163728713989258,
    0.31704092025756836,
    0.3177311420440674,
    0.31926965713500977,
    0.3170607089996338,
    0.31792235374450684,
    0.31765031814575195,
    0.32541894912719727
  ],
  "status": 4
}