{
  "gpu": false,
  "device": "hybrid",
  "infile": "../matrix/cgne_init_4096_dble_csr.dat",
  "matfile": "../matrix/conf6_0-8x8-30/conf6.0-00l8x8-3000.mtx",
  "k": 0.15649,
  "kc": 0.15649,
  "reordering": true,
  "preconditioning": true,
  "vol": 4096,
  "dim": 49152,
  "lattice": "8x8x8x8",
  "blk_dim": 3072,
  "bs": "4x4x4x4",
  "res": 1e-06,
  "tol": 0.0003135346870547978,
  "nmx": 417,
  "nkv": 7,
  "nmr": 6,
  "ncy": 4,
  "sdtype": "float32",
  "ddtype": "float64",
  "cdtype": "float32",
  "rn": [
    24.331939955237747,
    10.32255931910951,
    5.108179840472491,
    2.938842760471479,
    2.1127158278914733,
    1.3963809795945297,
    0.8168422342168468,
    0.8168421900369474,
    0.5643630367733078,
    0.4381950076728511,
    0.30020158985312195,
    0.16916768270246796,
    0.09791716537518727,
    0.06315769070204727,
    0.04147472475241272,
    0.04147472644914784,
    0.028792783367267413,
    0.02032317850764397,
    0.013832407138202732,
    0.008974042934775875,
    0.0063330486657977095,
    0.004554220802787502,
    0.0027470958454117967,
    0.0027470958727953236,
    0.0016897778107018303,
    0.0012123872129899264,
    0.0008813846180821813,
    0.0005637887380950796,
    0.0003522378254958411,
    0.00024884095541509796,
    0.0002488409640849143
  ],
  "i": [
    0,
    1,
    2,
    3,
    4,
    5,
    6,
    7,
    8,
    9,
    10,
    11,
    12,
    13,
    14,
    15,
    16,
    17,
    18,
    19,
    20,
    21,
    22,
    23,
    24,
    25,
    26,
    27,
    28,
    29,
    30
  ],
  "reset": [
    7,
    15,
    23,
    30
  ],
  "duration": [
    5.98856520652771,
    5.982088088989258,
    5.980088233947754,
    5.9717488288879395,
    5.974573612213135,
    5.977778673171997,
    5.977144241333008,
    5.975061655044556,
    5.981016635894775,
    5.980549335479736,
    5.977982044219971,
    5.980153799057007,
    5.981521844863892,
    5.985669374465942,
    5.9815685749053955,
    5.979448318481445,
    5.979910135269165,
    5.976787328720093,
    5.980461120605469,
    5.978993892669678
  ],
  "status": 27
}