{
  "gpu": false,
  "device": "hybrid",
  "infile": "../matrix/cgne_init_4096_dble_csr.dat",
  "matfile": "../matrix/conf6_0-8x8-20/conf6_0-8x8-20.mtx",
  "k": 0.15717,
  "kc": 0.15717,
  "reordering": true,
  "preconditioning": true,
  "vol": 4096,
  "dim": 49152,
  "lattice": "8x8x8x8",
  "blk_dim": 6144,
  "bs": "8x4x4x4",
  "res": 1e-06,
  "tol": 0.0003135346870547978,
  "nmx": 417,
  "nkv": 7,
  "nmr": 2,
  "ncy": 12,
  "sdtype": "float32",
  "ddtype": "float64",
  "cdtype": "float32",
  "rn": [
    19.15954738470169,
    10.416049955873365,
    6.431764468483637,
    3.9292456531335187,
    2.4715461778534857,
    1.57976781426167,
    1.0979150507090738,
    1.097915005593612,
    0.7142828299859604,
    0.4545219259384474,
    0.31023410626339165,
    0.20354943376578924,
    0.1285305236284438,
    0.08578746540755068,
    0.05639380599891198,
    0.05639380626588655,
    0.036215994702418236,
    0.02383991743853807,
    0.015265479652822085,
    0.010062510703461511,
    0.00699600747818894,
    0.004981962856933254,
    0.003417711871860032,
    0.003417712007653377,
    0.002363501247527415,
    0.0016360876780382092,
    0.0011357652822959992,
    0.0007647386557143857,
    0.000519431679504712,
    0.0003576904096813089,
    0.0002443399412327497,
    0.0002443399463269016
  ],
  "i": [
    0,
    1,
    2,
    3,
    4,
    5,
    6,
    7,
    8,
    9,
    10,
    11,
    12,
    13,
    14,
    15,
    16,
    17,
    18,
    19,
    20,
    21,
    22,
    23,
    24,
    25,
    26,
    27,
    28,
    29,
    30,
    31
  ],
  "reset": [
    7,
    15,
    23,
    31
  ],
  "duration": [
    4.234125375747681,
    4.245496034622192,
    4.235074281692505,
    4.234059810638428,
    4.231259107589722,
    4.23198127746582,
    4.223486423492432,
    4.218884706497192,
    4.212110996246338,
    4.212051153182983,
    4.214772939682007,
    4.211683750152588,
    4.21948766708374,
    4.212979555130005,
    4.215321063995361,
    4.209405183792114,
    4.213160991668701,
    4.215942621231079,
    4.210073709487915,
    4.209838151931763
  ],
  "status": 28
}