{
  "gpu": false,
  "device": "hybrid",
  "infile": "../matrix/cgne_init_4096_dble_csr.dat",
  "matfile": "../matrix/conf6_0-8x8-30/conf6.0-00l8x8-3000.mtx",
  "k": 0.15649,
  "kc": 0.15649,
  "reordering": true,
  "preconditioning": true,
  "vol": 4096,
  "dim": 49152,
  "lattice": "8x8x8x8",
  "blk_dim": 3072,
  "bs": "4x4x4x4",
  "res": 1e-06,
  "tol": 0.0003135346870547978,
  "nmx": 125,
  "nkv": 7,
  "nmr": 4,
  "ncy": 20,
  "sdtype": "float32",
  "ddtype": "float64",
  "cdtype": "float64",
  "rn": [
    8.108815192128468,
    3.8666356791893395,
    2.207517933572539,
    1.0609362428525448,
    0.6133686035518784,
    0.3332215028586665,
    0.16042066251494372,
    0.1604205467463612,
    0.08735577993216824,
    0.04732826962105644,
    0.02585831433127716,
    0.01471274568577327,
    0.00846698475999899,
    0.004679083502650056,
    0.0021593593667370782,
    0.0021593592224180957,
    0.0010608170211973906,
    0.0006589845227723431,
    0.0003818690137330099,
    0.00023006162549458472,
    0.00023006161839595097
  ],
  "i": [
    0,
    1,
    2,
    3,
    4,
    5,
    6,
    7,
    8,
    9,
    10,
    11,
    12,
    13,
    14,
    15,
    16,
    17,
    18,
    19,
    20
  ],
  "reset": [
    7,
    15,
    20
  ],
  "duration": [
    13.203158140182495,
    13.2113516330719,
    13.222207069396973,
    13.217101097106934,
    13.206992149353027,
    13.198617458343506,
    13.196451425552368,
    13.184683561325073,
    13.187600135803223,
    13.18595290184021,
    13.205647230148315,
    13.212977886199951,
    13.217692613601685,
    13.212536811828613,
    13.204071044921875,
    13.202237367630005,
    13.22191047668457,
    13.19364070892334,
    13.207414865493774,
    13.195720434188843
  ],
  "status": 18
}