{
  "gpu": true,
  "device": "gpu",
  "infile": "../matrix/fgcr_check3_4096_dble_csr.dat",
  "matfile": null,
  "k": 0.0,
  "kc": 0.0,
  "reordering": false,
  "preconditioning": true,
  "vol": 4096,
  "dim": 49152,
  "lattice": "8x8x8x8",
  "blk_dim": 12288,
  "bs": "8x8x4x4",
  "res": 1e-06,
  "tol": 0.00031353468715082124,
  "nmx": 1250,
  "nkv": 7,
  "nmr": 4,
  "ncy": 2,
  "sdtype": "float32",
  "ddtype": "float64",
  "cdtype": "float32",
  "rn": [
    61.50203280499248,
    21.231601118891863,
    9.560163423954908,
    3.947740260531521,
    1.7732668510918403,
    0.7612020413624009,
    0.3365151175316006,
    0.3365147985385409,
    0.18918209000387964,
    0.08100667856550586,
    0.03404099098738102,
    0.014523775872296094,
    0.006382914336494135,
    0.002560920058818928,
    0.0009577121218037206,
    0.0009577123390306983,
    0.0005463180645961256,
    0.00023474981210832785,
    0.0002347498110963841
  ],
  "i": [
    0,
    1,
    2,
    3,
    4,
    5,
    6,
    7,
    8,
    9,
    10,
    11,
    12,
    13,
    14,
    15,
    16,
    17,
    18
  ],
  "reset": [
    7,
    15,
    18
  ],
  "duration": [
    0.5558464527130127,
    0.3394753932952881,
    0.33993029594421387,
    0.3391544818878174,
    0.3395390510559082,
    0.339796781539917,
    0.33911800384521484,
    0.33948731422424316,
    0.3393561840057373,
    0.3388326168060303,
    0.3392677307128906,
    0.3389272689819336,
    0.3394439220428467,
    0.3388984203338623,
    0.33912158012390137,
    0.3386726379394531,
    0.3393523693084717,
    0.3392977714538574,
    0.3387742042541504,
    0.33889102935791016
  ],
  "status": 16
}