{
  "gpu": false,
  "infile": "../matrix/cgne_init_4096_dble_csr.dat",
  "matfile": null,
  "k": 0.0,
  "kc": 0.0,
  "reordering": false,
  "preconditioning": true,
  "vol": 4096,
  "dim": 49152,
  "lattice": "8x8x8x8",
  "blk_dim": 12288,
  "bs": "8x8x4x4",
  "res": 1e-06,
  "tol": 0.0003135346870762468,
  "nmx": 250,
  "nkv": 7,
  "nmr": 10,
  "ncy": 4,
  "sdtype": "float64",
  "ddtype": "float64",
  "cdtype": "float64",
  "rn": [
    55.757664111665065,
    36.92275538236034,
    24.590447116231783,
    15.295356519787205,
    10.234241386241397,
    6.595516107443806,
    4.348089124352539,
    4.348089124352539,
    2.9922094162729516,
    1.8876151821372824,
    1.2522269183041226,
    0.7922697824981524,
    0.5255596283919491,
    0.33566408955493626,
    0.219683975241118,
    0.21968397524111777,
    0.14953101218351028,
    0.08992739902921747,
    0.0562113696581646,
    0.035457603372946504,
    0.02324409013002705,
    0.014811721677173949,
    0.009852845012713954,
    0.009852845012714346,
    0.0068089789085721926,
    0.004385056366967976,
    0.0028740030255485815,
    0.0018424437523556878,
    0.0012319056205112892,
    0.0007968503711612207,
    0.0005321224380043215,
    0.0005321224380041846,
    0.0003642190347358913,
    0.00022983001517459323,
    0.00022983001517513037
  ],
  "i": [
    0,
    1,
    2,
    3,
    4,
    5,
    6,
    7,
    8,
    9,
    10,
    11,
    12,
    13,
    14,
    15,
    16,
    17,
    18,
    19,
    20,
    21,
    22,
    23,
    24,
    25,
    26,
    27,
    28,
    29,
    30,
    31,
    32,
    33,
    34
  ],
  "reset": [
    7,
    15,
    23,
    31,
    34
  ],
  "duration": [
    5.013840198516846,
    4.519165277481079,
    5.145698308944702,
    5.287127256393433,
    5.24964165687561,
    5.08683705329895,
    4.981658935546875,
    4.895575284957886,
    5.443125247955322,
    5.0771307945251465,
    5.101797819137573,
    4.878397703170776,
    4.675638914108276,
    5.603118181228638,
    5.433584928512573,
    5.287994146347046,
    4.987945556640625,
    5.499620199203491,
    5.2861409187316895,
    5.436737060546875
  ],
  "status": 30
}