{
  "gpu": false,
  "device": "cpu",
  "infile": "../matrix/cgne_init_4096_dble_csr.dat",
  "matfile": "../matrix/conf6_0-8x8-20/conf6_0-8x8-20.mtx",
  "k": 0.15,
  "kc": 0.15717,
  "reordering": true,
  "preconditioning": true,
  "vol": 4096,
  "dim": 49152,
  "lattice": "8x8x8x8",
  "blk_dim": 24576,
  "bs": "8x8x8x4",
  "res": 1e-06,
  "tol": 0.0003135346870762468,
  "nmx": 125,
  "nkv": 7,
  "nmr": 20,
  "ncy": 4,
  "sdtype": "float64",
  "ddtype": "float64",
  "cdtype": "float64",
  "rn": [
    1.3975956212709324,
    0.034463686576678795,
    0.0006795413547534546,
    1.700642009499018e-05,
    1.7006420094613236e-05
  ],
  "i": [
    0,
    1,
    2,
    3,
    4
  ],
  "reset": [
    4
  ],
  "duration": [
    4.224202871322632,
    4.151420831680298,
    4.023249864578247,
    3.95389723777771,
    3.8733317852020264,
    4.111080884933472,
    3.954286575317383,
    4.09291410446167,
    4.049829959869385,
    4.4639363288879395,
    4.327295541763306,
    4.274535179138184,
    4.572723388671875,
    4.790338039398193,
    4.400421619415283,
    3.703436851501465,
    4.332806825637817,
    4.211153745651245,
    4.6343183517456055,
    5.122466325759888
  ],
  "status": 4
}