{
  "gpu": false,
  "infile": "../matrix/cgne_init_4096_dble_csr.dat",
  "matfile": null,
  "k": 0.0,
  "kc": 0.0,
  "reordering": false,
  "preconditioning": true,
  "vol": 4096,
  "dim": 49152,
  "lattice": "8x8x8x8",
  "blk_dim": 12288,
  "bs": "8x8x4x4",
  "res": 1e-06,
  "tol": 0.0003135346870547978,
  "nmx": 2500,
  "nkv": 7,
  "nmr": 4,
  "ncy": 1,
  "sdtype": "float32",
  "ddtype": "float64",
  "cdtype": "float32",
  "rn": [
    145.98844486843802,
    53.6990203008406,
    22.61513389452787,
    10.144198275533503,
    4.343958408981774,
    2.063588273663438,
    0.9590515034334585,
    0.9590513939743168,
    0.47032069267886184,
    0.23192591231239246,
    0.11663929879847536,
    0.05193127424779772,
    0.023878074235212054,
    0.010800152356098368,
    0.005127259414559944,
    0.005127259857625618,
    0.0024969336063351767,
    0.0012242595532410239,
    0.0006229888037652017,
    0.0002835833395379341,
    0.00028358333928646206
  ],
  "i": [
    0,
    1,
    2,
    3,
    4,
    5,
    6,
    7,
    8,
    9,
    10,
    11,
    12,
    13,
    14,
    15,
    16,
    17,
    18,
    19,
    20
  ],
  "reset": [
    7,
    15,
    20
  ],
  "duration": 0.38271546363830566,
  "status": 18
}