{
  "gpu": false,
  "device": "hybrid",
  "infile": "../matrix/cgne_init_4096_dble_csr.dat",
  "matfile": "../matrix/conf6_0-8x8-20/conf6_0-8x8-20.mtx",
  "k": 0.15717,
  "kc": 0.15717,
  "reordering": true,
  "preconditioning": true,
  "vol": 4096,
  "dim": 49152,
  "lattice": "8x8x8x8",
  "blk_dim": 6144,
  "bs": "8x4x4x4",
  "res": 1e-06,
  "tol": 0.0003135346870547978,
  "nmx": 125,
  "nkv": 7,
  "nmr": 20,
  "ncy": 4,
  "sdtype": "float32",
  "ddtype": "float64",
  "cdtype": "float64",
  "rn": [
    27.508501542195635,
    11.946275532681016,
    6.446764610196275,
    3.6747785930154797,
    2.2137573963825012,
    1.3057401708617282,
    0.8160860288761952,
    0.8160860537739324,
    0.5267627539111843,
    0.3353190563185339,
    0.213273826031524,
    0.12886888348512898,
    0.07980299640039505,
    0.046095192737025795,
    0.026760156882438477,
    0.02676015656537391,
    0.015635053712976247,
    0.009442922838606076,
    0.006051577976351542,
    0.003783404897669234,
    0.0023533605331169357,
    0.0014574808001985363,
    0.0008981752723892755,
    0.0008981752759566872,
    0.0005807145597024422,
    0.0003800670285970118,
    0.00024905433839255667,
    0.00024905433884324986
  ],
  "i": [
    0,
    1,
    2,
    3,
    4,
    5,
    6,
    7,
    8,
    9,
    10,
    11,
    12,
    13,
    14,
    15,
    16,
    17,
    18,
    19,
    20,
    21,
    22,
    23,
    24,
    25,
    26,
    27
  ],
  "reset": [
    7,
    15,
    23,
    27
  ],
  "duration": [
    7.907363176345825,
    7.903187036514282,
    7.892774343490601,
    7.850351095199585,
    7.869853496551514,
    7.858889579772949,
    7.8762757778167725,
    7.8523664474487305,
    7.86732029914856,
    7.856678485870361,
    7.878299713134766,
    7.853170871734619,
    7.860670804977417,
    7.856945991516113,
    7.862763404846191,
    7.862825155258179,
    7.872159957885742,
    7.85508394241333,
    7.861403942108154,
    7.865064382553101
  ],
  "status": 24
}