{
  "gpu": false,
  "device": "hybrid",
  "infile": "../matrix/fgcr_check3_4096_dble_csr.dat",
  "matfile": null,
  "k": 0.0,
  "kc": 0.0,
  "reordering": false,
  "preconditioning": true,
  "vol": 4096,
  "dim": 49152,
  "lattice": "8x8x8x8",
  "blk_dim": 12288,
  "bs": "8x8x4x4",
  "res": 1e-06,
  "tol": 0.00031353468710831124,
  "nmx": 2500,
  "nkv": 7,
  "nmr": 4,
  "ncy": 1,
  "sdtype": "float32",
  "ddtype": "float64",
  "cdtype": "float64",
  "rn": [
    131.17206660255638,
    58.63824226284496,
    31.775013415620993,
    19.439261601454962,
    11.588269496381098,
    7.193619561546985,
    4.340669570794237,
    4.340669289525003,
    3.1402765000044592,
    2.1509297595218735,
    1.2966978328044547,
    0.7771211264070382,
    0.47362152967438387,
    0.2513607978452293,
    0.1569941739802566,
    0.1569941717739486,
    0.11869074966675999,
    0.07969993451490526,
    0.04596433768610986,
    0.026454565003692893,
    0.016328715430359526,
    0.00997477672732691,
    0.006815203267352653,
    0.0068152032545942594,
    0.0051671972115713526,
    0.0035481534809955043,
    0.0021024824666416773,
    0.001241349084179575,
    0.0007643238546181959,
    0.00047846222863897356,
    0.0003403249981218676,
    0.0003403249902465322,
    0.00025828997742210975,
    0.000258289977719232
  ],
  "i": [
    0,
    1,
    2,
    3,
    4,
    5,
    6,
    7,
    8,
    9,
    10,
    11,
    12,
    13,
    14,
    15,
    16,
    17,
    18,
    19,
    20,
    21,
    22,
    23,
    24,
    25,
    26,
    27,
    28,
    29,
    30,
    31,
    32,
    33
  ],
  "reset": [
    7,
    15,
    23,
    31,
    33
  ],
  "duration": [
    1.3013782501220703,
    1.2988417148590088,
    1.2988591194152832,
    1.2978534698486328,
    1.297574520111084,
    1.2980637550354004,
    1.2977256774902344,
    1.2973175048828125,
    1.3011887073516846,
    1.297844409942627,
    1.2973418235778809,
    1.2971222400665283,
    1.2972941398620605,
    1.2977356910705566,
    1.2964706420898438,
    1.2971179485321045,
    1.29718017578125,
    1.2934279441833496,
    1.293163776397705,
    1.2930223941802979
  ],
  "status": 29
}