{
  "gpu": true,
  "device": "gpu",
  "infile": "../matrix/cgne_init_4096_dble_csr.dat",
  "matfile": null,
  "k": 0.0,
  "kc": 0.0,
  "reordering": false,
  "preconditioning": true,
  "vol": 4096,
  "dim": 49152,
  "lattice": "8x8x8x8",
  "blk_dim": 6144,
  "bs": "8x4x4x4",
  "res": 1e-06,
  "tol": 0.00031353468703945405,
  "nmx": 417,
  "nkv": 7,
  "nmr": 12,
  "ncy": 2,
  "sdtype": "float32",
  "ddtype": "float64",
  "cdtype": "float32",
  "rn": [
    57.57940872839656,
    17.055351108412445,
    6.400676506781623,
    2.381485937093786,
    0.8904145127910309,
    0.33662621351730143,
    0.12758063283745813,
    0.1275807767187422,
    0.051569442757160196,
    0.020548425052317767,
    0.007575009775287312,
    0.0029706727616852515,
    0.0011596491315550193,
    0.0004502980077323973,
    0.0001819037411959133,
    0.00018190373926808194
  ],
  "i": [
    0,
    1,
    2,
    3,
    4,
    5,
    6,
    7,
    8,
    9,
    10,
    11,
    12,
    13,
    14,
    15
  ],
  "reset": [
    7,
    15
  ],
  "duration": [
    1.4969096183776855,
    1.322361946105957,
    1.324911117553711,
    1.3350601196289062,
    1.3175544738769531,
    1.3277802467346191,
    1.3244962692260742,
    1.3295042514801025,
    1.3205747604370117,
    1.333754301071167,
    1.3259332180023193,
    1.3196544647216797,
    1.3333044052124023,
    1.337054967880249,
    1.3304901123046875,
    1.319300889968872,
    1.3242018222808838,
    1.3243539333343506,
    1.3290934562683105,
    1.325321912765503
  ],
  "status": 14
}