{
  "gpu": false,
  "device": "hybrid",
  "infile": "../matrix/cgne_init_4096_dble_csr.dat",
  "matfile": "../matrix/conf6_0-8x8-20/conf6_0-8x8-20.mtx",
  "k": 0.15717,
  "kc": 0.15717,
  "reordering": true,
  "preconditioning": true,
  "vol": 4096,
  "dim": 49152,
  "lattice": "8x8x8x8",
  "blk_dim": 12288,
  "bs": "8x8x4x4",
  "res": 1e-06,
  "tol": 0.0003135346870547978,
  "nmx": 125,
  "nkv": 7,
  "nmr": 4,
  "ncy": 20,
  "sdtype": "float32",
  "ddtype": "float64",
  "cdtype": "float32",
  "rn": [
    11.666202188216191,
    6.45875620296611,
    4.223888684165711,
    2.9540350805883,
    2.4784087007633047,
    1.8214272909250873,
    1.4162745666259862,
    1.4162747716116528,
    1.1697328081978104,
    0.9136018643742897,
    0.6909773720291599,
    0.49577568809233963,
    0.37278205682090965,
    0.2293611508991999,
    0.10530171859672467,
    0.10530170917764571,
    0.06687410121504102,
    0.04902535309773015,
    0.03640435120891574,
    0.027400229270514196,
    0.023886908219559962,
    0.018071584415898213,
    0.013136965601484009,
    0.013136966170267118,
    0.010431579358287738,
    0.0087084342220865,
    0.006657060292016463,
    0.004902207970407963,
    0.003885324133964497,
    0.0026920996663004344,
    0.0015578923842810913,
    0.0015578922609583614,
    0.0010169107430953175,
    0.0007866643932584861,
    0.0005940511872209399,
    0.00043632809344264467,
    0.0003655441312694442,
    0.00029133258596462914,
    0.00029133258574774463
  ],
  "i": [
    0,
    1,
    2,
    3,
    4,
    5,
    6,
    7,
    8,
    9,
    10,
    11,
    12,
    13,
    14,
    15,
    16,
    17,
    18,
    19,
    20,
    21,
    22,
    23,
    24,
    25,
    26,
    27,
    28,
    29,
    30,
    31,
    32,
    33,
    34,
    35,
    36,
    37,
    38
  ],
  "reset": [
    7,
    15,
    23,
    31,
    38
  ],
  "duration": [
    7.185013055801392,
    7.169569492340088,
    7.1656599044799805,
    7.138391017913818,
    7.123826026916504,
    7.133650779724121,
    7.134870529174805,
    7.125837564468384,
    7.123298168182373,
    7.129235029220581,
    7.125933647155762,
    7.118942499160767,
    7.120059490203857,
    7.128437757492065,
    7.129169702529907,
    7.125979900360107,
    7.125227212905884,
    7.123944997787476,
    7.127554655075073,
    7.125024795532227
  ],
  "status": 34
}