{
  "gpu": true,
  "device": "gpu",
  "infile": "../matrix/fgcr_check3_4096_dble_csr.dat",
  "matfile": null,
  "k": 0.0,
  "kc": 0.0,
  "reordering": false,
  "preconditioning": true,
  "vol": 4096,
  "dim": 49152,
  "lattice": "8x8x8x8",
  "blk_dim": 12288,
  "bs": "8x8x4x4",
  "res": 1e-06,
  "tol": 0.00031353468715082124,
  "nmx": 125,
  "nkv": 7,
  "nmr": 4,
  "ncy": 20,
  "sdtype": "float32",
  "ddtype": "float64",
  "cdtype": "float64",
  "rn": [
    2.6739692569707336,
    0.4136081160973359,
    0.06248499053579509,
    0.010638644193944648,
    0.0017748851246069575,
    0.00031477850857849983,
    4.2805626361146104e-05,
    7.636095090933044e-05
  ],
  "i": [
    0,
    1,
    2,
    3,
    4,
    5,
    6,
    7
  ],
  "reset": [
    7
  ],
  "duration": [
    1.588524341583252,
    1.3819267749786377,
    1.3780007362365723,
    1.380415678024292,
    1.3773064613342285,
    1.3800601959228516,
    1.3762271404266357,
    1.3775279521942139,
    1.3778634071350098,
    1.3780856132507324,
    1.376753568649292,
    1.3771615028381348,
    1.3761720657348633,
    1.378370761871338,
    1.3761389255523682,
    1.3777439594268799,
    1.374959945678711,
    1.3783142566680908,
    1.374509572982788,
    1.3771803379058838
  ],
  "status": 7
}