{
  "gpu": false,
  "device": "cpu",
  "infile": "../matrix/fgcr_check3_4096_dble_csr.dat",
  "matfile": null,
  "k": 0.0,
  "kc": 0.0,
  "reordering": false,
  "preconditioning": true,
  "vol": 4096,
  "dim": 49152,
  "lattice": "8x8x8x8",
  "blk_dim": 12288,
  "bs": "8x8x4x4",
  "res": 1e-06,
  "tol": 0.00031353468710831124,
  "nmx": 125,
  "nkv": 7,
  "nmr": 4,
  "ncy": 20,
  "sdtype": "float32",
  "ddtype": "float64",
  "cdtype": "float64",
  "rn": [
    2.6739693569179797,
    0.4136081332323988,
    0.062484993548347224,
    0.010638650811295306,
    0.0017749225810607294,
    0.0003149861177585063,
    4.433462015220892e-05,
    8.243014292981032e-05
  ],
  "i": [
    0,
    1,
    2,
    3,
    4,
    5,
    6,
    7
  ],
  "reset": [
    7
  ],
  "duration": [
    5.236992359161377,
    5.234964370727539,
    5.233800888061523,
    5.238914728164673,
    5.2366087436676025,
    5.239648342132568,
    5.230523347854614,
    5.240896463394165,
    5.2337446212768555,
    5.243215084075928,
    5.231394529342651,
    5.24131965637207,
    5.2300214767456055,
    5.240653991699219,
    5.228488922119141,
    5.23742151260376,
    5.229159593582153,
    5.236408710479736,
    5.227473974227905,
    5.234083414077759
  ],
  "status": 7
}