{
  "gpu": true,
  "infile": "../matrix/cgne_init_4096_dble_csr.dat",
  "matfile": "../matrix/conf6_0-8x8-20/conf6_0-8x8-20.mtx",
  "k": 0.15717,
  "kc": 0.15717,
  "reordering": true,
  "preconditioning": true,
  "vol": 4096,
  "dim": 49152,
  "lattice": "8x8x8x8",
  "blk_dim": 6144,
  "bs": "8x4x4x4",
  "res": 1e-06,
  "tol": 0.0003135346870762468,
  "nmx": 250,
  "nkv": 7,
  "nmr": 4,
  "ncy": 10,
  "sdtype": "float64",
  "ddtype": "float64",
  "cdtype": "float64",
  "rn": [
    16.481415055963673,
    10.089133021447145,
    7.112850145947726,
    4.899496748587954,
    3.212476571018125,
    2.0522665302377803,
    1.4238979776683403,
    1.4238979776683396,
    1.0853277267009362,
    0.8575657008116441,
    0.6664092972468836,
    0.48357099936295733,
    0.3754978694106908,
    0.25933400449419614,
    0.17301859016920978,
    0.17301859016921026,
    0.1256966491520059,
    0.09211958139028373,
    0.06809020180242331,
    0.05003647699710484,
    0.03819875582529407,
    0.0285985226094893,
    0.021880088267676102,
    0.021880088267676033,
    0.016763434370760808,
    0.013351008641953445,
    0.010601604976339185,
    0.008033606144743055,
    0.005100543896832513,
    0.003120945372219244,
    0.002128610540899055,
    0.0021286105408994433,
    0.0016163057755892937,
    0.0013523778964077927,
    0.0011573190342758753,
    0.0009016597590988676,
    0.0006757289901373019,
    0.0005090552686033624,
    0.00036335931240416325,
    0.0003633593124045164,
    0.00025798703581798025,
    0.0002579870358178929
  ],
  "i": [
    0,
    1,
    2,
    3,
    4,
    5,
    6,
    7,
    8,
    9,
    10,
    11,
    12,
    13,
    14,
    15,
    16,
    17,
    18,
    19,
    20,
    21,
    22,
    23,
    24,
    25,
    26,
    27,
    28,
    29,
    30,
    31,
    32,
    33,
    34,
    35,
    36,
    37,
    38,
    39,
    40,
    41
  ],
  "reset": [
    7,
    15,
    23,
    31,
    39,
    41
  ],
  "duration": 6.985970497131348,
  "status": 36
}