{
  "gpu": true,
  "infile": "../matrix/cgne_init_4096_dble_csr.dat",
  "matfile": "../matrix/conf6_0-8x8-20/conf6_0-8x8-20.mtx",
  "k": 0.15,
  "kc": 0.15717,
  "reordering": true,
  "preconditioning": true,
  "vol": 4096,
  "dim": 49152,
  "lattice": "8x8x8x8",
  "blk_dim": 6144,
  "bs": "8x4x4x4",
  "res": 1e-06,
  "tol": 0.0003135346870762468,
  "nmx": 1250,
  "nkv": 7,
  "nmr": 4,
  "ncy": 2,
  "sdtype": "float64",
  "ddtype": "float64",
  "cdtype": "float64",
  "rn": [
    34.747538138581795,
    11.088646414575113,
    5.28394388017654,
    2.7548253068609023,
    1.5171141632161544,
    0.825352228114147,
    0.46257708621904203,
    0.46257708621904237,
    0.2797519116573351,
    0.16582128324140868,
    0.09910548665509196,
    0.055807151054148955,
    0.03139443905741541,
    0.015540788958437635,
    0.008847857414918116,
    0.008847857414918371,
    0.005443051573678529,
    0.0031787824841800036,
    0.0019051563471080655,
    0.0010950311969448903,
    0.0006403138856470667,
    0.00035807159877454596,
    0.00020803640682212564,
    0.0002080364068215501
  ],
  "i": [
    0,
    1,
    2,
    3,
    4,
    5,
    6,
    7,
    8,
    9,
    10,
    11,
    12,
    13,
    14,
    15,
    16,
    17,
    18,
    19,
    20,
    21,
    22,
    23
  ],
  "reset": [
    7,
    15,
    23
  ],
  "duration": 1.6187973022460938,
  "status": 21
}