{
  "gpu": false,
  "device": "hybrid",
  "infile": "../matrix/fgcr_check3_4096_dble_csr.dat",
  "matfile": null,
  "k": 0.0,
  "kc": 0.0,
  "reordering": false,
  "preconditioning": true,
  "vol": 4096,
  "dim": 49152,
  "lattice": "8x8x8x8",
  "blk_dim": 6144,
  "bs": "8x4x4x4",
  "res": 1e-06,
  "tol": 0.00031353468710831124,
  "nmx": 125,
  "nkv": 7,
  "nmr": 20,
  "ncy": 4,
  "sdtype": "float32",
  "ddtype": "float64",
  "cdtype": "float32",
  "rn": [
    25.52853316888984,
    5.167152957607417,
    1.434267633039796,
    0.36543979555338385,
    0.09170635081911348,
    0.023918402196298386,
    0.005834654873350734,
    0.005835311058797393,
    0.001696573996490784,
    0.0005606166801064688,
    0.00012453804424716975,
    0.0001245380397990147
  ],
  "i": [
    0,
    1,
    2,
    3,
    4,
    5,
    6,
    7,
    8,
    9,
    10,
    11
  ],
  "reset": [
    7,
    11
  ],
  "duration": [
    4.233899831771851,
    4.243131875991821,
    4.240273714065552,
    4.238102197647095,
    4.230225324630737,
    4.214573383331299,
    4.21457576751709,
    4.21503472328186,
    4.213715076446533,
    4.215639352798462,
    4.2144248485565186,
    4.213589906692505,
    4.213926553726196,
    4.214886903762817,
    4.214465856552124,
    4.214663505554199,
    4.213746547698975,
    4.214938163757324,
    4.214507341384888,
    4.215397596359253
  ],
  "status": 10
}