{
  "gpu": true,
  "device": "gpu",
  "infile": "../matrix/cgne_init_4096_dble_csr.dat",
  "matfile": "../matrix/conf6_0-8x8-30/conf6.0-00l8x8-3000.mtx",
  "k": 0.05,
  "kc": 0.15649,
  "reordering": true,
  "preconditioning": true,
  "vol": 4096,
  "dim": 49152,
  "lattice": "8x8x8x8",
  "blk_dim": 3072,
  "bs": "4x4x4x4",
  "res": 1e-06,
  "tol": 0.00031353468703945405,
  "nmx": 417,
  "nkv": 7,
  "nmr": 6,
  "ncy": 4,
  "sdtype": "float32",
  "ddtype": "float64",
  "cdtype": "float32",
  "rn": [
    0.00010365280723812995,
    0.00011075380285597077
  ],
  "i": [
    0,
    1
  ],
  "reset": [
    1
  ],
  "duration": [
    0.19495511054992676,
    0.19803261756896973,
    0.19484448432922363,
    0.19864225387573242,
    0.19272756576538086,
    0.19489145278930664,
    0.19665026664733887,
    0.19468235969543457,
    0.19811773300170898,
    0.194244384765625,
    0.1938798427581787,
    0.19473910331726074,
    0.19312834739685059,
    0.19881772994995117,
    0.1937577724456787,
    0.19452548027038574,
    0.19435644149780273,
    0.19536638259887695,
    0.19697356224060059,
    0.19504499435424805
  ],
  "status": 1
}