{
  "gpu": true,
  "device": "gpu",
  "infile": "../matrix/cgne_init_4096_dble_csr.dat",
  "matfile": "../matrix/conf6_0-8x8-20/conf6_0-8x8-20.mtx",
  "k": 0.15,
  "kc": 0.15717,
  "reordering": true,
  "preconditioning": true,
  "vol": 4096,
  "dim": 49152,
  "lattice": "8x8x8x8",
  "blk_dim": 3072,
  "bs": "4x4x4x4",
  "res": 1e-06,
  "tol": 0.0003135346870762468,
  "nmx": 125,
  "nkv": 7,
  "nmr": 20,
  "ncy": 4,
  "sdtype": "float64",
  "ddtype": "float64",
  "cdtype": "float64",
  "rn": [
    10.372489297591827,
    1.9034083702099054,
    0.43492382793916434,
    0.1074524182410251,
    0.026551948560356142,
    0.0069178431548111655,
    0.0017197507798004158,
    0.0017197507798009258,
    0.00046269222108002555,
    0.00012381206356695576,
    0.00012381206356661313
  ],
  "i": [
    0,
    1,
    2,
    3,
    4,
    5,
    6,
    7,
    8,
    9,
    10
  ],
  "reset": [
    7,
    10
  ],
  "duration": [
    5.620935440063477,
    5.475299119949341,
    5.466200828552246,
    5.453359365463257,
    5.453727722167969,
    5.469696760177612,
    5.474551439285278,
    5.477202892303467,
    5.475149154663086,
    5.4671080112457275,
    5.464903831481934,
    5.485807180404663,
    5.455596446990967,
    5.46530818939209,
    5.486018180847168,
    5.479496479034424,
    5.46640157699585,
    5.4431843757629395,
    5.470325231552124,
    5.482296705245972
  ],
  "status": 9
}