{
  "gpu": false,
  "device": "hybrid",
  "infile": "../matrix/cgne_init_4096_dble_csr.dat",
  "matfile": null,
  "k": 0.0,
  "kc": 0.0,
  "reordering": false,
  "preconditioning": true,
  "vol": 4096,
  "dim": 49152,
  "lattice": "8x8x8x8",
  "blk_dim": 12288,
  "bs": "8x8x4x4",
  "res": 1e-06,
  "tol": 0.0003135346870547978,
  "nmx": 417,
  "nkv": 7,
  "nmr": 2,
  "ncy": 12,
  "sdtype": "float32",
  "ddtype": "float64",
  "cdtype": "float32",
  "rn": [
    53.489031672200426,
    13.4008781863141,
    4.14158617782924,
    1.36117168428755,
    0.448325283673864,
    0.1511907717133122,
    0.05195057232172716,
    0.051950257253856574,
    0.02033512702900625,
    0.007162046242925794,
    0.002475575470569894,
    0.0008272148441025269,
    0.00027252637258992195,
    0.0002725263371427124
  ],
  "i": [
    0,
    1,
    2,
    3,
    4,
    5,
    6,
    7,
    8,
    9,
    10,
    11,
    12,
    13
  ],
  "reset": [
    7,
    13
  ],
  "duration": [
    2.214944362640381,
    2.221421480178833,
    2.2185349464416504,
    2.2231526374816895,
    2.214387893676758,
    2.2246384620666504,
    2.2107887268066406,
    2.215813159942627,
    2.2229723930358887,
    2.2098464965820312,
    2.218998670578003,
    2.2122204303741455,
    2.2143466472625732,
    2.21872615814209,
    2.213953971862793,
    2.216895341873169,
    2.2084667682647705,
    2.2129464149475098,
    2.208547353744507,
    2.209965229034424
  ],
  "status": 12
}