{
  "gpu": false,
  "device": "hybrid",
  "infile": "../matrix/cgne_init_4096_dble_csr.dat",
  "matfile": "../matrix/conf6_0-8x8-20/conf6_0-8x8-20.mtx",
  "k": 0.15717,
  "kc": 0.15717,
  "reordering": true,
  "preconditioning": true,
  "vol": 4096,
  "dim": 49152,
  "lattice": "8x8x8x8",
  "blk_dim": 6144,
  "bs": "8x4x4x4",
  "res": 1e-06,
  "tol": 0.0003135346870762468,
  "nmx": 417,
  "nkv": 7,
  "nmr": 2,
  "ncy": 12,
  "sdtype": "float64",
  "ddtype": "float64",
  "cdtype": "float64",
  "rn": [
    19.159546794128815,
    10.416049531378018,
    6.431764102606076,
    3.9292454349806034,
    2.471546106620041,
    1.5797677365471232,
    1.0979149776140669,
    1.0979149776140666,
    0.7142826959583711,
    0.45452183266502644,
    0.31023400029113035,
    0.20354937338092785,
    0.1285305168780585,
    0.08578747095549906,
    0.056393812914025954,
    0.05639381291402597,
    0.03621600058512171,
    0.02383993218248253,
    0.015265492892912643,
    0.010062523396620322,
    0.00699601807444686,
    0.004981969699041162,
    0.003417715402333819,
    0.003417715402333331,
    0.0023635031602175427,
    0.001636088982049754,
    0.0011357662129934582,
    0.0007647393994293645,
    0.000519432200446382,
    0.00035769075329533916,
    0.00024434019266364844,
    0.0002443401926631028
  ],
  "i": [
    0,
    1,
    2,
    3,
    4,
    5,
    6,
    7,
    8,
    9,
    10,
    11,
    12,
    13,
    14,
    15,
    16,
    17,
    18,
    19,
    20,
    21,
    22,
    23,
    24,
    25,
    26,
    27,
    28,
    29,
    30,
    31
  ],
  "reset": [
    7,
    15,
    23,
    31
  ],
  "duration": [
    4.418459415435791,
    4.42079496383667,
    4.41538143157959,
    4.413665533065796,
    4.413644313812256,
    4.410337924957275,
    4.410792350769043,
    4.397107362747192,
    4.399032115936279,
    4.399227142333984,
    4.4000327587127686,
    4.397406101226807,
    4.398420810699463,
    4.399045467376709,
    4.398684978485107,
    4.3940699100494385,
    4.394593715667725,
    4.393125057220459,
    4.393249273300171,
    4.395546197891235
  ],
  "status": 28
}