{
  "gpu": false,
  "device": "hybrid",
  "infile": "../matrix/cgne_init_65536_dble_csr.dat",
  "matfile": null,
  "k": 0.0,
  "kc": 0.0,
  "reordering": false,
  "preconditioning": true,
  "vol": 65536,
  "dim": 786432,
  "lattice": "16x16x16x16",
  "blk_dim": 49152,
  "bs": "8x8x8x8",
  "res": 1e-06,
  "tol": 0.0012541387482794752,
  "nmx": 210,
  "nkv": 7,
  "nmr": 12,
  "ncy": 4,
  "sdtype": "float32",
  "ddtype": "float64",
  "cdtype": "float64",
  "rn": [
    60.16553150002377,
    4.575015733269152,
    0.3814920881088093,
    0.03400489817404949,
    0.0032569247240339678,
    0.0003486606377740848,
    0.0003946443410763462
  ],
  "i": [
    0,
    1,
    2,
    3,
    4,
    5,
    6
  ],
  "reset": [
    6
  ],
  "duration": [
    5.586046457290649,
    5.594465017318726,
    5.579056262969971,
    5.584838390350342,
    5.580439567565918,
    5.587151527404785,
    5.576660871505737,
    5.584355115890503,
    5.585047245025635,
    5.581370115280151,
    5.5772271156311035,
    5.584784507751465,
    5.574936151504517,
    5.582746505737305,
    5.57251238822937,
    5.584150075912476,
    5.5761213302612305,
    5.586273908615112,
    5.572964668273926,
    5.582581281661987
  ],
  "status": 6
}