{
  "gpu": false,
  "device": "cpu",
  "infile": "../matrix/cgne_init_4096_dble_csr.dat",
  "matfile": "../matrix/conf6_0-8x8-20/conf6_0-8x8-20.mtx",
  "k": 0.15,
  "kc": 0.15717,
  "reordering": true,
  "preconditioning": true,
  "vol": 4096,
  "dim": 49152,
  "lattice": "8x8x8x8",
  "blk_dim": 24576,
  "bs": "8x8x8x4",
  "res": 1e-06,
  "tol": 0.0003135346870547978,
  "nmx": 1250,
  "nkv": 7,
  "nmr": 4,
  "ncy": 2,
  "sdtype": "float32",
  "ddtype": "float64",
  "cdtype": "float64",
  "rn": [
    27.616162551593455,
    9.410788131666722,
    4.7086650102289065,
    2.4949242622530328,
    1.4349750539822719,
    0.8206563388000145,
    0.47945821122685356,
    0.47945811075934197,
    0.30243285203348763,
    0.18237646250195613,
    0.1139419772526952,
    0.06750164117570458,
    0.039623381851791824,
    0.02083967547446847,
    0.01212718498400498,
    0.012127184533542336,
    0.008011809310312677,
    0.0049389522498046925,
    0.0030712782153514617,
    0.0018519922835333372,
    0.0011430253339312156,
    0.0006621822912456312,
    0.00041061348883427644,
    0.0004106135012490233,
    0.0002638811174457835,
    0.00026388111727431216
  ],
  "i": [
    0,
    1,
    2,
    3,
    4,
    5,
    6,
    7,
    8,
    9,
    10,
    11,
    12,
    13,
    14,
    15,
    16,
    17,
    18,
    19,
    20,
    21,
    22,
    23,
    24,
    25
  ],
  "reset": [
    7,
    15,
    23,
    25
  ],
  "duration": [
    1.968280553817749,
    1.9634411334991455,
    1.9698350429534912,
    1.9675817489624023,
    1.9697849750518799,
    1.971949815750122,
    1.9658243656158447,
    1.9742214679718018,
    1.9793481826782227,
    1.9738476276397705,
    1.971930742263794,
    1.9743783473968506,
    1.9747414588928223,
    1.9762523174285889,
    1.962852954864502,
    1.9698925018310547,
    1.9692771434783936,
    1.9690020084381104,
    1.9743342399597168,
    1.9687507152557373
  ],
  "status": 22
}