{
  "gpu": false,
  "infile": "../matrix/cgne_init_65536_dble_csr.dat",
  "matfile": null,
  "k": 0.0,
  "kc": 0.0,
  "reordering": false,
  "preconditioning": true,
  "vol": 65536,
  "dim": 786048,
  "lattice": "16x16x16x16",
  "blk_dim": 49128,
  "bs": "8x8x8x8",
  "res": 1e-06,
  "tol": 0.0012541387483049865,
  "nmx": 210,
  "nkv": 7,
  "nmr": 12,
  "ncy": 4,
  "sdtype": "float64",
  "ddtype": "float64",
  "cdtype": "float64",
  "rn": [
    60.165531429280406,
    4.575014798558855,
    0.3814917652532776,
    0.03400467545326903,
    0.0032545986985700226,
    0.00032647735068047987,
    0.00032647735068088124
  ],
  "i": [
    0,
    1,
    2,
    3,
    4,
    5,
    6
  ],
  "reset": [
    6
  ],
  "duration": [
    17.443415880203247,
    16.81346321105957,
    16.65136957168579,
    16.45135998725891,
    16.676870346069336,
    17.09368348121643,
    16.587510108947754,
    16.356546878814697,
    16.81895136833191,
    16.5228009223938,
    16.787157773971558,
    16.46668839454651,
    16.944110870361328,
    17.500738382339478,
    17.091869592666626,
    16.731625080108643,
    17.08767580986023,
    17.10248637199402,
    17.26439118385315,
    17.1242892742157
  ],
  "status": 6
}