{
  "gpu": false,
  "device": "hybrid",
  "infile": "../matrix/fgcr_check3_4096_dble_csr.dat",
  "matfile": null,
  "k": 0.0,
  "kc": 0.0,
  "reordering": false,
  "preconditioning": true,
  "vol": 4096,
  "dim": 49152,
  "lattice": "8x8x8x8",
  "blk_dim": 6144,
  "bs": "8x4x4x4",
  "res": 1e-06,
  "tol": 0.00031353468710831124,
  "nmx": 250,
  "nkv": 7,
  "nmr": 10,
  "ncy": 4,
  "sdtype": "float32",
  "ddtype": "float64",
  "cdtype": "float32",
  "rn": [
    25.648994395474872,
    5.208621167971385,
    1.4499562462045132,
    0.3710675496176836,
    0.09330284238260635,
    0.024392659136603538,
    0.0059776298402769166,
    0.005978017099506482,
    0.0017436560300043563,
    0.000577838356776555,
    0.00012874404187796006,
    0.00012874404289329222
  ],
  "i": [
    0,
    1,
    2,
    3,
    4,
    5,
    6,
    7,
    8,
    9,
    10,
    11
  ],
  "reset": [
    7,
    11
  ],
  "duration": [
    2.71675181388855,
    2.7173025608062744,
    2.7190167903900146,
    2.7165729999542236,
    2.718073844909668,
    2.7151129245758057,
    2.7148241996765137,
    2.7151596546173096,
    2.7106359004974365,
    2.7037246227264404,
    2.705017566680908,
    2.704009532928467,
    2.7043230533599854,
    2.7031757831573486,
    2.7038228511810303,
    2.7040939331054688,
    2.7041969299316406,
    2.7037031650543213,
    2.703080177307129,
    2.7032968997955322
  ],
  "status": 10
}