{
  "gpu": false,
  "device": "cpu",
  "infile": "../matrix/cgne_init_4096_dble_csr.dat",
  "matfile": null,
  "k": 0.0,
  "kc": 0.0,
  "reordering": false,
  "preconditioning": true,
  "vol": 4096,
  "dim": 49152,
  "lattice": "8x8x8x8",
  "blk_dim": 24576,
  "bs": "8x8x8x4",
  "res": 1e-06,
  "tol": 0.0003135346870547978,
  "nmx": 2500,
  "nkv": 7,
  "nmr": 0.5,
  "ncy": 0.5,
  "sdtype": "float32",
  "ddtype": "float64",
  "cdtype": "float64",
  "rn": [
    117.79640800897045,
    51.95730383923971,
    14.126769503123501,
    6.659063671956279,
    3.6577266018117767,
    1.7754161874996497,
    0.7428157156037183,
    0.7428156859142633,
    0.4835473864016226,
    0.3399479995015993,
    0.15801590054526266,
    0.07496218147640304,
    0.035768089346112864,
    0.016870463588175663,
    0.008674120530484407,
    0.008674121342336015,
    0.004075524137170812,
    0.0018362467394994213,
    0.0013283930729039739,
    0.0007769749184493303,
    0.0003150974663744839,
    0.00015366825473721603,
    0.00015366825458742276
  ],
  "i": [
    0,
    1,
    2,
    3,
    4,
    5,
    6,
    7,
    8,
    9,
    10,
    11,
    12,
    13,
    14,
    15,
    16,
    17,
    18,
    19,
    20,
    21,
    22
  ],
  "reset": [
    7,
    15,
    22
  ],
  "duration": [
    0.7108862400054932,
    0.7116227149963379,
    0.7080934047698975,
    0.7080628871917725,
    0.7090563774108887,
    0.7092640399932861,
    0.7075796127319336,
    0.7084157466888428,
    0.7124855518341064,
    0.7122254371643066,
    0.7115786075592041,
    0.7096555233001709,
    0.715440034866333,
    0.7103466987609863,
    0.7098009586334229,
    0.7132132053375244,
    0.7117745876312256,
    0.7107608318328857,
    0.7099754810333252,
    0.7178378105163574
  ],
  "status": 20
}