{
  "gpu": true,
  "device": "gpu",
  "infile": "../matrix/cgne_init_4096_dble_csr.dat",
  "matfile": "../matrix/conf6_0-8x8-20/conf6_0-8x8-20.mtx",
  "k": 0.15,
  "kc": 0.15717,
  "reordering": true,
  "preconditioning": true,
  "vol": 4096,
  "dim": 49152,
  "lattice": "8x8x8x8",
  "blk_dim": 6144,
  "bs": "8x4x4x4",
  "res": 1e-06,
  "tol": 0.00031353468703945405,
  "nmx": 417,
  "nkv": 7,
  "nmr": 6,
  "ncy": 4,
  "sdtype": "float32",
  "ddtype": "float64",
  "cdtype": "float32",
  "rn": [
    10.39359226533335,
    2.0061252536485035,
    0.4597099203517031,
    0.11593930193950054,
    0.02948029152776869,
    0.0077353060176689305,
    0.0019981634719761472,
    0.0019994296618436975,
    0.0005420355107158788,
    0.000145267228393024,
    0.0001452672313814649
  ],
  "i": [
    0,
    1,
    2,
    3,
    4,
    5,
    6,
    7,
    8,
    9,
    10
  ],
  "reset": [
    7,
    10
  ],
  "duration": [
    1.0570182800292969,
    0.8909459114074707,
    0.8806304931640625,
    0.8903646469116211,
    0.888725757598877,
    0.8895480632781982,
    0.8788115978240967,
    0.8850533962249756,
    0.8859398365020752,
    0.8862409591674805,
    0.8849458694458008,
    0.8817508220672607,
    0.8890900611877441,
    0.8924720287322998,
    0.8859493732452393,
    0.885077953338623,
    0.8862218856811523,
    0.8863973617553711,
    0.8851842880249023,
    0.8891193866729736
  ],
  "status": 9
}