{
  "gpu": true,
  "device": "gpu",
  "infile": "../matrix/cgne_init_4096_dble_csr.dat",
  "matfile": "../matrix/conf6_0-8x8-30/conf6.0-00l8x8-3000.mtx",
  "k": 0.05,
  "kc": 0.15649,
  "reordering": true,
  "preconditioning": true,
  "vol": 4096,
  "dim": 49152,
  "lattice": "8x8x8x8",
  "blk_dim": 12288,
  "bs": "8x8x4x4",
  "res": 1e-06,
  "tol": 0.00031353468703945405,
  "nmx": 2500,
  "nkv": 7,
  "nmr": 4,
  "ncy": 1,
  "sdtype": "float32",
  "ddtype": "float64",
  "cdtype": "float32",
  "rn": [
    16.031367719318958,
    0.052725804512174734,
    0.0002989466081680837,
    0.0003053515332746833
  ],
  "i": [
    0,
    1,
    2,
    3
  ],
  "reset": [
    3
  ],
  "duration": [
    0.19539284706115723,
    0.03180885314941406,
    0.030369043350219727,
    0.029971599578857422,
    0.02981853485107422,
    0.02997589111328125,
    0.03003072738647461,
    0.030041217803955078,
    0.02998042106628418,
    0.029949665069580078,
    0.029964923858642578,
    0.030093908309936523,
    0.0300905704498291,
    0.030132055282592773,
    0.02993488311767578,
    0.030863523483276367,
    0.03139925003051758,
    0.03009343147277832,
    0.029875516891479492,
    0.029963254928588867
  ],
  "status": 3
}