{
  "gpu": false,
  "device": "hybrid",
  "infile": "../matrix/cgne_init_65536_dble_csr.dat",
  "matfile": null,
  "k": 0.0,
  "kc": 0.0,
  "reordering": false,
  "preconditioning": true,
  "vol": 65536,
  "dim": 786432,
  "lattice": "16x16x16x16",
  "blk_dim": 12288,
  "bs": "8x8x4x4",
  "res": 1e-06,
  "tol": 0.0012541387482794752,
  "nmx": 210,
  "nkv": 7,
  "nmr": 12,
  "ncy": 4,
  "sdtype": "float32",
  "ddtype": "float64",
  "cdtype": "float32",
  "rn": [
    60.08894675281327,
    4.533081746737458,
    0.36468175644491563,
    0.03040272777524547,
    0.002799597058842287,
    0.0009742062215719775,
    0.0009937746451485418
  ],
  "i": [
    0,
    1,
    2,
    3,
    4,
    5,
    6
  ],
  "reset": [
    6
  ],
  "duration": [
    12.167105197906494,
    12.143429279327393,
    12.16630744934082,
    12.146493673324585,
    12.165225744247437,
    12.140750646591187,
    12.160209894180298,
    12.135899543762207,
    12.159158706665039,
    12.140406847000122,
    12.15714693069458,
    12.13879108428955,
    12.145269632339478,
    12.120335340499878,
    12.137239217758179,
    12.092538118362427,
    12.114000082015991,
    12.091913223266602,
    12.108693599700928,
    12.096178531646729
  ],
  "status": 6
}