{
  "gpu": false,
  "infile": "../matrix/cgne_init_4096_dble_csr.dat",
  "matfile": null,
  "k": 0.0,
  "kc": 0.0,
  "reordering": false,
  "preconditioning": true,
  "vol": 4096,
  "dim": 49152,
  "lattice": "8x8x8x8",
  "blk_dim": 12288,
  "bs": "8x8x4x4",
  "res": 1e-06,
  "tol": 0.0003135346870547978,
  "nmx": 250,
  "nkv": 7,
  "nmr": 10,
  "ncy": 4,
  "sdtype": "float32",
  "ddtype": "float64",
  "cdtype": "float32",
  "rn": [
    55.75766599271064,
    36.922759159315355,
    24.590451764694816,
    15.295360464744508,
    10.234244937110896,
    6.5955193975664095,
    4.348091723577733,
    4.3480918194264655,
    2.9922113465457705,
    1.887616141911535,
    1.252228060019616,
    0.7922702358478988,
    0.5255600278839736,
    0.3356642354914933,
    0.21968416570302066,
    0.2196841691287232,
    0.14953120430364814,
    0.08992756087316274,
    0.056211493220249584,
    0.03545767209375916,
    0.023244138137290104,
    0.014811750512593317,
    0.00985286623253726,
    0.009852865844344796,
    0.006808993554375401,
    0.004385062503747876,
    0.002874006105871223,
    0.0018424447062879384,
    0.0012319063228745475,
    0.0007968511435672688,
    0.0005321230478672363,
    0.000532123053240898,
    0.0003642196159626729,
    0.0002298305120790874,
    0.0002298305111814409
  ],
  "i": [
    0,
    1,
    2,
    3,
    4,
    5,
    6,
    7,
    8,
    9,
    10,
    11,
    12,
    13,
    14,
    15,
    16,
    17,
    18,
    19,
    20,
    21,
    22,
    23,
    24,
    25,
    26,
    27,
    28,
    29,
    30,
    31,
    32,
    33,
    34
  ],
  "reset": [
    7,
    15,
    23,
    31,
    34
  ],
  "duration": [
    3.5701189041137695,
    3.5711307525634766,
    3.575939893722534,
    3.5733656883239746,
    3.582719087600708,
    3.573754072189331,
    3.5746917724609375,
    3.580817222595215,
    3.574974775314331,
    3.577819585800171,
    3.586726188659668,
    3.5781335830688477,
    3.5746700763702393,
    3.573885917663574,
    3.5739855766296387,
    3.578845262527466,
    3.5864226818084717,
    3.587362289428711,
    3.5837488174438477,
    3.585045337677002
  ],
  "status": 30
}