{
  "gpu": true,
  "device": "gpu",
  "infile": "../matrix/cgne_init_65536_dble_csr.dat",
  "matfile": null,
  "k": 0.0,
  "kc": 0.0,
  "reordering": false,
  "preconditioning": true,
  "vol": 65536,
  "dim": 786048,
  "lattice": "16x16x16x16",
  "blk_dim": 12282,
  "bs": "8x8x4x4",
  "res": 1e-06,
  "tol": 0.0012541387482808122,
  "nmx": 625,
  "nkv": 7,
  "nmr": 8,
  "ncy": 2,
  "sdtype": "float32",
  "ddtype": "float64",
  "cdtype": "float32",
  "rn": [
    714.405292675125,
    471.79284749193295,
    300.6811418377928,
    188.0020584099248,
    116.67645227358432,
    72.98372825663073,
    46.73120975523171,
    46.73120958835918,
    30.64183562673246,
    20.61627944716698,
    13.961475281361729,
    9.627297171339018,
    6.72628250667548,
    4.721621089079052,
    3.3442459201725603,
    3.344245919561627,
    2.3722793977651397,
    1.7125261524599669,
    1.2174064824543391,
    0.880350998254128,
    0.6326379131555063,
    0.447058694755003,
    0.31851652860479035,
    0.3185165308645199,
    0.22780906440622553,
    0.16564258589284347,
    0.11860301816236836,
    0.08634931121999542,
    0.06281151257555087,
    0.044771290623233755,
    0.03226833033607154,
    0.0322683302872623,
    0.023274990271863364,
    0.01700603340678996,
    0.012257141675293924,
    0.008952253017143712,
    0.006517217723080864,
    0.004654395357226888,
    0.003348970757011147,
    0.0033489707752329756,
    0.0024207190575531593,
    0.0017749313015286193,
    0.0012794073573019098,
    0.0009366767763304617,
    0.0009366767755945993
  ],
  "i": [
    0,
    1,
    2,
    3,
    4,
    5,
    6,
    7,
    8,
    9,
    10,
    11,
    12,
    13,
    14,
    15,
    16,
    17,
    18,
    19,
    20,
    21,
    22,
    23,
    24,
    25,
    26,
    27,
    28,
    29,
    30,
    31,
    32,
    33,
    34,
    35,
    36,
    37,
    38,
    39,
    40,
    41,
    42,
    43,
    44
  ],
  "reset": [
    7,
    15,
    23,
    31,
    39,
    44
  ],
  "duration": [
    20.278936624526978,
    19.96488928794861,
    20.001898765563965,
    19.988366842269897,
    20.03019070625305,
    20.03269863128662,
    19.957579135894775,
    19.99557876586914,
    19.941129207611084,
    19.955620527267456,
    19.957897663116455,
    19.959408283233643,
    19.952094316482544,
    19.941900491714478,
    19.962555170059204,
    20.014045000076294,
    19.965266466140747,
    19.950677633285522,
    19.997212409973145,
    20.045720100402832
  ],
  "status": 39
}