{
  "gpu": false,
  "device": "cpu",
  "infile": "../matrix/cgne_init_4096_dble_csr.dat",
  "matfile": "../matrix/conf6_0-8x8-20/conf6_0-8x8-20.mtx",
  "k": 0.15717,
  "kc": 0.15717,
  "reordering": true,
  "preconditioning": true,
  "vol": 4096,
  "dim": 49152,
  "lattice": "8x8x8x8",
  "blk_dim": 6144,
  "bs": "8x4x4x4",
  "res": 1e-06,
  "tol": 0.0003135346870547978,
  "nmx": 417,
  "nkv": 7,
  "nmr": 2,
  "ncy": 12,
  "sdtype": "float32",
  "ddtype": "float64",
  "cdtype": "float64",
  "rn": [
    19.159547104921796,
    10.416049661242349,
    6.431764092014035,
    3.929245375628364,
    2.471546010934121,
    1.5797676346755014,
    1.097914908470061,
    1.097914705108795,
    0.7142827115651499,
    0.45452196952838003,
    0.3102341255539743,
    0.20354941093218562,
    0.12853052225210612,
    0.08578749736840009,
    0.05639383330934482,
    0.05639383027771285,
    0.03621601648104855,
    0.02383994339347768,
    0.015265501009120273,
    0.010062526112903614,
    0.006996017936659572,
    0.004981969201429765,
    0.003417714866095732,
    0.003417714736780827,
    0.0023635031292850673,
    0.0016360890338937358,
    0.001135766216797499,
    0.0007647393166906296,
    0.0005194320354249358,
    0.0003576906235108784,
    0.0002443401263650124,
    0.00024434013709349737
  ],
  "i": [
    0,
    1,
    2,
    3,
    4,
    5,
    6,
    7,
    8,
    9,
    10,
    11,
    12,
    13,
    14,
    15,
    16,
    17,
    18,
    19,
    20,
    21,
    22,
    23,
    24,
    25,
    26,
    27,
    28,
    29,
    30,
    31
  ],
  "reset": [
    7,
    15,
    23,
    31
  ],
  "duration": [
    6.0077738761901855,
    6.010269403457642,
    6.012180328369141,
    6.004401206970215,
    6.009466648101807,
    6.006163835525513,
    6.001704454421997,
    6.007565498352051,
    6.003894090652466,
    6.008023977279663,
    6.001631736755371,
    6.001739025115967,
    6.001986742019653,
    6.001507043838501,
    6.002536773681641,
    5.998931407928467,
    6.002729415893555,
    6.001959323883057,
    6.001024484634399,
    5.99898624420166
  ],
  "status": 28
}