{
  "gpu": false,
  "device": "hybrid",
  "infile": "../matrix/cgne_init_4096_dble_csr.dat",
  "matfile": "../matrix/conf6_0-8x8-30/conf6.0-00l8x8-3000.mtx",
  "k": 0.05,
  "kc": 0.15649,
  "reordering": true,
  "preconditioning": true,
  "vol": 4096,
  "dim": 49152,
  "lattice": "8x8x8x8",
  "blk_dim": 24576,
  "bs": "8x8x8x4",
  "res": 1e-06,
  "tol": 0.0003135346870762468,
  "nmx": 125,
  "nkv": 7,
  "nmr": 4,
  "ncy": 20,
  "sdtype": "float64",
  "ddtype": "float64",
  "cdtype": "float64",
  "rn": [
    2.1437303650901178e-14,
    9.750720493370414e-14
  ],
  "i": [
    0,
    1
  ],
  "reset": [
    1
  ],
  "duration": [
    0.1468667984008789,
    0.14647507667541504,
    0.1933293342590332,
    0.20066452026367188,
    0.1461925506591797,
    0.1858839988708496,
    0.15224552154541016,
    0.1467747688293457,
    0.2098860740661621,
    0.16069698333740234,
    0.14652109146118164,
    0.1964430809020996,
    0.19899916648864746,
    0.1464858055114746,
    0.1788012981414795,
    0.14984965324401855,
    0.15761160850524902,
    0.14673089981079102,
    0.18596315383911133,
    0.16665291786193848
  ],
  "status": 1
}