{
  "gpu": false,
  "infile": "../matrix/cgne_init_4096_dble_csr.dat",
  "matfile": null,
  "k": 0.0,
  "kc": 0.0,
  "reordering": false,
  "preconditioning": true,
  "vol": 4096,
  "dim": 49152,
  "lattice": "8x8x8x8",
  "blk_dim": 3072,
  "bs": "4x4x4x4",
  "res": 1e-06,
  "tol": 0.0003135346870547978,
  "nmx": 2500,
  "nkv": 7,
  "nmr": 4,
  "ncy": 1,
  "sdtype": "float32",
  "ddtype": "float64",
  "cdtype": "float32",
  "rn": [
    145.93583456355756,
    53.67074687019634,
    22.59346818292565,
    10.131621715216571,
    4.335448005832681,
    2.058789271585117,
    0.9562525445513907,
    0.956252631821689,
    0.46838606485203965,
    0.23100407920713292,
    0.1158688292792637,
    0.051551170108740774,
    0.023730114256262886,
    0.010760119846073495,
    0.005098654745515316,
    0.005098654671525543,
    0.0024867312572951937,
    0.0012154117154689276,
    0.0006178839217882617,
    0.0002794478880691632,
    0.00027944789035320197
  ],
  "i": [
    0,
    1,
    2,
    3,
    4,
    5,
    6,
    7,
    8,
    9,
    10,
    11,
    12,
    13,
    14,
    15,
    16,
    17,
    18,
    19,
    20
  ],
  "reset": [
    7,
    15,
    20
  ],
  "duration": [
    0.4463984966278076,
    0.4460456371307373,
    0.44542551040649414,
    0.44720029830932617,
    0.44599366188049316,
    0.4451615810394287,
    0.4457838535308838,
    0.4463944435119629,
    0.44585466384887695,
    0.4462432861328125,
    0.44504475593566895,
    0.44692206382751465,
    0.44657135009765625,
    0.4477517604827881,
    0.44889092445373535,
    0.4489564895629883,
    0.44788455963134766,
    0.4481170177459717,
    0.449493408203125,
    0.4491884708404541
  ],
  "status": 18
}