{
  "gpu": false,
  "device": "hybrid",
  "infile": "../matrix/cgne_init_4096_dble_csr.dat",
  "matfile": "../matrix/conf6_0-8x8-30/conf6.0-00l8x8-3000.mtx",
  "k": 0.05,
  "kc": 0.15649,
  "reordering": true,
  "preconditioning": true,
  "vol": 4096,
  "dim": 49152,
  "lattice": "8x8x8x8",
  "blk_dim": 3072,
  "bs": "4x4x4x4",
  "res": 1e-06,
  "tol": 0.0003135346870547978,
  "nmx": 250,
  "nkv": 7,
  "nmr": 4,
  "ncy": 10,
  "sdtype": "float32",
  "ddtype": "float64",
  "cdtype": "float64",
  "rn": [
    2.416561663738745e-05,
    3.4263020232746014e-05
  ],
  "i": [
    0,
    1
  ],
  "reset": [
    1
  ],
  "duration": [
    0.38198089599609375,
    0.38051605224609375,
    0.38153886795043945,
    0.3815271854400635,
    0.38068699836730957,
    0.37824296951293945,
    0.3787648677825928,
    0.3804152011871338,
    0.3806638717651367,
    0.38114404678344727,
    0.38140058517456055,
    0.3822810649871826,
    0.38262152671813965,
    0.3807404041290283,
    0.3812520503997803,
    0.3810744285583496,
    0.38199639320373535,
    0.38173484802246094,
    0.381305456161499,
    0.3812088966369629
  ],
  "status": 1
}