{
  "gpu": false,
  "device": "hybrid",
  "infile": "../matrix/cgne_init_65536_dble_csr.dat",
  "matfile": null,
  "k": 0.0,
  "kc": 0.0,
  "reordering": false,
  "preconditioning": true,
  "vol": 65536,
  "dim": 786432,
  "lattice": "16x16x16x16",
  "blk_dim": 12288,
  "bs": "8x8x4x4",
  "res": 1e-06,
  "tol": 0.0012541387482794752,
  "nmx": 2500,
  "nkv": 7,
  "nmr": 4,
  "ncy": 1,
  "sdtype": "float32",
  "ddtype": "float64",
  "cdtype": "float32",
  "rn": [
    610.6609656821117,
    234.87236801497878,
    104.60077230465646,
    47.6920434902981,
    21.640483178338414,
    10.204895863170634,
    4.785914147997555,
    4.78591400841299,
    2.3872053178638857,
    1.1810655246714086,
    0.5684899338613812,
    0.2743300823219933,
    0.13051259718399177,
    0.056965825022525195,
    0.026441826303126,
    0.026441825277517,
    0.013082590582005265,
    0.006441531762361492,
    0.003107718446888211,
    0.0015319045899786004,
    0.0007404347170907231,
    0.0007404347098145524
  ],
  "i": [
    0,
    1,
    2,
    3,
    4,
    5,
    6,
    7,
    8,
    9,
    10,
    11,
    12,
    13,
    14,
    15,
    16,
    17,
    18,
    19,
    20,
    21
  ],
  "reset": [
    7,
    15,
    21
  ],
  "duration": [
    6.167198419570923,
    6.16162633895874,
    6.160698890686035,
    6.145867824554443,
    6.152580261230469,
    6.14013671875,
    6.148797512054443,
    6.135136604309082,
    6.145795106887817,
    6.161620616912842,
    6.149758338928223,
    6.146209001541138,
    6.161555767059326,
    6.146680593490601,
    6.142255544662476,
    6.136443853378296,
    6.138795852661133,
    6.140660524368286,
    6.142803907394409,
    6.157835006713867
  ],
  "status": 19
}