{
  "gpu": true,
  "device": "gpu",
  "infile": "../matrix/cgne_init_4096_dble_csr.dat",
  "matfile": "../matrix/conf6_0-8x8-30/conf6.0-00l8x8-3000.mtx",
  "k": 0.15649,
  "kc": 0.15649,
  "reordering": true,
  "preconditioning": true,
  "vol": 4096,
  "dim": 49152,
  "lattice": "8x8x8x8",
  "blk_dim": 12288,
  "bs": "8x8x4x4",
  "res": 1e-06,
  "tol": 0.00031353468703945405,
  "nmx": 125,
  "nkv": 7,
  "nmr": 20,
  "ncy": 4,
  "sdtype": "float32",
  "ddtype": "float64",
  "cdtype": "float32",
  "rn": [
    15.98930533277271,
    7.428455540284949,
    3.7426929399332405,
    1.8367785651338149,
    0.9952359904526565,
    0.5137899175142985,
    0.25149529670293674,
    0.25149519903706263,
    0.1378433045643706,
    0.08448802015951007,
    0.05028476691675628,
    0.022990930608043393,
    0.0094615353890527,
    0.003729883500284938,
    0.0015942608500395263,
    0.0015942600707700091,
    0.0008045788883652752,
    0.0003605427727302167,
    0.00018358513008685584,
    0.00018358512957315944
  ],
  "i": [
    0,
    1,
    2,
    3,
    4,
    5,
    6,
    7,
    8,
    9,
    10,
    11,
    12,
    13,
    14,
    15,
    16,
    17,
    18,
    19
  ],
  "reset": [
    7,
    15,
    19
  ],
  "duration": [
    2.800067663192749,
    2.6905477046966553,
    2.6658828258514404,
    2.6244001388549805,
    2.656715154647827,
    2.6674864292144775,
    2.6395974159240723,
    2.6774044036865234,
    2.6220967769622803,
    2.639031410217285,
    2.624854564666748,
    2.629425525665283,
    2.606799840927124,
    2.672393798828125,
    2.6370387077331543,
    2.6304097175598145,
    2.668027400970459,
    2.6566877365112305,
    2.6022133827209473,
    2.6670849323272705
  ],
  "status": 17
}