{
  "gpu": false,
  "device": "cpu",
  "infile": "../matrix/cgne_init_65536_dble_csr.dat",
  "matfile": null,
  "k": 0.0,
  "kc": 0.0,
  "reordering": false,
  "preconditioning": true,
  "vol": 65536,
  "dim": 786048,
  "lattice": "16x16x16x16",
  "blk_dim": 196512,
  "bs": "16x16x8x8",
  "res": 1e-06,
  "tol": 0.0012541387482794752,
  "nmx": 1250,
  "nkv": 7,
  "nmr": 2,
  "ncy": 4,
  "sdtype": "float32",
  "ddtype": "float64",
  "cdtype": "float32",
  "rn": [
    565.7991883511695,
    272.5273493144807,
    120.22341639093229,
    52.482863782546204,
    23.145154518157124,
    10.30054056565616,
    4.632486093332141,
    4.632486127606846,
    2.5634116542766847,
    1.059350536190375,
    0.45419379826925543,
    0.19938385191216615,
    0.09279660292998519,
    0.04368277373973714,
    0.01997179047763816,
    0.019971786976259898,
    0.010999685810705323,
    0.005020831687270424,
    0.0020986922769473853,
    0.000949191988400655,
    0.0009491919721834612
  ],
  "i": [
    0,
    1,
    2,
    3,
    4,
    5,
    6,
    7,
    8,
    9,
    10,
    11,
    12,
    13,
    14,
    15,
    16,
    17,
    18,
    19,
    20
  ],
  "reset": [
    7,
    15,
    20
  ],
  "duration": [
    17.339184522628784,
    17.309489011764526,
    17.280688524246216,
    17.290022373199463,
    17.290725469589233,
    17.31808352470398,
    17.280802249908447,
    17.342287302017212,
    17.300691843032837,
    17.282387495040894,
    17.258649349212646,
    17.246899366378784,
    17.297359466552734,
    17.26660943031311,
    17.264010667800903,
    17.33046817779541,
    17.253741979599,
    17.270362377166748,
    17.267331838607788,
    17.23646855354309
  ],
  "status": 18
}