{
  "gpu": true,
  "device": "gpu",
  "infile": "../matrix/fgcr_check3_4096_dble_csr.dat",
  "matfile": null,
  "k": 0.0,
  "kc": 0.0,
  "reordering": false,
  "preconditioning": true,
  "vol": 4096,
  "dim": 49152,
  "lattice": "8x8x8x8",
  "blk_dim": 24576,
  "bs": "8x8x8x4",
  "res": 1e-06,
  "tol": 0.00031353468715082124,
  "nmx": 125,
  "nkv": 7,
  "nmr": 20,
  "ncy": 4,
  "sdtype": "float32",
  "ddtype": "float64",
  "cdtype": "float64",
  "rn": [
    25.52853834536671,
    5.167154387622867,
    1.4342689699368538,
    0.3654406710750982,
    0.09170647541150208,
    0.023918439589442297,
    0.005834646814634826,
    0.005835088689492847,
    0.001697011597694142,
    0.000560676195722245,
    0.0001245111504323735,
    0.00012451114561390852
  ],
  "i": [
    0,
    1,
    2,
    3,
    4,
    5,
    6,
    7,
    8,
    9,
    10,
    11
  ],
  "reset": [
    7,
    11
  ],
  "duration": [
    1.0785255432128906,
    0.8608911037445068,
    0.8609664440155029,
    0.861574649810791,
    0.8587329387664795,
    0.8578085899353027,
    0.8577768802642822,
    0.8581163883209229,
    0.8577489852905273,
    0.8573703765869141,
    0.8583369255065918,
    0.8585183620452881,
    0.8582589626312256,
    0.8586323261260986,
    0.8572304248809814,
    0.8576786518096924,
    0.8505556583404541,
    0.8494184017181396,
    0.8495075702667236,
    0.8510153293609619
  ],
  "status": 10
}