{
  "gpu": false,
  "infile": "../matrix/cgne_init_4096_dble_csr.dat",
  "matfile": null,
  "k": 0.0,
  "kc": 0.0,
  "reordering": false,
  "preconditioning": true,
  "vol": 4096,
  "dim": 49152,
  "lattice": "8x8x8x8",
  "blk_dim": 12288,
  "bs": "8x8x4x4",
  "res": 1e-06,
  "tol": 0.0003135346870547978,
  "nmx": 125,
  "nkv": 7,
  "nmr": 20,
  "ncy": 4,
  "sdtype": "float32",
  "ddtype": "float64",
  "cdtype": "float64",
  "rn": [
    9.643376182508074,
    1.5308271258151172,
    0.39711565407537663,
    0.08159777260238574,
    0.01878188143652483,
    0.004546327649290076,
    0.0010259752759472676,
    0.0010286337206275055,
    0.0002920836481030812,
    0.0002920836516352295
  ],
  "i": [
    0,
    1,
    2,
    3,
    4,
    5,
    6,
    7,
    8,
    9
  ],
  "reset": [
    7,
    9
  ],
  "duration": [
    1.7690210342407227,
    1.7701807022094727,
    1.769291877746582,
    1.771623134613037,
    1.7755341529846191,
    1.7717549800872803,
    1.7746539115905762,
    1.765336036682129,
    1.7675237655639648,
    1.770021677017212,
    1.7713885307312012,
    1.7701923847198486,
    1.7698087692260742,
    1.766610860824585,
    1.7664477825164795,
    1.766496181488037,
    1.7708206176757812,
    1.7778165340423584,
    1.7748305797576904,
    1.7728617191314697
  ],
  "status": 8
}