{
  "gpu": true,
  "infile": "../matrix/cgne_init_4096_dble_csr.dat",
  "matfile": "../matrix/conf6_0-8x8-20/conf6_0-8x8-20.mtx",
  "k": 0.15,
  "kc": 0.15717,
  "reordering": true,
  "preconditioning": true,
  "vol": 4096,
  "dim": 49152,
  "lattice": "8x8x8x8",
  "blk_dim": 12288,
  "bs": "8x8x4x4",
  "res": 1e-06,
  "tol": 0.0003135346870762468,
  "nmx": 1250,
  "nkv": 7,
  "nmr": 4,
  "ncy": 2,
  "sdtype": "float64",
  "ddtype": "float64",
  "cdtype": "float64",
  "rn": [
    29.13958698198073,
    9.424393446398371,
    4.533608267707694,
    2.3201374564069934,
    1.2818566824509028,
    0.6939960613475942,
    0.3919546669307602,
    0.39195466693076025,
    0.2363306440277117,
    0.13904683712984978,
    0.08358915230806882,
    0.047587861440778,
    0.02655764169258015,
    0.013406874980486316,
    0.007758505697422323,
    0.007758505697421892,
    0.004843251437217917,
    0.002840085767314644,
    0.0016897166791589645,
    0.000977017207932399,
    0.0005614859713290509,
    0.0003225111601591719,
    0.0001917684391558206,
    0.00019176843915596242
  ],
  "i": [
    0,
    1,
    2,
    3,
    4,
    5,
    6,
    7,
    8,
    9,
    10,
    11,
    12,
    13,
    14,
    15,
    16,
    17,
    18,
    19,
    20,
    21,
    22,
    23
  ],
  "reset": [
    7,
    15,
    23
  ],
  "duration": 1.2823188304901123,
  "status": 21
}