{
  "gpu": true,
  "device": "gpu",
  "infile": "../matrix/cgne_init_65536_dble_csr.dat",
  "matfile": null,
  "k": 0.0,
  "kc": 0.0,
  "reordering": false,
  "preconditioning": true,
  "vol": 65536,
  "dim": 786048,
  "lattice": "16x16x16x16",
  "blk_dim": 49128,
  "bs": "8x8x8x8",
  "res": 1e-06,
  "tol": 0.0012541387482808122,
  "nmx": 625,
  "nkv": 7,
  "nmr": 8,
  "ncy": 2,
  "sdtype": "float32",
  "ddtype": "float64",
  "cdtype": "float64",
  "rn": [
    714.5613533044603,
    472.0842021070996,
    301.04249081384523,
    188.2918869436381,
    116.90738711991214,
    73.17674095902204,
    46.945755282454236,
    46.94575538251705,
    30.924457391733558,
    20.97132654927557,
    14.385904553090493,
    10.115854487892824,
    7.231396472127544,
    5.219901239337744,
    3.8118840445844935,
    3.8118840654864274,
    2.7848367851938463,
    2.0768987735173625,
    1.524615284027992,
    1.1453700634050035,
    0.8412957672022783,
    0.607270590429245,
    0.44593588331839795,
    0.44593588361164305,
    0.3267633217842498,
    0.24475456349684205,
    0.1809836924701329,
    0.13647489368498653,
    0.10139634313058776,
    0.07429534134396701,
    0.05514603281723252,
    0.05514603265423026,
    0.040727735793735696,
    0.030701574002105932,
    0.022766624265310086,
    0.01720602547411583,
    0.012804757228726883,
    0.009357806926934623,
    0.006950840019855665,
    0.006950840066244428,
    0.005140713124293439,
    0.0038769439393270357,
    0.0028777143016382486,
    0.0021756619626074588,
    0.00161689654350625,
    0.0011857281021118425,
    0.0011857281139162324
  ],
  "i": [
    0,
    1,
    2,
    3,
    4,
    5,
    6,
    7,
    8,
    9,
    10,
    11,
    12,
    13,
    14,
    15,
    16,
    17,
    18,
    19,
    20,
    21,
    22,
    23,
    24,
    25,
    26,
    27,
    28,
    29,
    30,
    31,
    32,
    33,
    34,
    35,
    36,
    37,
    38,
    39,
    40,
    41,
    42,
    43,
    44,
    45,
    46
  ],
  "reset": [
    7,
    15,
    23,
    31,
    39,
    46
  ],
  "duration": [
    5.802625894546509,
    5.620978116989136,
    5.609139442443848,
    5.607463598251343,
    5.603259801864624,
    5.607439041137695,
    5.59177827835083,
    5.608523607254028,
    5.598697185516357,
    5.572911977767944,
    5.582228422164917,
    5.591074705123901,
    5.592246055603027,
    5.61948561668396,
    5.615345239639282,
    5.607358455657959,
    5.581492185592651,
    5.620394468307495,
    5.590047836303711,
    5.595480680465698
  ],
  "status": 41
}