{
  "gpu": false,
  "device": "hybrid",
  "infile": "../matrix/fgcr_check3_4096_dble_csr.dat",
  "matfile": null,
  "k": 0.0,
  "kc": 0.0,
  "reordering": false,
  "preconditioning": true,
  "vol": 4096,
  "dim": 49152,
  "lattice": "8x8x8x8",
  "blk_dim": 24576,
  "bs": "8x8x8x4",
  "res": 1e-06,
  "tol": 0.0003135346870762468,
  "nmx": 2500,
  "nkv": 7,
  "nmr": 1,
  "ncy": 4,
  "sdtype": "float64",
  "ddtype": "float64",
  "cdtype": "float64",
  "rn": [
    63.97258042748623,
    32.55549409133826,
    19.02198933303988,
    10.237749525727596,
    5.923042209880657,
    3.2591637365487265,
    1.9162876597921945,
    1.9162876597921943,
    1.337047141067056,
    0.8104820820796342,
    0.4422614985461819,
    0.27480573923132934,
    0.15369020339273556,
    0.08956820631802465,
    0.042861548929734386,
    0.042861548929733886,
    0.03177930532797152,
    0.018523066290463717,
    0.010181496741704365,
    0.006212612857522131,
    0.0034222518448211413,
    0.0021095913729009146,
    0.0012011093514695122,
    0.0012011093514687245,
    0.0008648757053665006,
    0.0005134382092114918,
    0.0002874038899718775,
    0.00028740388997137864
  ],
  "i": [
    0,
    1,
    2,
    3,
    4,
    5,
    6,
    7,
    8,
    9,
    10,
    11,
    12,
    13,
    14,
    15,
    16,
    17,
    18,
    19,
    20,
    21,
    22,
    23,
    24,
    25,
    26,
    27
  ],
  "reset": [
    7,
    15,
    23,
    27
  ],
  "duration": [
    3.1219429969787598,
    3.3373048305511475,
    3.3219199180603027,
    3.1193222999572754,
    3.2350881099700928,
    3.087393045425415,
    3.013066053390503,
    3.075592279434204,
    3.272303819656372,
    3.242666006088257,
    3.155668258666992,
    3.2139177322387695,
    3.4037444591522217,
    3.2159996032714844,
    2.8417766094207764,
    3.1831436157226562,
    3.434260845184326,
    2.903042793273926,
    3.017425298690796,
    3.3159451484680176
  ],
  "status": 24
}