{
  "gpu": true,
  "device": "gpu",
  "infile": "../matrix/fgcr_check3_4096_dble_csr.dat",
  "matfile": null,
  "k": 0.0,
  "kc": 0.0,
  "reordering": false,
  "preconditioning": true,
  "vol": 4096,
  "dim": 49152,
  "lattice": "8x8x8x8",
  "blk_dim": 3072,
  "bs": "4x4x4x4",
  "res": 1e-06,
  "tol": 0.00031353468715082124,
  "nmx": 250,
  "nkv": 7,
  "nmr": 4,
  "ncy": 10,
  "sdtype": "float32",
  "ddtype": "float64",
  "cdtype": "float32",
  "rn": [
    7.956556819427233,
    2.427125016812207,
    0.759933221537526,
    0.23432799224465928,
    0.0743141179585089,
    0.025095391337084216,
    0.008274422962920398,
    0.008274837317815678,
    0.0029766393923194453,
    0.0010710580773681904,
    0.00035026638171847916,
    0.0001103705796638884,
    0.00011037064100805878
  ],
  "i": [
    0,
    1,
    2,
    3,
    4,
    5,
    6,
    7,
    8,
    9,
    10,
    11,
    12
  ],
  "reset": [
    7,
    12
  ],
  "duration": [
    4.303593635559082,
    4.072858095169067,
    4.069342374801636,
    4.067764520645142,
    4.062746524810791,
    4.053230285644531,
    4.024502754211426,
    4.025427341461182,
    4.024448394775391,
    4.017580509185791,
    4.019936800003052,
    4.018202066421509,
    4.020703554153442,
    4.022168159484863,
    4.014815807342529,
    4.015408515930176,
    4.012577772140503,
    4.011751890182495,
    4.014132499694824,
    4.013217210769653
  ],
  "status": 11
}