{
  "gpu": false,
  "device": "hybrid",
  "infile": "../matrix/cgne_init_65536_dble_csr.dat",
  "matfile": null,
  "k": 0.0,
  "kc": 0.0,
  "reordering": false,
  "preconditioning": true,
  "vol": 65536,
  "dim": 786432,
  "lattice": "16x16x16x16",
  "blk_dim": 6144,
  "bs": "8x4x4x4",
  "res": 1e-06,
  "tol": 0.0012541387483049865,
  "nmx": 1250,
  "nkv": 7,
  "nmr": 2,
  "ncy": 4,
  "sdtype": "float64",
  "ddtype": "float64",
  "cdtype": "float64",
  "rn": [
    565.5105304777388,
    272.23403745406864,
    120.0229451655015,
    52.35979090935721,
    23.068967647301836,
    10.256555286707894,
    4.608678244367723,
    4.608678244367724,
    2.545174449064913,
    1.0530818249829723,
    0.45083943944147475,
    0.1980618751939894,
    0.09210522054598907,
    0.04326029689397727,
    0.019624835197813162,
    0.019624835197812846,
    0.010666275360424133,
    0.005014655747566831,
    0.0021173398063032644,
    0.000972810011013307,
    0.0009728100110134627
  ],
  "i": [
    0,
    1,
    2,
    3,
    4,
    5,
    6,
    7,
    8,
    9,
    10,
    11,
    12,
    13,
    14,
    15,
    16,
    17,
    18,
    19,
    20
  ],
  "reset": [
    7,
    15,
    20
  ],
  "duration": [
    22.639654397964478,
    22.750682830810547,
    22.81859040260315,
    22.77155303955078,
    22.613459587097168,
    22.699589490890503,
    22.573955535888672,
    22.599320888519287,
    22.66585922241211,
    22.70786690711975,
    22.670233488082886,
    22.74825096130371,
    22.676377296447754,
    22.748618602752686,
    22.71104097366333,
    22.59545397758484,
    22.567847967147827,
    22.655523538589478,
    22.78023672103882,
    22.77258586883545
  ],
  "status": 18
}