{
  "gpu": true,
  "device": "gpu",
  "infile": "../matrix/cgne_init_4096_dble_csr.dat",
  "matfile": null,
  "k": 0.0,
  "kc": 0.0,
  "reordering": false,
  "preconditioning": true,
  "vol": 4096,
  "dim": 49152,
  "lattice": "8x8x8x8",
  "blk_dim": 24576,
  "bs": "8x8x8x4",
  "res": 1e-06,
  "tol": 0.00031353468703945405,
  "nmx": 417,
  "nkv": 7,
  "nmr": 2,
  "ncy": 12,
  "sdtype": "float32",
  "ddtype": "float64",
  "cdtype": "float64",
  "rn": [
    53.50263095895201,
    13.419486728542756,
    4.15227244943184,
    1.365003222704103,
    0.4541127484239144,
    0.15421645448248011,
    0.0529300454956345,
    0.05293016659516689,
    0.02068938353261021,
    0.007315880811669541,
    0.0025412713888835602,
    0.0008530205272728796,
    0.0002815076188436985,
    0.00028150760953430304
  ],
  "i": [
    0,
    1,
    2,
    3,
    4,
    5,
    6,
    7,
    8,
    9,
    10,
    11,
    12,
    13
  ],
  "reset": [
    7,
    13
  ],
  "duration": [
    0.6004302501678467,
    0.43825435638427734,
    0.4341156482696533,
    0.4299812316894531,
    0.42989659309387207,
    0.4378676414489746,
    0.43837904930114746,
    0.4365682601928711,
    0.43740034103393555,
    0.4378800392150879,
    0.43789148330688477,
    0.4385244846343994,
    0.42956042289733887,
    0.42216944694519043,
    0.4345231056213379,
    0.4379870891571045,
    0.43712687492370605,
    0.4371984004974365,
    0.4381253719329834,
    0.4377565383911133
  ],
  "status": 12
}