{
  "gpu": false,
  "device": "hybrid",
  "infile": "../matrix/cgne_init_65536_dble_csr.dat",
  "matfile": null,
  "k": 0.0,
  "kc": 0.0,
  "reordering": false,
  "preconditioning": true,
  "vol": 65536,
  "dim": 786432,
  "lattice": "16x16x16x16",
  "blk_dim": 3072,
  "bs": "4x4x4x4",
  "res": 1e-06,
  "tol": 0.0012541387482794752,
  "nmx": 313,
  "nkv": 7,
  "nmr": 4,
  "ncy": 8,
  "sdtype": "float32",
  "ddtype": "float64",
  "cdtype": "float64",
  "rn": [
    223.44322854715472,
    46.943018124981165,
    8.830260678028276,
    1.9331375778945636,
    0.3698122441893174,
    0.07629276435364912,
    0.014957322881844922,
    0.014959560266032844,
    0.003114743856645066,
    0.0006369269458244836,
    0.0006369269514647257
  ],
  "i": [
    0,
    1,
    2,
    3,
    4,
    5,
    6,
    7,
    8,
    9,
    10
  ],
  "reset": [
    7,
    10
  ],
  "duration": [
    47.431577920913696,
    47.362183809280396,
    47.3949773311615,
    47.38187885284424,
    47.369582176208496,
    47.374627351760864,
    47.4082727432251,
    47.391242027282715,
    47.37014436721802,
    47.371997117996216,
    47.35845136642456,
    47.34604597091675,
    47.31549549102783,
    47.31526064872742,
    47.29483723640442,
    47.17056632041931,
    47.116244077682495,
    47.13572931289673,
    47.09198355674744,
    47.1186797618866
  ],
  "status": 9
}