{
  "gpu": false,
  "device": "hybrid",
  "infile": "../matrix/cgne_init_4096_dble_csr.dat",
  "matfile": "../matrix/conf6_0-8x8-20/conf6_0-8x8-20.mtx",
  "k": 0.15717,
  "kc": 0.15717,
  "reordering": true,
  "preconditioning": true,
  "vol": 4096,
  "dim": 49152,
  "lattice": "8x8x8x8",
  "blk_dim": 6144,
  "bs": "8x4x4x4",
  "res": 1e-06,
  "tol": 0.0003135346870547978,
  "nmx": 250,
  "nkv": 7,
  "nmr": 4,
  "ncy": 10,
  "sdtype": "float32",
  "ddtype": "float64",
  "cdtype": "float64",
  "rn": [
    16.481415260797657,
    10.08913311970321,
    7.112850231401924,
    4.899496815271303,
    3.2124765607360475,
    2.0522665224600867,
    1.4238979685943511,
    1.4238982521411518,
    1.0853282249957343,
    0.8575662639289005,
    0.6664098591228673,
    0.4835715401485897,
    0.3754982515057961,
    0.2593341919497582,
    0.17301869632957267,
    0.17301870158799096,
    0.12569671902690327,
    0.09211966620147681,
    0.06809028080912341,
    0.05003654468959541,
    0.038198816402320486,
    0.028598563679887043,
    0.021880118674963516,
    0.02188011862937497,
    0.016763459928956073,
    0.013351027726172946,
    0.010601618880748016,
    0.008033613874178898,
    0.005100548076676287,
    0.0031209462036504753,
    0.0021286122199633815,
    0.0021286123007108406,
    0.0016163074807553203,
    0.0013523792106740107,
    0.0011573202165725857,
    0.0009016609614875899,
    0.0006757298938605518,
    0.0005090557632373673,
    0.0003633596129377843,
    0.00036335961845411637,
    0.0002579871733838679,
    0.000257987171724965
  ],
  "i": [
    0,
    1,
    2,
    3,
    4,
    5,
    6,
    7,
    8,
    9,
    10,
    11,
    12,
    13,
    14,
    15,
    16,
    17,
    18,
    19,
    20,
    21,
    22,
    23,
    24,
    25,
    26,
    27,
    28,
    29,
    30,
    31,
    32,
    33,
    34,
    35,
    36,
    37,
    38,
    39,
    40,
    41
  ],
  "reset": [
    7,
    15,
    23,
    31,
    39,
    41
  ],
  "duration": [
    7.382959365844727,
    7.39577579498291,
    7.387089967727661,
    7.397997856140137,
    7.389672517776489,
    7.389246225357056,
    7.364275217056274,
    7.364373683929443,
    7.352254152297974,
    7.339086055755615,
    7.336980581283569,
    7.3342602252960205,
    7.333537340164185,
    7.3365912437438965,
    7.331784248352051,
    7.339802265167236,
    7.340532541275024,
    7.336455821990967,
    7.3414270877838135,
    7.34211277961731
  ],
  "status": 36
}