{
  "gpu": true,
  "device": "gpu",
  "infile": "../matrix/cgne_init_4096_dble_csr.dat",
  "matfile": "../matrix/conf6_0-8x8-30/conf6.0-00l8x8-3000.mtx",
  "k": 0.15649,
  "kc": 0.15649,
  "reordering": true,
  "preconditioning": true,
  "vol": 4096,
  "dim": 49152,
  "lattice": "8x8x8x8",
  "blk_dim": 12288,
  "bs": "8x8x4x4",
  "res": 1e-06,
  "tol": 0.00031353468703945405,
  "nmx": 125,
  "nkv": 7,
  "nmr": 20,
  "ncy": 4,
  "sdtype": "float32",
  "ddtype": "float64",
  "cdtype": "float64",
  "rn": [
    15.989305658582765,
    7.428455768849013,
    3.742693129654588,
    1.836778646255198,
    0.9952360555368182,
    0.5137899510503625,
    0.2514952932648798,
    0.2514951650339263,
    0.13784330172152634,
    0.08448798857934477,
    0.05028468110577432,
    0.02299088187515783,
    0.009461510164803528,
    0.0037298857655164307,
    0.0015942642927774468,
    0.0015942650919869912,
    0.000804580730819445,
    0.0003605428394006137,
    0.00018358580648236944,
    0.00018358580821183963
  ],
  "i": [
    0,
    1,
    2,
    3,
    4,
    5,
    6,
    7,
    8,
    9,
    10,
    11,
    12,
    13,
    14,
    15,
    16,
    17,
    18,
    19
  ],
  "reset": [
    7,
    15,
    19
  ],
  "duration": [
    2.815387725830078,
    2.653127431869507,
    2.652338743209839,
    2.6435458660125732,
    2.635035514831543,
    2.641768217086792,
    2.643920421600342,
    2.64239501953125,
    2.6412742137908936,
    2.655529260635376,
    2.651176929473877,
    2.654982805252075,
    2.6432149410247803,
    2.626605987548828,
    2.647634267807007,
    2.63494873046875,
    2.6533541679382324,
    2.64823842048645,
    2.659180164337158,
    2.6280786991119385
  ],
  "status": 17
}