{
  "gpu": false,
  "device": "hybrid",
  "infile": "../matrix/cgne_init_4096_dble_csr.dat",
  "matfile": "../matrix/conf6_0-8x8-20/conf6_0-8x8-20.mtx",
  "k": 0.15,
  "kc": 0.15717,
  "reordering": true,
  "preconditioning": true,
  "vol": 4096,
  "dim": 49152,
  "lattice": "8x8x8x8",
  "blk_dim": 3072,
  "bs": "4x4x4x4",
  "res": 1e-06,
  "tol": 0.0003135346870762468,
  "nmx": 2500,
  "nkv": 7,
  "nmr": 1,
  "ncy": 4,
  "sdtype": "float64",
  "ddtype": "float64",
  "cdtype": "float64",
  "rn": [
    47.46099161407333,
    20.317704147911993,
    11.60710283127177,
    7.209986395408854,
    4.739024163615129,
    3.2029058665042243,
    2.217484053506565,
    2.2174840535065656,
    1.6327020681001987,
    1.19120325254057,
    0.856044595181249,
    0.6074182222308842,
    0.42370606202290995,
    0.28863556969345733,
    0.20031179539393684,
    0.20031179539393643,
    0.15046998730555747,
    0.11304749481883788,
    0.08229953631585173,
    0.05972173094607012,
    0.04260434481238547,
    0.03082579123425962,
    0.022477266291425577,
    0.02247726629142498,
    0.016759602012101995,
    0.0125279674504921,
    0.009197434650794548,
    0.006824518343777,
    0.005008944986833065,
    0.0036680957269993454,
    0.0027097985632528934,
    0.0027097985632527515,
    0.0020238973103185037,
    0.0014901499130027987,
    0.001100483537103637,
    0.000816324792893565,
    0.0006071493305969674,
    0.00045792714059236317,
    0.00034121898392035574,
    0.0003412189839204005,
    0.0002550500593890194,
    0.0002550500593885927
  ],
  "i": [
    0,
    1,
    2,
    3,
    4,
    5,
    6,
    7,
    8,
    9,
    10,
    11,
    12,
    13,
    14,
    15,
    16,
    17,
    18,
    19,
    20,
    21,
    22,
    23,
    24,
    25,
    26,
    27,
    28,
    29,
    30,
    31,
    32,
    33,
    34,
    35,
    36,
    37,
    38,
    39,
    40,
    41
  ],
  "reset": [
    7,
    15,
    23,
    31,
    39,
    41
  ],
  "duration": [
    3.3282673358917236,
    3.6623740196228027,
    3.384532928466797,
    3.550807476043701,
    3.3299293518066406,
    3.3935906887054443,
    3.599726676940918,
    3.4807021617889404,
    3.2764217853546143,
    3.5062808990478516,
    3.5303096771240234,
    3.5543594360351562,
    3.299663782119751,
    3.234576463699341,
    3.527663469314575,
    3.630688190460205,
    3.505819797515869,
    3.4114279747009277,
    3.2918028831481934,
    3.135291814804077
  ],
  "status": 36
}