{
  "gpu": true,
  "device": "gpu",
  "infile": "../matrix/fgcr_check3_4096_dble_csr.dat",
  "matfile": null,
  "k": 0.0,
  "kc": 0.0,
  "reordering": false,
  "preconditioning": true,
  "vol": 4096,
  "dim": 49152,
  "lattice": "8x8x8x8",
  "blk_dim": 3072,
  "bs": "4x4x4x4",
  "res": 1e-06,
  "tol": 0.0003135346870762468,
  "nmx": 250,
  "nkv": 7,
  "nmr": 10,
  "ncy": 4,
  "sdtype": "float64",
  "ddtype": "float64",
  "cdtype": "float64",
  "rn": [
    25.648787453369337,
    5.208544734435065,
    1.449869319094731,
    0.3710146797362934,
    0.09328062261908313,
    0.024386401317866704,
    0.005975667275100397,
    0.005975667275099768,
    0.0017428637177806527,
    0.0005775864548961941,
    0.00012868915991163117,
    0.00012868915991145233
  ],
  "i": [
    0,
    1,
    2,
    3,
    4,
    5,
    6,
    7,
    8,
    9,
    10,
    11
  ],
  "reset": [
    7,
    11
  ],
  "duration": [
    3.6053223609924316,
    3.380631923675537,
    3.378249406814575,
    3.3684563636779785,
    3.3691465854644775,
    3.35239839553833,
    3.3388752937316895,
    3.3412506580352783,
    3.3409852981567383,
    3.3368730545043945,
    3.335886240005493,
    3.3375041484832764,
    3.334834575653076,
    3.3341310024261475,
    3.3383371829986572,
    3.331589460372925,
    3.3344476222991943,
    3.3332231044769287,
    3.333826780319214,
    3.3327481746673584
  ],
  "status": 10
}