{
  "gpu": true,
  "device": "gpu",
  "infile": "../matrix/cgne_init_65536_dble_csr.dat",
  "matfile": null,
  "k": 0.0,
  "kc": 0.0,
  "reordering": false,
  "preconditioning": true,
  "vol": 65536,
  "dim": 786048,
  "lattice": "16x16x16x16",
  "blk_dim": 6141,
  "bs": "8x4x4x4",
  "res": 1e-06,
  "tol": 0.0012541387482808122,
  "nmx": 210,
  "nkv": 7,
  "nmr": 12,
  "ncy": 4,
  "sdtype": "float32",
  "ddtype": "float64",
  "cdtype": "float32",
  "rn": [
    59.99842540367384,
    4.497186483646163,
    0.3542951234379962,
    0.028518780547710183,
    0.0023700022002000245,
    0.0002020770412087012,
    0.0003042450915945467
  ],
  "i": [
    0,
    1,
    2,
    3,
    4,
    5,
    6
  ],
  "reset": [
    6
  ],
  "duration": [
    18.14907670021057,
    17.91372013092041,
    17.917380809783936,
    17.90725564956665,
    17.915657997131348,
    17.899110555648804,
    17.910128593444824,
    17.92088747024536,
    17.914426565170288,
    17.910954236984253,
    17.897350072860718,
    17.901532411575317,
    17.89826989173889,
    17.906710863113403,
    17.882280111312866,
    17.87952733039856,
    17.92575430870056,
    17.934683799743652,
    17.861987829208374,
    17.864638090133667
  ],
  "status": 6
}