{
  "gpu": false,
  "device": "hybrid",
  "infile": "../matrix/cgne_init_4096_dble_csr.dat",
  "matfile": "../matrix/conf6_0-8x8-30/conf6.0-00l8x8-3000.mtx",
  "k": 0.05,
  "kc": 0.15649,
  "reordering": true,
  "preconditioning": true,
  "vol": 4096,
  "dim": 49152,
  "lattice": "8x8x8x8",
  "blk_dim": 12288,
  "bs": "8x8x4x4",
  "res": 1e-06,
  "tol": 0.0003135346870762468,
  "nmx": 417,
  "nkv": 7,
  "nmr": 12,
  "ncy": 2,
  "sdtype": "float64",
  "ddtype": "float64",
  "cdtype": "float64",
  "rn": [
    0.004747749239929436,
    5.837550908078653e-10,
    5.837551579804698e-10
  ],
  "i": [
    0,
    1,
    2
  ],
  "reset": [
    2
  ],
  "duration": [
    0.13803887367248535,
    0.15344548225402832,
    0.19724011421203613,
    0.14644622802734375,
    0.26037144660949707,
    0.14140868186950684,
    0.18195676803588867,
    0.1806328296661377,
    0.140824556350708,
    0.1809837818145752,
    0.17173099517822266,
    0.14824318885803223,
    0.24572062492370605,
    0.19809865951538086,
    0.16670846939086914,
    0.15195965766906738,
    0.21519160270690918,
    0.15715599060058594,
    0.2429180145263672,
    0.26718735694885254
  ],
  "status": 2
}