{
  "gpu": false,
  "device": "hybrid",
  "infile": "../matrix/cgne_init_4096_dble_csr.dat",
  "matfile": "../matrix/conf6_0-8x8-30/conf6.0-00l8x8-3000.mtx",
  "k": 0.05,
  "kc": 0.15649,
  "reordering": true,
  "preconditioning": true,
  "vol": 4096,
  "dim": 49152,
  "lattice": "8x8x8x8",
  "blk_dim": 12288,
  "bs": "8x8x4x4",
  "res": 1e-06,
  "tol": 0.0003135346870547978,
  "nmx": 1250,
  "nkv": 7,
  "nmr": 2,
  "ncy": 4,
  "sdtype": "float32",
  "ddtype": "float64",
  "cdtype": "float64",
  "rn": [
    0.0057903479584406285,
    8.055684039554146e-06,
    3.598227281170258e-05
  ],
  "i": [
    0,
    1,
    2
  ],
  "reset": [
    2
  ],
  "duration": [
    0.06891870498657227,
    0.06843829154968262,
    0.06815338134765625,
    0.06923460960388184,
    0.06798768043518066,
    0.0683438777923584,
    0.0679771900177002,
    0.06796073913574219,
    0.06823992729187012,
    0.06784486770629883,
    0.06829977035522461,
    0.06794333457946777,
    0.06800341606140137,
    0.06815505027770996,
    0.06860804557800293,
    0.06814169883728027,
    0.06818819046020508,
    0.06860756874084473,
    0.06833291053771973,
    0.06803512573242188
  ],
  "status": 2
}