{
  "gpu": true,
  "infile": "../matrix/cgne_init_4096_dble_csr.dat",
  "matfile": null,
  "k": 0.0,
  "kc": 0.0,
  "reordering": false,
  "preconditioning": true,
  "vol": 4096,
  "dim": 49152,
  "lattice": "8x8x8x8",
  "blk_dim": 12288,
  "bs": "8x8x4x4",
  "res": 1e-06,
  "tol": 0.0003135346870762468,
  "nmx": 250,
  "nkv": 7,
  "nmr": 4,
  "ncy": 10,
  "sdtype": "float64",
  "ddtype": "float64",
  "cdtype": "float64",
  "rn": [
    52.060583296279695,
    15.411723896947297,
    5.184677651270156,
    1.8598374152412727,
    0.6883816578053427,
    0.25965104856722604,
    0.09214783999866542,
    0.09214783999866513,
    0.03180263036354091,
    0.010524107596204075,
    0.0036071779563674653,
    0.001246836484973259,
    0.0004538133107446126,
    0.00013765464125998217,
    0.00013765464126004584
  ],
  "i": [
    0,
    1,
    2,
    3,
    4,
    5,
    6,
    7,
    8,
    9,
    10,
    11,
    12,
    13,
    14
  ],
  "reset": [
    7,
    14
  ],
  "duration": 1.341749668121338,
  "status": 13
}