{
  "gpu": true,
  "infile": "../matrix/cgne_init_65536_dble_csr.dat",
  "matfile": null,
  "k": 0.0,
  "kc": 0.0,
  "reordering": false,
  "preconditioning": true,
  "vol": 65536,
  "dim": 786048,
  "lattice": "16x16x16x16",
  "blk_dim": 12282,
  "bs": "8x8x4x4",
  "res": 1e-06,
  "tol": 0.0012541387482808122,
  "nmx": 2500,
  "nkv": 7,
  "nmr": 4,
  "ncy": 1,
  "sdtype": "float32",
  "ddtype": "float64",
  "cdtype": "float32",
  "rn": [
    610.6609623593412,
    234.87234642651558,
    104.60075281148364,
    47.692030370077426,
    21.640491093520378,
    10.204894252484515,
    4.785917777898063,
    4.785917826847993,
    2.3871914928881415,
    1.181058045948493,
    0.5684959422077586,
    0.27433261649359203,
    0.13051531617345885,
    0.05697077128771321,
    0.0264445907582827,
    0.02644459127622501,
    0.013083280290989369,
    0.006441982350147818,
    0.003107928273809051,
    0.0015320162428364111,
    0.0007405032721249162,
    0.0007405032720434852
  ],
  "i": [
    0,
    1,
    2,
    3,
    4,
    5,
    6,
    7,
    8,
    9,
    10,
    11,
    12,
    13,
    14,
    15,
    16,
    17,
    18,
    19,
    20,
    21
  ],
  "reset": [
    7,
    15,
    21
  ],
  "duration": 4.027637958526611,
  "status": 19
}