{
  "gpu": true,
  "device": "gpu",
  "infile": "../matrix/fgcr_check3_4096_dble_csr.dat",
  "matfile": null,
  "k": 0.0,
  "kc": 0.0,
  "reordering": false,
  "preconditioning": true,
  "vol": 4096,
  "dim": 49152,
  "lattice": "8x8x8x8",
  "blk_dim": 6144,
  "bs": "8x4x4x4",
  "res": 1e-06,
  "tol": 0.00031353468715082124,
  "nmx": 2500,
  "nkv": 7,
  "nmr": 1,
  "ncy": 4,
  "sdtype": "float32",
  "ddtype": "float64",
  "cdtype": "float64",
  "rn": [
    63.97079686447801,
    32.52402857388076,
    18.980637656643925,
    10.227870856459656,
    5.909569152535171,
    3.2635915935546196,
    1.917571251973165,
    1.9175713494988522,
    1.335885709241665,
    0.8092234647853845,
    0.44069827972487613,
    0.27360832138431485,
    0.15228205135426728,
    0.08834581190725377,
    0.04186134224700037,
    0.04186134395626626,
    0.030805757949117083,
    0.018129338110247833,
    0.010006218826761558,
    0.0060755713851257595,
    0.003320246143301483,
    0.0020586507366003883,
    0.0011669849773637737,
    0.0011669850006860588,
    0.0008332153135614152,
    0.0005008659576443713,
    0.00028042545047819717,
    0.00028042544987037186
  ],
  "i": [
    0,
    1,
    2,
    3,
    4,
    5,
    6,
    7,
    8,
    9,
    10,
    11,
    12,
    13,
    14,
    15,
    16,
    17,
    18,
    19,
    20,
    21,
    22,
    23,
    24,
    25,
    26,
    27
  ],
  "reset": [
    7,
    15,
    23,
    27
  ],
  "duration": [
    0.9109861850738525,
    0.6932435035705566,
    0.6934845447540283,
    0.6930384635925293,
    0.692634105682373,
    0.6926193237304688,
    0.6936445236206055,
    0.6931283473968506,
    0.6933248043060303,
    0.6936845779418945,
    0.6939246654510498,
    0.6930584907531738,
    0.6932656764984131,
    0.6931486129760742,
    0.6923832893371582,
    0.693035364151001,
    0.6930825710296631,
    0.6928260326385498,
    0.6932930946350098,
    0.6932086944580078
  ],
  "status": 24
}