{
  "gpu": true,
  "device": "gpu",
  "infile": "../matrix/cgne_init_4096_dble_csr.dat",
  "matfile": "../matrix/conf6_0-8x8-20/conf6_0-8x8-20.mtx",
  "k": 0.15,
  "kc": 0.15717,
  "reordering": true,
  "preconditioning": true,
  "vol": 4096,
  "dim": 49152,
  "lattice": "8x8x8x8",
  "blk_dim": 3072,
  "bs": "4x4x4x4",
  "res": 1e-06,
  "tol": 0.00031353468703945405,
  "nmx": 417,
  "nkv": 7,
  "nmr": 2,
  "ncy": 12,
  "sdtype": "float32",
  "ddtype": "float64",
  "cdtype": "float64",
  "rn": [
    5.041797338075939,
    0.8129438684478486,
    0.14573644961602059,
    0.025890931241554793,
    0.004593336416247748,
    0.0007975168677272439,
    0.00015539374945679237,
    0.00016526360831175475
  ],
  "i": [
    0,
    1,
    2,
    3,
    4,
    5,
    6,
    7
  ],
  "reset": [
    7
  ],
  "duration": [
    1.744030475616455,
    1.5769352912902832,
    1.572425365447998,
    1.5656521320343018,
    1.5672307014465332,
    1.5605037212371826,
    1.582101821899414,
    1.5727214813232422,
    1.5756280422210693,
    1.5637271404266357,
    1.557420015335083,
    1.5574030876159668,
    1.5613605976104736,
    1.5796494483947754,
    1.5659167766571045,
    1.5622894763946533,
    1.5758905410766602,
    1.5694680213928223,
    1.571669340133667,
    1.574681282043457
  ],
  "status": 7
}