{
  "gpu": false,
  "device": "hybrid",
  "infile": "../matrix/cgne_init_4096_dble_csr.dat",
  "matfile": "../matrix/conf6_0-8x8-30/conf6.0-00l8x8-3000.mtx",
  "k": 0.05,
  "kc": 0.15649,
  "reordering": true,
  "preconditioning": true,
  "vol": 4096,
  "dim": 49152,
  "lattice": "8x8x8x8",
  "blk_dim": 12288,
  "bs": "8x8x4x4",
  "res": 1e-06,
  "tol": 0.0003135346870547978,
  "nmx": 125,
  "nkv": 7,
  "nmr": 20,
  "ncy": 4,
  "sdtype": "float32",
  "ddtype": "float64",
  "cdtype": "float64",
  "rn": [
    2.4165616638166272e-05,
    4.050774729213852e-05
  ],
  "i": [
    0,
    1
  ],
  "reset": [
    1
  ],
  "duration": [
    0.18467116355895996,
    0.1853482723236084,
    0.1852729320526123,
    0.18561029434204102,
    0.18588995933532715,
    0.18500947952270508,
    0.18453478813171387,
    0.18538141250610352,
    0.18491220474243164,
    0.18584394454956055,
    0.18545746803283691,
    0.19292759895324707,
    0.1851668357849121,
    0.18571972846984863,
    0.18835735321044922,
    0.18523430824279785,
    0.18501734733581543,
    0.19098663330078125,
    0.18581008911132812,
    0.18478608131408691
  ],
  "status": 1
}