{
  "gpu": false,
  "device": "hybrid",
  "infile": "../matrix/cgne_init_4096_dble_csr.dat",
  "matfile": "../matrix/conf6_0-8x8-20/conf6_0-8x8-20.mtx",
  "k": 0.15717,
  "kc": 0.15717,
  "reordering": true,
  "preconditioning": true,
  "vol": 4096,
  "dim": 49152,
  "lattice": "8x8x8x8",
  "blk_dim": 6144,
  "bs": "8x4x4x4",
  "res": 1e-06,
  "tol": 0.0003135346870762468,
  "nmx": 250,
  "nkv": 7,
  "nmr": 10,
  "ncy": 4,
  "sdtype": "float64",
  "ddtype": "float64",
  "cdtype": "float64",
  "rn": [
    27.877416191605345,
    12.781444941285692,
    7.267502135330158,
    4.267766182288118,
    2.6486151073591224,
    1.6093027369234936,
    0.9977675441471638,
    0.9977675441471644,
    0.6297646638630243,
    0.398602878995778,
    0.24766908169000854,
    0.1404263975551955,
    0.08338609240247495,
    0.05082821176666548,
    0.02896603920867202,
    0.028966039208671815,
    0.01741436047513997,
    0.009784653702017572,
    0.005820817620677068,
    0.003598810861766479,
    0.0022759747127610286,
    0.001458930349777647,
    0.0008884388087630178,
    0.000888438808762347,
    0.0005694315561249892,
    0.00037780730647453604,
    0.0002521877661471255,
    0.0002521877661475985
  ],
  "i": [
    0,
    1,
    2,
    3,
    4,
    5,
    6,
    7,
    8,
    9,
    10,
    11,
    12,
    13,
    14,
    15,
    16,
    17,
    18,
    19,
    20,
    21,
    22,
    23,
    24,
    25,
    26,
    27
  ],
  "reset": [
    7,
    15,
    23,
    27
  ],
  "duration": [
    4.575658082962036,
    4.589053630828857,
    4.577792644500732,
    4.571459770202637,
    4.574589014053345,
    4.573146820068359,
    4.555509567260742,
    4.547588109970093,
    4.550047874450684,
    4.5522260665893555,
    4.556388854980469,
    4.553525686264038,
    4.557964324951172,
    4.556033372879028,
    4.5546183586120605,
    4.557261943817139,
    4.5537025928497314,
    4.558297157287598,
    4.5532310009002686,
    4.556715726852417
  ],
  "status": 24
}