{
  "gpu": false,
  "infile": "../matrix/cgne_init_4096_dble_csr.dat",
  "matfile": null,
  "k": 0.0,
  "kc": 0.0,
  "reordering": false,
  "preconditioning": true,
  "vol": 4096,
  "dim": 49152,
  "lattice": "8x8x8x8",
  "blk_dim": 6144,
  "bs": "8x4x4x4",
  "res": 1e-06,
  "tol": 0.0003135346870547978,
  "nmx": 500,
  "nkv": 7,
  "nmr": 4,
  "ncy": 5,
  "sdtype": "float32",
  "ddtype": "float64",
  "cdtype": "float32",
  "rn": [
    100.09744446407467,
    48.357089270627384,
    25.84886578388626,
    13.679204040046818,
    7.369226321792182,
    3.9856604266157465,
    2.158716664073556,
    2.158716607169579,
    1.2388039518134213,
    0.6911569676089918,
    0.3897253122200325,
    0.20862492278786363,
    0.1154010150902913,
    0.06167318509279714,
    0.03277285356344721,
    0.03277284904753477,
    0.018881510899080006,
    0.010417453455508034,
    0.005847714796112393,
    0.0031518817235899506,
    0.0017653258538546848,
    0.000976667417526644,
    0.0005468680604175259,
    0.000546868051636344,
    0.0003151614301628792,
    0.00017514800457993476,
    0.00017514800522292642
  ],
  "i": [
    0,
    1,
    2,
    3,
    4,
    5,
    6,
    7,
    8,
    9,
    10,
    11,
    12,
    13,
    14,
    15,
    16,
    17,
    18,
    19,
    20,
    21,
    22,
    23,
    24,
    25,
    26
  ],
  "reset": [
    7,
    15,
    23,
    26
  ],
  "duration": 2.2775163650512695,
  "status": 23
}