{
  "gpu": false,
  "infile": "../matrix/cgne_init_65536_dble_csr.dat",
  "matfile": null,
  "k": 0.0,
  "kc": 0.0,
  "reordering": false,
  "preconditioning": true,
  "vol": 65536,
  "dim": 786048,
  "lattice": "16x16x16x16",
  "blk_dim": 98256,
  "bs": "16x8x8x8",
  "res": 1e-06,
  "tol": 0.0012541387483049865,
  "nmx": 1250,
  "nkv": 7,
  "nmr": 4,
  "ncy": 2,
  "sdtype": "float64",
  "ddtype": "float64",
  "cdtype": "float64",
  "rn": [
    723.2197707763133,
    405.0895526088725,
    206.3432680252884,
    99.44690712285025,
    47.52616795221633,
    22.57913636853312,
    10.825485966460358,
    10.82548596646036,
    6.484547876610077,
    2.760183293729884,
    1.2951539758835762,
    0.5997316173568662,
    0.2920389949198985,
    0.14249512501910355,
    0.06665692160202427,
    0.06665692160202497,
    0.03932344781117939,
    0.018179492954265252,
    0.007761408355176376,
    0.0037883666437973605,
    0.001986831769895734,
    0.0010363513891190293,
    0.0010363513891192212
  ],
  "i": [
    0,
    1,
    2,
    3,
    4,
    5,
    6,
    7,
    8,
    9,
    10,
    11,
    12,
    13,
    14,
    15,
    16,
    17,
    18,
    19,
    20,
    21,
    22
  ],
  "reset": [
    7,
    15,
    22
  ],
  "duration": 16.969784259796143,
  "status": 20
}