{
  "gpu": true,
  "device": "gpu",
  "infile": "../matrix/cgne_init_4096_dble_csr.dat",
  "matfile": "../matrix/conf6_0-8x8-30/conf6.0-00l8x8-3000.mtx",
  "k": 0.15649,
  "kc": 0.15649,
  "reordering": true,
  "preconditioning": true,
  "vol": 4096,
  "dim": 49152,
  "lattice": "8x8x8x8",
  "blk_dim": 3072,
  "bs": "4x4x4x4",
  "res": 1e-06,
  "tol": 0.00031353468703945405,
  "nmx": 417,
  "nkv": 7,
  "nmr": 4,
  "ncy": 6,
  "sdtype": "float32",
  "ddtype": "float64",
  "cdtype": "float32",
  "rn": [
    19.111908786203543,
    9.096532918972054,
    4.922993539615593,
    3.028836792319767,
    1.8722789392399806,
    1.1492940368370113,
    0.7297273530420773,
    0.729727396551137,
    0.46979920530371866,
    0.31879388860363744,
    0.21449226074030728,
    0.12440425208706868,
    0.07098059709409733,
    0.04106268473129445,
    0.024565619258624993,
    0.0245656197926897,
    0.015800568638247987,
    0.010865976126221477,
    0.006712775993214623,
    0.00429751246034729,
    0.00283878941399413,
    0.001845802241799677,
    0.0010436581139766634,
    0.0010436580611258212,
    0.0006344761840953014,
    0.0004217157194700487,
    0.0002900566463465092,
    0.00029005664760622994
  ],
  "i": [
    0,
    1,
    2,
    3,
    4,
    5,
    6,
    7,
    8,
    9,
    10,
    11,
    12,
    13,
    14,
    15,
    16,
    17,
    18,
    19,
    20,
    21,
    22,
    23,
    24,
    25,
    26,
    27
  ],
  "reset": [
    7,
    15,
    23,
    27
  ],
  "duration": [
    5.087312936782837,
    4.909001350402832,
    4.904233455657959,
    4.849032163619995,
    4.88199782371521,
    4.89756965637207,
    4.860673904418945,
    4.8907763957977295,
    4.853764295578003,
    4.8840012550354,
    4.90265965461731,
    4.901844024658203,
    4.836349010467529,
    4.899048328399658,
    4.894636631011963,
    4.8895111083984375,
    4.892211198806763,
    4.8317718505859375,
    4.86133337020874,
    4.897568225860596
  ],
  "status": 24
}