{
  "gpu": false,
  "device": "hybrid",
  "infile": "../matrix/cgne_init_4096_dble_csr.dat",
  "matfile": "../matrix/conf6_0-8x8-30/conf6.0-00l8x8-3000.mtx",
  "k": 0.15649,
  "kc": 0.15649,
  "reordering": true,
  "preconditioning": true,
  "vol": 4096,
  "dim": 49152,
  "lattice": "8x8x8x8",
  "blk_dim": 24576,
  "bs": "8x8x8x4",
  "res": 1e-06,
  "tol": 0.0003135346870547978,
  "nmx": 417,
  "nkv": 7,
  "nmr": 4,
  "ncy": 6,
  "sdtype": "float32",
  "ddtype": "float64",
  "cdtype": "float64",
  "rn": [
    16.488076667912186,
    8.124183715237557,
    4.531004517859531,
    2.7454145553033316,
    1.7571456853850036,
    1.1082529275575828,
    0.7374159311817494,
    0.7374157883258304,
    0.5024855575121461,
    0.3494106241182958,
    0.22995701796081716,
    0.1451901711306738,
    0.09106780505799111,
    0.05397155297183046,
    0.03458181589745897,
    0.03458181545843683,
    0.024344724476206482,
    0.017565268416806935,
    0.01188375692381964,
    0.007652618620700355,
    0.005321787163715412,
    0.003612046776249191,
    0.0022252097305029933,
    0.0022252096662082202,
    0.0012709499488401054,
    0.0008487180309131496,
    0.0006206611471156794,
    0.0004524982242891976,
    0.00029047879765638603,
    0.0002904788000681356
  ],
  "i": [
    0,
    1,
    2,
    3,
    4,
    5,
    6,
    7,
    8,
    9,
    10,
    11,
    12,
    13,
    14,
    15,
    16,
    17,
    18,
    19,
    20,
    21,
    22,
    23,
    24,
    25,
    26,
    27,
    28,
    29
  ],
  "reset": [
    7,
    15,
    23,
    29
  ],
  "duration": [
    1.077939748764038,
    1.0777218341827393,
    1.075347661972046,
    1.0769622325897217,
    1.0774924755096436,
    1.0751307010650635,
    1.074300765991211,
    1.0732219219207764,
    1.0751440525054932,
    1.0739960670471191,
    1.0737314224243164,
    1.075578212738037,
    1.0733649730682373,
    1.076578140258789,
    1.0721185207366943,
    1.0753612518310547,
    1.0729789733886719,
    1.0748651027679443,
    1.0715055465698242,
    1.0723357200622559
  ],
  "status": 26
}