{
  "gpu": true,
  "infile": "../matrix/cgne_init_4096_dble_csr.dat",
  "matfile": null,
  "k": 0.0,
  "kc": 0.0,
  "reordering": false,
  "preconditioning": true,
  "vol": 4096,
  "dim": 49152,
  "lattice": "8x8x8x8",
  "blk_dim": 6144,
  "bs": "8x4x4x4",
  "res": 1e-06,
  "tol": 0.00031353468703945405,
  "nmx": 2500,
  "nkv": 7,
  "nmr": 4,
  "ncy": 1,
  "sdtype": "float32",
  "ddtype": "float64",
  "cdtype": "float64",
  "rn": [
    145.96482990983506,
    53.684023777372424,
    22.603740895571104,
    10.13897947337507,
    4.339473358319641,
    2.0611027635298034,
    0.9576316251187098,
    0.9576316048078386,
    0.4691802428592452,
    0.23143494930812067,
    0.11622406084933246,
    0.05172187719044258,
    0.0237918066315005,
    0.01077328629430917,
    0.005112864448602035,
    0.005112864415880019,
    0.0024916929618445565,
    0.0012203954384227775,
    0.0006209744061807311,
    0.00028219685437640954,
    0.00028219685336796697
  ],
  "i": [
    0,
    1,
    2,
    3,
    4,
    5,
    6,
    7,
    8,
    9,
    10,
    11,
    12,
    13,
    14,
    15,
    16,
    17,
    18,
    19,
    20
  ],
  "reset": [
    7,
    15,
    20
  ],
  "duration": 0.4937269687652588,
  "status": 18
}