{
  "gpu": false,
  "device": "hybrid",
  "infile": "../matrix/cgne_init_4096_dble_csr.dat",
  "matfile": "../matrix/conf6_0-8x8-20/conf6_0-8x8-20.mtx",
  "k": 0.15717,
  "kc": 0.15717,
  "reordering": true,
  "preconditioning": true,
  "vol": 4096,
  "dim": 49152,
  "lattice": "8x8x8x8",
  "blk_dim": 24576,
  "bs": "8x8x8x4",
  "res": 1e-06,
  "tol": 0.0003135346870547978,
  "nmx": 417,
  "nkv": 7,
  "nmr": 4,
  "ncy": 6,
  "sdtype": "float32",
  "ddtype": "float64",
  "cdtype": "float32",
  "rn": [
    19.425228680888544,
    9.850620543731834,
    5.689369534839353,
    3.3399021027685967,
    2.0574849882344575,
    1.3193436506674427,
    0.8543312894121555,
    0.8543313575903053,
    0.555055660643702,
    0.365797224001166,
    0.2347389513789437,
    0.15268700462351173,
    0.09821726054299285,
    0.05757220745372141,
    0.03529136727560265,
    0.03529136447957655,
    0.022302410418313226,
    0.014224278075517557,
    0.008635074708865759,
    0.0055002860351703025,
    0.00344233121200171,
    0.002216893258628016,
    0.0014902196117719184,
    0.0014902196922674318,
    0.0010547517930241351,
    0.0006823731602910812,
    0.0004260098500012845,
    0.00026536065295252296,
    0.0002653606499888266
  ],
  "i": [
    0,
    1,
    2,
    3,
    4,
    5,
    6,
    7,
    8,
    9,
    10,
    11,
    12,
    13,
    14,
    15,
    16,
    17,
    18,
    19,
    20,
    21,
    22,
    23,
    24,
    25,
    26,
    27,
    28
  ],
  "reset": [
    7,
    15,
    23,
    28
  ],
  "duration": [
    1.0035309791564941,
    1.0023927688598633,
    1.0026140213012695,
    1.0036745071411133,
    1.0030009746551514,
    1.0015084743499756,
    1.003873586654663,
    0.9999659061431885,
    0.9993619918823242,
    0.998544454574585,
    1.000248908996582,
    1.000053882598877,
    0.9987053871154785,
    1.0008819103240967,
    0.9997169971466064,
    1.0002450942993164,
    0.9993937015533447,
    1.0032343864440918,
    1.0002598762512207,
    0.9993128776550293
  ],
  "status": 25
}