{
  "gpu": false,
  "device": "hybrid",
  "infile": "../matrix/cgne_init_4096_dble_csr.dat",
  "matfile": "../matrix/conf6_0-8x8-20/conf6_0-8x8-20.mtx",
  "k": 0.15717,
  "kc": 0.15717,
  "reordering": true,
  "preconditioning": true,
  "vol": 4096,
  "dim": 49152,
  "lattice": "8x8x8x8",
  "blk_dim": 6144,
  "bs": "8x4x4x4",
  "res": 1e-06,
  "tol": 0.0003135346870547978,
  "nmx": 417,
  "nkv": 7,
  "nmr": 6,
  "ncy": 4,
  "sdtype": "float32",
  "ddtype": "float64",
  "cdtype": "float64",
  "rn": [
    26.857028312799997,
    12.74592423365271,
    7.031662952651738,
    4.18909066673799,
    2.5339672112630587,
    1.6175975872619488,
    1.0300150684402392,
    1.0300148076708513,
    0.6729923242997412,
    0.4176679253501528,
    0.25632782080476507,
    0.1634498338607302,
    0.10141676321042799,
    0.05652042388470492,
    0.032370361505803094,
    0.03237036381747903,
    0.01942328355498903,
    0.011507009898483463,
    0.006977095398676109,
    0.004334889749996356,
    0.002764294914807382,
    0.0018159972215608608,
    0.0011516923730262997,
    0.001151692363653471,
    0.0007601851914710605,
    0.0004748707586686176,
    0.00029392902993797626,
    0.0002939290258123505
  ],
  "i": [
    0,
    1,
    2,
    3,
    4,
    5,
    6,
    7,
    8,
    9,
    10,
    11,
    12,
    13,
    14,
    15,
    16,
    17,
    18,
    19,
    20,
    21,
    22,
    23,
    24,
    25,
    26,
    27
  ],
  "reset": [
    7,
    15,
    23,
    27
  ],
  "duration": [
    3.0135865211486816,
    3.016230344772339,
    3.009284496307373,
    3.0071451663970947,
    3.0123307704925537,
    3.0129597187042236,
    3.0055017471313477,
    3.005892753601074,
    3.004377603530884,
    3.0070507526397705,
    3.007460832595825,
    3.011054039001465,
    3.003732204437256,
    3.0126490592956543,
    3.008617877960205,
    3.0128870010375977,
    3.013723373413086,
    3.008406400680542,
    3.0052459239959717,
    3.0070621967315674
  ],
  "status": 24
}