{
  "gpu": false,
  "device": "cpu",
  "infile": "../matrix/cgne_init_4096_dble_csr.dat",
  "matfile": "../matrix/conf6_0-8x8-20/conf6_0-8x8-20.mtx",
  "k": 0.15,
  "kc": 0.15717,
  "reordering": true,
  "preconditioning": true,
  "vol": 4096,
  "dim": 49152,
  "lattice": "8x8x8x8",
  "blk_dim": 24576,
  "bs": "8x8x8x4",
  "res": 1e-06,
  "tol": 0.0003135346870547978,
  "nmx": 125,
  "nkv": 7,
  "nmr": 4,
  "ncy": 20,
  "sdtype": "float32",
  "ddtype": "float64",
  "cdtype": "float32",
  "rn": [
    0.24799924735470164,
    0.0034466013159177187,
    0.0001269868083599242,
    0.00014068635191632846
  ],
  "i": [
    0,
    1,
    2,
    3
  ],
  "reset": [
    3
  ],
  "duration": [
    2.5204551219940186,
    2.522183418273926,
    2.5210297107696533,
    2.5238382816314697,
    2.5211665630340576,
    2.517040967941284,
    2.521333694458008,
    2.5271401405334473,
    2.518389940261841,
    2.524948835372925,
    2.5256083011627197,
    2.525651693344116,
    2.5134263038635254,
    2.509946823120117,
    2.516359567642212,
    2.5241363048553467,
    2.518676519393921,
    2.517573356628418,
    2.5187418460845947,
    2.5201332569122314
  ],
  "status": 3
}