{
  "gpu": false,
  "device": "hybrid",
  "infile": "../matrix/cgne_init_65536_dble_csr.dat",
  "matfile": null,
  "k": 0.0,
  "kc": 0.0,
  "reordering": false,
  "preconditioning": true,
  "vol": 65536,
  "dim": 786432,
  "lattice": "16x16x16x16",
  "blk_dim": 49152,
  "bs": "8x8x8x8",
  "res": 1e-06,
  "tol": 0.0012541387482794752,
  "nmx": 313,
  "nkv": 7,
  "nmr": 4,
  "ncy": 8,
  "sdtype": "float32",
  "ddtype": "float64",
  "cdtype": "float64",
  "rn": [
    224.87254078700659,
    47.55617057849798,
    9.08777463537971,
    2.0328605295771407,
    0.38093095980441116,
    0.08087258528597101,
    0.015558618899220547,
    0.015561181034961806,
    0.0033821133136562,
    0.0006283352834116846,
    0.0006283352649953873
  ],
  "i": [
    0,
    1,
    2,
    3,
    4,
    5,
    6,
    7,
    8,
    9,
    10
  ],
  "reset": [
    7,
    10
  ],
  "duration": [
    11.725475788116455,
    11.740906476974487,
    11.718050003051758,
    11.755927801132202,
    11.70778203010559,
    11.763421535491943,
    11.763341426849365,
    11.722074270248413,
    11.743115901947021,
    11.716544151306152,
    11.707422256469727,
    11.673482656478882,
    11.76312804222107,
    11.735312938690186,
    11.745901823043823,
    11.682798862457275,
    11.701895713806152,
    11.707371711730957,
    11.734702348709106,
    11.694501399993896
  ],
  "status": 9
}