{
  "gpu": false,
  "device": "hybrid",
  "infile": "../matrix/cgne_init_65536_dble_csr.dat",
  "matfile": null,
  "k": 0.0,
  "kc": 0.0,
  "reordering": false,
  "preconditioning": true,
  "vol": 65536,
  "dim": 786432,
  "lattice": "16x16x16x16",
  "blk_dim": 98304,
  "bs": "16x8x8x8",
  "res": 1e-06,
  "tol": 0.0012541387482794752,
  "nmx": 625,
  "nkv": 7,
  "nmr": 8,
  "ncy": 2,
  "sdtype": "float32",
  "ddtype": "float64",
  "cdtype": "float32",
  "rn": [
    714.6442184300832,
    472.1602721327875,
    301.10959720182524,
    188.34086559428948,
    116.95005806599016,
    73.21492950946345,
    47.00478876102743,
    47.00478872442517,
    31.036556068331976,
    21.151941398596783,
    14.636201003581256,
    10.417259251351018,
    7.550486857755455,
    5.527082230338266,
    4.088457825599733,
    4.088457832180896,
    3.0216143543903358,
    2.2824258319134856,
    1.6955263784953114,
    1.2885752649256417,
    0.9524982682758326,
    0.6909203984218567,
    0.5100964210685953,
    0.5100964212549967,
    0.37449906463328364,
    0.2824117912547935,
    0.21013328322918343,
    0.16002371891205835,
    0.11977270386310876,
    0.088276147652132,
    0.06590153880230734,
    0.06590153904336869,
    0.04856358207754606,
    0.03674520119406721,
    0.02745241168873781,
    0.020882443920867213,
    0.015698730293141134,
    0.011584891173929163,
    0.008641956197038163,
    0.008641956218458093,
    0.006394087167616797,
    0.00484479932383069,
    0.0036154115216055303,
    0.002756358052522194,
    0.0020710832152364455,
    0.001530821486081499,
    0.001145794299202516,
    0.0011457943224554
  ],
  "i": [
    0,
    1,
    2,
    3,
    4,
    5,
    6,
    7,
    8,
    9,
    10,
    11,
    12,
    13,
    14,
    15,
    16,
    17,
    18,
    19,
    20,
    21,
    22,
    23,
    24,
    25,
    26,
    27,
    28,
    29,
    30,
    31,
    32,
    33,
    34,
    35,
    36,
    37,
    38,
    39,
    40,
    41,
    42,
    43,
    44,
    45,
    46,
    47
  ],
  "reset": [
    7,
    15,
    23,
    31,
    39,
    47
  ],
  "duration": [
    15.992757320404053,
    16.0127911567688,
    16.04010534286499,
    16.017549753189087,
    16.041783332824707,
    15.992944478988647,
    15.995253324508667,
    15.991614818572998,
    16.00880789756775,
    15.983496189117432,
    15.976463556289673,
    16.013984203338623,
    16.00478506088257,
    15.97775673866272,
    16.002341270446777,
    15.979046821594238,
    15.97393798828125,
    15.972922563552856,
    15.983587265014648,
    15.985330820083618
  ],
  "status": 42
}