{
  "gpu": true,
  "device": "gpu",
  "infile": "../matrix/cgne_init_65536_dble_csr.dat",
  "matfile": null,
  "k": 0.0,
  "kc": 0.0,
  "reordering": false,
  "preconditioning": true,
  "vol": 65536,
  "dim": 786048,
  "lattice": "16x16x16x16",
  "blk_dim": 24564,
  "bs": "8x8x8x4",
  "res": 1e-06,
  "tol": 0.0012541387482808122,
  "nmx": 1250,
  "nkv": 7,
  "nmr": 2,
  "ncy": 4,
  "sdtype": "float32",
  "ddtype": "float64",
  "cdtype": "float64",
  "rn": [
    565.7334557491528,
    272.4600597634364,
    120.18187553800001,
    52.45668330095286,
    23.12528784349297,
    10.289305117407922,
    4.628326148498633,
    4.628326081756568,
    2.5612622602718185,
    1.0604785405657664,
    0.45517106470108454,
    0.20008609212882583,
    0.09322221901146864,
    0.04392594205973852,
    0.020048517239844375,
    0.02004851771530986,
    0.011021757023254418,
    0.0051591841917294915,
    0.002173738470076987,
    0.0010035342199616122,
    0.0010035342166046493
  ],
  "i": [
    0,
    1,
    2,
    3,
    4,
    5,
    6,
    7,
    8,
    9,
    10,
    11,
    12,
    13,
    14,
    15,
    16,
    17,
    18,
    19,
    20
  ],
  "reset": [
    7,
    15,
    20
  ],
  "duration": [
    2.979877233505249,
    2.8280673027038574,
    2.8063879013061523,
    2.809441089630127,
    2.824655532836914,
    2.805398464202881,
    2.8044281005859375,
    2.817472457885742,
    2.826493263244629,
    2.80847430229187,
    2.788348436355591,
    2.816720485687256,
    2.8004796504974365,
    2.819291353225708,
    2.798408269882202,
    2.8123252391815186,
    2.788623094558716,
    2.797372341156006,
    2.7724194526672363,
    2.7936463356018066
  ],
  "status": 18
}