{
  "gpu": true,
  "device": "gpu",
  "infile": "../matrix/cgne_init_4096_dble_csr.dat",
  "matfile": "../matrix/conf6_0-8x8-30/conf6.0-00l8x8-3000.mtx",
  "k": 0.15649,
  "kc": 0.15649,
  "reordering": true,
  "preconditioning": true,
  "vol": 4096,
  "dim": 49152,
  "lattice": "8x8x8x8",
  "blk_dim": 12288,
  "bs": "8x8x4x4",
  "res": 1e-06,
  "tol": 0.00031353468703945405,
  "nmx": 250,
  "nkv": 7,
  "nmr": 10,
  "ncy": 4,
  "sdtype": "float32",
  "ddtype": "float64",
  "cdtype": "float64",
  "rn": [
    20.10783025891784,
    10.067689496828185,
    6.260595763339385,
    3.9902917633287958,
    2.8089137736665237,
    1.817724384451875,
    1.1740626244998642,
    1.1740626479813605,
    0.765600316914671,
    0.5098400810341794,
    0.32848754467570174,
    0.21332338364818548,
    0.13128216152491878,
    0.08844756735845126,
    0.058738416211929975,
    0.0587384156325279,
    0.041700670229715735,
    0.029330982397116883,
    0.020189631177423888,
    0.013811115166917687,
    0.009120147303493541,
    0.005643943866311716,
    0.003397428646530866,
    0.0033974287641571578,
    0.0023112525568398015,
    0.0015115666233450648,
    0.001029195193164047,
    0.000665974695129022,
    0.00043546636668063537,
    0.00027082435396114573,
    0.00027082435649843957
  ],
  "i": [
    0,
    1,
    2,
    3,
    4,
    5,
    6,
    7,
    8,
    9,
    10,
    11,
    12,
    13,
    14,
    15,
    16,
    17,
    18,
    19,
    20,
    21,
    22,
    23,
    24,
    25,
    26,
    27,
    28,
    29,
    30
  ],
  "reset": [
    7,
    15,
    23,
    30
  ],
  "duration": [
    2.379521131515503,
    2.212836742401123,
    2.217294931411743,
    2.215622663497925,
    2.2031071186065674,
    2.2036960124969482,
    2.176931381225586,
    2.1975364685058594,
    2.1858842372894287,
    2.176436185836792,
    2.1787033081054688,
    2.1955442428588867,
    2.178647994995117,
    2.1861488819122314,
    2.196089744567871,
    2.1974611282348633,
    2.183375597000122,
    2.1782076358795166,
    2.1993401050567627,
    2.1727936267852783
  ],
  "status": 27
}