{
  "gpu": false,
  "infile": "../matrix/cgne_init_4096_dble_csr.dat",
  "matfile": "../matrix/conf6_0-8x8-20/conf6_0-8x8-20.mtx",
  "k": 0.15,
  "kc": 0.15717,
  "reordering": true,
  "preconditioning": true,
  "vol": 4096,
  "dim": 49152,
  "lattice": "8x8x8x8",
  "blk_dim": 24576,
  "bs": "8x8x8x4",
  "res": 1e-06,
  "tol": 0.0003135346870547978,
  "nmx": 1250,
  "nkv": 7,
  "nmr": 4,
  "ncy": 2,
  "sdtype": "float32",
  "ddtype": "float64",
  "cdtype": "float32",
  "rn": [
    27.616162624235677,
    9.410788064990538,
    4.708665009766331,
    2.494924259731697,
    1.4349750069849907,
    0.8206562688763471,
    0.47945820090154295,
    0.4794582994196821,
    0.302433447154715,
    0.18237681468070305,
    0.11394227298546789,
    0.06750182630009897,
    0.039623566573009056,
    0.02083968945453685,
    0.012127170755925218,
    0.01212717059342975,
    0.008011805526571734,
    0.00493895023836479,
    0.003071278697235744,
    0.00185199281064356,
    0.0011430263488250861,
    0.0006621800446055123,
    0.00041061309589219484,
    0.0004106130837106539,
    0.00026388139523765135,
    0.0002638813956332259
  ],
  "i": [
    0,
    1,
    2,
    3,
    4,
    5,
    6,
    7,
    8,
    9,
    10,
    11,
    12,
    13,
    14,
    15,
    16,
    17,
    18,
    19,
    20,
    21,
    22,
    23,
    24,
    25
  ],
  "reset": [
    7,
    15,
    23,
    25
  ],
  "duration": 1.920424222946167,
  "status": 22
}