{
  "gpu": false,
  "infile": "../matrix/cgne_init_65536_dble_csr.dat",
  "matfile": null,
  "k": 0.0,
  "kc": 0.0,
  "reordering": false,
  "preconditioning": true,
  "vol": 65536,
  "dim": 786048,
  "lattice": "16x16x16x16",
  "blk_dim": 24564,
  "bs": "8x8x8x4",
  "res": 1e-06,
  "tol": 0.0012541387482794752,
  "nmx": 500,
  "nkv": 7,
  "nmr": 4,
  "ncy": 5,
  "sdtype": "float32",
  "ddtype": "float64",
  "cdtype": "float64",
  "rn": [
    399.190629206501,
    145.62681060348868,
    54.24020614184467,
    20.556477662126483,
    7.92377623144609,
    3.1069323357225107,
    1.2369113947361117,
    1.2369110788186404,
    0.5034540592272475,
    0.2053181747847594,
    0.0812051029986279,
    0.031033882333229994,
    0.011670378701634827,
    0.004287020654859208,
    0.001547775877340397,
    0.001547775709770631,
    0.0006154502173890503,
    0.0006154502133571305
  ],
  "i": [
    0,
    1,
    2,
    3,
    4,
    5,
    6,
    7,
    8,
    9,
    10,
    11,
    12,
    13,
    14,
    15,
    16,
    17
  ],
  "reset": [
    7,
    15,
    17
  ],
  "duration": 23.95240879058838,
  "status": 15
}