{
  "gpu": true,
  "device": "gpu",
  "infile": "../matrix/cgne_init_4096_dble_csr.dat",
  "matfile": null,
  "k": 0.0,
  "kc": 0.0,
  "reordering": false,
  "preconditioning": true,
  "vol": 4096,
  "dim": 49152,
  "lattice": "8x8x8x8",
  "blk_dim": 12288,
  "bs": "8x8x4x4",
  "res": 1e-06,
  "tol": 0.00031353468703945405,
  "nmx": 417,
  "nkv": 7,
  "nmr": 12,
  "ncy": 2,
  "sdtype": "float32",
  "ddtype": "float64",
  "cdtype": "float64",
  "rn": [
    57.622505531705336,
    17.13009764148414,
    6.486869351190053,
    2.4642342911892787,
    0.9352301841458629,
    0.35749562519508954,
    0.13718714167474524,
    0.13718714507658158,
    0.0563042536767172,
    0.02282817935959104,
    0.008556964249856263,
    0.0034166889419375264,
    0.001364021689412807,
    0.0005341326633795644,
    0.00021780449514746442,
    0.00021780440909425437
  ],
  "i": [
    0,
    1,
    2,
    3,
    4,
    5,
    6,
    7,
    8,
    9,
    10,
    11,
    12,
    13,
    14,
    15
  ],
  "reset": [
    7,
    15
  ],
  "duration": [
    0.8433761596679688,
    0.6796984672546387,
    0.6795835494995117,
    0.679539680480957,
    0.6795248985290527,
    0.6753289699554443,
    0.680356502532959,
    0.6800270080566406,
    0.6794171333312988,
    0.680368185043335,
    0.6793942451477051,
    0.6753528118133545,
    0.6791133880615234,
    0.6751930713653564,
    0.675649881362915,
    0.6805911064147949,
    0.6745822429656982,
    0.6761603355407715,
    0.675532341003418,
    0.6751623153686523
  ],
  "status": 14
}