{
  "gpu": false,
  "device": "hybrid",
  "infile": "../matrix/cgne_init_4096_dble_csr.dat",
  "matfile": "../matrix/conf6_0-8x8-20/conf6_0-8x8-20.mtx",
  "k": 0.15,
  "kc": 0.15717,
  "reordering": true,
  "preconditioning": true,
  "vol": 4096,
  "dim": 49152,
  "lattice": "8x8x8x8",
  "blk_dim": 6144,
  "bs": "8x4x4x4",
  "res": 1e-06,
  "tol": 0.0003135346870547978,
  "nmx": 1250,
  "nkv": 7,
  "nmr": 4,
  "ncy": 2,
  "sdtype": "float32",
  "ddtype": "float64",
  "cdtype": "float64",
  "rn": [
    34.74753825035473,
    11.088646423247313,
    5.283943941041797,
    2.7548253346414784,
    1.5171141814337932,
    0.8253522235340781,
    0.46257707736290987,
    0.46257707776689994,
    0.279752085177423,
    0.16582143550537146,
    0.09910560136055116,
    0.05580720521967796,
    0.03139446761568028,
    0.015540795009660126,
    0.008847864177969242,
    0.008847865416852991,
    0.005443056979538562,
    0.003178786250144965,
    0.0019051589346730108,
    0.0010950324475897822,
    0.0006403143283063382,
    0.00035807192101737197,
    0.00020803655621826634,
    0.00020803654888830822
  ],
  "i": [
    0,
    1,
    2,
    3,
    4,
    5,
    6,
    7,
    8,
    9,
    10,
    11,
    12,
    13,
    14,
    15,
    16,
    17,
    18,
    19,
    20,
    21,
    22,
    23
  ],
  "reset": [
    7,
    15,
    23
  ],
  "duration": [
    0.9973316192626953,
    0.9955389499664307,
    0.9954037666320801,
    0.9963197708129883,
    0.9930908679962158,
    0.9964213371276855,
    0.9977867603302002,
    0.9959166049957275,
    0.9949052333831787,
    0.9929285049438477,
    0.9934604167938232,
    0.9923896789550781,
    0.9931974411010742,
    0.9944279193878174,
    0.9928820133209229,
    0.9914247989654541,
    0.9893441200256348,
    0.9909570217132568,
    0.9951162338256836,
    0.9903063774108887
  ],
  "status": 21
}