{
  "gpu": false,
  "device": "hybrid",
  "infile": "../matrix/cgne_init_4096_dble_csr.dat",
  "matfile": null,
  "k": 0.0,
  "kc": 0.0,
  "reordering": false,
  "preconditioning": true,
  "vol": 4096,
  "dim": 49152,
  "lattice": "8x8x8x8",
  "blk_dim": 24576,
  "bs": "8x8x8x4",
  "res": 1e-06,
  "tol": 0.0003135346870762468,
  "nmx": 1250,
  "nkv": 7,
  "nmr": 2,
  "ncy": 4,
  "sdtype": "float64",
  "ddtype": "float64",
  "cdtype": "float64",
  "rn": [
    142.06128966045858,
    77.01105126527256,
    44.58952312870006,
    27.247886091064437,
    17.232465687188494,
    11.117534203301574,
    7.257862001451253,
    7.257862001451253,
    5.195347165376498,
    3.576811012678448,
    2.4366725246571086,
    1.5724570860699965,
    1.004615274193277,
    0.627618161090827,
    0.40282094879034885,
    0.4028209487903489,
    0.29504971079184045,
    0.21124066550066925,
    0.14456792190642162,
    0.09682281028827225,
    0.06521924205639787,
    0.04432884788845829,
    0.030698615866373513,
    0.03069861586637269,
    0.022397245183055515,
    0.015955350508109697,
    0.01102994814249752,
    0.007499998098079961,
    0.005155226219360871,
    0.00364268312395363,
    0.002613421244224532,
    0.0026134212442241456,
    0.0019245915839245394,
    0.0013871636706113194,
    0.0009671085345415817,
    0.0006658917362291102,
    0.00046427355691966313,
    0.00033006042532153875,
    0.0002373341002655136,
    0.00023733410026541879
  ],
  "i": [
    0,
    1,
    2,
    3,
    4,
    5,
    6,
    7,
    8,
    9,
    10,
    11,
    12,
    13,
    14,
    15,
    16,
    17,
    18,
    19,
    20,
    21,
    22,
    23,
    24,
    25,
    26,
    27,
    28,
    29,
    30,
    31,
    32,
    33,
    34,
    35,
    36,
    37,
    38,
    39
  ],
  "reset": [
    7,
    15,
    23,
    31,
    39
  ],
  "duration": [
    2.791091203689575,
    3.1914544105529785,
    2.7948060035705566,
    2.9897279739379883,
    2.8122966289520264,
    2.9447052478790283,
    2.9001412391662598,
    3.236985445022583,
    2.755981206893921,
    2.7025668621063232,
    2.9136548042297363,
    2.963948965072632,
    3.0756027698516846,
    3.0824503898620605,
    3.4506537914276123,
    2.848594903945923,
    2.5910069942474365,
    2.9464118480682373,
    2.8041446208953857,
    2.9372410774230957
  ],
  "status": 35
}