{
  "gpu": false,
  "device": "hybrid",
  "infile": "../matrix/cgne_init_4096_dble_csr.dat",
  "matfile": "../matrix/conf6_0-8x8-30/conf6.0-00l8x8-3000.mtx",
  "k": 0.15649,
  "kc": 0.15649,
  "reordering": true,
  "preconditioning": true,
  "vol": 4096,
  "dim": 49152,
  "lattice": "8x8x8x8",
  "blk_dim": 24576,
  "bs": "8x8x8x4",
  "res": 1e-06,
  "tol": 0.0003135346870547978,
  "nmx": 417,
  "nkv": 7,
  "nmr": 6,
  "ncy": 4,
  "sdtype": "float32",
  "ddtype": "float64",
  "cdtype": "float64",
  "rn": [
    17.39814997682712,
    8.220693944341528,
    4.455458835237242,
    2.6923460935004306,
    1.7360971596802937,
    1.0726693840241948,
    0.6857749149869662,
    0.6857749684442479,
    0.46031924442679567,
    0.32264124703073316,
    0.21208135631106717,
    0.13441938402919262,
    0.08164956496556272,
    0.047421814638685264,
    0.02865477595199044,
    0.028654772949303887,
    0.01971972644292755,
    0.014316393903124704,
    0.009704679902832743,
    0.0061059257924741765,
    0.004258779713975001,
    0.0028845113988011295,
    0.0017751566739752657,
    0.0017751566033480193,
    0.0009834065328935505,
    0.0006308370510123058,
    0.0004644462695917656,
    0.00033856760256753055,
    0.00021928674754915795,
    0.00021928674653732194
  ],
  "i": [
    0,
    1,
    2,
    3,
    4,
    5,
    6,
    7,
    8,
    9,
    10,
    11,
    12,
    13,
    14,
    15,
    16,
    17,
    18,
    19,
    20,
    21,
    22,
    23,
    24,
    25,
    26,
    27,
    28,
    29
  ],
  "reset": [
    7,
    15,
    23,
    29
  ],
  "duration": [
    0.9906511306762695,
    0.9884626865386963,
    0.9906699657440186,
    0.989973783493042,
    0.9878661632537842,
    0.9916379451751709,
    0.9906792640686035,
    0.9895970821380615,
    0.991166353225708,
    0.9924077987670898,
    0.9920601844787598,
    0.9905776977539062,
    0.9903934001922607,
    0.9912624359130859,
    0.9909217357635498,
    0.9902541637420654,
    0.9901666641235352,
    0.9903995990753174,
    0.9932756423950195,
    0.9915096759796143
  ],
  "status": 26
}