{
  "gpu": false,
  "device": "hybrid",
  "infile": "../matrix/cgne_init_4096_dble_csr.dat",
  "matfile": "../matrix/conf6_0-8x8-20/conf6_0-8x8-20.mtx",
  "k": 0.15,
  "kc": 0.15717,
  "reordering": true,
  "preconditioning": true,
  "vol": 4096,
  "dim": 49152,
  "lattice": "8x8x8x8",
  "blk_dim": 12288,
  "bs": "8x8x4x4",
  "res": 1e-06,
  "tol": 0.0003135346870547978,
  "nmx": 125,
  "nkv": 7,
  "nmr": 4,
  "ncy": 20,
  "sdtype": "float32",
  "ddtype": "float64",
  "cdtype": "float64",
  "rn": [
    0.18167644898932334,
    0.0017665999453852226,
    1.9673861526000645e-05,
    6.975331579561592e-05
  ],
  "i": [
    0,
    1,
    2,
    3
  ],
  "reset": [
    3
  ],
  "duration": [
    0.6388416290283203,
    0.6378779411315918,
    0.6368870735168457,
    0.6375601291656494,
    0.6372220516204834,
    0.6379611492156982,
    0.6374208927154541,
    0.6382770538330078,
    0.638211727142334,
    0.6369619369506836,
    0.6378045082092285,
    0.6382904052734375,
    0.6370761394500732,
    0.6371378898620605,
    0.6374411582946777,
    0.6374051570892334,
    0.63763427734375,
    0.637902021408081,
    0.6369805335998535,
    0.637711763381958
  ],
  "status": 3
}