{
  "gpu": false,
  "device": "cpu",
  "infile": "../matrix/fgcr_check3_4096_dble_csr.dat",
  "matfile": null,
  "k": 0.0,
  "kc": 0.0,
  "reordering": false,
  "preconditioning": true,
  "vol": 4096,
  "dim": 49152,
  "lattice": "8x8x8x8",
  "blk_dim": 3072,
  "bs": "4x4x4x4",
  "res": 1e-06,
  "tol": 0.0003135346870762468,
  "nmx": 250,
  "nkv": 7,
  "nmr": 10,
  "ncy": 4,
  "sdtype": "float64",
  "ddtype": "float64",
  "cdtype": "float64",
  "rn": [
    25.648787453369327,
    5.208544734435065,
    1.449869319094731,
    0.3710146797362935,
    0.09328062261908315,
    0.024386401317866707,
    0.005975667275100398,
    0.0059756672751006094,
    0.001742863717781094,
    0.0005775864548964852,
    0.00012868915991179371,
    0.0001286891599127532
  ],
  "i": [
    0,
    1,
    2,
    3,
    4,
    5,
    6,
    7,
    8,
    9,
    10,
    11
  ],
  "reset": [
    7,
    11
  ],
  "duration": [
    2.049083709716797,
    2.0510761737823486,
    2.0513784885406494,
    2.051528215408325,
    2.0496833324432373,
    2.0503530502319336,
    2.0493075847625732,
    2.050490140914917,
    2.0498733520507812,
    2.0496277809143066,
    2.0481724739074707,
    2.049889326095581,
    2.049402952194214,
    2.048046112060547,
    2.0485892295837402,
    2.0490434169769287,
    2.0482821464538574,
    2.0481834411621094,
    2.0476455688476562,
    2.049036979675293
  ],
  "status": 10
}