{
  "gpu": false,
  "infile": "../matrix/cgne_init_4096_dble_csr.dat",
  "matfile": null,
  "k": 0.0,
  "kc": 0.0,
  "reordering": false,
  "preconditioning": true,
  "vol": 4096,
  "dim": 49152,
  "lattice": "8x8x8x8",
  "blk_dim": 24576,
  "bs": "8x8x8x4",
  "res": 1e-06,
  "tol": 0.0003135346870547978,
  "nmx": 417,
  "nkv": 7,
  "nmr": 4,
  "ncy": 6,
  "sdtype": "float32",
  "ddtype": "float64",
  "cdtype": "float64",
  "rn": [
    82.20462626799572,
    32.93043875287715,
    15.942666484544725,
    7.573384444764603,
    3.7134794814626986,
    1.8687108765038687,
    0.9554442402764415,
    0.9554446989981027,
    0.5841187021492567,
    0.3059824903380664,
    0.15266772783823274,
    0.07592851787763559,
    0.036563937024630976,
    0.01616691186593531,
    0.00688010667657365,
    0.006880107589446481,
    0.00397970500646178,
    0.0019176373224501016,
    0.0009084362853071682,
    0.0004592918971967741,
    0.00023438841940183092,
    0.00023438842074942215
  ],
  "i": [
    0,
    1,
    2,
    3,
    4,
    5,
    6,
    7,
    8,
    9,
    10,
    11,
    12,
    13,
    14,
    15,
    16,
    17,
    18,
    19,
    20,
    21
  ],
  "reset": [
    7,
    15,
    21
  ],
  "duration": [
    2.2293784618377686,
    2.2280948162078857,
    2.2294204235076904,
    2.2293004989624023,
    2.235248565673828,
    2.2350118160247803,
    2.2346842288970947,
    2.2352471351623535,
    2.229935646057129,
    2.2295100688934326,
    2.2321715354919434,
    2.2344970703125,
    2.233707904815674,
    2.236527919769287,
    2.235124111175537,
    2.2344865798950195,
    2.234281301498413,
    2.2355542182922363,
    2.23443865776062,
    2.2329635620117188
  ],
  "status": 19
}