{
  "gpu": false,
  "device": "hybrid",
  "infile": "../matrix/cgne_init_4096_dble_csr.dat",
  "matfile": null,
  "k": 0.0,
  "kc": 0.0,
  "reordering": false,
  "preconditioning": true,
  "vol": 4096,
  "dim": 49152,
  "lattice": "8x8x8x8",
  "blk_dim": 24576,
  "bs": "8x8x8x4",
  "res": 1e-06,
  "tol": 0.0003135346870547978,
  "nmx": 417,
  "nkv": 7,
  "nmr": 12,
  "ncy": 2,
  "sdtype": "float32",
  "ddtype": "float64",
  "cdtype": "float64",
  "rn": [
    57.62903486122285,
    17.153169594028093,
    6.503357306431517,
    2.4765932521536467,
    0.9419613947694675,
    0.3612455192974477,
    0.1394648709122106,
    0.1394651719474119,
    0.057749061140417376,
    0.023678979224499228,
    0.00898917297195674,
    0.003627242876941535,
    0.0014703797330501383,
    0.0005807686207976456,
    0.00023833782514342337,
    0.00023833785808948383
  ],
  "i": [
    0,
    1,
    2,
    3,
    4,
    5,
    6,
    7,
    8,
    9,
    10,
    11,
    12,
    13,
    14,
    15
  ],
  "reset": [
    7,
    15
  ],
  "duration": [
    0.7776434421539307,
    0.776289701461792,
    0.7757613658905029,
    0.7750735282897949,
    0.7762560844421387,
    0.7747888565063477,
    0.7744565010070801,
    0.7743158340454102,
    0.7742657661437988,
    0.7742774486541748,
    0.7741248607635498,
    0.7754805088043213,
    0.7753405570983887,
    0.7750959396362305,
    0.7758643627166748,
    0.7745301723480225,
    0.7735178470611572,
    0.7789654731750488,
    0.776226282119751,
    0.7763135433197021
  ],
  "status": 14
}