{
  "gpu": true,
  "device": "gpu",
  "infile": "../matrix/cgne_init_4096_dble_csr.dat",
  "matfile": null,
  "k": 0.0,
  "kc": 0.0,
  "reordering": false,
  "preconditioning": true,
  "vol": 4096,
  "dim": 49152,
  "lattice": "8x8x8x8",
  "blk_dim": 6144,
  "bs": "8x4x4x4",
  "res": 1e-06,
  "tol": 0.00031353468703945405,
  "nmx": 1250,
  "nkv": 7,
  "nmr": 2,
  "ncy": 4,
  "sdtype": "float32",
  "ddtype": "float64",
  "cdtype": "float32",
  "rn": [
    141.94600001305744,
    76.85901808300223,
    44.38763136820458,
    27.033758618357506,
    17.01613872743249,
    10.879042962583405,
    7.007027018432821,
    7.007027455297494,
    4.927548613849894,
    3.347017283948692,
    2.259813752820045,
    1.4573901369473499,
    0.9288773030255547,
    0.5758599531730171,
    0.36569364876342253,
    0.36569363552767703,
    0.2650594020149957,
    0.18715172023090776,
    0.1271429850403647,
    0.08537002125702585,
    0.057750212712211285,
    0.039318064452417735,
    0.027217730516686037,
    0.027217730795111597,
    0.019841424337663765,
    0.014146289435717559,
    0.009785959573058356,
    0.006622786480566254,
    0.004516814520704912,
    0.0031615979772004164,
    0.0022489342959918462,
    0.002248934304538154,
    0.0016439235488937137,
    0.001174105159411828,
    0.0008124971461348501,
    0.0005570402972624602,
    0.00038834059311411,
    0.0002761514191614275,
    0.0002761514189522555
  ],
  "i": [
    0,
    1,
    2,
    3,
    4,
    5,
    6,
    7,
    8,
    9,
    10,
    11,
    12,
    13,
    14,
    15,
    16,
    17,
    18,
    19,
    20,
    21,
    22,
    23,
    24,
    25,
    26,
    27,
    28,
    29,
    30,
    31,
    32,
    33,
    34,
    35,
    36,
    37,
    38
  ],
  "reset": [
    7,
    15,
    23,
    31,
    38
  ],
  "duration": [
    1.5233383178710938,
    1.3513169288635254,
    1.3501441478729248,
    1.343698501586914,
    1.3451857566833496,
    1.3364830017089844,
    1.3552064895629883,
    1.3513672351837158,
    1.3314859867095947,
    1.3572180271148682,
    1.360945224761963,
    1.3497633934020996,
    1.3418803215026855,
    1.3572933673858643,
    1.338078498840332,
    1.3536999225616455,
    1.344367265701294,
    1.3444886207580566,
    1.3432271480560303,
    1.335402250289917
  ],
  "status": 34
}