{
  "gpu": false,
  "infile": "../matrix/cgne_init_65536_dble_csr.dat",
  "matfile": null,
  "k": 0.0,
  "kc": 0.0,
  "reordering": false,
  "preconditioning": true,
  "vol": 65536,
  "dim": 786048,
  "lattice": "16x16x16x16",
  "blk_dim": 393024,
  "bs": "16x16x16x8",
  "res": 1e-06,
  "tol": 0.0012541387482794752,
  "nmx": 500,
  "nkv": 7,
  "nmr": 4,
  "ncy": 5,
  "sdtype": "float32",
  "ddtype": "float64",
  "cdtype": "float64",
  "rn": [
    399.31958048554594,
    145.7701124572109,
    54.36023719466673,
    20.63189709952314,
    7.977844451825615,
    3.148436176336269,
    1.2673205529442257,
    1.267320586991752,
    0.5257481271726159,
    0.2139198695673272,
    0.07943529334802554,
    0.028039622533944642,
    0.009608126187054117,
    0.003163983172802032,
    0.0010537361866329912,
    0.0010537349319816676
  ],
  "i": [
    0,
    1,
    2,
    3,
    4,
    5,
    6,
    7,
    8,
    9,
    10,
    11,
    12,
    13,
    14,
    15
  ],
  "reset": [
    7,
    15
  ],
  "duration": 22.34484839439392,
  "status": 14
}