{
  "gpu": false,
  "device": "cpu",
  "infile": "../matrix/cgne_init_65536_dble_csr.dat",
  "matfile": null,
  "k": 0.0,
  "kc": 0.0,
  "reordering": false,
  "preconditioning": true,
  "vol": 65536,
  "dim": 786432,
  "lattice": "16x16x16x16",
  "blk_dim": 3072,
  "bs": "4x4x4x4",
  "res": 1e-06,
  "tol": 0.0012541387483049865,
  "nmx": 625,
  "nkv": 7,
  "nmr": 8,
  "ncy": 2,
  "sdtype": "float64",
  "ddtype": "float64",
  "cdtype": "float64",
  "rn": [
    713.4969767516013,
    470.5868372415354,
    299.4459900861314,
    186.97970899910933,
    115.88280994575575,
    72.31888730849687,
    46.112815601802566,
    46.112815601802566,
    29.980421540052653,
    19.925839568166968,
    13.285515798908124,
    8.955716051975704,
    6.110608027700823,
    4.17461104712453,
    2.862359800553433,
    2.8623598005534308,
    1.9710712185499693,
    1.3786019847901805,
    0.9509857965603811,
    0.6630384951381274,
    0.464094245714162,
    0.3200983017608014,
    0.22070585703201606,
    0.22070585703201576,
    0.15382941014137996,
    0.10870490230677302,
    0.07554147963999708,
    0.053063070706499474,
    0.03733888388036018,
    0.026018201041165107,
    0.018154208531837055,
    0.01815420853183751,
    0.012785595068717393,
    0.00907818781342533,
    0.0063509848782251814,
    0.004484012419803212,
    0.0031639625360554177,
    0.0022105244307178986,
    0.00154604027387602,
    0.0015460402738763012,
    0.0010880953101857383,
    0.0010880953101860573
  ],
  "i": [
    0,
    1,
    2,
    3,
    4,
    5,
    6,
    7,
    8,
    9,
    10,
    11,
    12,
    13,
    14,
    15,
    16,
    17,
    18,
    19,
    20,
    21,
    22,
    23,
    24,
    25,
    26,
    27,
    28,
    29,
    30,
    31,
    32,
    33,
    34,
    35,
    36,
    37,
    38,
    39,
    40,
    41
  ],
  "reset": [
    7,
    15,
    23,
    31,
    39,
    41
  ],
  "duration": [
    29.576103687286377,
    29.538023948669434,
    29.52906084060669,
    29.499438524246216,
    29.532016277313232,
    29.526206254959106,
    29.579270839691162,
    29.285336017608643,
    29.332330465316772,
    29.28103518486023,
    29.451119661331177,
    29.56708598136902,
    29.561349153518677,
    29.532867431640625,
    29.516037940979004,
    29.54266595840454,
    29.578084468841553,
    29.300681591033936,
    29.342387199401855,
    29.285850524902344
  ],
  "status": 36
}