{
  "gpu": false,
  "device": "cpu",
  "infile": "../matrix/cgne_init_4096_dble_csr.dat",
  "matfile": "../matrix/conf6_0-8x8-30/conf6.0-00l8x8-3000.mtx",
  "k": 0.15649,
  "kc": 0.15649,
  "reordering": true,
  "preconditioning": true,
  "vol": 4096,
  "dim": 49152,
  "lattice": "8x8x8x8",
  "blk_dim": 24576,
  "bs": "8x8x8x4",
  "res": 1e-06,
  "tol": 0.0003135346870547978,
  "nmx": 417,
  "nkv": 7,
  "nmr": 2,
  "ncy": 12,
  "sdtype": "float32",
  "ddtype": "float64",
  "cdtype": "float32",
  "rn": [
    16.26370662442006,
    8.221224247049163,
    4.6587326069227775,
    2.8265502960889237,
    1.8054714471482036,
    1.151351111263565,
    0.7851271236980237,
    0.785127125094093,
    0.5422017073449553,
    0.3745196538239,
    0.24627697802755102,
    0.15559447591460604,
    0.09925714227163374,
    0.06002466591958415,
    0.03940863153164776,
    0.039408629077422715,
    0.028205615097600483,
    0.02040783702433194,
    0.013844269749007652,
    0.009043343375626518,
    0.006279209664301178,
    0.004243268489760229,
    0.0026345889086396507,
    0.0026345887972728265,
    0.0015658845779055338,
    0.0010542717922333137,
    0.000769795755807512,
    0.000565376133808138,
    0.0003674086790391103,
    0.000251699385813301,
    0.0002516993845616912
  ],
  "i": [
    0,
    1,
    2,
    3,
    4,
    5,
    6,
    7,
    8,
    9,
    10,
    11,
    12,
    13,
    14,
    15,
    16,
    17,
    18,
    19,
    20,
    21,
    22,
    23,
    24,
    25,
    26,
    27,
    28,
    29,
    30
  ],
  "reset": [
    7,
    15,
    23,
    30
  ],
  "duration": [
    7.081920623779297,
    7.102085113525391,
    7.102181434631348,
    7.09506368637085,
    7.07938027381897,
    7.073396444320679,
    7.0812153816223145,
    7.06626558303833,
    7.07365345954895,
    7.065838098526001,
    7.069852590560913,
    7.0824058055877686,
    7.079503774642944,
    7.0435471534729,
    7.0439612865448,
    7.052500009536743,
    7.0347349643707275,
    7.05114483833313,
    7.0590660572052,
    7.060100317001343
  ],
  "status": 27
}