{
  "gpu": false,
  "device": "cpu",
  "infile": "../matrix/cgne_init_4096_dble_csr.dat",
  "matfile": "../matrix/conf6_0-8x8-30/conf6.0-00l8x8-3000.mtx",
  "k": 0.15649,
  "kc": 0.15649,
  "reordering": true,
  "preconditioning": true,
  "vol": 4096,
  "dim": 49152,
  "lattice": "8x8x8x8",
  "blk_dim": 24576,
  "bs": "8x8x8x4",
  "res": 1e-06,
  "tol": 0.0003135346870547978,
  "nmx": 417,
  "nkv": 7,
  "nmr": 4,
  "ncy": 6,
  "sdtype": "float32",
  "ddtype": "float64",
  "cdtype": "float32",
  "rn": [
    16.488076519615042,
    8.124183873213,
    4.531004841711257,
    2.745414837753821,
    1.7571459301799828,
    1.1082531194951937,
    0.7374160646615598,
    0.7374157445004355,
    0.5024857616421915,
    0.34941075928021853,
    0.22995714379148727,
    0.14519021386562478,
    0.09106785264271974,
    0.053971594961286375,
    0.03458186069954929,
    0.03458185842564964,
    0.02434476390897687,
    0.01756531291129757,
    0.011883782589713865,
    0.007652635729443993,
    0.0053218048153931205,
    0.0036120571730481944,
    0.0022252113082031166,
    0.0022252112287361064,
    0.001270950025570633,
    0.000848718520038408,
    0.0006206615558049101,
    0.0004524980001264,
    0.00029047908522264416,
    0.00029047908556842714
  ],
  "i": [
    0,
    1,
    2,
    3,
    4,
    5,
    6,
    7,
    8,
    9,
    10,
    11,
    12,
    13,
    14,
    15,
    16,
    17,
    18,
    19,
    20,
    21,
    22,
    23,
    24,
    25,
    26,
    27,
    28,
    29
  ],
  "reset": [
    7,
    15,
    23,
    29
  ],
  "duration": [
    6.587321996688843,
    6.575281143188477,
    6.591409206390381,
    6.590577840805054,
    6.600079298019409,
    6.590154647827148,
    6.581933975219727,
    6.580694913864136,
    6.58942723274231,
    6.577489137649536,
    6.582258701324463,
    6.5670998096466064,
    6.571522235870361,
    6.593766450881958,
    6.562373399734497,
    6.560183048248291,
    6.572103261947632,
    6.579517126083374,
    6.581298589706421,
    6.5750086307525635
  ],
  "status": 26
}