{
  "gpu": false,
  "device": "hybrid",
  "infile": "../matrix/cgne_init_65536_dble_csr.dat",
  "matfile": null,
  "k": 0.0,
  "kc": 0.0,
  "reordering": false,
  "preconditioning": true,
  "vol": 65536,
  "dim": 786432,
  "lattice": "16x16x16x16",
  "blk_dim": 3072,
  "bs": "4x4x4x4",
  "res": 1e-06,
  "tol": 0.0012541387483049865,
  "nmx": 2500,
  "nkv": 7,
  "nmr": 4,
  "ncy": 1,
  "sdtype": "float64",
  "ddtype": "float64",
  "cdtype": "float64",
  "rn": [
    610.4496368943852,
    234.75055465827762,
    104.51015487631103,
    47.63969841536617,
    21.61262109071555,
    10.188420724258316,
    4.776469958146625,
    4.776469958146624,
    2.381251978117048,
    1.1775912382031852,
    0.5668409296563782,
    0.27323956621184653,
    0.12988695261026525,
    0.056740896138015764,
    0.026320984749418807,
    0.026320984749418783,
    0.013004749458914925,
    0.006396142819525093,
    0.003083703331342769,
    0.0015159630391040084,
    0.0007313289434607564,
    0.0007313289434611005
  ],
  "i": [
    0,
    1,
    2,
    3,
    4,
    5,
    6,
    7,
    8,
    9,
    10,
    11,
    12,
    13,
    14,
    15,
    16,
    17,
    18,
    19,
    20,
    21
  ],
  "reset": [
    7,
    15,
    21
  ],
  "duration": [
    14.573012351989746,
    14.638526201248169,
    14.564015865325928,
    14.661298274993896,
    14.5859854221344,
    14.672807455062866,
    14.60278058052063,
    14.595664501190186,
    14.63481593132019,
    14.607898950576782,
    14.636981725692749,
    14.687807083129883,
    14.604191303253174,
    14.605556726455688,
    14.582586765289307,
    14.649921178817749,
    14.645540714263916,
    14.615286827087402,
    14.582672595977783,
    14.593202352523804
  ],
  "status": 19
}