{
  "gpu": false,
  "device": "hybrid",
  "infile": "../matrix/cgne_init_4096_dble_csr.dat",
  "matfile": "../matrix/conf6_0-8x8-30/conf6.0-00l8x8-3000.mtx",
  "k": 0.05,
  "kc": 0.15649,
  "reordering": true,
  "preconditioning": true,
  "vol": 4096,
  "dim": 49152,
  "lattice": "8x8x8x8",
  "blk_dim": 6144,
  "bs": "8x4x4x4",
  "res": 1e-06,
  "tol": 0.0003135346870547978,
  "nmx": 125,
  "nkv": 7,
  "nmr": 4,
  "ncy": 20,
  "sdtype": "float32",
  "ddtype": "float64",
  "cdtype": "float64",
  "rn": [
    2.416561663738745e-05,
    3.370444033212732e-05
  ],
  "i": [
    0,
    1
  ],
  "reset": [
    1
  ],
  "duration": [
    0.2741701602935791,
    0.2747385501861572,
    0.27443456649780273,
    0.2759549617767334,
    0.27641963958740234,
    0.27782773971557617,
    0.2747766971588135,
    0.2740347385406494,
    0.27405428886413574,
    0.27501440048217773,
    0.2760138511657715,
    0.2752964496612549,
    0.2752203941345215,
    0.27483415603637695,
    0.2750411033630371,
    0.27533888816833496,
    0.2746903896331787,
    0.27509236335754395,
    0.2762014865875244,
    0.2748680114746094
  ],
  "status": 1
}