{
  "gpu": false,
  "device": "cpu",
  "infile": "../matrix/fgcr_check3_4096_dble_csr.dat",
  "matfile": null,
  "k": 0.0,
  "kc": 0.0,
  "reordering": false,
  "preconditioning": true,
  "vol": 4096,
  "dim": 49152,
  "lattice": "8x8x8x8",
  "blk_dim": 24576,
  "bs": "8x8x8x4",
  "res": 1e-06,
  "tol": 0.00031353468710831124,
  "nmx": 2500,
  "nkv": 7,
  "nmr": 0.5,
  "ncy": 0.5,
  "sdtype": "float32",
  "ddtype": "float64",
  "cdtype": "float64",
  "rn": [
    130.92678045128446,
    33.56232500160025,
    15.19651580788045,
    6.584061878236774,
    3.031736622653959,
    1.3596282465008895,
    0.6221411479354313,
    0.6221412428863389,
    0.36894113540682466,
    0.16856803883991425,
    0.07506431761986576,
    0.032865361806498114,
    0.014990241354257007,
    0.005582312008465898,
    0.002489560228523682,
    0.0024895601767659886,
    0.0014733879298542832,
    0.0006176041146006906,
    0.00032598154400563566,
    0.00019253182179488796,
    0.00019253181964555
  ],
  "i": [
    0,
    1,
    2,
    3,
    4,
    5,
    6,
    7,
    8,
    9,
    10,
    11,
    12,
    13,
    14,
    15,
    16,
    17,
    18,
    19,
    20
  ],
  "reset": [
    7,
    15,
    20
  ],
  "duration": [
    2.235745906829834,
    2.2379539012908936,
    2.236876964569092,
    2.2363815307617188,
    2.236943483352661,
    2.240048885345459,
    2.23728609085083,
    2.2357544898986816,
    2.235205888748169,
    2.2370688915252686,
    2.2401580810546875,
    2.233640193939209,
    2.2347421646118164,
    2.233640193939209,
    2.234941005706787,
    2.2345588207244873,
    2.232926845550537,
    2.2345242500305176,
    2.2339928150177,
    2.2342653274536133
  ],
  "status": 18
}