{
  "gpu": true,
  "device": "gpu",
  "infile": "../matrix/cgne_init_4096_dble_csr.dat",
  "matfile": "../matrix/conf6_0-8x8-30/conf6.0-00l8x8-3000.mtx",
  "k": 0.05,
  "kc": 0.15649,
  "reordering": true,
  "preconditioning": true,
  "vol": 4096,
  "dim": 49152,
  "lattice": "8x8x8x8",
  "blk_dim": 6144,
  "bs": "8x4x4x4",
  "res": 1e-06,
  "tol": 0.00031353468703945405,
  "nmx": 417,
  "nkv": 7,
  "nmr": 2,
  "ncy": 12,
  "sdtype": "float32",
  "ddtype": "float64",
  "cdtype": "float32",
  "rn": [
    3.351866174001643e-05,
    5.093687304927101e-05
  ],
  "i": [
    0,
    1
  ],
  "reset": [
    1
  ],
  "duration": [
    0.1172952651977539,
    0.11534810066223145,
    0.1191866397857666,
    0.11726236343383789,
    0.11500191688537598,
    0.11556887626647949,
    0.11700439453125,
    0.12111210823059082,
    0.11332130432128906,
    0.11571884155273438,
    0.11225700378417969,
    0.11802792549133301,
    0.11726140975952148,
    0.11351847648620605,
    0.11668109893798828,
    0.11477136611938477,
    0.1147909164428711,
    0.1154165267944336,
    0.11721301078796387,
    0.11705684661865234
  ],
  "status": 1
}