{
  "gpu": false,
  "device": "cpu",
  "infile": "../matrix/cgne_init_4096_dble_csr.dat",
  "matfile": "../matrix/conf6_0-8x8-20/conf6_0-8x8-20.mtx",
  "k": 0.15,
  "kc": 0.15717,
  "reordering": true,
  "preconditioning": true,
  "vol": 4096,
  "dim": 49152,
  "lattice": "8x8x8x8",
  "blk_dim": 24576,
  "bs": "8x8x8x4",
  "res": 1e-06,
  "tol": 0.0003135346870547978,
  "nmx": 125,
  "nkv": 7,
  "nmr": 20,
  "ncy": 4,
  "sdtype": "float32",
  "ddtype": "float64",
  "cdtype": "float64",
  "rn": [
    1.3975956288239124,
    0.03446369343282576,
    0.0006798550813881622,
    2.6686777505761618e-05,
    9.329181567939283e-05
  ],
  "i": [
    0,
    1,
    2,
    3,
    4
  ],
  "reset": [
    4
  ],
  "duration": [
    3.3660173416137695,
    3.3654000759124756,
    3.367733955383301,
    3.3596384525299072,
    3.367828130722046,
    3.3663792610168457,
    3.3612043857574463,
    3.362576961517334,
    3.361995220184326,
    3.3576953411102295,
    3.3637521266937256,
    3.359259605407715,
    3.3680479526519775,
    3.3640787601470947,
    3.359147548675537,
    3.364224672317505,
    3.360689163208008,
    3.3611767292022705,
    3.364426851272583,
    3.3495771884918213
  ],
  "status": 4
}