{
  "gpu": false,
  "infile": "../matrix/cgne_init_4096_dble_csr.dat",
  "matfile": null,
  "k": 0.0,
  "kc": 0.0,
  "reordering": false,
  "preconditioning": true,
  "vol": 4096,
  "dim": 49152,
  "lattice": "8x8x8x8",
  "blk_dim": 3072,
  "bs": "4x4x4x4",
  "res": 1e-06,
  "tol": 0.0003135346870547978,
  "nmx": 417,
  "nkv": 7,
  "nmr": 6,
  "ncy": 4,
  "sdtype": "float32",
  "ddtype": "float64",
  "cdtype": "float32",
  "rn": [
    214.47108779902334,
    168.98747632283616,
    145.23630824556687,
    130.10698830995355,
    118.84153936790308,
    109.80817189225155,
    102.76159491517518,
    102.7615953273446,
    98.00845481251292,
    94.16862230445462,
    91.469245963322,
    88.4058674329703,
    85.5125131721046,
    79.67257263679025,
    75.10632716533236,
    75.10632741661595,
    72.28798919772433,
    70.12206419664778,
    68.64382323335255,
    67.4355891569087,
    66.43753206852152,
    64.96836949033802,
    63.40119336865211,
    63.40119345074439,
    61.967111051587906,
    60.69433682579883,
    59.64012769792521,
    58.492681906530876,
    57.4141455674265,
    55.38082436677277,
    52.97031955883826,
    52.970319553101405,
    50.55364570132406,
    48.68128355710011,
    47.12175817352122,
    45.61222041973243,
    44.18731693375159,
    42.95182561452858,
    41.634918025252404,
    41.6349180245958,
    40.3786918290585,
    39.12090271796597,
    37.630275212918384,
    36.140502504021974,
    34.71772147657776,
    33.02462417715292,
    31.130526997422205,
    31.130527004136795,
    29.24303514953868,
    28.019826126119806,
    26.874727378115345,
    25.615309223185903,
    24.354817995482524,
    23.643451512593426,
    22.85157970369134,
    22.85157971345083,
    22.2080172271743,
    21.536245780809537,
    20.6984533460365,
    19.889630554445915,
    19.12137898827589,
    18.07365408277648,
    16.95809965342314,
    16.958099682666514,
    15.893453800444403,
    15.174812457743819,
    14.550345826855676,
    13.857060136666734,
    13.128716331912129,
    12.724286132134665,
    12.273570302655441,
    12.273570287879009,
    11.92082937295916,
    11.54772481648892,
    11.082307020202563,
    10.574675656662425,
    10.093553553127428,
    9.393666456234499,
    8.720810123629455,
    8.720810149938691,
    8.134948547772172,
    7.732374953653502,
    7.376408377342389,
    7.0368262752106565,
    6.7313248294335075,
    6.549392980642808,
    6.349840713845907,
    6.34984070626489,
    6.1857463620276425,
    6.006872946439759,
    5.799655371393952,
    5.569104595068213,
    5.3366092305037585,
    4.984708458486799,
    4.676612343468287,
    4.676612334463503,
    4.404387754677616,
    4.202828621266872,
    4.00442136121091,
    3.796144726914368,
    3.6106041697501103,
    3.4954882445517867,
    3.3684956132391766,
    3.3684956221041755,
    3.258903878636895,
    3.15024841292426,
    3.0273814915584327,
    2.903227958666185,
    2.798183876582014,
    2.6662694185649363,
    2.5541984768037005,
    2.55419846627511,
    2.4477110172900844,
    2.3574078528055247,
    2.2601435601902584,
    2.15686475029166,
    2.0597026389079294,
    1.9928142167664613,
    1.918670539800114,
    1.9186705336770362,
    1.8495888355772243,
    1.7857338868543404,
    1.711300872065315,
    1.6268163919276706,
    1.5553096140614253,
    1.4919223045599255,
    1.4280195965230316,
    1.4280195965599725,
    1.3631959018583157,
    1.312680007062592,
    1.2566328587249258,
    1.1956343784752768,
    1.1426968165714626,
    1.1056346901898795,
    1.0678014160862945,
    1.0678014172382122,
    1.0304866825960526,
    0.9979271438868623,
    0.9590729125034028,
    0.9113767272662686,
    0.8706760012303209,
    0.8263851187432626,
    0.7804357855103939,
    0.780435783867346,
    0.7337325528859105,
    0.7014818090623882,
    0.6717795627919823,
    0.6320981149963641,
    0.594855121312364,
    0.5773480394155662,
    0.5587220818124522,
    0.5587220806531452,
    0.5440705830029398,
    0.5299230764158599,
    0.51540098867239,
    0.4954992437668897,
    0.47992673267104635,
    0.44442817346630836,
    0.405850151229188,
    0.4058501519114896,
    0.3724732552439795,
    0.35451157239421466,
    0.34025194704544004,
    0.3244921606679689,
    0.3063285798550552,
    0.29641608456338037,
    0.2863317190734168,
    0.28633171824463766,
    0.2789625124866027,
    0.27082254283805524,
    0.26175221722137787,
    0.2517237313325543,
    0.2428688487865272,
    0.22818187064424938,
    0.21014191380925115,
    0.21014191351284722,
    0.1971747520616023,
    0.18814498070390645,
    0.1799421550225325,
    0.17072321785719455,
    0.16289998676624007,
    0.15797579936516168,
    0.1531094014416251,
    0.153109401903189,
    0.14870461315876862,
    0.14427663533156557,
    0.1389927707176666,
    0.13301370255842931,
    0.12793930869196188,
    0.11903571954543032,
    0.11129228327615986,
    0.11129228321799498,
    0.10470627375521224,
    0.0996103003768924,
    0.09523805545392623,
    0.09004246858027887,
    0.08511888333979048,
    0.08220473491606622,
    0.07918484546840389,
    0.07918484532817638,
    0.07666591423376151,
    0.07427577993972953,
    0.07184700861696147,
    0.06885781687480448,
    0.06643820473846224,
    0.06228840332405025,
    0.05920281375442779,
    0.05920281395978404,
    0.05637641419777894,
    0.05391323925022101,
    0.051305105429600276,
    0.04851184846076494,
    0.04569517745826992,
    0.04387012785752088,
    0.041840600815392634,
    0.04184060067637019,
    0.040147660111640844,
    0.03872667126475615,
    0.037156754608600906,
    0.03534902985534499,
    0.03397239356443924,
    0.03270337636592389,
    0.03134934813967099,
    0.03134934813985602,
    0.030080105984387536,
    0.029014473519488156,
    0.027756204695510146,
    0.026205056914304307,
    0.02494478452290581,
    0.023923689589405595,
    0.022800239497304302,
    0.022800239511895568,
    0.021717149695312583,
    0.020874502421737558,
    0.01989578085880584,
    0.018728366726173538,
    0.017800166131320582,
    0.017134349737501824,
    0.01638295464145127,
    0.016382954565628216,
    0.01568804675216634,
    0.015149200233866027,
    0.014573817687742859,
    0.01382928891701424,
    0.013246100706990822,
    0.012760416087354143,
    0.012245901325829835,
    0.012245901326982365,
    0.011740796240549366,
    0.011323745886331872,
    0.010841632219510426,
    0.010242066951388743,
    0.00974775616353703,
    0.009285017792213766,
    0.008777111995803291,
    0.00877711199231342,
    0.008285472129384205,
    0.007960252737755117,
    0.0076416403052340055,
    0.0071730841127997476,
    0.006756043183499119,
    0.00650430904105825,
    0.006225076005340666,
    0.006225076015155161,
    0.005978913775085026,
    0.005790401228438983,
    0.005584395639302202,
    0.005297062490829412,
    0.005084190707681893,
    0.0048088604123266284,
    0.00449536128734149,
    0.004495361286350611,
    0.004185702578650564,
    0.00400279318541065,
    0.0038386112522025852,
    0.003572558879171563,
    0.003335123021353693,
    0.0032114023266826726,
    0.0030725357979362934,
    0.0030725358004798147,
    0.0029545543537602796,
    0.002871962130446258,
    0.0027843516860033167,
    0.002645797364477306,
    0.0025564130455364275,
    0.0024260227938773375,
    0.002259175953850391,
    0.0022591759415963083,
    0.002097980015286415,
    0.002014753714628266,
    0.0019396919742341485,
    0.0018280389432050017,
    0.0017169448404764497,
    0.0016677808002733803,
    0.0016118200696998806,
    0.001611820071309152,
    0.0015664739510308288,
    0.001526838652033627,
    0.0014845889714077659,
    0.0014281049855429102,
    0.001381783035632094,
    0.0012975350363090433,
    0.0011966973141768185,
    0.0011966973151978856,
    0.0011087013442825297,
    0.0010576621778762758,
    0.0010157544917091424,
    0.0009625393889206576,
