{
  "gpu": false,
  "infile": "../matrix/cgne_init_4096_dble_csr.dat",
  "matfile": "../matrix/conf6_0-8x8-20/conf6_0-8x8-20.mtx",
  "k": 0.15,
  "kc": 0.15717,
  "reordering": true,
  "preconditioning": true,
  "vol": 4096,
  "dim": 49152,
  "lattice": "8x8x8x8",
  "blk_dim": 3072,
  "bs": "4x4x4x4",
  "res": 1e-06,
  "tol": 0.0003135346870547978,
  "nmx": 1250,
  "nkv": 7,
  "nmr": 4,
  "ncy": 2,
  "sdtype": "float32",
  "ddtype": "float64",
  "cdtype": "float32",
  "rn": [
    37.480463669673014,
    12.044223201374734,
    5.873057251844606,
    3.071746172786086,
    1.7018795694687097,
    0.9290962674644521,
    0.5201705962102603,
    0.5201705802795045,
    0.3180765842532081,
    0.1894440218093559,
    0.11494688245622663,
    0.06493390377571548,
    0.03724178340815311,
    0.018608036379129493,
    0.010767768290950337,
    0.010767768966905423,
    0.006863340573592705,
    0.004021028547926769,
    0.002432892634096121,
    0.0014094433559624481,
    0.0008539382313544173,
    0.0004816961627333731,
    0.0002865500494681325,
    0.00028655003614485013
  ],
  "i": [
    0,
    1,
    2,
    3,
    4,
    5,
    6,
    7,
    8,
    9,
    10,
    11,
    12,
    13,
    14,
    15,
    16,
    17,
    18,
    19,
    20,
    21,
    22,
    23
  ],
  "reset": [
    7,
    15,
    23
  ],
  "duration": 1.7695183753967285,
  "status": 21
}