{
  "gpu": false,
  "device": "hybrid",
  "infile": "../matrix/cgne_init_4096_dble_csr.dat",
  "matfile": null,
  "k": 0.0,
  "kc": 0.0,
  "reordering": false,
  "preconditioning": true,
  "vol": 4096,
  "dim": 49152,
  "lattice": "8x8x8x8",
  "blk_dim": 6144,
  "bs": "8x4x4x4",
  "res": 1e-06,
  "tol": 0.0003135346870762468,
  "nmx": 1250,
  "nkv": 7,
  "nmr": 2,
  "ncy": 4,
  "sdtype": "float64",
  "ddtype": "float64",
  "cdtype": "float64",
  "rn": [
    141.94600320869984,
    76.85902000338334,
    44.38763270975106,
    27.03376020942625,
    17.01614044027425,
    10.879044656823762,
    7.007028476609525,
    7.007028476609526,
    4.927549037273589,
    3.3470193038431417,
    2.259815204313447,
    1.4573903496433918,
    0.9288773593057484,
    0.575860827977045,
    0.36569394106390374,
    0.36569394106390385,
    0.2650595881181335,
    0.18715198134797853,
    0.1271431465303551,
    0.08537012305236553,
    0.057750282484642874,
    0.03931811730781874,
    0.027217769491264344,
    0.027217769491265042,
    0.019841453060861002,
    0.014146312739242883,
    0.00978597640186617,
    0.006622796729123028,
    0.004516820991713903,
    0.0031616042775435794,
    0.002248937633407112,
    0.002248937633407113,
    0.0016439256508841227,
    0.0011741071303018006,
    0.0008124983044026983,
    0.0005570410342318881,
    0.00038834115546200644,
    0.0002761518889000945,
    0.00027615188889951414
  ],
  "i": [
    0,
    1,
    2,
    3,
    4,
    5,
    6,
    7,
    8,
    9,
    10,
    11,
    12,
    13,
    14,
    15,
    16,
    17,
    18,
    19,
    20,
    21,
    22,
    23,
    24,
    25,
    26,
    27,
    28,
    29,
    30,
    31,
    32,
    33,
    34,
    35,
    36,
    37,
    38
  ],
  "reset": [
    7,
    15,
    23,
    31,
    38
  ],
  "duration": [
    3.7457852363586426,
    4.291056394577026,
    4.229133605957031,
    4.15505313873291,
    4.114651918411255,
    4.188221216201782,
    4.135416746139526,
    4.091234445571899,
    4.052974700927734,
    4.111714124679565,
    4.145474910736084,
    4.151940822601318,
    4.152764081954956,
    4.1093223094940186,
    4.213530778884888,
    4.261209487915039,
    4.232618570327759,
    4.078998327255249,
    4.090459585189819,
    4.105074644088745
  ],
  "status": 34
}