{
  "gpu": false,
  "device": "hybrid",
  "infile": "../matrix/cgne_init_4096_dble_csr.dat",
  "matfile": "../matrix/conf6_0-8x8-30/conf6.0-00l8x8-3000.mtx",
  "k": 0.05,
  "kc": 0.15649,
  "reordering": true,
  "preconditioning": true,
  "vol": 4096,
  "dim": 49152,
  "lattice": "8x8x8x8",
  "blk_dim": 24576,
  "bs": "8x8x8x4",
  "res": 1e-06,
  "tol": 0.0003135346870547978,
  "nmx": 250,
  "nkv": 7,
  "nmr": 10,
  "ncy": 4,
  "sdtype": "float32",
  "ddtype": "float64",
  "cdtype": "float32",
  "rn": [
    2.4165610280733697e-05,
    5.28336968682335e-05
  ],
  "i": [
    0,
    1
  ],
  "reset": [
    1
  ],
  "duration": [
    0.06429648399353027,
    0.06409025192260742,
    0.06393671035766602,
    0.0639963150024414,
    0.06406474113464355,
    0.06439781188964844,
    0.06428313255310059,
    0.06462264060974121,
    0.06439018249511719,
    0.06397867202758789,
    0.06410598754882812,
    0.0641789436340332,
    0.06448864936828613,
    0.0644521713256836,
    0.0653231143951416,
    0.06412506103515625,
    0.06398653984069824,
    0.06463956832885742,
    0.06412839889526367,
    0.06460189819335938
  ],
  "status": 1
}