{
  "gpu": false,
  "device": "hybrid",
  "infile": "../matrix/fgcr_check3_4096_dble_csr.dat",
  "matfile": null,
  "k": 0.0,
  "kc": 0.0,
  "reordering": false,
  "preconditioning": true,
  "vol": 4096,
  "dim": 49152,
  "lattice": "8x8x8x8",
  "blk_dim": 3072,
  "bs": "4x4x4x4",
  "res": 1e-06,
  "tol": 0.00031353468710831124,
  "nmx": 1250,
  "nkv": 7,
  "nmr": 4,
  "ncy": 2,
  "sdtype": "float32",
  "ddtype": "float64",
  "cdtype": "float32",
  "rn": [
    61.50098561231586,
    21.23128389996005,
    9.562621583554964,
    3.9496225365551814,
    1.7744973255718768,
    0.7625729167824857,
    0.3375550247968655,
    0.3375552365667386,
    0.1899488106125586,
    0.08149268951303526,
    0.03426692329052085,
    0.014622703154492624,
    0.006426673542575338,
    0.0025755931008052363,
    0.0009613294390423868,
    0.0009613294487943731,
    0.0005481737641373454,
    0.00023581089736616638,
    0.00023581089818332766
  ],
  "i": [
    0,
    1,
    2,
    3,
    4,
    5,
    6,
    7,
    8,
    9,
    10,
    11,
    12,
    13,
    14,
    15,
    16,
    17,
    18
  ],
  "reset": [
    7,
    15,
    18
  ],
  "duration": [
    2.5289573669433594,
    2.5243077278137207,
    2.5244393348693848,
    2.5199201107025146,
    2.5207455158233643,
    2.5192413330078125,
    2.521481990814209,
    2.517627000808716,
    2.5179104804992676,
    2.517686367034912,
    2.5205323696136475,
    2.507716655731201,
    2.5088608264923096,
    2.508516311645508,
    2.509066104888916,
    2.5094308853149414,
    2.5084850788116455,
    2.5087616443634033,
    2.5090935230255127,
    2.5086755752563477
  ],
  "status": 16
}