{
  "gpu": false,
  "device": "hybrid",
  "infile": "../matrix/cgne_init_65536_dble_csr.dat",
  "matfile": null,
  "k": 0.0,
  "kc": 0.0,
  "reordering": false,
  "preconditioning": true,
  "vol": 65536,
  "dim": 786432,
  "lattice": "16x16x16x16",
  "blk_dim": 12288,
  "bs": "8x8x4x4",
  "res": 1e-06,
  "tol": 0.0012541387483049865,
  "nmx": 2500,
  "nkv": 7,
  "nmr": 4,
  "ncy": 1,
  "sdtype": "float64",
  "ddtype": "float64",
  "cdtype": "float64",
  "rn": [
    610.6609629913394,
    234.87234710626635,
    104.60075401208387,
    47.69203028944389,
    21.640491251741246,
    10.204894038313435,
    4.7859175775881395,
    4.78591757758814,
    2.387192260856463,
    1.1810584247494451,
    0.5684961132659737,
    0.2743327573342009,
    0.1305153713672062,
    0.05697078904307905,
    0.026444587261566236,
    0.02644458726156627,
    0.013083295634614158,
    0.006441980338691965,
    0.003107925993157593,
    0.0015320150132245001,
    0.0007405024269032343,
    0.0007405024269034961
  ],
  "i": [
    0,
    1,
    2,
    3,
    4,
    5,
    6,
    7,
    8,
    9,
    10,
    11,
    12,
    13,
    14,
    15,
    16,
    17,
    18,
    19,
    20,
    21
  ],
  "reset": [
    7,
    15,
    21
  ],
  "duration": [
    7.087327003479004,
    7.123834133148193,
    7.094995498657227,
    7.010633945465088,
    7.06566047668457,
    7.110243082046509,
    6.974369287490845,
    7.0485999584198,
    6.981652736663818,
    7.095266103744507,
    7.109220266342163,
    7.0636513233184814,
    7.2088823318481445,
    7.081735134124756,
    7.046344041824341,
    7.0677831172943115,
    7.118916273117065,
    7.296575546264648,
    7.121373414993286,
    7.107053756713867
  ],
  "status": 19
}