{
  "gpu": true,
  "device": "gpu",
  "infile": "../matrix/cgne_init_4096_dble_csr.dat",
  "matfile": null,
  "k": 0.0,
  "kc": 0.0,
  "reordering": false,
  "preconditioning": true,
  "vol": 4096,
  "dim": 49152,
  "lattice": "8x8x8x8",
  "blk_dim": 3072,
  "bs": "4x4x4x4",
  "res": 1e-06,
  "tol": 0.00031353468703945405,
  "nmx": 2500,
  "nkv": 7,
  "nmr": 4,
  "ncy": 1,
  "sdtype": "float32",
  "ddtype": "float64",
  "cdtype": "float64",
  "rn": [
    145.93583641339296,
    53.67074716862606,
    22.593468508871336,
    10.131621542002513,
    4.335447860901193,
    2.058789299717265,
    0.9562525342883654,
    0.9562526206968028,
    0.46838634572725246,
    0.23100431546499137,
    0.11586900080385462,
    0.05155115043862764,
    0.02373010113820196,
    0.010760111778241885,
    0.0050986655211047475,
    0.005098665955629024,
    0.002486729660288708,
    0.0012154097075599162,
    0.0006178821886427334,
    0.00027944782113113086,
    0.0002794478207811893
  ],
  "i": [
    0,
    1,
    2,
    3,
    4,
    5,
    6,
    7,
    8,
    9,
    10,
    11,
    12,
    13,
    14,
    15,
    16,
    17,
    18,
    19,
    20
  ],
  "reset": [
    7,
    15,
    20
  ],
  "duration": [
    0.787630558013916,
    0.624971866607666,
    0.6237540245056152,
    0.6206684112548828,
    0.6266252994537354,
    0.6252448558807373,
    0.6243340969085693,
    0.6286783218383789,
    0.6222488880157471,
    0.619300365447998,
    0.6203925609588623,
    0.6227569580078125,
    0.6211059093475342,
    0.6268389225006104,
    0.6151463985443115,
    0.6247680187225342,
    0.620413064956665,
    0.6205654144287109,
    0.6230764389038086,
    0.621058464050293
  ],
  "status": 18
}