{
  "gpu": false,
  "device": "hybrid",
  "infile": "../matrix/cgne_init_65536_dble_csr.dat",
  "matfile": null,
  "k": 0.0,
  "kc": 0.0,
  "reordering": false,
  "preconditioning": true,
  "vol": 65536,
  "dim": 786432,
  "lattice": "16x16x16x16",
  "blk_dim": 6144,
  "bs": "8x4x4x4",
  "res": 1e-06,
  "tol": 0.0012541387483049865,
  "nmx": 313,
  "nkv": 7,
  "nmr": 4,
  "ncy": 8,
  "sdtype": "float64",
  "ddtype": "float64",
  "cdtype": "float64",
  "rn": [
    224.22290846599086,
    47.293069701041105,
    8.978079439139881,
    1.989658119454959,
    0.3790944147431643,
    0.08035995624004419,
    0.015761188557164962,
    0.01576118855716404,
    0.0033571387059991666,
    0.0006808492993551416,
    0.000680849299355467
  ],
  "i": [
    0,
    1,
    2,
    3,
    4,
    5,
    6,
    7,
    8,
    9,
    10
  ],
  "reset": [
    7,
    10
  ],
  "duration": [
    30.476574897766113,
    30.442556619644165,
    30.49040913581848,
    30.4659366607666,
    30.427776098251343,
    30.400503158569336,
    30.382307052612305,
    30.43474507331848,
    30.37505078315735,
    30.382324695587158,
    30.51244330406189,
    30.70168972015381,
    30.697083950042725,
    30.71284818649292,
    30.70204186439514,
    30.710012435913086,
    30.703243017196655,
    30.720768213272095,
    30.716858625411987,
    30.72116446495056
  ],
  "status": 9
}