{
  "gpu": false,
  "device": "hybrid",
  "infile": "../matrix/cgne_init_4096_dble_csr.dat",
  "matfile": "../matrix/conf6_0-8x8-30/conf6.0-00l8x8-3000.mtx",
  "k": 0.05,
  "kc": 0.15649,
  "reordering": true,
  "preconditioning": true,
  "vol": 4096,
  "dim": 49152,
  "lattice": "8x8x8x8",
  "blk_dim": 12288,
  "bs": "8x8x4x4",
  "res": 1e-06,
  "tol": 0.0003135346870547978,
  "nmx": 2500,
  "nkv": 7,
  "nmr": 4,
  "ncy": 1,
  "sdtype": "float32",
  "ddtype": "float64",
  "cdtype": "float32",
  "rn": [
    16.031367708932585,
    0.05272581452502182,
    0.00030117721722891456,
    0.00030178410018512797
  ],
  "i": [
    0,
    1,
    2,
    3
  ],
  "reset": [
    3
  ],
  "duration": [
    0.04886794090270996,
    0.048116445541381836,
    0.047966718673706055,
    0.047493696212768555,
    0.0475924015045166,
    0.04742884635925293,
    0.04714369773864746,
    0.04724860191345215,
    0.0475468635559082,
    0.04728817939758301,
    0.04732203483581543,
    0.04731106758117676,
    0.04758620262145996,
    0.04743552207946777,
    0.0475008487701416,
    0.04758119583129883,
    0.047391414642333984,
    0.04753518104553223,
    0.04745292663574219,
    0.04769539833068848
  ],
  "status": 3
}