{
  "gpu": true,
  "infile": "../matrix/cgne_init_4096_dble_csr.dat",
  "matfile": null,
  "k": 0.0,
  "kc": 0.0,
  "reordering": false,
  "preconditioning": true,
  "vol": 4096,
  "dim": 49152,
  "lattice": "8x8x8x8",
  "blk_dim": 3072,
  "bs": "4x4x4x4",
  "res": 1e-06,
  "tol": 0.00031353468703945405,
  "nmx": 1250,
  "nkv": 7,
  "nmr": 4,
  "ncy": 2,
  "sdtype": "float32",
  "ddtype": "float64",
  "cdtype": "float32",
  "rn": [
    170.21242664928496,
    100.56857914756536,
    67.55205508660255,
    47.4070735827525,
    34.593440531317555,
    25.476128088554237,
    18.923166001356414,
    18.923165827659226,
    15.558083181212792,
    12.155818012078036,
    9.392063303504239,
    6.839591071809277,
    4.90015818813094,
    3.4245279691807555,
    2.48598812726535,
    2.4859881324460824,
    2.082215678534717,
    1.6834186838005658,
    1.2539185924603038,
    0.9328650593951173,
    0.7051496981469212,
    0.5422986677125223,
    0.41949356290223583,
    0.4194935621158508,
    0.34779256220761745,
    0.28081937932632917,
    0.21544113768558443,
    0.160732248527221,
    0.11950596773827775,
    0.09372641914107502,
    0.0748577190782852,
    0.0748577198456152,
    0.0622236532174922,
    0.04934657943335388,
    0.03666477773043605,
    0.02776936614819458,
    0.021701046048173217,
    0.01740388571077764,
    0.014187816068819819,
    0.014187816089598161,
    0.012017522914867192,
    0.009655508558081179,
    0.007503034208573103,
    0.005598057171980513,
    0.0041710863206946055,
    0.0033686484482341,
    0.002833579262891382,
    0.002833579274625014,
    0.00244960354244865,
    0.001985471102544199,
    0.0014994874880321384,
    0.0011605401457131744,
    0.0009217719093219282,
    0.0007378232088320564,
    0.0005881392618019712,
    0.0005881392629264574,
    0.00048566386275371125,
    0.0003893730873250117,
    0.00031098312208660046,
    0.00031098312236783974
  ],
  "i": [
    0,
    1,
    2,
    3,
    4,
    5,
    6,
    7,
    8,
    9,
    10,
    11,
    12,
    13,
    14,
    15,
    16,
    17,
    18,
    19,
    20,
    21,
    22,
    23,
    24,
    25,
    26,
    27,
    28,
    29,
    30,
    31,
    32,
    33,
    34,
    35,
    36,
    37,
    38,
    39,
    40,
    41,
    42,
    43,
    44,
    45,
    46,
    47,
    48,
    49,
    50,
    51,
    52,
    53,
    54,
    55,
    56,
    57,
    58,
    59
  ],
  "reset": [
    7,
    15,
    23,
    31,
    39,
    47,
    55,
    59
  ],
  "duration": 3.754142999649048,
  "status": 52
}