{
  "gpu": false,
  "device": "hybrid",
  "infile": "../matrix/cgne_init_4096_dble_csr.dat",
  "matfile": "../matrix/conf6_0-8x8-30/conf6.0-00l8x8-3000.mtx",
  "k": 0.15649,
  "kc": 0.15649,
  "reordering": true,
  "preconditioning": true,
  "vol": 4096,
  "dim": 49152,
  "lattice": "8x8x8x8",
  "blk_dim": 6144,
  "bs": "8x4x4x4",
  "res": 1e-06,
  "tol": 0.0003135346870762468,
  "nmx": 250,
  "nkv": 7,
  "nmr": 4,
  "ncy": 10,
  "sdtype": "float64",
  "ddtype": "float64",
  "cdtype": "float64",
  "rn": [
    12.345613658907924,
    6.4000059849884385,
    3.9549204726039817,
    2.697204975407624,
    1.9577562961448218,
    1.3919654378286064,
    0.9497010511164479,
    0.9497010511164479,
    0.670995700170441,
    0.49053470515770753,
    0.35234715725859406,
    0.24796054028675713,
    0.1659368507988415,
    0.11272823901354354,
    0.07245414169582236,
    0.07245414169582215,
    0.05141360463100424,
    0.03691006649581887,
    0.0267139914093111,
    0.02117517926962964,
    0.015324524790450609,
    0.010586907368206425,
    0.00739282916163191,
    0.0073928291616325035,
    0.005376235930962156,
    0.004077910772690964,
    0.003104136458227004,
    0.0022663891666659807,
    0.0016545653388734742,
    0.0011739290445754848,
    0.0007557186183218363,
    0.0007557186183216619,
    0.0005822653404207335,
    0.00039758883091865234,
    0.0002876610640263134,
    0.00028766106402633424
  ],
  "i": [
    0,
    1,
    2,
    3,
    4,
    5,
    6,
    7,
    8,
    9,
    10,
    11,
    12,
    13,
    14,
    15,
    16,
    17,
    18,
    19,
    20,
    21,
    22,
    23,
    24,
    25,
    26,
    27,
    28,
    29,
    30,
    31,
    32,
    33,
    34,
    35
  ],
  "reset": [
    7,
    15,
    23,
    31,
    35
  ],
  "duration": [
    6.6148083209991455,
    6.6161417961120605,
    6.612892150878906,
    6.617807626724243,
    6.595835208892822,
    6.5828704833984375,
    6.590627431869507,
    6.587018966674805,
    6.581284523010254,
    6.579538106918335,
    6.573838472366333,
    6.574845314025879,
    6.581718444824219,
    6.598153352737427,
    6.577149152755737,
    6.5737364292144775,
    6.584233283996582,
    6.582512378692627,
    6.5731141567230225,
    6.565911769866943
  ],
  "status": 31
}