{
  "gpu": false,
  "device": "cpu",
  "infile": "../matrix/cgne_init_65536_dble_csr.dat",
  "matfile": null,
  "k": 0.0,
  "kc": 0.0,
  "reordering": false,
  "preconditioning": true,
  "vol": 65536,
  "dim": 786048,
  "lattice": "16x16x16x16",
  "blk_dim": 196512,
  "bs": "16x16x8x8",
  "res": 1e-06,
  "tol": 0.0012541387483049865,
  "nmx": 210,
  "nkv": 7,
  "nmr": 12,
  "ncy": 4,
  "sdtype": "float64",
  "ddtype": "float64",
  "cdtype": "float64",
  "rn": [
    60.18354021954502,
    4.584736822812609,
    0.393878490226897,
    0.03740264010035341,
    0.003886783740166854,
    0.0003980159804806822,
    0.00039801598048066735
  ],
  "i": [
    0,
    1,
    2,
    3,
    4,
    5,
    6
  ],
  "reset": [
    6
  ],
  "duration": [
    17.855173587799072,
    17.966448545455933,
    17.839726209640503,
    18.166861534118652,
    17.7896625995636,
    18.98397207260132,
    17.70749068260193,
    18.449952125549316,
    18.02878212928772,
    17.609750509262085,
    18.034356117248535,
    17.975890636444092,
    17.950599193572998,
    17.738123655319214,
    18.663108110427856,
    17.921443939208984,
    17.93147301673889,
    18.298841953277588,
    17.988606214523315,
    18.453674793243408
  ],
  "status": 6
}