{
  "gpu": false,
  "device": "hybrid",
  "infile": "../matrix/cgne_init_4096_dble_csr.dat",
  "matfile": null,
  "k": 0.0,
  "kc": 0.0,
  "reordering": false,
  "preconditioning": true,
  "vol": 4096,
  "dim": 49152,
  "lattice": "8x8x8x8",
  "blk_dim": 12288,
  "bs": "8x8x4x4",
  "res": 1e-06,
  "tol": 0.0003135346870547978,
  "nmx": 2500,
  "nkv": 7,
  "nmr": 1,
  "ncy": 4,
  "sdtype": "float32",
  "ddtype": "float64",
  "cdtype": "float32",
  "rn": [
    118.55172595331764,
    46.24140495766422,
    19.20079916007573,
    8.379877198512657,
    3.798724629721961,
    1.7686417682640894,
    0.8459328809800193,
    0.8459327007647895,
    0.41999089152025554,
    0.21330630686137708,
    0.10936542107940725,
    0.049991062433064774,
    0.024362197054685092,
    0.01187809194203182,
    0.005678537889554764,
    0.005678537803511299,
    0.0028737927436150073,
    0.0014637103035003245,
    0.0007444194682151201,
    0.00035010764042923466,
    0.00017375578873063987,
    0.00017375578778310204
  ],
  "i": [
    0,
    1,
    2,
    3,
    4,
    5,
    6,
    7,
    8,
    9,
    10,
    11,
    12,
    13,
    14,
    15,
    16,
    17,
    18,
    19,
    20,
    21
  ],
  "reset": [
    7,
    15,
    21
  ],
  "duration": [
    1.1967244148254395,
    1.1980555057525635,
    1.1945741176605225,
    1.1966571807861328,
    1.2004156112670898,
    1.1987226009368896,
    1.1985666751861572,
    1.206786870956421,
    1.2005534172058105,
    1.2000408172607422,
    1.1981487274169922,
    1.201758623123169,
    1.1941940784454346,
    1.1951262950897217,
    1.195862054824829,
    1.1962170600891113,
    1.1944012641906738,
    1.1954400539398193,
    1.1938164234161377,
    1.1921544075012207
  ],
  "status": 19
}