{
  "gpu": true,
  "device": "gpu",
  "infile": "../matrix/cgne_init_4096_dble_csr.dat",
  "matfile": "../matrix/conf6_0-8x8-30/conf6.0-00l8x8-3000.mtx",
  "k": 0.05,
  "kc": 0.15649,
  "reordering": true,
  "preconditioning": true,
  "vol": 4096,
  "dim": 49152,
  "lattice": "8x8x8x8",
  "blk_dim": 3072,
  "bs": "4x4x4x4",
  "res": 1e-06,
  "tol": 0.00031353468703945405,
  "nmx": 250,
  "nkv": 7,
  "nmr": 4,
  "ncy": 10,
  "sdtype": "float32",
  "ddtype": "float64",
  "cdtype": "float32",
  "rn": [
    3.35186617400164e-05,
    5.0708883043341766e-05
  ],
  "i": [
    0,
    1
  ],
  "reset": [
    1
  ],
  "duration": [
    0.3346688747406006,
    0.33832669258117676,
    0.33675265312194824,
    0.33438587188720703,
    0.3352842330932617,
    0.3363790512084961,
    0.332979679107666,
    0.33048033714294434,
    0.32541441917419434,
    0.32876014709472656,
    0.3333091735839844,
    0.3271331787109375,
    0.33143186569213867,
    0.3304929733276367,
    0.32958173751831055,
    0.33068299293518066,
    0.33539533615112305,
    0.33344435691833496,
    0.33332395553588867,
    0.33184194564819336
  ],
  "status": 1
}