{
  "gpu": false,
  "device": "cpu",
  "infile": "../matrix/cgne_init_4096_dble_csr.dat",
  "matfile": "../matrix/conf6_0-8x8-30/conf6.0-00l8x8-3000.mtx",
  "k": 0.15649,
  "kc": 0.15649,
  "reordering": true,
  "preconditioning": true,
  "vol": 4096,
  "dim": 49152,
  "lattice": "8x8x8x8",
  "blk_dim": 12288,
  "bs": "8x8x4x4",
  "res": 1e-06,
  "tol": 0.0003135346870762468,
  "nmx": 417,
  "nkv": 7,
  "nmr": 4,
  "ncy": 6,
  "sdtype": "float64",
  "ddtype": "float64",
  "cdtype": "float64",
  "rn": [
    16.470680393713607,
    8.324832448811566,
    4.848968696994373,
    3.018542612078316,
    1.8150353397041035,
    1.1193946218253796,
    0.7181005445118891,
    0.7181005445118886,
    0.4793696268787644,
    0.3363587880450545,
    0.22537504086099538,
    0.13423191433926485,
    0.0784573797775702,
    0.05018058506163057,
    0.03347820861758858,
    0.033478208617588816,
    0.022533775884678198,
    0.015979004515954177,
    0.010566025543290008,
    0.006996851183471514,
    0.00464432990549609,
    0.003090249491721496,
    0.0018066079108497465,
    0.0018066079108498302,
    0.0011016045049761895,
    0.0006688397618255269,
    0.00048168042025295023,
    0.0003362080903697811,
    0.00022556845608406916,
    0.00022556845608318223
  ],
  "i": [
    0,
    1,
    2,
    3,
    4,
    5,
    6,
    7,
    8,
    9,
    10,
    11,
    12,
    13,
    14,
    15,
    16,
    17,
    18,
    19,
    20,
    21,
    22,
    23,
    24,
    25,
    26,
    27,
    28,
    29
  ],
  "reset": [
    7,
    15,
    23,
    29
  ],
  "duration": [
    8.15084433555603,
    8.650882244110107,
    8.45454454421997,
    8.547075510025024,
    8.575872659683228,
    7.880789041519165,
    8.25549578666687,
    8.271864652633667,
    8.748137950897217,
    8.3550283908844,
    8.29940676689148,
    8.502569913864136,
    8.391831636428833,
    8.59317660331726,
    8.349037647247314,
    8.093464612960815,
    8.950068712234497,
    8.45159649848938,
    8.24245285987854,
    8.56963849067688
  ],
  "status": 26
}