{
  "gpu": false,
  "device": "cpu",
  "infile": "../matrix/cgne_init_4096_dble_csr.dat",
  "matfile": "../matrix/conf6_0-8x8-20/conf6_0-8x8-20.mtx",
  "k": 0.15,
  "kc": 0.15717,
  "reordering": true,
  "preconditioning": true,
  "vol": 4096,
  "dim": 49152,
  "lattice": "8x8x8x8",
  "blk_dim": 12288,
  "bs": "8x8x4x4",
  "res": 1e-06,
  "tol": 0.0003135346870547978,
  "nmx": 250,
  "nkv": 7,
  "nmr": 4,
  "ncy": 10,
  "sdtype": "float32",
  "ddtype": "float64",
  "cdtype": "float32",
  "rn": [
    1.9786423129744957,
    0.17918574797713469,
    0.017509057458953498,
    0.0016357509205457174,
    0.00020501533076223616,
    0.00023325924099785385
  ],
  "i": [
    0,
    1,
    2,
    3,
    4,
    5
  ],
  "reset": [
    5
  ],
  "duration": [
    2.124910831451416,
    2.125563621520996,
    2.128160238265991,
    2.117748260498047,
    2.1202540397644043,
    2.1229190826416016,
    2.1234328746795654,
    2.1234946250915527,
    2.117352247238159,
    2.1191415786743164,
    2.1209497451782227,
    2.119596004486084,
    2.1227450370788574,
    2.1124460697174072,
    2.112971544265747,
    2.116180419921875,
    2.112088680267334,
    2.1141390800476074,
    2.1164956092834473,
    2.120966911315918
  ],
  "status": 5
}