{
  "gpu": false,
  "device": "hybrid",
  "infile": "../matrix/cgne_init_4096_dble_csr.dat",
  "matfile": "../matrix/conf6_0-8x8-20/conf6_0-8x8-20.mtx",
  "k": 0.15,
  "kc": 0.15717,
  "reordering": true,
  "preconditioning": true,
  "vol": 4096,
  "dim": 49152,
  "lattice": "8x8x8x8",
  "blk_dim": 3072,
  "bs": "4x4x4x4",
  "res": 1e-06,
  "tol": 0.0003135346870547978,
  "nmx": 1250,
  "nkv": 7,
  "nmr": 2,
  "ncy": 4,
  "sdtype": "float32",
  "ddtype": "float64",
  "cdtype": "float32",
  "rn": [
    24.608497288590794,
    7.790977178453266,
    3.5311989118315537,
    1.7552451474575983,
    0.9003145109405821,
    0.4669836336798461,
    0.24165149745848089,
    0.2416516746770271,
    0.1389028218319309,
    0.07792386411744394,
    0.04274318312139178,
    0.022695452580674187,
    0.011414478693224098,
    0.005559834489020176,
    0.0029440733952560724,
    0.0029440735270208785,
    0.001712367859416704,
    0.0009275898278822748,
    0.0005147922943063753,
    0.0002771495458827428,
    0.00027714954912634636
  ],
  "i": [
    0,
    1,
    2,
    3,
    4,
    5,
    6,
    7,
    8,
    9,
    10,
    11,
    12,
    13,
    14,
    15,
    16,
    17,
    18,
    19,
    20
  ],
  "reset": [
    7,
    15,
    20
  ],
  "duration": [
    1.8301427364349365,
    1.8244712352752686,
    1.8289577960968018,
    1.826791763305664,
    1.825136423110962,
    1.8208732604980469,
    1.825727939605713,
    1.8262643814086914,
    1.8292558193206787,
    1.8251514434814453,
    1.8209731578826904,
    1.8189363479614258,
    1.8229517936706543,
    1.8231735229492188,
    1.8210077285766602,
    1.8258254528045654,
    1.820697546005249,
    1.820255994796753,
    1.8252756595611572,
    1.8231558799743652
  ],
  "status": 18
}