{
  "gpu": false,
  "device": "cpu",
  "infile": "../matrix/cgne_init_4096_dble_csr.dat",
  "matfile": "../matrix/conf6_0-8x8-20/conf6_0-8x8-20.mtx",
  "k": 0.15,
  "kc": 0.15717,
  "reordering": true,
  "preconditioning": true,
  "vol": 4096,
  "dim": 49152,
  "lattice": "8x8x8x8",
  "blk_dim": 3072,
  "bs": "4x4x4x4",
  "res": 1e-06,
  "tol": 0.0003135346870547978,
  "nmx": 250,
  "nkv": 7,
  "nmr": 4,
  "ncy": 10,
  "sdtype": "float32",
  "ddtype": "float64",
  "cdtype": "float64",
  "rn": [
    2.514520843215405,
    0.2441777323247473,
    0.025588299996520944,
    0.002576828700726137,
    0.00026635180002675834,
    0.0002732897260016492
  ],
  "i": [
    0,
    1,
    2,
    3,
    4,
    5
  ],
  "reset": [
    5
  ],
  "duration": [
    1.5905275344848633,
    1.5906319618225098,
    1.5876634120941162,
    1.5864391326904297,
    1.589219331741333,
    1.588273525238037,
    1.5863232612609863,
    1.58744478225708,
    1.5886406898498535,
    1.5880930423736572,
    1.5849664211273193,
    1.587616205215454,
    1.5873959064483643,
    1.5853829383850098,
    1.5877935886383057,
    1.5868299007415771,
    1.5868165493011475,
    1.5859756469726562,
    1.5866162776947021,
    1.5858724117279053
  ],
  "status": 5
}