{
  "gpu": false,
  "device": "cpu",
  "infile": "../matrix/fgcr_check3_4096_dble_csr.dat",
  "matfile": null,
  "k": 0.0,
  "kc": 0.0,
  "reordering": false,
  "preconditioning": true,
  "vol": 4096,
  "dim": 49152,
  "lattice": "8x8x8x8",
  "blk_dim": 3072,
  "bs": "4x4x4x4",
  "res": 1e-06,
  "tol": 0.0003135346870762468,
  "nmx": 417,
  "nkv": 7,
  "nmr": 12,
  "ncy": 2,
  "sdtype": "float64",
  "ddtype": "float64",
  "cdtype": "float64",
  "rn": [
    59.00606855410263,
    22.231129729863255,
    10.212358907850415,
    4.442929012312457,
    2.066335974616151,
    0.9174075723698889,
    0.4234683553316249,
    0.42346835533162547,
    0.2510839366076318,
    0.1141078548551037,
    0.05035761484283781,
    0.022337328472002264,
    0.010211647920740278,
    0.0042539643263282845,
    0.0015934160270190732,
    0.0015934160270198686,
    0.0009597306721890473,
    0.00042303111260802293,
    0.00019747404273164795,
    0.0001974740427316244
  ],
  "i": [
    0,
    1,
    2,
    3,
    4,
    5,
    6,
    7,
    8,
    9,
    10,
    11,
    12,
    13,
    14,
    15,
    16,
    17,
    18,
    19
  ],
  "reset": [
    7,
    15,
    19
  ],
  "duration": [
    2.4251534938812256,
    2.4276039600372314,
    2.425236225128174,
    2.424880266189575,
    2.4251930713653564,
    2.425045967102051,
    2.422773599624634,
    2.42433762550354,
    2.4230735301971436,
    2.425475597381592,
    2.423457384109497,
    2.424241781234741,
    2.4228553771972656,
    2.42337703704834,
    2.4238803386688232,
    2.4238991737365723,
    2.424020290374756,
    2.4224507808685303,
    2.4225404262542725,
    2.8049120903015137
  ],
  "status": 17
}