{
  "gpu": true,
  "device": "gpu",
  "infile": "../matrix/cgne_init_4096_dble_csr.dat",
  "matfile": "../matrix/conf6_0-8x8-20/conf6_0-8x8-20.mtx",
  "k": 0.15717,
  "kc": 0.15717,
  "reordering": true,
  "preconditioning": true,
  "vol": 4096,
  "dim": 49152,
  "lattice": "8x8x8x8",
  "blk_dim": 3072,
  "bs": "4x4x4x4",
  "res": 1e-06,
  "tol": 0.0003135346870762468,
  "nmx": 125,
  "nkv": 7,
  "nmr": 20,
  "ncy": 4,
  "sdtype": "float64",
  "ddtype": "float64",
  "cdtype": "float64",
  "rn": [
    26.1888455851457,
    11.585827505192363,
    6.26724140150382,
    3.680572018808023,
    2.2073128389697065,
    1.4175206749891738,
    0.8843839625431055,
    0.8843839625431051,
    0.5569826296430431,
    0.34764204566548157,
    0.21679429152429727,
    0.13962889326928948,
    0.0852156744502938,
    0.04709626399266886,
    0.026949993670705608,
    0.026949993670705722,
    0.01641063068813662,
    0.009853990265900463,
    0.005983703020395126,
    0.003816190355056416,
    0.0024442754706791594,
    0.0015646853145918327,
    0.0009984286882658913,
    0.000998428688265662,
    0.000653642157010669,
    0.0004031725930632781,
    0.0002451981174934499,
    0.0002451981174936349
  ],
  "i": [
    0,
    1,
    2,
    3,
    4,
    5,
    6,
    7,
    8,
    9,
    10,
    11,
    12,
    13,
    14,
    15,
    16,
    17,
    18,
    19,
    20,
    21,
    22,
    23,
    24,
    25,
    26,
    27
  ],
  "reset": [
    7,
    15,
    23,
    27
  ],
  "duration": [
    14.802006483078003,
    14.674126386642456,
    14.649213790893555,
    14.660469770431519,
    14.675990343093872,
    14.666467189788818,
    14.673882484436035,
    14.657192945480347,
    14.66975712776184,
    14.680629014968872,
    14.664577007293701,
    14.63024115562439,
    14.651981592178345,
    14.63247799873352,
    14.636126279830933,
    14.640921354293823,
    14.650043249130249,
    14.631186962127686,
    14.636438608169556,
    14.638545036315918
  ],
  "status": 24
}