{
  "gpu": false,
  "device": "cpu",
  "infile": "../matrix/cgne_init_65536_dble_csr.dat",
  "matfile": null,
  "k": 0.0,
  "kc": 0.0,
  "reordering": false,
  "preconditioning": true,
  "vol": 65536,
  "dim": 786048,
  "lattice": "16x16x16x16",
  "blk_dim": 393024,
  "bs": "16x16x16x8",
  "res": 1e-06,
  "tol": 0.0012541387482794752,
  "nmx": 625,
  "nkv": 7,
  "nmr": 8,
  "ncy": 2,
  "sdtype": "float32",
  "ddtype": "float64",
  "cdtype": "float64",
  "rn": [
    714.6804091111003,
    472.2120146807356,
    301.15449160081835,
    188.3823264468329,
    116.98430657894983,
    73.2363769499798,
    47.02538327888498,
    47.02538289460657,
    31.082113966646425,
    21.27238247956501,
    14.879593392795764,
    10.794733940823459,
    8.025602534460178,
    6.050295773290555,
    4.612637492602552,
    4.612637538867588,
    3.5111821462959125,
    2.7295792444883693,
    2.089664423019469,
    1.63652255400062,
    1.2194856515849746,
    0.9084481745440967,
    0.6929119726166418,
    0.692911977146168,
    0.5147785091522543,
    0.39865480607589376,
    0.30312588407025304,
    0.23690739282504839,
    0.18049060046917118,
    0.13499361938301827,
    0.10317971847023011,
    0.10317971872394063,
    0.07742296468505422,
    0.060019970995595986,
    0.04580558491263368,
    0.03577889615166138,
    0.027336596616637548,
    0.020495778214606946,
    0.015722201192856184,
    0.015722201329138413,
    0.01178267445923016,
    0.009151912204779757,
    0.006970496224542271,
    0.005447919558749525,
    0.004157570953562267,
    0.0031166870057490175,
    0.0023908514045149166,
    0.0023908514014895554,
    0.0018033499224643069,
    0.0013990744402445226,
    0.0010667365188180454,
    0.0010667365231990876
  ],
  "i": [
    0,
    1,
    2,
    3,
    4,
    5,
    6,
    7,
    8,
    9,
    10,
    11,
    12,
    13,
    14,
    15,
    16,
    17,
    18,
    19,
    20,
    21,
    22,
    23,
    24,
    25,
    26,
    27,
    28,
    29,
    30,
    31,
    32,
    33,
    34,
    35,
    36,
    37,
    38,
    39,
    40,
    41,
    42,
    43,
    44,
    45,
    46,
    47,
    48,
    49,
    50,
    51
  ],
  "reset": [
    7,
    15,
    23,
    31,
    39,
    47,
    51
  ],
  "duration": [
    40.91554546356201,
    40.82073426246643,
    40.88475966453552,
    40.96434283256531,
    40.81934070587158,
    40.80088996887207,
    40.92932724952698,
    40.906301975250244,
    40.90874671936035,
    40.9696741104126,
    40.934481620788574,
    40.866694927215576,
    40.818169355392456,
    40.809356689453125,
    40.837918519973755,
    40.84762263298035,
    40.770833253860474,
    40.91615033149719,
    40.88073921203613,
    40.87324905395508
  ],
  "status": 45
}