{
  "gpu": true,
  "device": "gpu",
  "infile": "../matrix/fgcr_check3_4096_dble_csr.dat",
  "matfile": null,
  "k": 0.0,
  "kc": 0.0,
  "reordering": false,
  "preconditioning": true,
  "vol": 4096,
  "dim": 49152,
  "lattice": "8x8x8x8",
  "blk_dim": 24576,
  "bs": "8x8x8x4",
  "res": 1e-06,
  "tol": 0.00031353468715082124,
  "nmx": 2500,
  "nkv": 7,
  "nmr": 4,
  "ncy": 1,
  "sdtype": "float32",
  "ddtype": "float64",
  "cdtype": "float64",
  "rn": [
    131.17210815597406,
    58.63820043372683,
    31.774713571369837,
    19.439168740865487,
    11.587921897123183,
    7.1929739497698435,
    4.340278792314936,
    4.34027870251931,
    3.140027712304846,
    2.150705555558432,
    1.2965790016233822,
    0.777052994519231,
    0.47358251094637727,
    0.25133564487245164,
    0.15698799652124024,
    0.1569879972679125,
    0.11868696928711475,
    0.07969505565922543,
    0.04596093641696569,
    0.026452041473193584,
    0.01632475560991089,
    0.00997055331459857,
    0.006812167827316562,
    0.006812167690596819,
    0.005164677531324927,
    0.0035459052151370803,
    0.0021007654826619756,
    0.0012400703584841874,
    0.0007635475068793121,
    0.00047786160850163303,
    0.00033987485305914626,
    0.00033987484708834526,
    0.00025792213187810186,
    0.0002579221322039227
  ],
  "i": [
    0,
    1,
    2,
    3,
    4,
    5,
    6,
    7,
    8,
    9,
    10,
    11,
    12,
    13,
    14,
    15,
    16,
    17,
    18,
    19,
    20,
    21,
    22,
    23,
    24,
    25,
    26,
    27,
    28,
    29,
    30,
    31,
    32,
    33
  ],
  "reset": [
    7,
    15,
    23,
    31,
    33
  ],
  "duration": [
    0.41582226753234863,
    0.19795846939086914,
    0.19802522659301758,
    0.1983935832977295,
    0.19791960716247559,
    0.19812536239624023,
    0.19829416275024414,
    0.19824910163879395,
    0.19855618476867676,
    0.19810938835144043,
    0.1981966495513916,
    0.19806170463562012,
    0.19832110404968262,
    0.198197603225708,
    0.19780993461608887,
    0.1979694366455078,
    0.19791698455810547,
    0.19801712036132812,
    0.19833111763000488,
    0.1979813575744629
  ],
  "status": 29
}