{
  "gpu": false,
  "device": "hybrid",
  "infile": "../matrix/cgne_init_65536_dble_csr.dat",
  "matfile": null,
  "k": 0.0,
  "kc": 0.0,
  "reordering": false,
  "preconditioning": true,
  "vol": 65536,
  "dim": 786432,
  "lattice": "16x16x16x16",
  "blk_dim": 6144,
  "bs": "8x4x4x4",
  "res": 1e-06,
  "tol": 0.0012541387482794752,
  "nmx": 625,
  "nkv": 7,
  "nmr": 8,
  "ncy": 2,
  "sdtype": "float32",
  "ddtype": "float64",
  "cdtype": "float32",
  "rn": [
    714.0828212211064,
    471.4087335833282,
    300.3151211133068,
    187.70075846416287,
    116.4479372410698,
    72.78695277015085,
    46.532288058100185,
    46.532288056373,
    30.400157574447196,
    20.336845603191758,
    13.667986545610775,
    9.320255922310512,
    6.429463701605226,
    4.4502996297294315,
    3.100243027790413,
    3.100243042807041,
    2.166064176635266,
    1.538863406405901,
    1.0770454264831761,
    0.7649840288818097,
    0.5427043556341662,
    0.3795303391345608,
    0.2655576649126138,
    0.26555766316135176,
    0.1879888832338734,
    0.13469352478690855,
    0.09503267459263458,
    0.06794131566495343,
    0.048604557722552615,
    0.03427838702684692,
    0.024320940734550264,
    0.024320940921817562,
    0.01733281019631648,
    0.012477213408818837,
    0.00886183073311837,
    0.006365601393055166,
    0.004559830987122642,
    0.0032320195243748674,
    0.002301656950754166,
    0.002301656937299856,
    0.001640791258038202,
    0.0011877891831094678,
    0.0011877891826043783
  ],
  "i": [
    0,
    1,
    2,
    3,
    4,
    5,
    6,
    7,
    8,
    9,
    10,
    11,
    12,
    13,
    14,
    15,
    16,
    17,
    18,
    19,
    20,
    21,
    22,
    23,
    24,
    25,
    26,
    27,
    28,
    29,
    30,
    31,
    32,
    33,
    34,
    35,
    36,
    37,
    38,
    39,
    40,
    41,
    42
  ],
  "reset": [
    7,
    15,
    23,
    31,
    39,
    42
  ],
  "duration": [
    48.56402587890625,
    48.563865661621094,
    48.61993098258972,
    48.597408056259155,
    48.5792670249939,
    48.56611251831055,
    48.589226484298706,
    48.65869665145874,
    48.55954694747925,
    48.57213377952576,
    48.55807161331177,
    48.5418267250061,
    48.608564376831055,
    48.642171144485474,
    48.706498861312866,
    48.73868989944458,
    48.74703884124756,
    48.73111891746521,
    48.68363428115845,
    48.68620586395264
  ],
  "status": 37
}