{
  "gpu": false,
  "device": "cpu",
  "infile": "../matrix/fgcr_check3_4096_dble_csr.dat",
  "matfile": "../matrix/conf6_0-8x8-30/conf6.0-00l8x8-3000.mtx",
  "k": 0.15649,
  "kc": 0.15649,
  "reordering": true,
  "preconditioning": true,
  "vol": 4096,
  "dim": 49152,
  "lattice": "8x8x8x8",
  "blk_dim": 3072,
  "bs": "4x4x4x4",
  "res": 1e-09,
  "tol": 3.1353468707624677e-07,
  "nmx": 1280,
  "nkv": 7,
  "nmr": 4,
  "ncy": 2,
  "sdtype": "float64",
  "ddtype": "float64",
  "cdtype": "float64",
  "extension": 0,
  "ext_alpha": 0.9,
  "ext_beta": 1,
  "deflation": true,
  "dfl_little": "../matrix/little/conf6.0-00l8x8-3000_little_Ns20_ninv5_ncy5_nmr4_bs8x4x4x4.dat",
  "dfl_nmx": 256,
  "dfl_res": 0.01,
  "rn": [
    49.269733654956575,
    22.521002798610326,
    12.820866024294492,
    7.614977903136517,
    4.566558755398443,
    2.8344152397358875,
    1.7109433538912995,
    1.7109433538912995,
    1.0893399357577203,
    0.7076087111316417,
    0.45504911189545794,
    0.2767704684831138,
    0.18612527289414782,
    0.11300435300214175,
    0.06989970937064502,
    0.06989970937064571,
    0.04693630760407389,
    0.029263891604731862,
    0.016556571128805975,
    0.010451331301594879,
    0.006869536458161623,
    0.004604444383297711,
    0.0029331219808491848,
    0.0029331219808491934,
    0.0019898104581197082,
    0.001339828247516997,
    0.00086944279941039,
    0.0005753331869225271,
    0.0003340733411615517,
    0.00018776825896556955,
    0.00011007696621316912,
    0.00011007696621324649,
    7.516770884777221e-05,
    4.870801107140287e-05,
    3.0317719021641615e-05,
    1.9841001575766104e-05,
    1.2862762283838743e-05,
    8.268219073428136e-06,
    5.380799627145198e-06,
    5.380799627019536e-06,
    3.4893559415495827e-06,
    2.202346683218661e-06,
    1.307423332223783e-06,
    9.048788262675201e-07,
    5.839729171313399e-07,
    3.8180480832601124e-07,
    2.3317483839899343e-07,
    2.3317483936341239e-07
  ],
  "i": [
    0,
    1,
    2,
    3,
    4,
    5,
    6,
    7,
    8,
    9,
    10,
    11,
    12,
    13,
    14,
    15,
    16,
    17,
    18,
    19,
    20,
    21,
    22,
    23,
    24,
    25,
    26,
    27,
    28,
    29,
    30,
    31,
    32,
    33,
    34,
    35,
    36,
    37,
    38,
    39,
    40,
    41,
    42,
    43,
    44,
    45,
    46,
    47
  ],
  "reset": [
    7,
    15,
    23,
    31,
    39,
    47
  ],
  "duration": [
    14.28285527229309,
    13.794700860977173,
    14.213393926620483,
    14.36609435081482,
    14.205338478088379,
    14.40265679359436,
    14.23204493522644,
    13.86330533027649,
    14.346068859100342,
    14.603328227996826
  ],
  "status": 42
}