{
  "gpu": false,
  "device": "cpu",
  "infile": "../matrix/fgcr_check3_4096_dble_csr.dat",
  "matfile": "../matrix/conf6_0-8x8-30/conf6.0-00l8x8-3000.mtx",
  "k": 0.15649,
  "kc": 0.15649,
  "reordering": true,
  "preconditioning": true,
  "vol": 4096,
  "dim": 49152,
  "lattice": "8x8x8x8",
  "blk_dim": 3072,
  "bs": "4x4x4x4",
  "res": 1e-09,
  "tol": 3.1353468707624677e-07,
  "nmx": 128,
  "nkv": 7,
  "nmr": 20,
  "ncy": 20,
  "sdtype": "float64",
  "ddtype": "float64",
  "cdtype": "float64",
  "extension": 0,
  "ext_alpha": 0.9,
  "ext_beta": 1,
  "deflation": false,
  "dfl_little": null,
  "dfl_nmx": 256,
  "dfl_res": 0.01,
  "rn": [
    7.512382798761949,
    4.668260686016471,
    2.640001791826217,
    1.0261710773115529,
    0.4316857510036502,
    0.20241952959908027,
    0.04019608467756349,
    0.040196084677564144,
    0.01069419296306112,
    0.00835842037557949,
    0.005445644270435821,
    0.0021009912540680483,
    0.0010737206557308908,
    0.0005104988418600528,
    9.812979136028029e-05,
    9.812979135984738e-05,
    3.280132295224667e-05,
    2.4486568291155662e-05,
    1.3447103782006587e-05,
    5.8688390837011544e-06,
    3.2370445993585666e-06,
    1.317273215642017e-06,
    2.814519488724449e-07,
    2.814519492737706e-07
  ],
  "i": [
    0,
    1,
    2,
    3,
    4,
    5,
    6,
    7,
    8,
    9,
    10,
    11,
    12,
    13,
    14,
    15,
    16,
    17,
    18,
    19,
    20,
    21,
    22,
    23
  ],
  "reset": [
    7,
    15,
    23
  ],
  "duration": [
    83.29076385498047,
    83.27865147590637,
    83.29123163223267,
    83.28412508964539,
    83.2912757396698,
    83.28308725357056,
    83.27810621261597,
    83.28355813026428,
    83.29896259307861,
    83.28472805023193
  ],
  "status": 21
}