{
  "gpu": false,
  "device": "cpu",
  "infile": "../matrix/fgcr_check3_4096_dble_csr.dat",
  "matfile": "../matrix/conf6_0-8x8-30/conf6.0-00l8x8-3000.mtx",
  "k": 0.05,
  "kc": 0.15649,
  "reordering": true,
  "preconditioning": true,
  "vol": 4096,
  "dim": 49152,
  "lattice": "8x8x8x8",
  "blk_dim": 3072,
  "bs": "4x4x4x4",
  "res": 1e-09,
  "tol": 3.1353468707624677e-07,
  "nmx": 10240,
  "nkv": 7,
  "nmr": 1,
  "ncy": 1,
  "sdtype": "float64",
  "ddtype": "float64",
  "cdtype": "float64",
  "extension": 0,
  "ext_alpha": 0.9,
  "ext_beta": 1,
  "deflation": true,
  "dfl_little": "../matrix/little/conf6.0-00l8x8-3000_little_Ns20_ninv5_ncy5_nmr4_bs8x8x8x4.dat",
  "dfl_nmx": 256,
  "dfl_res": 0.01,
  "rn": [
    59.93007340305003,
    26.476668769592077,
    20.009129058738313,
    14.280634533021281,
    7.47089575283,
    4.7251508212793025,
    2.937493975649587,
    2.9374939756495873,
    2.0630681584584303,
    1.3612272879979215,
    0.9260246126896492,
    0.5884045770517586,
    0.41576751951289553,
    0.26420121559712473,
    0.14617663284809793,
    0.14617663284809776,
    0.0917187992295651,
    0.06218398847465737,
    0.035801418746732525,
    0.023329047795015732,
    0.01423283433118549,
    0.008439552067561189,
    0.005493732852428754,
    0.005493732852428978,
    0.004253818933424391,
    0.0028473343478974257,
    0.0019237235580246567,
    0.0013342044367352858,
    0.0008555645685099322,
    0.0004534060700312691,
    0.00023638830701796612,
    0.00023638830701832046,
    0.00013477459447560882,
    8.144861560491261e-05,
    5.7295586264258405e-05,
    3.960610336609962e-05,
    2.71818244894496e-05,
    1.4827126639700497e-05,
    9.02780716444405e-06,
    9.02780716421454e-06,
    6.428867802719453e-06,
    4.1982921397117996e-06,
    2.613810376080047e-06,
    1.996079902420644e-06,
    1.2263992595160252e-06,
    7.812972816507293e-07,
    4.920466233895008e-07,
    4.920466232271718e-07,
    2.998271027925788e-07,
    2.99827102878317e-07
  ],
  "i": [
    0,
    1,
    2,
    3,
    4,
    5,
    6,
    7,
    8,
    9,
    10,
    11,
    12,
    13,
    14,
    15,
    16,
    17,
    18,
    19,
    20,
    21,
    22,
    23,
    24,
    25,
    26,
    27,
    28,
    29,
    30,
    31,
    32,
    33,
    34,
    35,
    36,
    37,
    38,
    39,
    40,
    41,
    42,
    43,
    44,
    45,
    46,
    47,
    48,
    49
  ],
  "reset": [
    7,
    15,
    23,
    31,
    39,
    47,
    49
  ],
  "duration": [
    5.1215105056762695,
    5.735290050506592,
    5.211332559585571,
    5.313652038574219,
    5.234739303588867,
    5.21601414680481,
    5.516697645187378,
    5.389268636703491,
    5.807450532913208,
    5.202155590057373
  ],
  "status": 43
}