{
  "gpu": false,
  "device": "cpu",
  "infile": "../matrix/fgcr_check3_4096_dble_csr.dat",
  "matfile": "../matrix/conf6_0-8x8-30/conf6.0-00l8x8-3000.mtx",
  "k": 0.15649,
  "kc": 0.15649,
  "reordering": true,
  "preconditioning": true,
  "vol": 4096,
  "dim": 49152,
  "lattice": "8x8x8x8",
  "blk_dim": 3072,
  "bs": "4x4x4x4",
  "res": 1e-09,
  "tol": 3.1353468707624677e-07,
  "nmx": 400,
  "nkv": 7,
  "nmr": 6,
  "ncy": 6,
  "sdtype": "float64",
  "ddtype": "float64",
  "cdtype": "float64",
  "extension": 0,
  "ext_alpha": 0.9,
  "ext_beta": 1,
  "deflation": true,
  "dfl_little": "../matrix/little/conf6.0-00l8x8-3000_little_Ns20_ninv5_ncy5_nmr4_bs4x4x2x2.dat",
  "dfl_nmx": 256,
  "dfl_res": 0.01,
  "rn": [
    17.85942662883302,
    6.983921999354429,
    3.031419142836062,
    1.3083465813296822,
    0.5234232851216202,
    0.16719849454134203,
    0.06687456110956655,
    0.06687456110956617,
    0.029798826766654136,
    0.0147954134973745,
    0.006679958431730332,
    0.0025145790220529383,
    0.0007042002350978033,
    0.00022532780100576773,
    5.749636589262204e-05,
    5.749636589212787e-05,
    2.466144856107864e-05,
    9.043689396600188e-06,
    3.8011664477514432e-06,
    1.197115934786704e-06,
    5.063193200112774e-07,
    1.7609228623474813e-07,
    1.760922870059857e-07
  ],
  "i": [
    0,
    1,
    2,
    3,
    4,
    5,
    6,
    7,
    8,
    9,
    10,
    11,
    12,
    13,
    14,
    15,
    16,
    17,
    18,
    19,
    20,
    21,
    22
  ],
  "reset": [
    7,
    15,
    22
  ],
  "duration": [
    27.003907442092896,
    26.93397068977356,
    26.850075006484985,
    27.078214645385742,
    27.086519718170166,
    27.023266315460205,
    27.005428075790405,
    27.161381483078003,
    26.93187403678894,
    27.04875135421753
  ],
  "status": 20
}