{
  "gpu": false,
  "device": "cpu",
  "infile": "../matrix/fgcr_check3_4096_dble_csr.dat",
  "matfile": "../matrix/conf6_0-8x8-30/conf6.0-00l8x8-3000.mtx",
  "k": 0.05,
  "kc": 0.15649,
  "reordering": true,
  "preconditioning": true,
  "vol": 4096,
  "dim": 49152,
  "lattice": "8x8x8x8",
  "blk_dim": 3072,
  "bs": "4x4x4x4",
  "res": 1e-09,
  "tol": 3.1353468707624677e-07,
  "nmx": 2560,
  "nkv": 7,
  "nmr": 4,
  "ncy": 1,
  "sdtype": "float64",
  "ddtype": "float64",
  "cdtype": "float64",
  "extension": 0,
  "ext_alpha": 0.9,
  "ext_beta": 1,
  "deflation": true,
  "dfl_little": "../matrix/little/conf6.0-00l8x8-3000_little_Ns10_ninv5_ncy5_nmr4_bs8x8x8x4.dat",
  "dfl_nmx": 256,
  "dfl_res": 0.01,
  "rn": [
    26.900691617724945,
    14.191677512317694,
    7.087707298142304,
    3.83330456434032,
    1.387573853349345,
    0.7862203443838524,
    0.13240725997031352,
    0.13240725997031327,
    0.07320768282203827,
    0.04447461096908083,
    0.02924179410033151,
    0.015248202836727837,
    0.008334158158141163,
    0.002964233672169433,
    0.0018446304114902968,
    0.0018446304114904,
    0.0012906592624677246,
    0.0008202015398947098,
    0.00041747453200360093,
    0.00022106349512041477,
    8.521485491539123e-05,
    3.317462236684481e-05,
    1.6434211986460323e-05,
    1.643421198656829e-05,
    8.801829877432006e-06,
    5.544377969126999e-06,
    3.5062537535362744e-06,
    2.2655638828678878e-06,
    9.76907850031728e-07,
    4.997861042702137e-07,
    2.3442352217711575e-07,
    2.3442352161770213e-07
  ],
  "i": [
    0,
    1,
    2,
    3,
    4,
    5,
    6,
    7,
    8,
    9,
    10,
    11,
    12,
    13,
    14,
    15,
    16,
    17,
    18,
    19,
    20,
    21,
    22,
    23,
    24,
    25,
    26,
    27,
    28,
    29,
    30,
    31
  ],
  "reset": [
    7,
    15,
    23,
    31
  ],
  "duration": [
    4.7076575756073,
    4.4284584522247314,
    4.314368009567261,
    4.6894752979278564,
    4.803760528564453,
    4.5606372356414795,
    4.552169561386108,
    4.7285943031311035,
    4.9526519775390625,
    4.603551864624023
  ],
  "status": 28
}