{
  "gpu": false,
  "device": "cpu",
  "infile": "../matrix/fgcr_check3_4096_dble_csr.dat",
  "matfile": "../matrix/conf6_0-8x8-30/conf6.0-00l8x8-3000.mtx",
  "k": 0.05,
  "kc": 0.15649,
  "reordering": true,
  "preconditioning": true,
  "vol": 4096,
  "dim": 49152,
  "lattice": "8x8x8x8",
  "blk_dim": 3072,
  "bs": "4x4x4x4",
  "res": 1e-09,
  "tol": 3.1353468707624677e-07,
  "nmx": 5120,
  "nkv": 7,
  "nmr": 2,
  "ncy": 1,
  "sdtype": "float64",
  "ddtype": "float64",
  "cdtype": "float64",
  "extension": 0,
  "ext_alpha": 0.9,
  "ext_beta": 1,
  "deflation": true,
  "dfl_little": "../matrix/little/conf6.0-00l8x8-3000_little_Ns20_ninv5_ncy5_nmr4_bs8x8x4x4.dat",
  "dfl_nmx": 256,
  "dfl_res": 0.01,
  "rn": [
    28.11350419987069,
    13.8464750730409,
    7.107203991949889,
    4.200313423625127,
    2.280690428882451,
    0.8711723323143743,
    0.4294855641415126,
    0.42948556414151196,
    0.28624138812837285,
    0.17087920871744353,
    0.10728429563695903,
    0.06173245661830658,
    0.031166717692132057,
    0.017615466125668264,
    0.009233987612563563,
    0.009233987612562835,
    0.005888484750666016,
    0.0028450695295685856,
    0.0016386720578439203,
    0.0009021711219324999,
    0.0005307201844801465,
    0.00031095030138748473,
    0.00016749908195445696,
    0.0001674990819548719,
    9.785307831042615e-05,
    6.685424383894907e-05,
    3.9199347569947706e-05,
    2.204238438245022e-05,
    1.086099370965272e-05,
    5.540857126949873e-06,
    3.2071195144440045e-06,
    3.2071195142842664e-06,
    2.258741992479582e-06,
    1.305622746542834e-06,
    8.061806843275399e-07,
    4.5412425493789054e-07,
    2.4384145343413723e-07,
    2.4384145339074384e-07
  ],
  "i": [
    0,
    1,
    2,
    3,
    4,
    5,
    6,
    7,
    8,
    9,
    10,
    11,
    12,
    13,
    14,
    15,
    16,
    17,
    18,
    19,
    20,
    21,
    22,
    23,
    24,
    25,
    26,
    27,
    28,
    29,
    30,
    31,
    32,
    33,
    34,
    35,
    36,
    37
  ],
  "reset": [
    7,
    15,
    23,
    31,
    37
  ],
  "duration": [
    6.071157217025757,
    5.722344160079956,
    5.875930547714233,
    5.8453333377838135,
    5.94668984413147,
    5.8573362827301025,
    5.821845293045044,
    5.876384258270264,
    5.764757394790649,
    5.829169273376465
  ],
  "status": 33
}