{
  "gpu": false,
  "device": "cpu",
  "infile": "../matrix/fgcr_check3_4096_dble_csr.dat",
  "matfile": "../matrix/conf6_0-8x8-30/conf6.0-00l8x8-3000.mtx",
  "k": 0.15649,
  "kc": 0.15649,
  "reordering": true,
  "preconditioning": true,
  "vol": 4096,
  "dim": 49152,
  "lattice": "8x8x8x8",
  "blk_dim": 3072,
  "bs": "4x4x4x4",
  "res": 1e-09,
  "tol": 3.1353468707624677e-07,
  "nmx": 128,
  "nkv": 7,
  "nmr": 20,
  "ncy": 20,
  "sdtype": "float64",
  "ddtype": "float64",
  "cdtype": "float64",
  "extension": 0,
  "ext_alpha": 0.9,
  "ext_beta": 1,
  "deflation": true,
  "dfl_little": "../matrix/little/conf6.0-00l8x8-3000_little_Ns20_ninv5_ncy5_nmr4_bs4x4x4x2.dat",
  "dfl_nmx": 256,
  "dfl_res": 0.01,
  "rn": [
    6.433966987756931,
    0.471531317499315,
    0.03296747251055436,
    0.001813662414846518,
    8.563629126016775e-05,
    6.273578389254638e-06,
    2.162300780402803e-07,
    2.162300783704995e-07
  ],
  "i": [
    0,
    1,
    2,
    3,
    4,
    5,
    6,
    7
  ],
  "reset": [
    7
  ],
  "duration": [
    31.02784752845764,
    31.047276973724365,
    31.03838539123535,
    31.16058087348938,
    31.031655311584473,
    31.02058720588684,
    30.992956161499023,
    30.990659475326538,
    30.991199254989624,
    31.018335580825806
  ],
  "status": 7
}