{
  "gpu": false,
  "device": "cpu",
  "infile": "../matrix/fgcr_check3_4096_dble_csr.dat",
  "matfile": "../matrix/conf6_0-8x8-30/conf6.0-00l8x8-3000.mtx",
  "k": 0.05,
  "kc": 0.15649,
  "reordering": true,
  "preconditioning": true,
  "vol": 4096,
  "dim": 49152,
  "lattice": "8x8x8x8",
  "blk_dim": 3072,
  "bs": "4x4x4x4",
  "res": 1e-09,
  "tol": 3.1353468707624677e-07,
  "nmx": 2560,
  "nkv": 7,
  "nmr": 4,
  "ncy": 1,
  "sdtype": "float64",
  "ddtype": "float64",
  "cdtype": "float64",
  "extension": 0,
  "ext_alpha": 0.9,
  "ext_beta": 1,
  "deflation": true,
  "dfl_little": "../matrix/little/conf6.0-00l8x8-3000_little_Ns20_ninv5_ncy5_nmr4_bs8x8x4x4.dat",
  "dfl_nmx": 256,
  "dfl_res": 0.01,
  "rn": [
    26.10341539841406,
    9.228073871171635,
    4.424267802659565,
    2.4895070706830755,
    1.2626256640730011,
    0.438005585371497,
    0.20322591237705076,
    0.20322591237705032,
    0.1299636780744287,
    0.07332802952025776,
    0.04347987965045507,
    0.024607286535907703,
    0.011804103011345836,
    0.006383307331006082,
    0.0030673026235433602,
    0.0030673026235439552,
    0.0018300376421814515,
    0.000850918581476203,
    0.0004319971359175619,
    0.00022335655796046054,
    0.00013342479797512526,
    7.274904501149048e-05,
    3.3899055137188816e-05,
    3.3899055137662734e-05,
    1.938906893451193e-05,
    1.2592566117785524e-05,
    6.6278149733452645e-06,
    3.558789515659814e-06,
    1.7341696160728082e-06,
    9.301630177582807e-07,
    4.790317769152398e-07,
    4.790317765515185e-07,
    2.98580703327319e-07,
    2.9858070324365567e-07
  ],
  "i": [
    0,
    1,
    2,
    3,
    4,
    5,
    6,
    7,
    8,
    9,
    10,
    11,
    12,
    13,
    14,
    15,
    16,
    17,
    18,
    19,
    20,
    21,
    22,
    23,
    24,
    25,
    26,
    27,
    28,
    29,
    30,
    31,
    32,
    33
  ],
  "reset": [
    7,
    15,
    23,
    31,
    33
  ],
  "duration": [
    6.2330591678619385,
    5.930064916610718,
    5.819796323776245,
    5.747822999954224,
    6.125974178314209,
    6.014238357543945,
    6.160651683807373,
    6.213156700134277,
    5.702442407608032,
    5.817389488220215
  ],
  "status": 29
}