{
  "gpu": false,
  "device": "cpu",
  "infile": "../matrix/fgcr_check3_4096_dble_csr.dat",
  "matfile": "../matrix/conf6_0-8x8-30/conf6.0-00l8x8-3000.mtx",
  "k": 0.15649,
  "kc": 0.15649,
  "reordering": true,
  "preconditioning": true,
  "vol": 4096,
  "dim": 49152,
  "lattice": "8x8x8x8",
  "blk_dim": 3072,
  "bs": "4x4x4x4",
  "res": 1e-09,
  "tol": 3.1353468707624677e-07,
  "nmx": 128,
  "nkv": 7,
  "nmr": 20,
  "ncy": 20,
  "sdtype": "float64",
  "ddtype": "float64",
  "cdtype": "float64",
  "extension": 0,
  "ext_alpha": 0.9,
  "ext_beta": 1,
  "deflation": true,
  "dfl_little": "../matrix/little/conf6.0-00l8x8-3000_little_Ns10_ninv5_ncy5_nmr4_bs8x8x8x4.dat",
  "dfl_nmx": 256,
  "dfl_res": 0.01,
  "rn": [
    8.945629138226101,
    2.6388992534656324,
    0.727448627076492,
    0.13097372360286696,
    0.02522083940617005,
    0.004763525996232426,
    0.0007064345470298442,
    0.0007064345470298547,
    0.0002290430875024322,
    6.132119424299646e-05,
    1.6605759720343006e-05,
    2.8483929174718534e-06,
    5.035316356979299e-07,
    5.909902210044075e-08,
    5.909902278066924e-08
  ],
  "i": [
    0,
    1,
    2,
    3,
    4,
    5,
    6,
    7,
    8,
    9,
    10,
    11,
    12,
    13,
    14
  ],
  "reset": [
    7,
    14
  ],
  "duration": [
    52.308199882507324,
    52.172924280166626,
    52.13285446166992,
    52.12741732597351,
    52.12700796127319,
    52.133177757263184,
    52.12959575653076,
    52.18152093887329,
    52.126280307769775,
    52.12122917175293
  ],
  "status": 13
}