{
  "gpu": false,
  "device": "cpu",
  "infile": "../matrix/fgcr_check3_4096_dble_csr.dat",
  "matfile": "../matrix/conf6_0-8x8-30/conf6.0-00l8x8-3000.mtx",
  "k": 0.15649,
  "kc": 0.15649,
  "reordering": true,
  "preconditioning": true,
  "vol": 4096,
  "dim": 49152,
  "lattice": "8x8x8x8",
  "blk_dim": 3072,
  "bs": "4x4x4x4",
  "res": 1e-09,
  "tol": 3.1353468707624677e-07,
  "nmx": 400,
  "nkv": 7,
  "nmr": 6,
  "ncy": 6,
  "sdtype": "float64",
  "ddtype": "float64",
  "cdtype": "float64",
  "extension": 0,
  "ext_alpha": 0.9,
  "ext_beta": 1,
  "deflation": true,
  "dfl_little": "../matrix/little/conf6.0-00l8x8-3000_little_Ns20_ninv5_ncy5_nmr4_bs8x8x8x4.dat",
  "dfl_nmx": 256,
  "dfl_res": 0.01,
  "rn": [
    18.691546943974885,
    8.600662261143524,
    5.813944823026724,
    3.852146651719327,
    1.9632600474044546,
    1.282263946558751,
    0.6094323514215378,
    0.6094323514215373,
    0.43689747759872644,
    0.2501699894438725,
    0.13578073508763266,
    0.08389723713802086,
    0.04724976045288503,
    0.02241671277275442,
    0.011795444198311843,
    0.01179544419831171,
    0.007190042056215654,
    0.005676151941363519,
    0.003765832604883929,
    0.002781120810252545,
    0.0015712290087857945,
    0.0007585590999320563,
    0.0003782444485544419,
    0.0003782444485542747,
    0.00022820106423772788,
    0.00015259213541398117,
    9.81764565997364e-05,
    5.949677478664405e-05,
    2.9987538652314656e-05,
    1.4023042017711257e-05,
    7.59194758156711e-06,
    7.59194758110364e-06,
    6.09911995130966e-06,
    4.810763455357843e-06,
    3.327139451805835e-06,
    1.8059993782608013e-06,
    1.0775731691835385e-06,
    6.264370322711039e-07,
    2.805876618208226e-07,
    2.8058766199787214e-07
  ],
  "i": [
    0,
    1,
    2,
    3,
    4,
    5,
    6,
    7,
    8,
    9,
    10,
    11,
    12,
    13,
    14,
    15,
    16,
    17,
    18,
    19,
    20,
    21,
    22,
    23,
    24,
    25,
    26,
    27,
    28,
    29,
    30,
    31,
    32,
    33,
    34,
    35,
    36,
    37,
    38,
    39
  ],
  "reset": [
    7,
    15,
    23,
    31,
    39
  ],
  "duration": [
    17.62657904624939,
    17.494935274124146,
    17.485942602157593,
    17.490777730941772,
    17.479005575180054,
    17.470256328582764,
    17.457462310791016,
    17.449881553649902,
    17.450264930725098,
    17.4526207447052
  ],
  "status": 35
}