{
  "gpu": false,
  "device": "cpu",
  "infile": "../matrix/fgcr_check3_4096_dble_csr.dat",
  "matfile": "../matrix/conf6_0-8x8-30/conf6.0-00l8x8-3000.mtx",
  "k": 0.05,
  "kc": 0.15649,
  "reordering": true,
  "preconditioning": true,
  "vol": 4096,
  "dim": 49152,
  "lattice": "8x8x8x8",
  "blk_dim": 3072,
  "bs": "4x4x4x4",
  "res": 1e-09,
  "tol": 3.1353468707624677e-07,
  "nmx": 2560,
  "nkv": 7,
  "nmr": 4,
  "ncy": 1,
  "sdtype": "float64",
  "ddtype": "float64",
  "cdtype": "float64",
  "extension": 0,
  "ext_alpha": 0.9,
  "ext_beta": 1,
  "deflation": true,
  "dfl_little": "../matrix/little/conf6.0-00l8x8-3000_little_Ns20_ninv5_ncy5_nmr4_bs8x4x4x4.dat",
  "dfl_nmx": 256,
  "dfl_res": 0.01,
  "rn": [
    26.570769536096886,
    7.346421624214893,
    3.5786757473398354,
    1.3208275259447981,
    0.7522259802728546,
    0.2991747797688815,
    0.15268916522731268,
    0.15268916522731266,
    0.09268790475710922,
    0.04211158234620894,
    0.022418695869452443,
    0.01146710538593279,
    0.0057090102476253166,
    0.002383568115098151,
    0.0010484211411146333,
    0.001048421141114592,
    0.0005515426521343634,
    0.0002564704455507843,
    0.00013841214746495719,
    7.497200104570843e-05,
    4.008595635205524e-05,
    1.9164820702267974e-05,
    8.573117456535865e-06,
    8.573117456472599e-06,
    4.696831902666638e-06,
    2.0638936429409124e-06,
    1.2266990155639693e-06,
    6.584886806686381e-07,
    3.1975222512963915e-07,
    1.2213149287530924e-07,
    1.2213149318512473e-07
  ],
  "i": [
    0,
    1,
    2,
    3,
    4,
    5,
    6,
    7,
    8,
    9,
    10,
    11,
    12,
    13,
    14,
    15,
    16,
    17,
    18,
    19,
    20,
    21,
    22,
    23,
    24,
    25,
    26,
    27,
    28,
    29,
    30
  ],
  "reset": [
    7,
    15,
    23,
    30
  ],
  "duration": [
    7.681854963302612,
    7.46155047416687,
    7.792312383651733,
    7.689714670181274,
    7.936426639556885,
    7.742634057998657,
    7.750570058822632,
    7.898992538452148,
    7.885982275009155,
    7.754432678222656
  ],
  "status": 27
}