{
  "gpu": false,
  "device": "cpu",
  "infile": "../matrix/fgcr_check3_4096_dble_csr.dat",
  "matfile": "../matrix/conf6_0-8x8-30/conf6.0-00l8x8-3000.mtx",
  "k": 0.05,
  "kc": 0.15649,
  "reordering": true,
  "preconditioning": true,
  "vol": 4096,
  "dim": 49152,
  "lattice": "8x8x8x8",
  "blk_dim": 3072,
  "bs": "4x4x4x4",
  "res": 1e-09,
  "tol": 3.1353468707624677e-07,
  "nmx": 10240,
  "nkv": 7,
  "nmr": 1,
  "ncy": 1,
  "sdtype": "float64",
  "ddtype": "float64",
  "cdtype": "float64",
  "extension": 0,
  "ext_alpha": 0.9,
  "ext_beta": 1,
  "deflation": true,
  "dfl_little": "../matrix/little/conf6.0-00l8x8-3000_little_Ns20_ninv5_ncy5_nmr4_bs8x4x4x4.dat",
  "dfl_nmx": 256,
  "dfl_res": 0.01,
  "rn": [
    61.059060686200986,
    29.20100552066748,
    18.131412359339944,
    8.8178124001872,
    5.566092314788263,
    3.0275719886356294,
    1.7725877618721118,
    1.7725877618721118,
    1.3197342702285868,
    0.7739286909936132,
    0.4560492455627762,
    0.27843795636688756,
    0.15870425081093806,
    0.08320296474202438,
    0.04155510808200584,
    0.04155510808200595,
    0.02486297996380937,
    0.015017760198064672,
    0.010017287861565714,
    0.0062108489227570346,
    0.004062324306486022,
    0.0023362491327267557,
    0.0012576779237964963,
    0.001257677923796005,
    0.0007560804350037304,
    0.0004648040669585999,
    0.0002986456232144787,
    0.00017307326717965122,
    0.00011008194553054514,
    6.385072830996586e-05,
    3.880061247508814e-05,
    3.880061247521344e-05,
    2.8936231197554203e-05,
    1.7995721664742853e-05,
    1.1129463255308674e-05,
    6.72364847821456e-06,
    3.916155055419492e-06,
    2.2938861686724717e-06,
    1.3804074234187827e-06,
    1.3804074228885178e-06,
    8.899447796995771e-07,
    5.625956408640278e-07,
    3.944793737689292e-07,
    2.5065747927115717e-07,
    2.506574788564865e-07
  ],
  "i": [
    0,
    1,
    2,
    3,
    4,
    5,
    6,
    7,
    8,
    9,
    10,
    11,
    12,
    13,
    14,
    15,
    16,
    17,
    18,
    19,
    20,
    21,
    22,
    23,
    24,
    25,
    26,
    27,
    28,
    29,
    30,
    31,
    32,
    33,
    34,
    35,
    36,
    37,
    38,
    39,
    40,
    41,
    42,
    43,
    44
  ],
  "reset": [
    7,
    15,
    23,
    31,
    39,
    44
  ],
  "duration": [
    9.292095184326172,
    9.393390655517578,
    9.494851350784302,
    9.183103561401367,
    8.887450695037842,
    9.325231790542603,
    9.14218521118164,
    9.468586683273315,
    9.535559892654419,
    9.122512578964233
  ],
  "status": 39
}