{
  "gpu": false,
  "device": "cpu",
  "infile": "../matrix/fgcr_check3_4096_dble_csr.dat",
  "matfile": "../matrix/conf6_0-8x8-30/conf6.0-00l8x8-3000.mtx",
  "k": 0.15649,
  "kc": 0.15649,
  "reordering": true,
  "preconditioning": true,
  "vol": 4096,
  "dim": 49152,
  "lattice": "8x8x8x8",
  "blk_dim": 3072,
  "bs": "4x4x4x4",
  "res": 1e-09,
  "tol": 3.1353468707624677e-07,
  "nmx": 128,
  "nkv": 7,
  "nmr": 20,
  "ncy": 20,
  "sdtype": "float64",
  "ddtype": "float64",
  "cdtype": "float64",
  "extension": 0,
  "ext_alpha": 0.9,
  "ext_beta": 1,
  "deflation": true,
  "dfl_little": "../matrix/little/conf6.0-00l8x8-3000_little_Ns20_ninv5_ncy5_nmr4_bs4x2x2x2.dat",
  "dfl_nmx": 256,
  "dfl_res": 0.01,
  "rn": [
    6.164714243313219,
    1.0435986112715605,
    0.14511928797894685,
    0.014270884412130855,
    0.0009436724013085476,
    5.954977214635081e-05,
    2.8782661731948972e-06,
    2.878266174226658e-06,
    2.5944255866695016e-07,
    2.5944255865699614e-07
  ],
  "i": [
    0,
    1,
    2,
    3,
    4,
    5,
    6,
    7,
    8,
    9
  ],
  "reset": [
    7,
    9
  ],
  "duration": [
    52.197853088378906,
    52.130491495132446,
    52.0873863697052,
    52.127679109573364,
    52.20537853240967,
    52.13654685020447,
    52.06544756889343,
    52.106717109680176,
    52.0428683757782,
    52.12024664878845
  ],
  "status": 8
}