{
  "gpu": false,
  "device": "cpu",
  "infile": "../matrix/fgcr_check3_4096_dble_csr.dat",
  "matfile": "../matrix/conf6_0-8x8-30/conf6.0-00l8x8-3000.mtx",
  "k": 0.15649,
  "kc": 0.15649,
  "reordering": true,
  "preconditioning": true,
  "vol": 4096,
  "dim": 49152,
  "lattice": "8x8x8x8",
  "blk_dim": 3072,
  "bs": "4x4x4x4",
  "res": 1e-09,
  "tol": 3.1353468707624677e-07,
  "nmx": 128,
  "nkv": 7,
  "nmr": 20,
  "ncy": 20,
  "sdtype": "float64",
  "ddtype": "float64",
  "cdtype": "float64",
  "extension": 0,
  "ext_alpha": 0.9,
  "ext_beta": 1,
  "deflation": true,
  "dfl_little": "../matrix/little/conf6.0-00l8x8-3000_little_Ns20_ninv5_ncy5_nmr4_bs8x4x4x4.dat",
  "dfl_nmx": 256,
  "dfl_res": 0.01,
  "rn": [
    6.042124813920679,
    0.5263862025115081,
    0.05257676750102558,
    0.006357713518003547,
    0.0004236886734698186,
    1.7235380367448923e-05,
    1.2012429300257775e-06,
    1.2012429288889862e-06,
    1.4906096792995536e-07,
    1.4906096823709196e-07
  ],
  "i": [
    0,
    1,
    2,
    3,
    4,
    5,
    6,
    7,
    8,
    9
  ],
  "reset": [
    7,
    9
  ],
  "duration": [
    33.10274863243103,
    33.21587920188904,
    33.038158893585205,
    33.027453660964966,
    33.1317925453186,
    33.09472179412842,
    33.028868436813354,
    33.094884157180786,
    33.07177257537842,
    33.05704927444458
  ],
  "status": 8
}