{
  "gpu": false,
  "device": "cpu",
  "infile": "../matrix/fgcr_check3_4096_dble_csr.dat",
  "matfile": "../matrix/conf6_0-8x8-30/conf6.0-00l8x8-3000.mtx",
  "k": 0.05,
  "kc": 0.15649,
  "reordering": true,
  "preconditioning": true,
  "vol": 4096,
  "dim": 49152,
  "lattice": "8x8x8x8",
  "blk_dim": 3072,
  "bs": "4x4x4x4",
  "res": 1e-09,
  "tol": 3.1353468707624677e-07,
  "nmx": 5120,
  "nkv": 7,
  "nmr": 2,
  "ncy": 1,
  "sdtype": "float64",
  "ddtype": "float64",
  "cdtype": "float64",
  "extension": 0,
  "ext_alpha": 0.9,
  "ext_beta": 1,
  "deflation": false,
  "dfl_little": null,
  "dfl_nmx": 256,
  "dfl_res": 0.01,
  "rn": [
    26.60179057575559,
    1.3056670692276295,
    0.06757995741399742,
    0.0034716243181125202,
    0.00018039023156450566,
    9.330779754483091e-06,
    4.828466313209552e-07,
    4.828466315939141e-07,
    2.516186057996903e-08,
    2.516186004789377e-08
  ],
  "i": [
    0,
    1,
    2,
    3,
    4,
    5,
    6,
    7,
    8,
    9
  ],
  "reset": [
    7,
    9
  ],
  "duration": [
    0.5855312347412109,
    0.5095670223236084,
    0.5663747787475586,
    0.6902143955230713,
    0.5643646717071533,
    0.78106689453125,
    0.5423603057861328,
    0.8117811679840088,
    0.5216002464294434,
    0.6250655651092529
  ],
  "status": 8
}