{
  "gpu": false,
  "device": "cpu",
  "infile": "../matrix/fgcr_check3_4096_dble_csr.dat",
  "matfile": "../matrix/conf6_0-8x8-30/conf6.0-00l8x8-3000.mtx",
  "k": 0.15649,
  "kc": 0.15649,
  "reordering": true,
  "preconditioning": true,
  "vol": 4096,
  "dim": 49152,
  "lattice": "8x8x8x8",
  "blk_dim": 3072,
  "bs": "4x4x4x4",
  "res": 1e-09,
  "tol": 3.1353468707624677e-07,
  "nmx": 640,
  "nkv": 7,
  "nmr": 4,
  "ncy": 4,
  "sdtype": "float64",
  "ddtype": "float64",
  "cdtype": "float64",
  "extension": 0,
  "ext_alpha": 0.9,
  "ext_beta": 1,
  "deflation": true,
  "dfl_little": "../matrix/little/conf6.0-00l8x8-3000_little_Ns20_ninv5_ncy5_nmr4_bs4x2x2x2.dat",
  "dfl_nmx": 256,
  "dfl_res": 0.01,
  "rn": [
    24.918749257748328,
    9.792065371270018,
    3.9655105940997726,
    1.6354417718145748,
    0.6997372402256115,
    0.2878865288363879,
    0.11314724008002068,
    0.11314724008002144,
    0.04978815745861143,
    0.019997142938774415,
    0.008510272734290183,
    0.003549243415909832,
    0.0013852505776155402,
    0.0005776968201388219,
    0.0002144327542616232,
    0.00021443275426193592,
    8.778385275308483e-05,
    3.6207412449422476e-05,
    1.4633870785578447e-05,
    6.1134465256047585e-06,
    2.5978735174681836e-06,
    1.0964625351921555e-06,
    4.5560827070420097e-07,
    4.5560827035569345e-07,
    1.767387207641136e-07,
    1.7673872059290816e-07
  ],
  "i": [
    0,
    1,
    2,
    3,
    4,
    5,
    6,
    7,
    8,
    9,
    10,
    11,
    12,
    13,
    14,
    15,
    16,
    17,
    18,
    19,
    20,
    21,
    22,
    23,
    24,
    25
  ],
  "reset": [
    7,
    15,
    23,
    25
  ],
  "duration": [
    60.77455019950867,
    60.51749610900879,
    60.48125743865967,
    60.283175230026245,
    60.5520761013031,
    60.31176018714905,
    60.41176438331604,
    60.569321393966675,
    60.518967390060425,
    60.49772644042969
  ],
  "status": 22
}