{
  "gpu": false,
  "device": "cpu",
  "infile": "../matrix/fgcr_check3_4096_dble_csr.dat",
  "matfile": "../matrix/conf6_0-8x8-30/conf6.0-00l8x8-3000.mtx",
  "k": 0.15649,
  "kc": 0.15649,
  "reordering": true,
  "preconditioning": true,
  "vol": 4096,
  "dim": 49152,
  "lattice": "8x8x8x8",
  "blk_dim": 3072,
  "bs": "4x4x4x4",
  "res": 1e-09,
  "tol": 3.1353468707624677e-07,
  "nmx": 512,
  "nkv": 7,
  "nmr": 6,
  "ncy": 4,
  "sdtype": "float64",
  "ddtype": "float64",
  "cdtype": "float64",
  "extension": 0,
  "ext_alpha": 0.9,
  "ext_beta": 1,
  "deflation": true,
  "dfl_little": "../matrix/little/conf6.0-00l8x8-3000_little_Ns20_ninv5_ncy5_nmr4_bs4x4x4x2.dat",
  "dfl_nmx": 256,
  "dfl_res": 0.01,
  "rn": [
    24.09810701920426,
    8.997745224023683,
    3.5287191046343422,
    1.3028618413886257,
    0.5253940883678995,
    0.20817188568789327,
    0.08519466153742548,
    0.0851946615374259,
    0.03775825643233336,
    0.016431880959337015,
    0.0065044234398565414,
    0.0025312112867990027,
    0.0009242072857790861,
    0.00036447748692327176,
    0.00013278884560274408,
    0.00013278884560185246,
    5.641602677087629e-05,
    2.1556770171430976e-05,
    8.408070318695296e-06,
    3.896129013939532e-06,
    1.5952816650845444e-06,
    6.040482831124996e-07,
    2.251063822994392e-07,
    2.251063816020007e-07
  ],
  "i": [
    0,
    1,
    2,
    3,
    4,
    5,
    6,
    7,
    8,
    9,
    10,
    11,
    12,
    13,
    14,
    15,
    16,
    17,
    18,
    19,
    20,
    21,
    22,
    23
  ],
  "reset": [
    7,
    15,
    23
  ],
  "duration": [
    16.43969440460205,
    16.61144232749939,
    16.537189245224,
    16.553072214126587,
    16.563302516937256,
    16.515310764312744,
    16.47724437713623,
    16.577744245529175,
    16.626235961914062,
    16.779241800308228
  ],
  "status": 21
}