{
  "gpu": false,
  "device": "cpu",
  "infile": "../matrix/fgcr_check3_4096_dble_csr.dat",
  "matfile": "../matrix/conf6_0-8x8-30/conf6.0-00l8x8-3000.mtx",
  "k": 0.05,
  "kc": 0.15649,
  "reordering": true,
  "preconditioning": true,
  "vol": 4096,
  "dim": 49152,
  "lattice": "8x8x8x8",
  "blk_dim": 3072,
  "bs": "4x4x4x4",
  "res": 1e-09,
  "tol": 3.1353468707624677e-07,
  "nmx": 10240,
  "nkv": 7,
  "nmr": 1,
  "ncy": 1,
  "sdtype": "float64",
  "ddtype": "float64",
  "cdtype": "float64",
  "extension": 0,
  "ext_alpha": 0.9,
  "ext_beta": 1,
  "deflation": true,
  "dfl_little": "../matrix/little/conf6.0-00l8x8-3000_little_Ns10_ninv5_ncy5_nmr4_bs8x8x8x4.dat",
  "dfl_nmx": 256,
  "dfl_res": 0.01,
  "rn": [
    61.78882904653913,
    43.029016651331254,
    27.33431213658802,
    17.625667758420644,
    9.220380160555301,
    5.693624758312052,
    3.0324357693615536,
    3.0324357693615527,
    1.9932004633085083,
    1.3563288829515083,
    1.0003298052611425,
    0.5488673478443198,
    0.3753268604856715,
    0.1736303644766788,
    0.08832489702287802,
    0.08832489702287764,
    0.05920505257496996,
    0.04402420203983378,
    0.03227028068265022,
    0.023477314363511224,
    0.013395198860673939,
    0.00862932347568609,
    0.004583329809145873,
    0.0045833298091459826,
    0.003235686306519681,
    0.002139983711680186,
    0.00134075769112208,
    0.0008318358014927604,
    0.0006040020096414171,
    0.0003407749187571808,
    0.0001990263294447572,
    0.0001990263294446462,
    0.00014237568961085614,
    0.00010257539328607668,
    7.16316299228059e-05,
    5.072602354903459e-05,
    2.9427042110317337e-05,
    1.756491113644633e-05,
    1.0248474782968092e-05,
    1.0248474782969739e-05,
    8.451647555870702e-06,
    5.921893393975727e-06,
    3.8868750246581396e-06,
    2.732858256176861e-06,
    1.6425256436184546e-06,
    9.802870983675794e-07,
    6.024960606490566e-07,
    6.024960606062901e-07,
    4.04324468171633e-07,
    2.8759444918376225e-07,
    2.875944489343498e-07
  ],
  "i": [
    0,
    1,
    2,
    3,
    4,
    5,
    6,
    7,
    8,
    9,
    10,
    11,
    12,
    13,
    14,
    15,
    16,
    17,
    18,
    19,
    20,
    21,
    22,
    23,
    24,
    25,
    26,
    27,
    28,
    29,
    30,
    31,
    32,
    33,
    34,
    35,
    36,
    37,
    38,
    39,
    40,
    41,
    42,
    43,
    44,
    45,
    46,
    47,
    48,
    49,
    50
  ],
  "reset": [
    7,
    15,
    23,
    31,
    39,
    47,
    50
  ],
  "duration": [
    4.357505559921265,
    4.558822154998779,
    4.570366859436035,
    4.7185938358306885,
    4.3243608474731445,
    4.346359968185425,
    4.514608383178711,
    4.747011661529541,
    4.506453037261963,
    4.472410202026367
  ],
  "status": 44
}