{
  "gpu": false,
  "device": "cpu",
  "infile": "../matrix/fgcr_check3_4096_dble_csr.dat",
  "matfile": "../matrix/conf6_0-8x8-30/conf6.0-00l8x8-3000.mtx",
  "k": 0.05,
  "kc": 0.15649,
  "reordering": true,
  "preconditioning": true,
  "vol": 4096,
  "dim": 49152,
  "lattice": "8x8x8x8",
  "blk_dim": 3072,
  "bs": "4x4x4x4",
  "res": 1e-09,
  "tol": 3.1353468707624677e-07,
  "nmx": 640,
  "nkv": 7,
  "nmr": 4,
  "ncy": 4,
  "sdtype": "float64",
  "ddtype": "float64",
  "cdtype": "float64",
  "extension": 0,
  "ext_alpha": 0.9,
  "ext_beta": 1,
  "deflation": true,
  "dfl_little": "../matrix/little/conf6.0-00l8x8-3000_little_Ns20_ninv5_ncy5_nmr4_bs4x4x4x2.dat",
  "dfl_nmx": 256,
  "dfl_res": 0.01,
  "rn": [
    0.00012380700402458438,
    2.133803156732944e-10,
    2.133804633120191e-10
  ],
  "i": [
    0,
    1,
    2
  ],
  "reset": [
    2
  ],
  "duration": [
    1.4196205139160156,
    1.3890697956085205,
    1.3887598514556885,
    1.3864831924438477,
    1.388547420501709,
    1.3861298561096191,
    1.3884425163269043,
    1.3872597217559814,
    1.415719747543335,
    1.3961024284362793
  ],
  "status": 2
}