{
  "gpu": false,
  "device": "cpu",
  "infile": "../matrix/fgcr_check3_4096_dble_csr.dat",
  "matfile": "../matrix/conf6_0-8x8-30/conf6.0-00l8x8-3000.mtx",
  "k": 0.15649,
  "kc": 0.15649,
  "reordering": true,
  "preconditioning": true,
  "vol": 4096,
  "dim": 49152,
  "lattice": "8x8x8x8",
  "blk_dim": 3072,
  "bs": "4x4x4x4",
  "res": 1e-09,
  "tol": 3.1353468707624677e-07,
  "nmx": 256,
  "nkv": 7,
  "nmr": 10,
  "ncy": 10,
  "sdtype": "float64",
  "ddtype": "float64",
  "cdtype": "float64",
  "extension": 0,
  "ext_alpha": 0.9,
  "ext_beta": 1,
  "deflation": true,
  "dfl_little": "../matrix/little/conf6.0-00l8x8-3000_little_Ns20_ninv5_ncy5_nmr4_bs8x8x4x4.dat",
  "dfl_nmx": 256,
  "dfl_res": 0.01,
  "rn": [
    10.263698561738114,
    2.8190707008982097,
    0.9490474964751754,
    0.4527002286847169,
    0.20833199081967047,
    0.03550650918059734,
    0.005802885320549658,
    0.005802885320548973,
    0.0015315417358582116,
    0.0006282462952730401,
    0.0002011537250028709,
    4.8205218773945727e-05,
    9.768146614442878e-06,
    1.8866373782572762e-06,
    4.6285414241362994e-07,
    4.628541431322904e-07,
    1.1844812254119482e-07,
    1.1844812229533027e-07
  ],
  "i": [
    0,
    1,
    2,
    3,
    4,
    5,
    6,
    7,
    8,
    9,
    10,
    11,
    12,
    13,
    14,
    15,
    16,
    17
  ],
  "reset": [
    7,
    15,
    17
  ],
  "duration": [
    17.383574724197388,
    17.37129259109497,
    17.365034818649292,
    17.362406969070435,
    17.356246948242188,
    17.351694107055664,
    17.335573434829712,
    17.335732221603394,
    17.336935997009277,
    17.336508989334106
  ],
  "status": 15
}