{
  "gpu": false,
  "device": "cpu",
  "infile": "../matrix/fgcr_check3_4096_dble_csr.dat",
  "matfile": "../matrix/conf6_0-8x8-30/conf6.0-00l8x8-3000.mtx",
  "k": 0.05,
  "kc": 0.15649,
  "reordering": true,
  "preconditioning": true,
  "vol": 4096,
  "dim": 49152,
  "lattice": "8x8x8x8",
  "blk_dim": 3072,
  "bs": "4x4x4x4",
  "res": 1e-09,
  "tol": 3.1353468707624677e-07,
  "nmx": 512,
  "nkv": 7,
  "nmr": 6,
  "ncy": 4,
  "sdtype": "float64",
  "ddtype": "float64",
  "cdtype": "float64",
  "extension": 0,
  "ext_alpha": 0.9,
  "ext_beta": 1,
  "deflation": true,
  "dfl_little": "../matrix/little/conf6.0-00l8x8-3000_little_Ns20_ninv5_ncy5_nmr4_bs4x4x4x4.dat",
  "dfl_nmx": 256,
  "dfl_res": 0.01,
  "rn": [
    0.00012004054773235366,
    1.6191363334627873e-10,
    1.6191323779757384e-10
  ],
  "i": [
    0,
    1,
    2
  ],
  "reset": [
    2
  ],
  "duration": [
    1.2357161045074463,
    1.1846544742584229,
    1.199409008026123,
    1.1870019435882568,
    1.2660439014434814,
    1.1739673614501953,
    1.2251596450805664,
    1.1813623905181885,
    1.1659858226776123,
    1.2500855922698975
  ],
  "status": 2
}