{
  "gpu": false,
  "device": "cpu",
  "infile": "../matrix/fgcr_check3_4096_dble_csr.dat",
  "matfile": "../matrix/conf6_0-8x8-30/conf6.0-00l8x8-3000.mtx",
  "k": 0.15649,
  "kc": 0.15649,
  "reordering": true,
  "preconditioning": true,
  "vol": 4096,
  "dim": 49152,
  "lattice": "8x8x8x8",
  "blk_dim": 3072,
  "bs": "4x4x4x4",
  "res": 1e-09,
  "tol": 3.1353468707624677e-07,
  "nmx": 1280,
  "nkv": 7,
  "nmr": 4,
  "ncy": 2,
  "sdtype": "float64",
  "ddtype": "float64",
  "cdtype": "float64",
  "extension": 0,
  "ext_alpha": 0.9,
  "ext_beta": 1,
  "deflation": true,
  "dfl_little": "../matrix/little/conf6.0-00l8x8-3000_little_Ns20_ninv5_ncy5_nmr4_bs8x8x8x4.dat",
  "dfl_nmx": 256,
  "dfl_res": 0.01,
  "rn": [
    48.98948740585876,
    21.61018537052954,
    14.286335439590765,
    9.116722927271871,
    5.883439149253244,
    3.7238485559932655,
    2.382941054682375,
    2.3829410546823744,
    1.7067424574054908,
    1.1558073603271943,
    0.7547999857524899,
    0.503007874229948,
    0.3446414031615863,
    0.20404634933085647,
    0.11760532510494096,
    0.11760532510494191,
    0.08013378502573852,
    0.047369154183765,
    0.03271449245036387,
    0.023094225315029224,
    0.015421167830666504,
    0.010166892311879273,
    0.007114745528622403,
    0.00711474552862207,
    0.005458480388643944,
    0.0035397783148644777,
    0.0024281838512005666,
    0.0016328670013804312,
    0.0010847293002555862,
    0.0006364793236506931,
    0.0004072992920018467,
    0.00040729929200125376,
    0.00030243163727073274,
    0.00022246072227440593,
    0.0001434041497427651,
    9.996068233161785e-05,
    6.636561981531566e-05,
    4.238179058122209e-05,
    2.7907980390847304e-05,
    2.790798039129658e-05,
    1.9954807385613508e-05,
    1.3506109788195092e-05,
    9.378008503326246e-06,
    6.072793732320896e-06,
    4.03489812117301e-06,
    2.43369948562689e-06,
    1.549699596966593e-06,
    1.54969959639652e-06,
    1.1217411446667502e-06,
    7.605332096097473e-07,
    5.282693829700664e-07,
    3.9172459800942284e-07,
    2.6971996630289304e-07,
    2.697199666714408e-07
  ],
  "i": [
    0,
    1,
    2,
    3,
    4,
    5,
    6,
    7,
    8,
    9,
    10,
    11,
    12,
    13,
    14,
    15,
    16,
    17,
    18,
    19,
    20,
    21,
    22,
    23,
    24,
    25,
    26,
    27,
    28,
    29,
    30,
    31,
    32,
    33,
    34,
    35,
    36,
    37,
    38,
    39,
    40,
    41,
    42,
    43,
    44,
    45,
    46,
    47,
    48,
    49,
    50,
    51,
    52,
    53
  ],
  "reset": [
    7,
    15,
    23,
    31,
    39,
    47,
    53
  ],
  "duration": [
    9.643389463424683,
    9.822216033935547,
    9.635709047317505,
    9.632810592651367,
    9.628940343856812,
    9.627361059188843,
    10.307823896408081,
    9.624953746795654,
    9.623268604278564,
    9.62013864517212
  ],
  "status": 47
}