{
  "gpu": false,
  "device": "cpu",
  "infile": "../matrix/fgcr_check3_4096_dble_csr.dat",
  "matfile": "../matrix/conf6_0-8x8-30/conf6.0-00l8x8-3000.mtx",
  "k": 0.05,
  "kc": 0.15649,
  "reordering": true,
  "preconditioning": true,
  "vol": 4096,
  "dim": 49152,
  "lattice": "8x8x8x8",
  "blk_dim": 3072,
  "bs": "4x4x4x4",
  "res": 1e-09,
  "tol": 3.1353468707624677e-07,
  "nmx": 512,
  "nkv": 7,
  "nmr": 6,
  "ncy": 4,
  "sdtype": "float64",
  "ddtype": "float64",
  "cdtype": "float64",
  "extension": 0,
  "ext_alpha": 0.9,
  "ext_beta": 1,
  "deflation": false,
  "dfl_little": null,
  "dfl_nmx": 256,
  "dfl_res": 0.01,
  "rn": [
    9.777257655499424e-05,
    1.1980617064398222e-11,
    1.1980635592672156e-11
  ],
  "i": [
    0,
    1,
    2
  ],
  "reset": [
    2
  ],
  "duration": [
    0.6366128921508789,
    0.6287345886230469,
    0.6282007694244385,
    0.6287336349487305,
    0.6282389163970947,
    0.6284058094024658,
    0.6286375522613525,
    0.6286506652832031,
    0.6283481121063232,
    0.6285619735717773
  ],
  "status": 2
}