{
  "gpu": false,
  "device": "cpu",
  "infile": "../matrix/fgcr_check3_4096_dble_csr.dat",
  "matfile": "../matrix/conf6_0-8x8-30/conf6.0-00l8x8-3000.mtx",
  "k": 0.15649,
  "kc": 0.15649,
  "reordering": true,
  "preconditioning": true,
  "vol": 4096,
  "dim": 49152,
  "lattice": "8x8x8x8",
  "blk_dim": 3072,
  "bs": "4x4x4x4",
  "res": 1e-09,
  "tol": 3.1353468707624677e-07,
  "nmx": 450,
  "nkv": 7,
  "nmr": 10,
  "ncy": 6,
  "sdtype": "float64",
  "ddtype": "float64",
  "cdtype": "float64",
  "extension": 0,
  "ext_alpha": 0.9,
  "ext_beta": 1,
  "deflation": true,
  "dfl_little": "../matrix/little/conf6.0-00l8x8-3000_little_Ns20_ninv5_ncy5_nmr4_bs4x4x4x4.dat",
  "dfl_nmx": 256,
  "dfl_res": 0.01,
  "rn": [
    15.496521992332813,
    5.216344759272896,
    3.1814901526288306,
    2.2478320304908777,
    0.8811694061409475,
    0.3982808827021702,
    0.11470728869706999,
    0.11470728869706923,
    0.04529444231096115,
    0.018139282465734326,
    0.006907676569258839,
    0.003093202748057831,
    0.0017280775958457442,
    0.0007768720616232679,
    0.00039348765519879315,
    0.0003934876551987239,
    0.00024559109382956865,
    0.00017759243443845238,
    7.267805720695644e-05,
    2.2895055066891812e-05,
    8.136327276914409e-06,
    2.3823050212104046e-06,
    7.711257173638078e-07,
    7.711257176840431e-07,
    3.740910242025948e-07,
    1.776070407121032e-07,
    1.7760704093523464e-07
  ],
  "i": [
    0,
    1,
    2,
    3,
    4,
    5,
    6,
    7,
    8,
    9,
    10,
    11,
    12,
    13,
    14,
    15,
    16,
    17,
    18,
    19,
    20,
    21,
    22,
    23,
    24,
    25,
    26
  ],
  "reset": [
    7,
    15,
    23,
    26
  ],
  "duration": [
    22.21215271949768,
    22.382446765899658,
    22.007166147232056,
    22.06160044670105,
    22.216009378433228,
    21.971606492996216,
    21.972930908203125,
    21.800681114196777,
    22.07087802886963,
    22.23449420928955
  ],
  "status": 23
}