{
  "gpu": false,
  "device": "cpu",
  "infile": "../matrix/fgcr_check3_4096_dble_csr.dat",
  "matfile": "../matrix/conf6_0-8x8-30/conf6.0-00l8x8-3000.mtx",
  "k": 0.05,
  "kc": 0.15649,
  "reordering": true,
  "preconditioning": true,
  "vol": 4096,
  "dim": 49152,
  "lattice": "8x8x8x8",
  "blk_dim": 3072,
  "bs": "4x4x4x4",
  "res": 1e-09,
  "tol": 3.1353468707624677e-07,
  "nmx": 10240,
  "nkv": 7,
  "nmr": 1,
  "ncy": 1,
  "sdtype": "float64",
  "ddtype": "float64",
  "cdtype": "float64",
  "extension": 0,
  "ext_alpha": 0.9,
  "ext_beta": 1,
  "deflation": true,
  "dfl_little": "../matrix/little/conf6.0-00l8x8-3000_little_Ns20_ninv5_ncy5_nmr4_bs4x4x2x2.dat",
  "dfl_nmx": 256,
  "dfl_res": 0.01,
  "rn": [
    61.438563421626476,
    27.717520600552454,
    20.136680720668387,
    10.54260387793715,
    5.174235314930553,
    2.8706148241532685,
    1.7023238138795698,
    1.7023238138795702,
    1.2047774909470663,
    0.6915054967418373,
    0.41043165563111933,
    0.2643611156787897,
    0.15385159021886713,
    0.07622232298900546,
    0.03366984000850174,
    0.03366984000850207,
    0.01755283396276569,
    0.01165696975401812,
    0.007985749615635111,
    0.004957211465766497,
    0.002659191406945932,
    0.0016173129077210475,
    0.000922583000536375,
    0.0009225830005365524,
    0.0005191667833628153,
    0.00032658127269460463,
    0.00018440984684368116,
    0.00011869964655221614,
    7.789525206282353e-05,
    4.285448862836379e-05,
    2.032008023383847e-05,
    2.0320080233928278e-05,
    1.098068744654677e-05,
    6.605370223200461e-06,
    4.608344527680404e-06,
    2.9433692973015526e-06,
    1.3788370691862297e-06,
    8.013591993691128e-07,
    4.1556214619803625e-07,
    4.1556214618048334e-07,
    2.5658323704402446e-07,
    2.5658323687405846e-07
  ],
  "i": [
    0,
    1,
    2,
    3,
    4,
    5,
    6,
    7,
    8,
    9,
    10,
    11,
    12,
    13,
    14,
    15,
    16,
    17,
    18,
    19,
    20,
    21,
    22,
    23,
    24,
    25,
    26,
    27,
    28,
    29,
    30,
    31,
    32,
    33,
    34,
    35,
    36,
    37,
    38,
    39,
    40,
    41
  ],
  "reset": [
    7,
    15,
    23,
    31,
    39,
    41
  ],
  "duration": [
    34.501516580581665,
    34.68564987182617,
    34.6801061630249,
    34.88163733482361,
    34.56366562843323,
    34.500903844833374,
    34.74587845802307,
    34.77976655960083,
    34.520878314971924,
    34.66944670677185
  ],
  "status": 36
}