{
  "gpu": false,
  "device": "cpu",
  "infile": "../matrix/fgcr_check3_4096_dble_csr.dat",
  "matfile": "../matrix/conf6_0-8x8-30/conf6.0-00l8x8-3000.mtx",
  "k": 0.05,
  "kc": 0.15649,
  "reordering": true,
  "preconditioning": true,
  "vol": 4096,
  "dim": 49152,
  "lattice": "8x8x8x8",
  "blk_dim": 3072,
  "bs": "4x4x4x4",
  "res": 1e-09,
  "tol": 3.1353468707624677e-07,
  "nmx": 2560,
  "nkv": 7,
  "nmr": 4,
  "ncy": 1,
  "sdtype": "float64",
  "ddtype": "float64",
  "cdtype": "float64",
  "extension": 0,
  "ext_alpha": 0.9,
  "ext_beta": 1,
  "deflation": true,
  "dfl_little": "../matrix/little/conf6.0-00l8x8-3000_little_Ns20_ninv5_ncy5_nmr4_bs4x4x4x2.dat",
  "dfl_nmx": 256,
  "dfl_res": 0.01,
  "rn": [
    26.328530892735586,
    4.851861792587892,
    2.847660418426466,
    1.322674205705733,
    0.6163158641171776,
    0.24798250675060282,
    0.12776794141866168,
    0.12776794141866216,
    0.08041788063076634,
    0.03330837742380156,
    0.01823233420256439,
    0.010628558863227652,
    0.005470674667158181,
    0.0021278658558123416,
    0.0006543276030383536,
    0.0006543276030382155,
    0.00027539542565965965,
    0.00013945973713282029,
    9.084423719744907e-05,
    4.919562807159794e-05,
    2.4262035788175055e-05,
    1.2706524570888456e-05,
    5.867418562251391e-06,
    5.867418561899653e-06,
    2.772900734262778e-06,
    1.467807806288211e-06,
    7.870084555816903e-07,
    4.4450593877761027e-07,
    2.209513896912354e-07,
    2.2095138977896852e-07
  ],
  "i": [
    0,
    1,
    2,
    3,
    4,
    5,
    6,
    7,
    8,
    9,
    10,
    11,
    12,
    13,
    14,
    15,
    16,
    17,
    18,
    19,
    20,
    21,
    22,
    23,
    24,
    25,
    26,
    27,
    28,
    29
  ],
  "reset": [
    7,
    15,
    23,
    29
  ],
  "duration": [
    14.881378650665283,
    14.759385585784912,
    14.715954303741455,
    14.745710849761963,
    14.736544609069824,
    14.683918237686157,
    14.702077627182007,
    14.848037004470825,
    14.786196947097778,
    14.558703660964966
  ],
  "status": 26
}