{
  "gpu": false,
  "device": "cpu",
  "infile": "../matrix/fgcr_check3_4096_dble_csr.dat",
  "matfile": "../matrix/conf6_0-8x8-30/conf6.0-00l8x8-3000.mtx",
  "k": 0.05,
  "kc": 0.15649,
  "reordering": true,
  "preconditioning": true,
  "vol": 4096,
  "dim": 49152,
  "lattice": "8x8x8x8",
  "blk_dim": 3072,
  "bs": "4x4x4x4",
  "res": 1e-09,
  "tol": 3.1353468707624677e-07,
  "nmx": 256,
  "nkv": 7,
  "nmr": 10,
  "ncy": 10,
  "sdtype": "float64",
  "ddtype": "float64",
  "cdtype": "float64",
  "extension": 0,
  "ext_alpha": 0.9,
  "ext_beta": 1,
  "deflation": true,
  "dfl_little": "../matrix/little/conf6.0-00l8x8-3000_little_Ns20_ninv5_ncy5_nmr4_bs8x4x4x4.dat",
  "dfl_nmx": 256,
  "dfl_res": 0.01,
  "rn": [
    1.3021975924721962e-13,
    1.9241122124356403e-13
  ],
  "i": [
    0,
    1
  ],
  "reset": [
    1
  ],
  "duration": [
    1.2389402389526367,
    1.2371091842651367,
    1.236384630203247,
    1.235870599746704,
    1.2367150783538818,
    1.2365729808807373,
    1.2359421253204346,
    1.2773675918579102,
    1.3371832370758057,
    1.2647185325622559
  ],
  "status": 1
}