{
  "gpu": false,
  "device": "cpu",
  "infile": "../matrix/fgcr_check3_4096_dble_csr.dat",
  "matfile": "../matrix/conf6_0-8x8-30/conf6.0-00l8x8-3000.mtx",
  "k": 0.15649,
  "kc": 0.15649,
  "reordering": true,
  "preconditioning": true,
  "vol": 4096,
  "dim": 49152,
  "lattice": "8x8x8x8",
  "blk_dim": 3072,
  "bs": "4x4x4x4",
  "res": 1e-09,
  "tol": 3.1353468707624677e-07,
  "nmx": 128,
  "nkv": 7,
  "nmr": 20,
  "ncy": 20,
  "sdtype": "float64",
  "ddtype": "float64",
  "cdtype": "float64",
  "extension": 0,
  "ext_alpha": 0.9,
  "ext_beta": 1,
  "deflation": true,
  "dfl_little": "../matrix/little/conf6.0-00l8x8-3000_little_Ns5_ninv5_ncy5_nmr4_bs8x8x8x4.dat",
  "dfl_nmx": 256,
  "dfl_res": 0.01,
  "rn": [
    5.395489811133396,
    3.7253969814691614,
    2.0528516125239826,
    0.6954164826215572,
    0.15350950528412644,
    0.03576368459487154,
    0.007317174722240258,
    0.0073171747222397655,
    0.0028771137280707206,
    0.0016954823397202802,
    0.0004406623336775544,
    0.00010074253438760463,
    2.1331041492036237e-05,
    4.658983428638952e-06,
    6.859976195289078e-07,
    6.859976196288566e-07,
    2.5611419218364817e-07,
    2.561141922533801e-07
  ],
  "i": [
    0,
    1,
    2,
    3,
    4,
    5,
    6,
    7,
    8,
    9,
    10,
    11,
    12,
    13,
    14,
    15,
    16,
    17
  ],
  "reset": [
    7,
    15,
    17
  ],
  "duration": [
    60.16656827926636,
    60.11099553108215,
    60.04594802856445,
    60.03770852088928,
    60.02886128425598,
    60.02906847000122,
    60.0318660736084,
    60.02371573448181,
    60.03441071510315,
    60.0304069519043
  ],
  "status": 15
}