{
  "gpu": false,
  "device": "cpu",
  "infile": "../matrix/fgcr_check3_4096_dble_csr.dat",
  "matfile": "../matrix/conf6_0-8x8-30/conf6.0-00l8x8-3000.mtx",
  "k": 0.05,
  "kc": 0.15649,
  "reordering": true,
  "preconditioning": true,
  "vol": 4096,
  "dim": 49152,
  "lattice": "8x8x8x8",
  "blk_dim": 3072,
  "bs": "4x4x4x4",
  "res": 1e-09,
  "tol": 3.1353468707624677e-07,
  "nmx": 10240,
  "nkv": 7,
  "nmr": 1,
  "ncy": 1,
  "sdtype": "float64",
  "ddtype": "float64",
  "cdtype": "float64",
  "extension": 0,
  "ext_alpha": 0.9,
  "ext_beta": 1,
  "deflation": true,
  "dfl_little": "../matrix/little/conf6.0-00l8x8-3000_little_Ns5_ninv5_ncy5_nmr4_bs8x8x8x4.dat",
  "dfl_nmx": 256,
  "dfl_res": 0.01,
  "rn": [
    60.75859751964315,
    49.38056566787798,
    19.36680482728852,
    14.475279391743838,
    6.758966520490791,
    2.8934567954982664,
    1.8215576632383974,
    1.8215576632383967,
    1.2567044410445949,
    0.8322691972098712,
    0.6150119982483434,
    0.34168600976749286,
    0.2353985625786902,
    0.09972354353559082,
    0.022640902052430724,
    0.022640902052430724,
    0.00883606877540621,
    0.006478509307187437,
    0.004696772920159639,
    0.0029354559505432322,
    0.0015846882233940107,
    0.0011398291106408745,
    0.0004681479098263803,
    0.00046814790982649895,
    0.0003016961126488197,
    0.0001654756656239988,
    0.00012361188853235694,
    6.031911688826082e-05,
    3.361527066586553e-05,
    2.3806827715132985e-05,
    8.85903038765756e-06,
    8.85903038751005e-06,
    4.020918422846616e-06,
    3.2032814901367673e-06,
    2.3330485986830015e-06,
    1.0827343670086567e-06,
    5.782112989926031e-07,
    4.3022339163863533e-07,
    1.8232596108725867e-07,
    1.823259609910932e-07
  ],
  "i": [
    0,
    1,
    2,
    3,
    4,
    5,
    6,
    7,
    8,
    9,
    10,
    11,
    12,
    13,
    14,
    15,
    16,
    17,
    18,
    19,
    20,
    21,
    22,
    23,
    24,
    25,
    26,
    27,
    28,
    29,
    30,
    31,
    32,
    33,
    34,
    35,
    36,
    37,
    38,
    39
  ],
  "reset": [
    7,
    15,
    23,
    31,
    39
  ],
  "duration": [
    2.832510471343994,
    3.08638072013855,
    2.8126296997070312,
    3.0482263565063477,
    2.72119140625,
    2.9277734756469727,
    2.9654102325439453,
    2.9640145301818848,
    2.8143134117126465,
    2.9743361473083496
  ],
  "status": 35
}