{
  "gpu": false,
  "device": "cpu",
  "infile": "../matrix/fgcr_check3_4096_dble_csr.dat",
  "matfile": "../matrix/conf6_0-8x8-30/conf6.0-00l8x8-3000.mtx",
  "k": 0.05,
  "kc": 0.15649,
  "reordering": true,
  "preconditioning": true,
  "vol": 4096,
  "dim": 49152,
  "lattice": "8x8x8x8",
  "blk_dim": 3072,
  "bs": "4x4x4x4",
  "res": 1e-09,
  "tol": 3.1353468707624677e-07,
  "nmx": 2560,
  "nkv": 7,
  "nmr": 4,
  "ncy": 1,
  "sdtype": "float64",
  "ddtype": "float64",
  "cdtype": "float64",
  "extension": 0,
  "ext_alpha": 0.9,
  "ext_beta": 1,
  "deflation": true,
  "dfl_little": "../matrix/little/conf6.0-00l8x8-3000_little_Ns20_ninv5_ncy5_nmr4_bs4x2x2x2.dat",
  "dfl_nmx": 256,
  "dfl_res": 0.01,
  "rn": [
    26.959763176161513,
    7.058587864227963,
    4.055976800268485,
    1.4939731071030204,
    0.6874456580777438,
    0.2683681321258416,
    0.10629790263116778,
    0.1062979026311676,
    0.055280818036120276,
    0.02349693752921565,
    0.012405271605539702,
    0.006047420143557438,
    0.0024722706643833386,
    0.0012154204522983594,
    0.00038854346568915703,
    0.00038854346568892236,
    0.00015142275760069123,
    7.625165345997077e-05,
    3.398108657261906e-05,
    1.5251479387049038e-05,
    6.396394311971485e-06,
    3.116674107431287e-06,
    1.3846625415245502e-06,
    1.3846625413962907e-06,
    7.163632996347696e-07,
    3.7807706445955963e-07,
    1.9789505657493815e-07,
    1.9789505682518532e-07
  ],
  "i": [
    0,
    1,
    2,
    3,
    4,
    5,
    6,
    7,
    8,
    9,
    10,
    11,
    12,
    13,
    14,
    15,
    16,
    17,
    18,
    19,
    20,
    21,
    22,
    23,
    24,
    25,
    26,
    27
  ],
  "reset": [
    7,
    15,
    23,
    27
  ],
  "duration": [
    65.71452331542969,
    66.01008868217468,
    66.13456797599792,
    65.8850154876709,
    65.9141297340393,
    65.8500862121582,
    65.78068971633911,
    65.70124387741089,
    65.89695453643799,
    65.98805141448975
  ],
  "status": 24
}