{
  "gpu": false,
  "device": "cpu",
  "infile": "../matrix/fgcr_check3_4096_dble_csr.dat",
  "matfile": "../matrix/conf6_0-8x8-30/conf6.0-00l8x8-3000.mtx",
  "k": 0.05,
  "kc": 0.15649,
  "reordering": true,
  "preconditioning": true,
  "vol": 4096,
  "dim": 49152,
  "lattice": "8x8x8x8",
  "blk_dim": 3072,
  "bs": "4x4x4x4",
  "res": 1e-09,
  "tol": 3.1353468707624677e-07,
  "nmx": 5120,
  "nkv": 7,
  "nmr": 2,
  "ncy": 1,
  "sdtype": "float64",
  "ddtype": "float64",
  "cdtype": "float64",
  "extension": 0,
  "ext_alpha": 0.9,
  "ext_beta": 1,
  "deflation": true,
  "dfl_little": "../matrix/little/conf6.0-00l8x8-3000_little_Ns5_ninv5_ncy5_nmr4_bs8x8x8x4.dat",
  "dfl_nmx": 256,
  "dfl_res": 0.01,
  "rn": [
    28.519149841483507,
    22.226353508607183,
    7.175427715475307,
    4.7587964484056124,
    1.1498161560279891,
    0.6465071547943724,
    0.31394609871459855,
    0.3139460987145987,
    0.17855385623579573,
    0.13257656392877928,
    0.08663565870634311,
    0.03914757512643585,
    0.019713470605815086,
    0.005295497115489012,
    0.0007232074378972903,
    0.0007232074378974475,
    0.00048688828173092786,
    0.00016734014498774136,
    8.30163946920069e-05,
    3.2501856843597755e-05,
    1.9966140341837213e-05,
    7.095664138748176e-06,
    2.7265272631722454e-06,
    2.7265272634143918e-06,
    1.7126043292293804e-06,
    1.0618245891253965e-06,
    5.622213456179678e-07,
    3.208238258083e-07,
    1.2710010210555284e-07,
    1.2710010245324153e-07
  ],
  "i": [
    0,
    1,
    2,
    3,
    4,
    5,
    6,
    7,
    8,
    9,
    10,
    11,
    12,
    13,
    14,
    15,
    16,
    17,
    18,
    19,
    20,
    21,
    22,
    23,
    24,
    25,
    26,
    27,
    28,
    29
  ],
  "reset": [
    7,
    15,
    23,
    29
  ],
  "duration": [
    2.8709237575531006,
    2.604886770248413,
    2.9827160835266113,
    2.916484832763672,
    3.0203301906585693,
    2.760481834411621,
    3.0841150283813477,
    2.8290977478027344,
    2.4386439323425293,
    2.9362502098083496
  ],
  "status": 26
}