{
  "gpu": false,
  "device": "cpu",
  "infile": "../matrix/fgcr_check3_4096_dble_csr.dat",
  "matfile": "../matrix/conf6_0-8x8-30/conf6.0-00l8x8-3000.mtx",
  "k": 0.15649,
  "kc": 0.15649,
  "reordering": true,
  "preconditioning": true,
  "vol": 4096,
  "dim": 49152,
  "lattice": "8x8x8x8",
  "blk_dim": 3072,
  "bs": "4x4x4x4",
  "res": 1e-09,
  "tol": 3.1353468707624677e-07,
  "nmx": 640,
  "nkv": 7,
  "nmr": 4,
  "ncy": 4,
  "sdtype": "float64",
  "ddtype": "float64",
  "cdtype": "float64",
  "extension": 0,
  "ext_alpha": 0.9,
  "ext_beta": 1,
  "deflation": false,
  "dfl_little": null,
  "dfl_nmx": 256,
  "dfl_res": 0.01,
  "rn": [
    27.755494905093304,
    12.204651446969727,
    7.292145079983811,
    5.29850720959245,
    4.019612556599713,
    2.9093442949543458,
    1.952999388962696,
    1.952999388962696,
    1.464294814445091,
    1.1251865511186099,
    0.865864051856933,
    0.6038945060921962,
    0.39494015138649774,
    0.24251182876969557,
    0.1617710341419056,
    0.16177103414190575,
    0.12655095761344387,
    0.09536629852296438,
    0.0705535108434093,
    0.044607342943739595,
    0.031108899825963404,
    0.02376409453702904,
    0.01702530688281127,
    0.017025306882810412,
    0.012745796901583076,
    0.009715616508065524,
    0.007241671090702918,
    0.004473178896061194,
    0.0028623540998907794,
    0.0019998783464959032,
    0.0013368082567169603,
    0.0013368082567162551,
    0.0010020776621205865,
    0.0007777592729004083,
    0.0005506799381814099,
    0.0003602017655257268,
    0.00023543240174980743,
    0.00015740838179367572,
    0.00010768594455631132,
    0.00010768594455599053,
    7.977502193668266e-05,
    6.056650442492352e-05,
    4.4175771214683345e-05,
    3.155736642414137e-05,
    2.2145221919499404e-05,
    1.6522960722644544e-05,
    1.1543505313011789e-05,
    1.1543505312855044e-05,
    8.567658051909746e-06,
    6.436479109479763e-06,
    4.797316905214255e-06,
    2.927872206611839e-06,
    1.9043913386515558e-06,
    1.2742606367595266e-06,
    8.773475107222423e-07,
    8.773475105169306e-07,
    6.700858508572995e-07,
    5.21869626584798e-07,
    3.745981388111808e-07,
    2.3164306287066344e-07,
    2.316430637670203e-07
  ],
  "i": [
    0,
    1,
    2,
    3,
    4,
    5,
    6,
    7,
    8,
    9,
    10,
    11,
    12,
    13,
    14,
    15,
    16,
    17,
    18,
    19,
    20,
    21,
    22,
    23,
    24,
    25,
    26,
    27,
    28,
    29,
    30,
    31,
    32,
    33,
    34,
    35,
    36,
    37,
    38,
    39,
    40,
    41,
    42,
    43,
    44,
    45,
    46,
    47,
    48,
    49,
    50,
    51,
    52,
    53,
    54,
    55,
    56,
    57,
    58,
    59,
    60
  ],
  "reset": [
    7,
    15,
    23,
    31,
    39,
    47,
    55,
    60
  ],
  "duration": [
    12.3209707736969,
    12.308728694915771,
    12.312172889709473,
    12.311440467834473,
    12.307928085327148,
    12.303532361984253,
    12.302369594573975,
    12.296992778778076,
    12.299043893814087,
    12.297298192977905
  ],
  "status": 53
}