{
  "gpu": false,
  "device": "cpu",
  "infile": "../matrix/fgcr_check3_4096_dble_csr.dat",
  "matfile": "../matrix/conf6_0-8x8-30/conf6.0-00l8x8-3000.mtx",
  "k": 0.15649,
  "kc": 0.15649,
  "reordering": true,
  "preconditioning": true,
  "vol": 4096,
  "dim": 49152,
  "lattice": "8x8x8x8",
  "blk_dim": 3072,
  "bs": "4x4x4x4",
  "res": 1e-09,
  "tol": 3.1353468707624677e-07,
  "nmx": 1280,
  "nkv": 7,
  "nmr": 4,
  "ncy": 2,
  "sdtype": "float64",
  "ddtype": "float64",
  "cdtype": "float64",
  "extension": 0,
  "ext_alpha": 0.9,
  "ext_beta": 1,
  "deflation": true,
  "dfl_little": "../matrix/little/conf6.0-00l8x8-3000_little_Ns20_ninv5_ncy5_nmr4_bs4x4x2x2.dat",
  "dfl_nmx": 256,
  "dfl_res": 0.01,
  "rn": [
    48.038059161375294,
    18.353381918301245,
    8.609983386288798,
    4.226103406749409,
    1.9893920558224878,
    0.9066969288392738,
    0.4270996647401016,
    0.4270996647401011,
    0.22723130538914985,
    0.11023132779633893,
    0.05270566428305241,
    0.02579271012676616,
    0.011921009402307585,
    0.00530551360200199,
    0.0021978400874601224,
    0.002197840087460393,
    0.001215999096393347,
    0.0005391008447702805,
    0.0002611995836294578,
    0.00012650728554533227,
    6.50784657084016e-05,
    3.235788792553584e-05,
    1.565999971573874e-05,
    1.5659999715364308e-05,
    8.74655371788691e-06,
    4.236485097205887e-06,
    1.9611090794811322e-06,
    9.9705707195205e-07,
    4.913451217119116e-07,
    2.3088306884554646e-07,
    2.3088306875091633e-07
  ],
  "i": [
    0,
    1,
    2,
    3,
    4,
    5,
    6,
    7,
    8,
    9,
    10,
    11,
    12,
    13,
    14,
    15,
    16,
    17,
    18,
    19,
    20,
    21,
    22,
    23,
    24,
    25,
    26,
    27,
    28,
    29,
    30
  ],
  "reset": [
    7,
    15,
    23,
    30
  ],
  "duration": [
    28.222672700881958,
    28.271300554275513,
    28.093318700790405,
    28.137336015701294,
    28.325185537338257,
    27.999082326889038,
    28.09453558921814,
    27.962695837020874,
    27.98995590209961,
    28.0356605052948
  ],
  "status": 27
}