{
  "gpu": false,
  "device": "cpu",
  "infile": "../matrix/fgcr_check3_4096_dble_csr.dat",
  "matfile": "../matrix/conf6_0-8x8-30/conf6.0-00l8x8-3000.mtx",
  "k": 0.15649,
  "kc": 0.15649,
  "reordering": true,
  "preconditioning": true,
  "vol": 4096,
  "dim": 49152,
  "lattice": "8x8x8x8",
  "blk_dim": 3072,
  "bs": "4x4x4x4",
  "res": 1e-09,
  "tol": 3.1353468707624677e-07,
  "nmx": 512,
  "nkv": 7,
  "nmr": 6,
  "ncy": 4,
  "sdtype": "float64",
  "ddtype": "float64",
  "cdtype": "float64",
  "extension": 0,
  "ext_alpha": 0.9,
  "ext_beta": 1,
  "deflation": false,
  "dfl_little": null,
  "dfl_nmx": 256,
  "dfl_res": 0.01,
  "rn": [
    25.945973304750137,
    11.345467667189707,
    7.002481462250836,
    4.917374433268587,
    3.3780742991737167,
    2.087210136333035,
    1.3108044027250112,
    1.3108044027250114,
    0.9285841155238629,
    0.6616212458314079,
    0.39415907014986323,
    0.21804375627996245,
    0.11699264563818208,
    0.07257895841229782,
    0.04997931099498543,
    0.04997931099498578,
    0.03828755441318435,
    0.026519114401139948,
    0.01573125506094837,
    0.009614577679001745,
    0.006415202406880321,
    0.004459352770211773,
    0.002831250670553971,
    0.002831250670554541,
    0.001997236703979568,
    0.0015429416058958788,
    0.0010458880576342947,
    0.0006610658159991621,
    0.0004284209145388535,
    0.0003130610076489223,
    0.00020004227025192475,
    0.00020004227025193953,
    0.00012595219343843088,
    8.546729912095354e-05,
    5.5269076848543136e-05,
    3.603129165983807e-05,
    2.421782880018666e-05,
    1.917441107071997e-05,
    1.3713158104589336e-05,
    1.3713158104747333e-05,
    9.840044795527433e-06,
    7.401363097451972e-06,
    4.583746584573627e-06,
    2.5751448655675317e-06,
    1.4227263228313596e-06,
    7.641061115087411e-07,
    5.234530659523874e-07,
    5.234530661243013e-07,
    3.957809248479847e-07,
    2.8096845379725786e-07,
    2.809684540661445e-07
  ],
  "i": [
    0,
    1,
    2,
    3,
    4,
    5,
    6,
    7,
    8,
    9,
    10,
    11,
    12,
    13,
    14,
    15,
    16,
    17,
    18,
    19,
    20,
    21,
    22,
    23,
    24,
    25,
    26,
    27,
    28,
    29,
    30,
    31,
    32,
    33,
    34,
    35,
    36,
    37,
    38,
    39,
    40,
    41,
    42,
    43,
    44,
    45,
    46,
    47,
    48,
    49,
    50
  ],
  "reset": [
    7,
    15,
    23,
    31,
    39,
    47,
    50
  ],
  "duration": [
    13.565754413604736,
    13.560199499130249,
    13.553681373596191,
    13.549584865570068,
    13.544093608856201,
    13.530893564224243,
    13.530832767486572,
    13.530710458755493,
    13.530268907546997,
    13.528810262680054
  ],
  "status": 44
}