{
  "gpu": false,
  "device": "cpu",
  "infile": "../matrix/fgcr_check3_4096_dble_csr.dat",
  "matfile": "../matrix/conf6_0-8x8-30/conf6.0-00l8x8-3000.mtx",
  "k": 0.05,
  "kc": 0.15649,
  "reordering": true,
  "preconditioning": true,
  "vol": 4096,
  "dim": 49152,
  "lattice": "8x8x8x8",
  "blk_dim": 3072,
  "bs": "4x4x4x4",
  "res": 1e-09,
  "tol": 3.1353468707624677e-07,
  "nmx": 640,
  "nkv": 7,
  "nmr": 4,
  "ncy": 4,
  "sdtype": "float64",
  "ddtype": "float64",
  "cdtype": "float64",
  "extension": 0,
  "ext_alpha": 0.9,
  "ext_beta": 1,
  "deflation": true,
  "dfl_little": "../matrix/little/conf6.0-00l8x8-3000_little_Ns10_ninv5_ncy5_nmr4_bs8x8x8x4.dat",
  "dfl_nmx": 256,
  "dfl_res": 0.01,
  "rn": [
    0.00013568150511525154,
    3.8025566734131814e-10,
    3.8025543043099506e-10
  ],
  "i": [
    0,
    1,
    2
  ],
  "reset": [
    2
  ],
  "duration": [
    0.5705196857452393,
    0.567082405090332,
    0.5672218799591064,
    0.566913366317749,
    0.5668196678161621,
    0.566910982131958,
    0.567317008972168,
    0.5669500827789307,
    0.5669069290161133,
    0.5672883987426758
  ],
  "status": 2
}