{
  "gpu": false,
  "device": "cpu",
  "infile": "../matrix/fgcr_check3_4096_dble_csr.dat",
  "matfile": "../matrix/conf6_0-8x8-30/conf6.0-00l8x8-3000.mtx",
  "k": 0.15649,
  "kc": 0.15649,
  "reordering": true,
  "preconditioning": true,
  "vol": 4096,
  "dim": 49152,
  "lattice": "8x8x8x8",
  "blk_dim": 3072,
  "bs": "4x4x4x4",
  "res": 1e-09,
  "tol": 3.1353468707624677e-07,
  "nmx": 450,
  "nkv": 7,
  "nmr": 10,
  "ncy": 6,
  "sdtype": "float64",
  "ddtype": "float64",
  "cdtype": "float64",
  "extension": 0,
  "ext_alpha": 0.9,
  "ext_beta": 1,
  "deflation": true,
  "dfl_little": "../matrix/little/conf6.0-00l8x8-3000_little_Ns10_ninv5_ncy5_nmr4_bs8x8x8x4.dat",
  "dfl_nmx": 256,
  "dfl_res": 0.01,
  "rn": [
    21.82304541744727,
    13.960980305879069,
    11.693373000123392,
    8.741047152915243,
    5.167066359313493,
    2.9429112156528006,
    1.5806172100174924,
    1.5806172100174922,
    1.0116178761718482,
    0.6282232743491196,
    0.4899354988092638,
    0.35303792587795607,
    0.17851507477808276,
    0.08186828374579391,
    0.04519171052575073,
    0.04519171052575072,
    0.029215388071636043,
    0.025819907108845304,
    0.019901410517892532,
    0.011624096395574261,
    0.005735650001612054,
    0.003001450840397528,
    0.0013968302273208826,
    0.0013968302273207217,
    0.0009243134617775951,
    0.0006097386997155702,
    0.0004731864880556687,
    0.0002589699879290399,
    0.00017186451711734692,
    8.398842328893088e-05,
    3.591513038020863e-05,
    3.591513038037883e-05,
    2.02349451571443e-05,
    1.2441276864182113e-05,
    1.0953768070726652e-05,
    8.423741579698333e-06,
    4.8749918269309075e-06,
    2.2067494471997963e-06,
    1.1669528226201962e-06,
    1.1669528217730498e-06,
    8.091535705240472e-07,
    7.031622522602585e-07,
    5.5971724188676e-07,
    3.161112619002453e-07,
    2.0631828931096453e-07,
    2.0631828946510873e-07
  ],
  "i": [
    0,
    1,
    2,
    3,
    4,
    5,
    6,
    7,
    8,
    9,
    10,
    11,
    12,
    13,
    14,
    15,
    16,
    17,
    18,
    19,
    20,
    21,
    22,
    23,
    24,
    25,
    26,
    27,
    28,
    29,
    30,
    31,
    32,
    33,
    34,
    35,
    36,
    37,
    38,
    39,
    40,
    41,
    42,
    43,
    44,
    45
  ],
  "reset": [
    7,
    15,
    23,
    31,
    39,
    45
  ],
  "duration": [
    28.333309650421143,
    28.306941986083984,
    28.2799334526062,
    28.272526741027832,
    28.269503593444824,
    28.273301601409912,
    28.26793909072876,
    28.270015239715576,
    28.273809671401978,
    28.27012801170349
  ],
  "status": 40
}