{
  "gpu": false,
  "device": "cpu",
  "infile": "../matrix/fgcr_check3_4096_dble_csr.dat",
  "matfile": "../matrix/conf6_0-8x8-30/conf6.0-00l8x8-3000.mtx",
  "k": 0.15649,
  "kc": 0.15649,
  "reordering": true,
  "preconditioning": true,
  "vol": 4096,
  "dim": 49152,
  "lattice": "8x8x8x8",
  "blk_dim": 3072,
  "bs": "4x4x4x4",
  "res": 1e-09,
  "tol": 3.1353468707624677e-07,
  "nmx": 512,
  "nkv": 7,
  "nmr": 6,
  "ncy": 4,
  "sdtype": "float64",
  "ddtype": "float64",
  "cdtype": "float64",
  "extension": 0,
  "ext_alpha": 0.9,
  "ext_beta": 1,
  "deflation": true,
  "dfl_little": "../matrix/little/conf6.0-00l8x8-3000_little_Ns20_ninv5_ncy5_nmr4_bs4x4x2x2.dat",
  "dfl_nmx": 256,
  "dfl_res": 0.01,
  "rn": [
    24.535102824738715,
    9.892071349330722,
    4.261423044036203,
    1.7926318638845513,
    0.6845764326650179,
    0.27790443966682177,
    0.11270036318972505,
    0.11270036318972451,
    0.047263546332102925,
    0.019053846942661073,
    0.00638898401256621,
    0.002363954413547096,
    0.0010698620471448078,
    0.0004256352241674395,
    0.00016869829264069507,
    0.0001686982926412753,
    7.481591177885941e-05,
    2.9375779797826357e-05,
    1.1397149779229505e-05,
    4.346567090210098e-06,
    1.899570143701354e-06,
    7.709332083837605e-07,
    3.031255442786221e-07,
    3.031255442322434e-07
  ],
  "i": [
    0,
    1,
    2,
    3,
    4,
    5,
    6,
    7,
    8,
    9,
    10,
    11,
    12,
    13,
    14,
    15,
    16,
    17,
    18,
    19,
    20,
    21,
    22,
    23
  ],
  "reset": [
    7,
    15,
    23
  ],
  "duration": [
    25.5238139629364,
    25.469581365585327,
    25.547935962677002,
    25.765697717666626,
    25.51029348373413,
    25.705273866653442,
    25.57507348060608,
    25.691325902938843,
    25.582757711410522,
    25.755618572235107
  ],
  "status": 21
}