{
  "gpu": false,
  "device": "cpu",
  "infile": "../matrix/fgcr_check3_4096_dble_csr.dat",
  "matfile": "../matrix/conf6_0-8x8-30/conf6.0-00l8x8-3000.mtx",
  "k": 0.05,
  "kc": 0.15649,
  "reordering": true,
  "preconditioning": true,
  "vol": 4096,
  "dim": 49152,
  "lattice": "8x8x8x8",
  "blk_dim": 3072,
  "bs": "4x4x4x4",
  "res": 1e-09,
  "tol": 3.1353468707624677e-07,
  "nmx": 10240,
  "nkv": 7,
  "nmr": 1,
  "ncy": 1,
  "sdtype": "float64",
  "ddtype": "float64",
  "cdtype": "float64",
  "extension": 0,
  "ext_alpha": 0.9,
  "ext_beta": 1,
  "deflation": true,
  "dfl_little": "../matrix/little/conf6.0-00l8x8-3000_little_Ns20_ninv5_ncy5_nmr4_bs4x2x2x2.dat",
  "dfl_nmx": 256,
  "dfl_res": 0.01,
  "rn": [
    61.77882259728765,
    28.6318789268075,
    19.815640762400147,
    10.50078408234158,
    5.222216498145396,
    2.9704799562600517,
    1.506882761605082,
    1.5068827616050822,
    0.9347683823410635,
    0.6170089545875354,
    0.35498513507718993,
    0.23194519492756727,
    0.1256998378829543,
    0.06794409761053698,
    0.03154129141095905,
    0.03154129141095917,
    0.015850957464344874,
    0.009151048415421121,
    0.006011360227358386,
    0.003978427808897897,
    0.0020419040262718317,
    0.0012253819169962237,
    0.0006918049336189636,
    0.000691804933618826,
    0.0004023122525300043,
    0.00025094415176449866,
    0.00014221488947459854,
    8.514999402183897e-05,
    4.744710292195423e-05,
    2.7794327829532687e-05,
    1.403431240708497e-05,
    1.4034312406945096e-05,
    8.211670331890839e-06,
    5.191323429779763e-06,
    3.151509773718022e-06,
    1.9461336442045093e-06,
    1.0711703320174336e-06,
    6.229668445760147e-07,
    3.1552391628965755e-07,
    3.155239164336348e-07,
    1.8295032331683338e-07,
    1.829503236978738e-07
  ],
  "i": [
    0,
    1,
    2,
    3,
    4,
    5,
    6,
    7,
    8,
    9,
    10,
    11,
    12,
    13,
    14,
    15,
    16,
    17,
    18,
    19,
    20,
    21,
    22,
    23,
    24,
    25,
    26,
    27,
    28,
    29,
    30,
    31,
    32,
    33,
    34,
    35,
    36,
    37,
    38,
    39,
    40,
    41
  ],
  "reset": [
    7,
    15,
    23,
    31,
    39,
    41
  ],
  "duration": [
    98.57302045822144,
    98.95404529571533,
    98.40969371795654,
    98.85752725601196,
    98.63708090782166,
    98.79115724563599,
    98.78275609016418,
    98.75396633148193,
    98.73461270332336,
    98.95492053031921
  ],
  "status": 36
}