{
  "gpu": false,
  "device": "cpu",
  "infile": "../matrix/fgcr_check3_4096_dble_csr.dat",
  "matfile": "../matrix/conf6_0-8x8-30/conf6.0-00l8x8-3000.mtx",
  "k": 0.05,
  "kc": 0.15649,
  "reordering": true,
  "preconditioning": true,
  "vol": 4096,
  "dim": 49152,
  "lattice": "8x8x8x8",
  "blk_dim": 3072,
  "bs": "4x4x4x4",
  "res": 1e-09,
  "tol": 3.1353468707624677e-07,
  "nmx": 256,
  "nkv": 7,
  "nmr": 10,
  "ncy": 10,
  "sdtype": "float64",
  "ddtype": "float64",
  "cdtype": "float64",
  "extension": 0,
  "ext_alpha": 0.9,
  "ext_beta": 1,
  "deflation": true,
  "dfl_little": "../matrix/little/conf6.0-00l8x8-3000_little_Ns20_ninv5_ncy5_nmr4_bs4x4x4x2.dat",
  "dfl_nmx": 256,
  "dfl_res": 0.01,
  "rn": [
    1.3020950521463112e-13,
    1.9157207951234786e-13
  ],
  "i": [
    0,
    1
  ],
  "reset": [
    1
  ],
  "duration": [
    1.5385916233062744,
    1.536829948425293,
    1.5377624034881592,
    1.5453083515167236,
    1.5374054908752441,
    1.5450797080993652,
    1.5381968021392822,
    1.544931173324585,
    1.56221342086792,
    1.619710922241211
  ],
  "status": 1
}