{
  "gpu": false,
  "device": "cpu",
  "infile": "../matrix/fgcr_check3_4096_dble_csr.dat",
  "matfile": "../matrix/conf6_0-8x8-30/conf6.0-00l8x8-3000.mtx",
  "k": 0.15649,
  "kc": 0.15649,
  "reordering": true,
  "preconditioning": true,
  "vol": 4096,
  "dim": 49152,
  "lattice": "8x8x8x8",
  "blk_dim": 3072,
  "bs": "4x4x4x4",
  "res": 1e-09,
  "tol": 3.1353468707624677e-07,
  "nmx": 400,
  "nkv": 7,
  "nmr": 6,
  "ncy": 6,
  "sdtype": "float64",
  "ddtype": "float64",
  "cdtype": "float64",
  "extension": 0,
  "ext_alpha": 0.9,
  "ext_beta": 1,
  "deflation": true,
  "dfl_little": "../matrix/little/conf6.0-00l8x8-3000_little_Ns5_ninv5_ncy5_nmr4_bs8x8x8x4.dat",
  "dfl_nmx": 256,
  "dfl_res": 0.01,
  "rn": [
    19.944360215268286,
    9.425118849493353,
    6.655992631744242,
    3.234836306479115,
    1.7820014606751506,
    1.0259917330118142,
    0.49912288848879643,
    0.49912288848879666,
    0.27768894977158215,
    0.1531842461328672,
    0.10818644001171002,
    0.06284382419288359,
    0.030736831185920223,
    0.01730540739874014,
    0.009079857313272896,
    0.00907985731327364,
    0.005794609318539345,
    0.00336477009685799,
    0.0020699285699606897,
    0.00101417911007287,
    0.0005387513157005467,
    0.00032842177124037513,
    0.00015784311947966112,
    0.00015784311948011595,
    0.00010070930310270988,
    6.23637578011793e-05,
    3.578058167507186e-05,
    1.7567349404193004e-05,
    1.051846129303288e-05,
    4.1989596004349005e-06,
    1.954446401588479e-06,
    1.9544464019777754e-06,
    1.597983043796215e-06,
    8.500827262626786e-07,
    4.634421427692205e-07,
    2.3152843665210404e-07,
    2.315284364478203e-07
  ],
  "i": [
    0,
    1,
    2,
    3,
    4,
    5,
    6,
    7,
    8,
    9,
    10,
    11,
    12,
    13,
    14,
    15,
    16,
    17,
    18,
    19,
    20,
    21,
    22,
    23,
    24,
    25,
    26,
    27,
    28,
    29,
    30,
    31,
    32,
    33,
    34,
    35,
    36
  ],
  "reset": [
    7,
    15,
    23,
    31,
    36
  ],
  "duration": [
    15.099825859069824,
    15.091280937194824,
    15.09091830253601,
    15.08998155593872,
    15.085451364517212,
    15.081989288330078,
    15.07531476020813,
    15.069884061813354,
    15.062641382217407,
    15.055839538574219
  ],
  "status": 32
}