{
  "gpu": false,
  "device": "cpu",
  "infile": "../matrix/fgcr_check3_4096_dble_csr.dat",
  "matfile": "../matrix/conf6_0-8x8-30/conf6.0-00l8x8-3000.mtx",
  "k": 0.05,
  "kc": 0.15649,
  "reordering": true,
  "preconditioning": true,
  "vol": 4096,
  "dim": 49152,
  "lattice": "8x8x8x8",
  "blk_dim": 3072,
  "bs": "4x4x4x4",
  "res": 1e-09,
  "tol": 3.1353468707624677e-07,
  "nmx": 400,
  "nkv": 7,
  "nmr": 6,
  "ncy": 6,
  "sdtype": "float64",
  "ddtype": "float64",
  "cdtype": "float64",
  "extension": 0,
  "ext_alpha": 0.9,
  "ext_beta": 1,
  "deflation": true,
  "dfl_little": "../matrix/little/conf6.0-00l8x8-3000_little_Ns10_ninv5_ncy5_nmr4_bs8x8x8x4.dat",
  "dfl_nmx": 256,
  "dfl_res": 0.01,
  "rn": [
    4.381590596196435e-08,
    4.381590623361782e-08
  ],
  "i": [
    0,
    1
  ],
  "reset": [
    1
  ],
  "duration": [
    0.5003807544708252,
    0.4987475872039795,
    0.49863147735595703,
    0.4984130859375,
    0.4979097843170166,
    0.4989960193634033,
    0.49787139892578125,
    0.49791431427001953,
    0.4987905025482178,
    0.49869418144226074
  ],
  "status": 1
}