{
  "gpu": false,
  "device": "cpu",
  "infile": "../matrix/fgcr_check3_4096_dble_csr.dat",
  "matfile": "../matrix/conf6_0-8x8-30/conf6.0-00l8x8-3000.mtx",
  "k": 0.15649,
  "kc": 0.15649,
  "reordering": true,
  "preconditioning": true,
  "vol": 4096,
  "dim": 49152,
  "lattice": "8x8x8x8",
  "blk_dim": 3072,
  "bs": "4x4x4x4",
  "res": 1e-09,
  "tol": 3.1353468707624677e-07,
  "nmx": 128,
  "nkv": 7,
  "nmr": 20,
  "ncy": 20,
  "sdtype": "float64",
  "ddtype": "float64",
  "cdtype": "float64",
  "extension": 0,
  "ext_alpha": 0.9,
  "ext_beta": 1,
  "deflation": true,
  "dfl_little": "../matrix/little/conf6.0-00l8x8-3000_little_Ns20_ninv5_ncy5_nmr4_bs4x4x2x2.dat",
  "dfl_nmx": 256,
  "dfl_res": 0.01,
  "rn": [
    6.284230657320006,
    1.488173649960662,
    0.22719802890919963,
    0.027851081395763366,
    0.0029444798486381093,
    0.00011064211294461567,
    4.599836698813596e-06,
    4.599836699904953e-06,
    7.978798048284972e-07,
    8.852200188208532e-08,
    8.852200190914098e-08
  ],
  "i": [
    0,
    1,
    2,
    3,
    4,
    5,
    6,
    7,
    8,
    9,
    10
  ],
  "reset": [
    7,
    10
  ],
  "duration": [
    43.90648126602173,
    44.012365102767944,
    43.872565269470215,
    43.885627031326294,
    43.898032426834106,
    43.963279247283936,
    43.90227818489075,
    43.97987747192383,
    43.95576882362366,
    43.89297890663147
  ],
  "status": 9
}