{
  "gpu": false,
  "device": "cpu",
  "infile": "../matrix/fgcr_check3_4096_dble_csr.dat",
  "matfile": "../matrix/conf6_0-8x8-30/conf6.0-00l8x8-3000.mtx",
  "k": 0.15649,
  "kc": 0.15649,
  "reordering": true,
  "preconditioning": true,
  "vol": 4096,
  "dim": 49152,
  "lattice": "8x8x8x8",
  "blk_dim": 3072,
  "bs": "4x4x4x4",
  "res": 1e-09,
  "tol": 3.1353468707624677e-07,
  "nmx": 400,
  "nkv": 7,
  "nmr": 6,
  "ncy": 6,
  "sdtype": "float64",
  "ddtype": "float64",
  "cdtype": "float64",
  "extension": 0,
  "ext_alpha": 0.9,
  "ext_beta": 1,
  "deflation": true,
  "dfl_little": "../matrix/little/conf6.0-00l8x8-3000_little_Ns20_ninv5_ncy5_nmr4_bs4x4x4x4.dat",
  "dfl_nmx": 256,
  "dfl_res": 0.01,
  "rn": [
    17.371748381284906,
    7.19089478648605,
    4.4924304364036445,
    3.2355781205283134,
    1.6371069537656864,
    0.8177131977626311,
    0.3507288864200382,
    0.3507288864200376,
    0.20748833564016606,
    0.1649297607304415,
    0.13665310835373093,
    0.08093452817601102,
    0.03599849234334824,
    0.013689826886595665,
    0.005290345277157621,
    0.005290345277157548,
    0.003089116473636941,
    0.0023936267380783994,
    0.001539488350396416,
    0.000803411990000926,
    0.0003117418115857315,
    0.00014397006987950666,
    8.547485715828802e-05,
    8.547485715840911e-05,
    6.149542632013668e-05,
    4.6387841837368046e-05,
    3.058960587515248e-05,
    1.7004482716957123e-05,
    7.672705669372305e-06,
    3.7129649601409478e-06,
    1.2997933044223256e-06,
    1.2997933044897387e-06,
    7.85000235358632e-07,
    5.439389090620302e-07,
    4.652870307109379e-07,
    2.5272805115663395e-07,
    2.527280513514318e-07
  ],
  "i": [
    0,
    1,
    2,
    3,
    4,
    5,
    6,
    7,
    8,
    9,
    10,
    11,
    12,
    13,
    14,
    15,
    16,
    17,
    18,
    19,
    20,
    21,
    22,
    23,
    24,
    25,
    26,
    27,
    28,
    29,
    30,
    31,
    32,
    33,
    34,
    35,
    36
  ],
  "reset": [
    7,
    15,
    23,
    31,
    36
  ],
  "duration": [
    23.585899353027344,
    23.28322124481201,
    23.395166873931885,
    23.109740734100342,
    23.089139223098755,
    23.639769554138184,
    23.54031014442444,
    23.118289709091187,
    22.910993099212646,
    22.890516996383667
  ],
  "status": 32
}