{
  "gpu": false,
  "device": "cpu",
  "infile": "../matrix/fgcr_check3_4096_dble_csr.dat",
  "matfile": "../matrix/conf6_0-8x8-30/conf6.0-00l8x8-3000.mtx",
  "k": 0.05,
  "kc": 0.15649,
  "reordering": true,
  "preconditioning": true,
  "vol": 4096,
  "dim": 49152,
  "lattice": "8x8x8x8",
  "blk_dim": 3072,
  "bs": "4x4x4x4",
  "res": 1e-09,
  "tol": 3.1353468707624677e-07,
  "nmx": 10240,
  "nkv": 7,
  "nmr": 1,
  "ncy": 1,
  "sdtype": "float64",
  "ddtype": "float64",
  "cdtype": "float64",
  "extension": 0,
  "ext_alpha": 0.9,
  "ext_beta": 1,
  "deflation": false,
  "dfl_little": null,
  "dfl_nmx": 256,
  "dfl_res": 0.01,
  "rn": [
    57.029733802042436,
    11.468865925799852,
    2.4410407626616113,
    0.5282559617429543,
    0.11492399866989107,
    0.024991470596278556,
    0.0054406752903590405,
    0.005440675290358927,
    0.0012117996246369927,
    0.0002608072044345153,
    5.7561960605649624e-05,
    1.2512993981904993e-05,
    2.7118978906584436e-06,
    5.90857564666359e-07,
    1.283548602936484e-07,
    1.2835486062122657e-07
  ],
  "i": [
    0,
    1,
    2,
    3,
    4,
    5,
    6,
    7,
    8,
    9,
    10,
    11,
    12,
    13,
    14,
    15
  ],
  "reset": [
    7,
    15
  ],
  "duration": [
    0.976259708404541,
    0.96669602394104,
    0.962705135345459,
    0.9662156105041504,
    0.964097261428833,
    0.9652771949768066,
    0.5853116512298584,
    0.638524055480957,
    0.678987979888916,
    0.5385777950286865
  ],
  "status": 14
}