{
  "gpu": false,
  "device": "cpu",
  "infile": "../matrix/fgcr_check3_4096_dble_csr.dat",
  "matfile": "../matrix/conf6_0-8x8-30/conf6.0-00l8x8-3000.mtx",
  "k": 0.05,
  "kc": 0.15649,
  "reordering": true,
  "preconditioning": true,
  "vol": 4096,
  "dim": 49152,
  "lattice": "8x8x8x8",
  "blk_dim": 3072,
  "bs": "4x4x4x4",
  "res": 1e-09,
  "tol": 3.1353468707624677e-07,
  "nmx": 1280,
  "nkv": 7,
  "nmr": 4,
  "ncy": 2,
  "sdtype": "float64",
  "ddtype": "float64",
  "cdtype": "float64",
  "extension": 0,
  "ext_alpha": 0.9,
  "ext_beta": 1,
  "deflation": true,
  "dfl_little": "../matrix/little/conf6.0-00l8x8-3000_little_Ns5_ninv5_ncy5_nmr4_bs8x8x8x4.dat",
  "dfl_nmx": 256,
  "dfl_res": 0.01,
  "rn": [
    0.40427402070137386,
    0.010365799223065863,
    0.00010732934859983779,
    1.7273952901875702e-06,
    6.912829307871053e-09,
    6.912829287812602e-09
  ],
  "i": [
    0,
    1,
    2,
    3,
    4,
    5
  ],
  "reset": [
    5
  ],
  "duration": [
    0.8910133838653564,
    0.888718843460083,
    0.888124942779541,
    0.8880016803741455,
    0.8883874416351318,
    0.8885684013366699,
    0.8876445293426514,
    0.8868591785430908,
    0.8889272212982178,
    0.8873641490936279
  ],
  "status": 5
}