{
  "gpu": false,
  "device": "cpu",
  "infile": "../matrix/fgcr_check3_4096_dble_csr.dat",
  "matfile": "../matrix/conf6_0-8x8-30/conf6.0-00l8x8-3000.mtx",
  "k": 0.15649,
  "kc": 0.15649,
  "reordering": true,
  "preconditioning": true,
  "vol": 4096,
  "dim": 49152,
  "lattice": "8x8x8x8",
  "blk_dim": 3072,
  "bs": "4x4x4x4",
  "res": 1e-09,
  "tol": 3.1353468707624677e-07,
  "nmx": 2560,
  "nkv": 7,
  "nmr": 4,
  "ncy": 1,
  "sdtype": "float64",
  "ddtype": "float64",
  "cdtype": "float64",
  "extension": 0,
  "ext_alpha": 0.9,
  "ext_beta": 1,
  "deflation": true,
  "dfl_little": "../matrix/little/conf6.0-00l8x8-3000_little_Ns20_ninv5_ncy5_nmr4_bs4x4x2x2.dat",
  "dfl_nmx": 256,
  "dfl_res": 0.01,
  "rn": [
    99.30648658404442,
    41.047242580634666,
    23.392751895202064,
    14.14840161392635,
    8.617291436774396,
    5.314058351995014,
    3.189405746204417,
    3.189405746204416,
    2.205690298163597,
    1.394275487624081,
    0.8516440076331676,
    0.5127446467615805,
    0.312099310008113,
    0.18018961837307312,
    0.1142302201117094,
    0.11423022011170963,
    0.0824669887865638,
    0.051137307547372515,
    0.031778801410630456,
    0.01932485834983175,
    0.011791460066765791,
    0.007402149061786053,
    0.004847051008929643,
    0.004847051008929587,
    0.003521071449486591,
    0.0023080670095432325,
    0.0013728759127555386,
    0.0008237500116402602,
    0.0005165131798978136,
    0.0003238879562150631,
    0.0002181594376240385,
    0.0002181594376238829,
    0.00015739853556896832,
    0.00010515253399874556,
    6.649777541396331e-05,
    4.036169414489745e-05,
    2.5480790110920277e-05,
    1.7316002912884182e-05,
    1.1608818194178824e-05,
    1.1608818194059455e-05,
    8.300202989892156e-06,
    5.672711534721699e-06,
    3.532396463662807e-06,
    2.0627408057564363e-06,
    1.245272383491532e-06,
    8.047482262149111e-07,
    5.581742510581719e-07,
    5.58174251013191e-07,
    4.090771378385686e-07,
    2.754330575174239e-07,
    2.754330567277441e-07
  ],
  "i": [
    0,
    1,
    2,
    3,
    4,
    5,
    6,
    7,
    8,
    9,
    10,
    11,
    12,
    13,
    14,
    15,
    16,
    17,
    18,
    19,
    20,
    21,
    22,
    23,
    24,
    25,
    26,
    27,
    28,
    29,
    30,
    31,
    32,
    33,
    34,
    35,
    36,
    37,
    38,
    39,
    40,
    41,
    42,
    43,
    44,
    45,
    46,
    47,
    48,
    49,
    50
  ],
  "reset": [
    7,
    15,
    23,
    31,
    39,
    47,
    50
  ],
  "duration": [
    42.82738137245178,
    43.20478940010071,
    42.73424553871155,
    42.65490007400513,
    42.7892165184021,
    42.789637327194214,
    42.7313449382782,
    42.98702669143677,
    42.8738489151001,
    42.83735966682434
  ],
  "status": 44
}