{
  "gpu": false,
  "device": "cpu",
  "infile": "../matrix/fgcr_check3_4096_dble_csr.dat",
  "matfile": "../matrix/conf6_0-8x8-30/conf6.0-00l8x8-3000.mtx",
  "k": 0.15649,
  "kc": 0.15649,
  "reordering": true,
  "preconditioning": true,
  "vol": 4096,
  "dim": 49152,
  "lattice": "8x8x8x8",
  "blk_dim": 3072,
  "bs": "4x4x4x4",
  "res": 1e-09,
  "tol": 3.1353468707624677e-07,
  "nmx": 1280,
  "nkv": 7,
  "nmr": 4,
  "ncy": 2,
  "sdtype": "float64",
  "ddtype": "float64",
  "cdtype": "float64",
  "extension": 0,
  "ext_alpha": 0.9,
  "ext_beta": 1,
  "deflation": true,
  "dfl_little": "../matrix/little/conf6.0-00l8x8-3000_little_Ns20_ninv5_ncy5_nmr4_bs8x8x4x4.dat",
  "dfl_nmx": 256,
  "dfl_res": 0.01,
  "rn": [
    48.56461449107918,
    20.650759813926772,
    13.664721242625328,
    8.664338356834996,
    5.42078529501746,
    3.1858804328625054,
    1.8794299754529922,
    1.879429975452992,
    1.2391179729262292,
    0.8289317001647879,
    0.5398271655395873,
    0.3556374190838633,
    0.18557284906854443,
    0.10169205595682494,
    0.060016848493610726,
    0.060016848493610726,
    0.03897349321814736,
    0.027480384080756662,
    0.02005289014871923,
    0.012646855702443907,
    0.007201815456583876,
    0.004172047421028339,
    0.0025312342954520502,
    0.002531234295452386,
    0.0016653012755485626,
    0.001177233991703777,
    0.0007698556354698966,
    0.00048412299921334756,
    0.0002906527755985045,
    0.00017180025011790921,
    0.00010375855671533912,
    0.0001037585567159776,
    7.201389558410902e-05,
    4.8469433830518614e-05,
    3.113498166390917e-05,
    1.763332893039606e-05,
    1.1121722236432914e-05,
    7.324037704242156e-06,
    4.157087590610541e-06,
    4.157087590109191e-06,
    2.888606618894958e-06,
    2.0398382314943105e-06,
    1.3457010018065933e-06,
    7.517908065764093e-07,
    4.438173924399347e-07,
    2.915837213414113e-07,
    2.915837217013207e-07
  ],
  "i": [
    0,
    1,
    2,
    3,
    4,
    5,
    6,
    7,
    8,
    9,
    10,
    11,
    12,
    13,
    14,
    15,
    16,
    17,
    18,
    19,
    20,
    21,
    22,
    23,
    24,
    25,
    26,
    27,
    28,
    29,
    30,
    31,
    32,
    33,
    34,
    35,
    36,
    37,
    38,
    39,
    40,
    41,
    42,
    43,
    44,
    45,
    46
  ],
  "reset": [
    7,
    15,
    23,
    31,
    39,
    46
  ],
  "duration": [
    10.297617673873901,
    9.988749742507935,
    9.623137950897217,
    9.543643951416016,
    10.161665201187134,
    10.213910579681396,
    10.866095304489136,
    9.547743558883667,
    10.15657901763916,
    9.53753113746643
  ],
  "status": 41
}