{
  "gpu": false,
  "device": "cpu",
  "infile": "../matrix/fgcr_check3_4096_dble_csr.dat",
  "matfile": "../matrix/conf6_0-8x8-30/conf6.0-00l8x8-3000.mtx",
  "k": 0.05,
  "kc": 0.15649,
  "reordering": true,
  "preconditioning": true,
  "vol": 4096,
  "dim": 49152,
  "lattice": "8x8x8x8",
  "blk_dim": 3072,
  "bs": "4x4x4x4",
  "res": 1e-09,
  "tol": 3.1353468707624677e-07,
  "nmx": 128,
  "nkv": 7,
  "nmr": 20,
  "ncy": 20,
  "sdtype": "float64",
  "ddtype": "float64",
  "cdtype": "float64",
  "extension": 0,
  "ext_alpha": 0.9,
  "ext_beta": 1,
  "deflation": true,
  "dfl_little": "../matrix/little/conf6.0-00l8x8-3000_little_Ns5_ninv5_ncy5_nmr4_bs8x8x8x4.dat",
  "dfl_nmx": 256,
  "dfl_res": 0.01,
  "rn": [
    1.301314308956795e-13,
    2.0384349449954952e-13
  ],
  "i": [
    0,
    1
  ],
  "reset": [
    1
  ],
  "duration": [
    4.097035884857178,
    4.028953552246094,
    4.028239011764526,
    4.028218984603882,
    4.027105808258057,
    4.02694296836853,
    4.027170419692993,
    4.025754690170288,
    4.026142120361328,
    4.026041507720947
  ],
  "status": 1
}