{
  "gpu": false,
  "device": "cpu",
  "infile": "../matrix/fgcr_check3_4096_dble_csr.dat",
  "matfile": "../matrix/conf6_0-8x8-30/conf6.0-00l8x8-3000.mtx",
  "k": 0.15649,
  "kc": 0.15649,
  "reordering": true,
  "preconditioning": true,
  "vol": 4096,
  "dim": 49152,
  "lattice": "8x8x8x8",
  "blk_dim": 3072,
  "bs": "4x4x4x4",
  "res": 1e-09,
  "tol": 3.1353468707624677e-07,
  "nmx": 2560,
  "nkv": 7,
  "nmr": 4,
  "ncy": 1,
  "sdtype": "float64",
  "ddtype": "float64",
  "cdtype": "float64",
  "extension": 0,
  "ext_alpha": 0.9,
  "ext_beta": 1,
  "deflation": true,
  "dfl_little": "../matrix/little/conf6.0-00l8x8-3000_little_Ns20_ninv5_ncy5_nmr4_bs4x4x4x2.dat",
  "dfl_nmx": 256,
  "dfl_res": 0.01,
  "rn": [
    99.45474046748302,
    41.31556405038297,
    23.654190725134413,
    14.34713797803244,
    8.814860561254592,
    5.552224973205101,
    3.5217169417838474,
    3.521716941783848,
    2.5372373999235207,
    1.6434133155749857,
    1.0386338133393604,
    0.6296348390737532,
    0.3869582628003934,
    0.22553675076378196,
    0.14660181073724105,
    0.14660181073724135,
    0.11082524917688537,
    0.06909018937015349,
    0.044484092220181966,
    0.028696367097883143,
    0.01829091646374255,
    0.011947777199047018,
    0.008129564818303566,
    0.00812956481830395,
    0.00594502388272905,
    0.0038620596580327847,
    0.0024387484114734097,
    0.0014901272522402757,
    0.0008687994682184804,
    0.0005369382273185232,
    0.00038709782976920466,
    0.00038709782976870734,
    0.0002993008077043196,
    0.00019015893493164253,
    0.00011469642632194571,
    7.05006165211026e-05,
    4.541977336311257e-05,
    2.9689418086038215e-05,
    2.0096728375472152e-05,
    2.0096728375377972e-05,
    1.4549415607910226e-05,
    9.767576708118375e-06,
    6.110854114100936e-06,
    3.6634145950895878e-06,
    2.1632694300819627e-06,
    1.3498390525756116e-06,
    9.728925662083675e-07,
    9.728925653164454e-07,
    7.491909930403042e-07,
    4.89448229337684e-07,
    2.9354341956713116e-07,
    2.9354341969083497e-07
  ],
  "i": [
    0,
    1,
    2,
    3,
    4,
    5,
    6,
    7,
    8,
    9,
    10,
    11,
    12,
    13,
    14,
    15,
    16,
    17,
    18,
    19,
    20,
    21,
    22,
    23,
    24,
    25,
    26,
    27,
    28,
    29,
    30,
    31,
    32,
    33,
    34,
    35,
    36,
    37,
    38,
    39,
    40,
    41,
    42,
    43,
    44,
    45,
    46,
    47,
    48,
    49,
    50,
    51
  ],
  "reset": [
    7,
    15,
    23,
    31,
    39,
    47,
    51
  ],
  "duration": [
    25.20019030570984,
    25.166856288909912,
    25.17001461982727,
    25.05190920829773,
    25.148097276687622,
    25.054388999938965,
    24.987418174743652,
    25.176347970962524,
    24.885271787643433,
    25.155066967010498
  ],
  "status": 45
}